{
  "type": "FeatureCollection",
  "features": [
    {
      "type": "Feature",
      "geometry": {
        "type": "Point",
        "coordinates": [
          120.67272134987053,
          24.169989157355417
        ]
      },
      "properties": {
        "routeId": "taichung-kee-6307-9730db-d2",
        "city": "taichung",
        "route_name": "KEE-6307",
        "car_seq": "KEE-6307",
        "arrival_time": "1417",
        "departure_time": "1418",
        "district": "北區",
        "village": "賴明里",
        "location": "天津路二段8之1號",
        "type": "沿街",
        "collection_type": "garbage",
        "day_of_week": 2
      }
    },
    {
      "type": "Feature",
      "geometry": {
        "type": "Point",
        "coordinates": [
          120.67272134987053,
          24.169989157355417
        ]
      },
      "properties": {
        "routeId": "taichung-kee-6307-9730db-d2",
        "city": "taichung",
        "route_name": "KEE-6307",
        "car_seq": "KEE-6307",
        "arrival_time": "1417",
        "departure_time": "1418",
        "district": "北區",
        "village": "賴明里",
        "location": "天津路二段8之1號",
        "type": "沿街",
        "collection_type": "recycling",
        "day_of_week": 2
      }
    },
    {
      "type": "Feature",
      "geometry": {
        "type": "Point",
        "coordinates": [
          120.67391225045627,
          24.16945924240854
        ]
      },
      "properties": {
        "routeId": "taichung-kee-6307-9730db-d2",
        "city": "taichung",
        "route_name": "KEE-6307",
        "car_seq": "KEE-6307",
        "arrival_time": "1430",
        "departure_time": "1431",
        "district": "北區",
        "village": "賴明里",
        "location": "中清路一段726巷49號",
        "type": "沿街",
        "collection_type": "garbage",
        "day_of_week": 2
      }
    },
    {
      "type": "Feature",
      "geometry": {
        "type": "Point",
        "coordinates": [
          120.67391225045627,
          24.16945924240854
        ]
      },
      "properties": {
        "routeId": "taichung-kee-6307-9730db-d2",
        "city": "taichung",
        "route_name": "KEE-6307",
        "car_seq": "KEE-6307",
        "arrival_time": "1430",
        "departure_time": "1431",
        "district": "北區",
        "village": "賴明里",
        "location": "中清路一段726巷49號",
        "type": "沿街",
        "collection_type": "recycling",
        "day_of_week": 2
      }
    },
    {
      "type": "Feature",
      "geometry": {
        "type": "Point",
        "coordinates": [
          120.6735846545409,
          24.169295518031927
        ]
      },
      "properties": {
        "routeId": "taichung-kee-6307-9730db-d2",
        "city": "taichung",
        "route_name": "KEE-6307",
        "car_seq": "KEE-6307",
        "arrival_time": "1431",
        "departure_time": "1432",
        "district": "北區",
        "village": "賴明里",
        "location": "中清路一段726巷26號",
        "type": "沿街",
        "collection_type": "garbage",
        "day_of_week": 2
      }
    },
    {
      "type": "Feature",
      "geometry": {
        "type": "Point",
        "coordinates": [
          120.6735846545409,
          24.169295518031927
        ]
      },
      "properties": {
        "routeId": "taichung-kee-6307-9730db-d2",
        "city": "taichung",
        "route_name": "KEE-6307",
        "car_seq": "KEE-6307",
        "arrival_time": "1431",
        "departure_time": "1432",
        "district": "北區",
        "village": "賴明里",
        "location": "中清路一段726巷26號",
        "type": "沿街",
        "collection_type": "recycling",
        "day_of_week": 2
      }
    },
    {
      "type": "Feature",
      "geometry": {
        "type": "Point",
        "coordinates": [
          120.673263137154,
          24.172733603120427
        ]
      },
      "properties": {
        "routeId": "taichung-kee-6307-9730db-d2",
        "city": "taichung",
        "route_name": "KEE-6307",
        "car_seq": "KEE-6307",
        "arrival_time": "1436",
        "departure_time": "1436",
        "district": "北區",
        "village": "賴旺里",
        "location": "青島一街4號",
        "type": "沿街",
        "collection_type": "garbage",
        "day_of_week": 2
      }
    },
    {
      "type": "Feature",
      "geometry": {
        "type": "Point",
        "coordinates": [
          120.673263137154,
          24.172733603120427
        ]
      },
      "properties": {
        "routeId": "taichung-kee-6307-9730db-d2",
        "city": "taichung",
        "route_name": "KEE-6307",
        "car_seq": "KEE-6307",
        "arrival_time": "1436",
        "departure_time": "1436",
        "district": "北區",
        "village": "賴旺里",
        "location": "青島一街4號",
        "type": "沿街",
        "collection_type": "recycling",
        "day_of_week": 2
      }
    },
    {
      "type": "Feature",
      "geometry": {
        "type": "Point",
        "coordinates": [
          120.67373943819973,
          24.172806188839093
        ]
      },
      "properties": {
        "routeId": "taichung-kee-6307-9730db-d2",
        "city": "taichung",
        "route_name": "KEE-6307",
        "car_seq": "KEE-6307",
        "arrival_time": "1437",
        "departure_time": "1437",
        "district": "北區",
        "village": "賴旺里",
        "location": "青島一街22號",
        "type": "沿街",
        "collection_type": "garbage",
        "day_of_week": 2
      }
    },
    {
      "type": "Feature",
      "geometry": {
        "type": "Point",
        "coordinates": [
          120.67373943819973,
          24.172806188839093
        ]
      },
      "properties": {
        "routeId": "taichung-kee-6307-9730db-d2",
        "city": "taichung",
        "route_name": "KEE-6307",
        "car_seq": "KEE-6307",
        "arrival_time": "1437",
        "departure_time": "1437",
        "district": "北區",
        "village": "賴旺里",
        "location": "青島一街22號",
        "type": "沿街",
        "collection_type": "recycling",
        "day_of_week": 2
      }
    },
    {
      "type": "Feature",
      "geometry": {
        "type": "Point",
        "coordinates": [
          120.67273066406632,
          24.17320339232424
        ]
      },
      "properties": {
        "routeId": "taichung-kee-6307-9730db-d2",
        "city": "taichung",
        "route_name": "KEE-6307",
        "car_seq": "KEE-6307",
        "arrival_time": "1440",
        "departure_time": "1440",
        "district": "北區",
        "village": "賴旺里",
        "location": "青島西街6號",
        "type": "沿街",
        "collection_type": "garbage",
        "day_of_week": 2
      }
    },
    {
      "type": "Feature",
      "geometry": {
        "type": "Point",
        "coordinates": [
          120.67273066406632,
          24.17320339232424
        ]
      },
      "properties": {
        "routeId": "taichung-kee-6307-9730db-d2",
        "city": "taichung",
        "route_name": "KEE-6307",
        "car_seq": "KEE-6307",
        "arrival_time": "1440",
        "departure_time": "1440",
        "district": "北區",
        "village": "賴旺里",
        "location": "青島西街6號",
        "type": "沿街",
        "collection_type": "recycling",
        "day_of_week": 2
      }
    },
    {
      "type": "Feature",
      "geometry": {
        "type": "Point",
        "coordinates": [
          120.67287570376851,
          24.172439041219548
        ]
      },
      "properties": {
        "routeId": "taichung-kee-6307-9730db-d2",
        "city": "taichung",
        "route_name": "KEE-6307",
        "car_seq": "KEE-6307",
        "arrival_time": "1441",
        "departure_time": "1441",
        "district": "北區",
        "village": "賴旺里",
        "location": "青島西街28號",
        "type": "沿街",
        "collection_type": "garbage",
        "day_of_week": 2
      }
    },
    {
      "type": "Feature",
      "geometry": {
        "type": "Point",
        "coordinates": [
          120.67287570376851,
          24.172439041219548
        ]
      },
      "properties": {
        "routeId": "taichung-kee-6307-9730db-d2",
        "city": "taichung",
        "route_name": "KEE-6307",
        "car_seq": "KEE-6307",
        "arrival_time": "1441",
        "departure_time": "1441",
        "district": "北區",
        "village": "賴旺里",
        "location": "青島西街28號",
        "type": "沿街",
        "collection_type": "recycling",
        "day_of_week": 2
      }
    },
    {
      "type": "Feature",
      "geometry": {
        "type": "Point",
        "coordinates": [
          120.67295572447662,
          24.172363177299268
        ]
      },
      "properties": {
        "routeId": "taichung-kee-6307-9730db-d2",
        "city": "taichung",
        "route_name": "KEE-6307",
        "car_seq": "KEE-6307",
        "arrival_time": "1443",
        "departure_time": "1444",
        "district": "北區",
        "village": "賴旺里",
        "location": "青島西街32號",
        "type": "沿街",
        "collection_type": "garbage",
        "day_of_week": 2
      }
    },
    {
      "type": "Feature",
      "geometry": {
        "type": "Point",
        "coordinates": [
          120.67295572447662,
          24.172363177299268
        ]
      },
      "properties": {
        "routeId": "taichung-kee-6307-9730db-d2",
        "city": "taichung",
        "route_name": "KEE-6307",
        "car_seq": "KEE-6307",
        "arrival_time": "1443",
        "departure_time": "1444",
        "district": "北區",
        "village": "賴旺里",
        "location": "青島西街32號",
        "type": "沿街",
        "collection_type": "recycling",
        "day_of_week": 2
      }
    },
    {
      "type": "Feature",
      "geometry": {
        "type": "Point",
        "coordinates": [
          120.67321694055414,
          24.171124775913707
        ]
      },
      "properties": {
        "routeId": "taichung-kee-6307-9730db-d2",
        "city": "taichung",
        "route_name": "KEE-6307",
        "car_seq": "KEE-6307",
        "arrival_time": "1445",
        "departure_time": "1445",
        "district": "北區",
        "village": "賴旺里",
        "location": "青島西街64號",
        "type": "沿街",
        "collection_type": "garbage",
        "day_of_week": 2
      }
    },
    {
      "type": "Feature",
      "geometry": {
        "type": "Point",
        "coordinates": [
          120.67321694055414,
          24.171124775913707
        ]
      },
      "properties": {
        "routeId": "taichung-kee-6307-9730db-d2",
        "city": "taichung",
        "route_name": "KEE-6307",
        "car_seq": "KEE-6307",
        "arrival_time": "1445",
        "departure_time": "1445",
        "district": "北區",
        "village": "賴旺里",
        "location": "青島西街64號",
        "type": "沿街",
        "collection_type": "recycling",
        "day_of_week": 2
      }
    },
    {
      "type": "Feature",
      "geometry": {
        "type": "Point",
        "coordinates": [
          120.67394961880193,
          24.17067231572406
        ]
      },
      "properties": {
        "routeId": "taichung-kee-6307-9730db-d2",
        "city": "taichung",
        "route_name": "KEE-6307",
        "car_seq": "KEE-6307",
        "arrival_time": "1446",
        "departure_time": "1447",
        "district": "北區",
        "village": "賴旺里",
        "location": "天津一街16號",
        "type": "沿街",
        "collection_type": "garbage",
        "day_of_week": 2
      }
    },
    {
      "type": "Feature",
      "geometry": {
        "type": "Point",
        "coordinates": [
          120.67394961880193,
          24.17067231572406
        ]
      },
      "properties": {
        "routeId": "taichung-kee-6307-9730db-d2",
        "city": "taichung",
        "route_name": "KEE-6307",
        "car_seq": "KEE-6307",
        "arrival_time": "1446",
        "departure_time": "1447",
        "district": "北區",
        "village": "賴旺里",
        "location": "天津一街16號",
        "type": "沿街",
        "collection_type": "recycling",
        "day_of_week": 2
      }
    },
    {
      "type": "Feature",
      "geometry": {
        "type": "Point",
        "coordinates": [
          120.67452166801773,
          24.170847712340912
        ]
      },
      "properties": {
        "routeId": "taichung-kee-6307-9730db-d2",
        "city": "taichung",
        "route_name": "KEE-6307",
        "car_seq": "KEE-6307",
        "arrival_time": "1448",
        "departure_time": "1448",
        "district": "北區",
        "village": "賴旺里",
        "location": "青島路一段73號",
        "type": "沿街",
        "collection_type": "garbage",
        "day_of_week": 2
      }
    },
    {
      "type": "Feature",
      "geometry": {
        "type": "Point",
        "coordinates": [
          120.67452166801773,
          24.170847712340912
        ]
      },
      "properties": {
        "routeId": "taichung-kee-6307-9730db-d2",
        "city": "taichung",
        "route_name": "KEE-6307",
        "car_seq": "KEE-6307",
        "arrival_time": "1448",
        "departure_time": "1448",
        "district": "北區",
        "village": "賴旺里",
        "location": "青島路一段73號",
        "type": "沿街",
        "collection_type": "recycling",
        "day_of_week": 2
      }
    },
    {
      "type": "Feature",
      "geometry": {
        "type": "Point",
        "coordinates": [
          120.67451965279872,
          24.171211678271604
        ]
      },
      "properties": {
        "routeId": "taichung-kee-6307-9730db-d2",
        "city": "taichung",
        "route_name": "KEE-6307",
        "car_seq": "KEE-6307",
        "arrival_time": "1449",
        "departure_time": "1449",
        "district": "北區",
        "village": "賴旺里",
        "location": "青島路一段59號",
        "type": "沿街",
        "collection_type": "garbage",
        "day_of_week": 2
      }
    },
    {
      "type": "Feature",
      "geometry": {
        "type": "Point",
        "coordinates": [
          120.67451965279872,
          24.171211678271604
        ]
      },
      "properties": {
        "routeId": "taichung-kee-6307-9730db-d2",
        "city": "taichung",
        "route_name": "KEE-6307",
        "car_seq": "KEE-6307",
        "arrival_time": "1449",
        "departure_time": "1449",
        "district": "北區",
        "village": "賴旺里",
        "location": "青島路一段59號",
        "type": "沿街",
        "collection_type": "recycling",
        "day_of_week": 2
      }
    },
    {
      "type": "Feature",
      "geometry": {
        "type": "Point",
        "coordinates": [
          120.67445346144162,
          24.1720520815315
        ]
      },
      "properties": {
        "routeId": "taichung-kee-6307-9730db-d2",
        "city": "taichung",
        "route_name": "KEE-6307",
        "car_seq": "KEE-6307",
        "arrival_time": "1450",
        "departure_time": "1450",
        "district": "北區",
        "village": "賴旺里",
        "location": "青島路一段31號",
        "type": "沿街",
        "collection_type": "garbage",
        "day_of_week": 2
      }
    },
    {
      "type": "Feature",
      "geometry": {
        "type": "Point",
        "coordinates": [
          120.67445346144162,
          24.1720520815315
        ]
      },
      "properties": {
        "routeId": "taichung-kee-6307-9730db-d2",
        "city": "taichung",
        "route_name": "KEE-6307",
        "car_seq": "KEE-6307",
        "arrival_time": "1450",
        "departure_time": "1450",
        "district": "北區",
        "village": "賴旺里",
        "location": "青島路一段31號",
        "type": "沿街",
        "collection_type": "recycling",
        "day_of_week": 2
      }
    },
    {
      "type": "Feature",
      "geometry": {
        "type": "Point",
        "coordinates": [
          120.67398384356343,
          24.172654495946503
        ]
      },
      "properties": {
        "routeId": "taichung-kee-6307-9730db-d2",
        "city": "taichung",
        "route_name": "KEE-6307",
        "car_seq": "KEE-6307",
        "arrival_time": "1451",
        "departure_time": "1452",
        "district": "北區",
        "village": "賴旺里",
        "location": "青島路一段24之1號對面",
        "type": "沿街",
        "collection_type": "garbage",
        "day_of_week": 2
      }
    },
    {
      "type": "Feature",
      "geometry": {
        "type": "Point",
        "coordinates": [
          120.67398384356343,
          24.172654495946503
        ]
      },
      "properties": {
        "routeId": "taichung-kee-6307-9730db-d2",
        "city": "taichung",
        "route_name": "KEE-6307",
        "car_seq": "KEE-6307",
        "arrival_time": "1451",
        "departure_time": "1452",
        "district": "北區",
        "village": "賴旺里",
        "location": "青島路一段24之1號對面",
        "type": "沿街",
        "collection_type": "recycling",
        "day_of_week": 2
      }
    },
    {
      "type": "Feature",
      "geometry": {
        "type": "Point",
        "coordinates": [
          120.67461637520249,
          24.172932783715932
        ]
      },
      "properties": {
        "routeId": "taichung-kee-6307-9730db-d2",
        "city": "taichung",
        "route_name": "KEE-6307",
        "car_seq": "KEE-6307",
        "arrival_time": "1453",
        "departure_time": "1454",
        "district": "北區",
        "village": "賴旺里",
        "location": "青島一街62號",
        "type": "沿街",
        "collection_type": "garbage",
        "day_of_week": 2
      }
    },
    {
      "type": "Feature",
      "geometry": {
        "type": "Point",
        "coordinates": [
          120.67461637520249,
          24.172932783715932
        ]
      },
      "properties": {
        "routeId": "taichung-kee-6307-9730db-d2",
        "city": "taichung",
        "route_name": "KEE-6307",
        "car_seq": "KEE-6307",
        "arrival_time": "1453",
        "departure_time": "1454",
        "district": "北區",
        "village": "賴旺里",
        "location": "青島一街62號",
        "type": "沿街",
        "collection_type": "recycling",
        "day_of_week": 2
      }
    },
    {
      "type": "Feature",
      "geometry": {
        "type": "Point",
        "coordinates": [
          120.6749795113511,
          24.172820403143096
        ]
      },
      "properties": {
        "routeId": "taichung-kee-6307-9730db-d2",
        "city": "taichung",
        "route_name": "KEE-6307",
        "car_seq": "KEE-6307",
        "arrival_time": "1455",
        "departure_time": "1455",
        "district": "北區",
        "village": "賴旺里",
        "location": "青島東街14號",
        "type": "沿街",
        "collection_type": "garbage",
        "day_of_week": 2
      }
    },
    {
      "type": "Feature",
      "geometry": {
        "type": "Point",
        "coordinates": [
          120.6749795113511,
          24.172820403143096
        ]
      },
      "properties": {
        "routeId": "taichung-kee-6307-9730db-d2",
        "city": "taichung",
        "route_name": "KEE-6307",
        "car_seq": "KEE-6307",
        "arrival_time": "1455",
        "departure_time": "1455",
        "district": "北區",
        "village": "賴旺里",
        "location": "青島東街14號",
        "type": "沿街",
        "collection_type": "recycling",
        "day_of_week": 2
      }
    },
    {
      "type": "Feature",
      "geometry": {
        "type": "Point",
        "coordinates": [
          120.67469510090022,
          24.172509370216904
        ]
      },
      "properties": {
        "routeId": "taichung-kee-6307-9730db-d2",
        "city": "taichung",
        "route_name": "KEE-6307",
        "car_seq": "KEE-6307",
        "arrival_time": "1456",
        "departure_time": "1456",
        "district": "北區",
        "village": "賴旺里",
        "location": "文昌一街11號",
        "type": "沿街",
        "collection_type": "garbage",
        "day_of_week": 2
      }
    },
    {
      "type": "Feature",
      "geometry": {
        "type": "Point",
        "coordinates": [
          120.67469510090022,
          24.172509370216904
        ]
      },
      "properties": {
        "routeId": "taichung-kee-6307-9730db-d2",
        "city": "taichung",
        "route_name": "KEE-6307",
        "car_seq": "KEE-6307",
        "arrival_time": "1456",
        "departure_time": "1456",
        "district": "北區",
        "village": "賴旺里",
        "location": "文昌一街11號",
        "type": "沿街",
        "collection_type": "recycling",
        "day_of_week": 2
      }
    },
    {
      "type": "Feature",
      "geometry": {
        "type": "Point",
        "coordinates": [
          120.67545298465343,
          24.171322063680407
        ]
      },
      "properties": {
        "routeId": "taichung-kee-6307-9730db-d2",
        "city": "taichung",
        "route_name": "KEE-6307",
        "car_seq": "KEE-6307",
        "arrival_time": "1458",
        "departure_time": "1459",
        "district": "北區",
        "village": "賴興里",
        "location": "北平路二段100號",
        "type": "沿街",
        "collection_type": "garbage",
        "day_of_week": 2
      }
    },
    {
      "type": "Feature",
      "geometry": {
        "type": "Point",
        "coordinates": [
          120.67545298465343,
          24.171322063680407
        ]
      },
      "properties": {
        "routeId": "taichung-kee-6307-9730db-d2",
        "city": "taichung",
        "route_name": "KEE-6307",
        "car_seq": "KEE-6307",
        "arrival_time": "1458",
        "departure_time": "1459",
        "district": "北區",
        "village": "賴興里",
        "location": "北平路二段100號",
        "type": "沿街",
        "collection_type": "recycling",
        "day_of_week": 2
      }
    },
    {
      "type": "Feature",
      "geometry": {
        "type": "Point",
        "coordinates": [
          120.67565625427085,
          24.171062136817945
        ]
      },
      "properties": {
        "routeId": "taichung-kee-6307-9730db-d2",
        "city": "taichung",
        "route_name": "KEE-6307",
        "car_seq": "KEE-6307",
        "arrival_time": "1500",
        "departure_time": "1500",
        "district": "北區",
        "village": "賴興里",
        "location": "山西路二段107號",
        "type": "沿街",
        "collection_type": "garbage",
        "day_of_week": 2
      }
    },
    {
      "type": "Feature",
      "geometry": {
        "type": "Point",
        "coordinates": [
          120.67565625427085,
          24.171062136817945
        ]
      },
      "properties": {
        "routeId": "taichung-kee-6307-9730db-d2",
        "city": "taichung",
        "route_name": "KEE-6307",
        "car_seq": "KEE-6307",
        "arrival_time": "1500",
        "departure_time": "1500",
        "district": "北區",
        "village": "賴興里",
        "location": "山西路二段107號",
        "type": "沿街",
        "collection_type": "recycling",
        "day_of_week": 2
      }
    },
    {
      "type": "Feature",
      "geometry": {
        "type": "Point",
        "coordinates": [
          120.67563683362326,
          24.170650369390245
        ]
      },
      "properties": {
        "routeId": "taichung-kee-6307-9730db-d2",
        "city": "taichung",
        "route_name": "KEE-6307",
        "car_seq": "KEE-6307",
        "arrival_time": "1501",
        "departure_time": "1501",
        "district": "北區",
        "village": "賴興里",
        "location": "山西路二段93號",
        "type": "沿街",
        "collection_type": "garbage",
        "day_of_week": 2
      }
    },
    {
      "type": "Feature",
      "geometry": {
        "type": "Point",
        "coordinates": [
          120.67563683362326,
          24.170650369390245
        ]
      },
      "properties": {
        "routeId": "taichung-kee-6307-9730db-d2",
        "city": "taichung",
        "route_name": "KEE-6307",
        "car_seq": "KEE-6307",
        "arrival_time": "1501",
        "departure_time": "1501",
        "district": "北區",
        "village": "賴興里",
        "location": "山西路二段93號",
        "type": "沿街",
        "collection_type": "recycling",
        "day_of_week": 2
      }
    },
    {
      "type": "Feature",
      "geometry": {
        "type": "Point",
        "coordinates": [
          120.67525962178561,
          24.17064169318336
        ]
      },
      "properties": {
        "routeId": "taichung-kee-6307-9730db-d2",
        "city": "taichung",
        "route_name": "KEE-6307",
        "car_seq": "KEE-6307",
        "arrival_time": "1502",
        "departure_time": "1502",
        "district": "北區",
        "village": "賴興里",
        "location": "天津一街38號",
        "type": "沿街",
        "collection_type": "garbage",
        "day_of_week": 2
      }
    },
    {
      "type": "Feature",
      "geometry": {
        "type": "Point",
        "coordinates": [
          120.67525962178561,
          24.17064169318336
        ]
      },
      "properties": {
        "routeId": "taichung-kee-6307-9730db-d2",
        "city": "taichung",
        "route_name": "KEE-6307",
        "car_seq": "KEE-6307",
        "arrival_time": "1502",
        "departure_time": "1502",
        "district": "北區",
        "village": "賴興里",
        "location": "天津一街38號",
        "type": "沿街",
        "collection_type": "recycling",
        "day_of_week": 2
      }
    },
    {
      "type": "Feature",
      "geometry": {
        "type": "Point",
        "coordinates": [
          120.67493149043149,
          24.170648687135188
        ]
      },
      "properties": {
        "routeId": "taichung-kee-6307-9730db-d2",
        "city": "taichung",
        "route_name": "KEE-6307",
        "car_seq": "KEE-6307",
        "arrival_time": "1503",
        "departure_time": "1504",
        "district": "北區",
        "village": "賴旺里",
        "location": "天津一街32號",
        "type": "沿街",
        "collection_type": "garbage",
        "day_of_week": 2
      }
    },
    {
      "type": "Feature",
      "geometry": {
        "type": "Point",
        "coordinates": [
          120.67493149043149,
          24.170648687135188
        ]
      },
      "properties": {
        "routeId": "taichung-kee-6307-9730db-d2",
        "city": "taichung",
        "route_name": "KEE-6307",
        "car_seq": "KEE-6307",
        "arrival_time": "1503",
        "departure_time": "1504",
        "district": "北區",
        "village": "賴旺里",
        "location": "天津一街32號",
        "type": "沿街",
        "collection_type": "recycling",
        "day_of_week": 2
      }
    },
    {
      "type": "Feature",
      "geometry": {
        "type": "Point",
        "coordinates": [
          120.67398071910861,
          24.17171462277625
        ]
      },
      "properties": {
        "routeId": "taichung-kee-6307-9730db-d2",
        "city": "taichung",
        "route_name": "KEE-6307",
        "car_seq": "KEE-6307",
        "arrival_time": "1506",
        "departure_time": "1507",
        "district": "北區",
        "village": "賴旺里",
        "location": "北平路二段57號",
        "type": "沿街",
        "collection_type": "garbage",
        "day_of_week": 2
      }
    },
    {
      "type": "Feature",
      "geometry": {
        "type": "Point",
        "coordinates": [
          120.67398071910861,
          24.17171462277625
        ]
      },
      "properties": {
        "routeId": "taichung-kee-6307-9730db-d2",
        "city": "taichung",
        "route_name": "KEE-6307",
        "car_seq": "KEE-6307",
        "arrival_time": "1506",
        "departure_time": "1507",
        "district": "北區",
        "village": "賴旺里",
        "location": "北平路二段57號",
        "type": "沿街",
        "collection_type": "recycling",
        "day_of_week": 2
      }
    },
    {
      "type": "Feature",
      "geometry": {
        "type": "Point",
        "coordinates": [
          120.67332631349039,
          24.17180107737776
        ]
      },
      "properties": {
        "routeId": "taichung-kee-6307-9730db-d2",
        "city": "taichung",
        "route_name": "KEE-6307",
        "car_seq": "KEE-6307",
        "arrival_time": "1508",
        "departure_time": "1508",
        "district": "北區",
        "village": "賴旺里",
        "location": "北平路二段31號",
        "type": "沿街",
        "collection_type": "garbage",
        "day_of_week": 2
      }
    },
    {
      "type": "Feature",
      "geometry": {
        "type": "Point",
        "coordinates": [
          120.67332631349039,
          24.17180107737776
        ]
      },
      "properties": {
        "routeId": "taichung-kee-6307-9730db-d2",
        "city": "taichung",
        "route_name": "KEE-6307",
        "car_seq": "KEE-6307",
        "arrival_time": "1508",
        "departure_time": "1508",
        "district": "北區",
        "village": "賴旺里",
        "location": "北平路二段31號",
        "type": "沿街",
        "collection_type": "recycling",
        "day_of_week": 2
      }
    },
    {
      "type": "Feature",
      "geometry": {
        "type": "Point",
        "coordinates": [
          120.67253880775247,
          24.171944759937205
        ]
      },
      "properties": {
        "routeId": "taichung-kee-6307-9730db-d2",
        "city": "taichung",
        "route_name": "KEE-6307",
        "car_seq": "KEE-6307",
        "arrival_time": "1509",
        "departure_time": "1510",
        "district": "北區",
        "village": "賴旺里",
        "location": "北平路二段13號",
        "type": "沿街",
        "collection_type": "garbage",
        "day_of_week": 2
      }
    },
    {
      "type": "Feature",
      "geometry": {
        "type": "Point",
        "coordinates": [
          120.67253880775247,
          24.171944759937205
        ]
      },
      "properties": {
        "routeId": "taichung-kee-6307-9730db-d2",
        "city": "taichung",
        "route_name": "KEE-6307",
        "car_seq": "KEE-6307",
        "arrival_time": "1509",
        "departure_time": "1510",
        "district": "北區",
        "village": "賴旺里",
        "location": "北平路二段13號",
        "type": "沿街",
        "collection_type": "recycling",
        "day_of_week": 2
      }
    },
    {
      "type": "Feature",
      "geometry": {
        "type": "Point",
        "coordinates": [
          120.6757007745111,
          24.172064923884815
        ]
      },
      "properties": {
        "routeId": "taichung-kee-6307-9730db-d2",
        "city": "taichung",
        "route_name": "KEE-6307",
        "car_seq": "KEE-6307",
        "arrival_time": "1516",
        "departure_time": "1517",
        "district": "北區",
        "village": "賴興里",
        "location": "山西路二段131號",
        "type": "沿街",
        "collection_type": "garbage",
        "day_of_week": 2
      }
    },
    {
      "type": "Feature",
      "geometry": {
        "type": "Point",
        "coordinates": [
          120.6757007745111,
          24.172064923884815
        ]
      },
      "properties": {
        "routeId": "taichung-kee-6307-9730db-d2",
        "city": "taichung",
        "route_name": "KEE-6307",
        "car_seq": "KEE-6307",
        "arrival_time": "1516",
        "departure_time": "1517",
        "district": "北區",
        "village": "賴興里",
        "location": "山西路二段131號",
        "type": "沿街",
        "collection_type": "recycling",
        "day_of_week": 2
      }
    },
    {
      "type": "Feature",
      "geometry": {
        "type": "Point",
        "coordinates": [
          120.6755414267762,
          24.17133223823601
        ]
      },
      "properties": {
        "routeId": "taichung-kee-6307-9730db-d2",
        "city": "taichung",
        "route_name": "KEE-6307",
        "car_seq": "KEE-6307",
        "arrival_time": "1518",
        "departure_time": "1518",
        "district": "北區",
        "village": "賴興里",
        "location": "北平路二段102號",
        "type": "沿街",
        "collection_type": "garbage",
        "day_of_week": 2
      }
    },
    {
      "type": "Feature",
      "geometry": {
        "type": "Point",
        "coordinates": [
          120.6755414267762,
          24.17133223823601
        ]
      },
      "properties": {
        "routeId": "taichung-kee-6307-9730db-d2",
        "city": "taichung",
        "route_name": "KEE-6307",
        "car_seq": "KEE-6307",
        "arrival_time": "1518",
        "departure_time": "1518",
        "district": "北區",
        "village": "賴興里",
        "location": "北平路二段102號",
        "type": "沿街",
        "collection_type": "recycling",
        "day_of_week": 2
      }
    },
    {
      "type": "Feature",
      "geometry": {
        "type": "Point",
        "coordinates": [
          120.67709691682977,
          24.17127547660371
        ]
      },
      "properties": {
        "routeId": "taichung-kee-6307-9730db-d2",
        "city": "taichung",
        "route_name": "KEE-6307",
        "car_seq": "KEE-6307",
        "arrival_time": "1519",
        "departure_time": "1519",
        "district": "北區",
        "village": "賴興里",
        "location": "北平路二段112號",
        "type": "沿街",
        "collection_type": "garbage",
        "day_of_week": 2
      }
    },
    {
      "type": "Feature",
      "geometry": {
        "type": "Point",
        "coordinates": [
          120.67709691682977,
          24.17127547660371
        ]
      },
      "properties": {
        "routeId": "taichung-kee-6307-9730db-d2",
        "city": "taichung",
        "route_name": "KEE-6307",
        "car_seq": "KEE-6307",
        "arrival_time": "1519",
        "departure_time": "1519",
        "district": "北區",
        "village": "賴興里",
        "location": "北平路二段112號",
        "type": "沿街",
        "collection_type": "recycling",
        "day_of_week": 2
      }
    },
    {
      "type": "Feature",
      "geometry": {
        "type": "Point",
        "coordinates": [
          120.67751648756287,
          24.171245845351706
        ]
      },
      "properties": {
        "routeId": "taichung-kee-6307-9730db-d2",
        "city": "taichung",
        "route_name": "KEE-6307",
        "car_seq": "KEE-6307",
        "arrival_time": "1520",
        "departure_time": "1520",
        "district": "北區",
        "village": "賴興里",
        "location": "北平路二段168號",
        "type": "沿街",
        "collection_type": "garbage",
        "day_of_week": 2
      }
    },
    {
      "type": "Feature",
      "geometry": {
        "type": "Point",
        "coordinates": [
          120.67751648756287,
          24.171245845351706
        ]
      },
      "properties": {
        "routeId": "taichung-kee-6307-9730db-d2",
        "city": "taichung",
        "route_name": "KEE-6307",
        "car_seq": "KEE-6307",
        "arrival_time": "1520",
        "departure_time": "1520",
        "district": "北區",
        "village": "賴興里",
        "location": "北平路二段168號",
        "type": "沿街",
        "collection_type": "recycling",
        "day_of_week": 2
      }
    },
    {
      "type": "Feature",
      "geometry": {
        "type": "Point",
        "coordinates": [
          120.67813509454761,
          24.17157492399001
        ]
      },
      "properties": {
        "routeId": "taichung-kee-6307-9730db-d2",
        "city": "taichung",
        "route_name": "KEE-6307",
        "car_seq": "KEE-6307",
        "arrival_time": "1521",
        "departure_time": "1521",
        "district": "北區",
        "village": "賴興里",
        "location": "文昌東二街100號",
        "type": "沿街",
        "collection_type": "garbage",
        "day_of_week": 2
      }
    },
    {
      "type": "Feature",
      "geometry": {
        "type": "Point",
        "coordinates": [
          120.67813509454761,
          24.17157492399001
        ]
      },
      "properties": {
        "routeId": "taichung-kee-6307-9730db-d2",
        "city": "taichung",
        "route_name": "KEE-6307",
        "car_seq": "KEE-6307",
        "arrival_time": "1521",
        "departure_time": "1521",
        "district": "北區",
        "village": "賴興里",
        "location": "文昌東二街100號",
        "type": "沿街",
        "collection_type": "recycling",
        "day_of_week": 2
      }
    },
    {
      "type": "Feature",
      "geometry": {
        "type": "Point",
        "coordinates": [
          120.67864146992727,
          24.171997758501483
        ]
      },
      "properties": {
        "routeId": "taichung-kee-6307-9730db-d2",
        "city": "taichung",
        "route_name": "KEE-6307",
        "car_seq": "KEE-6307",
        "arrival_time": "1522",
        "departure_time": "1523",
        "district": "北區",
        "village": "賴興里",
        "location": "文昌東二街77號",
        "type": "沿街",
        "collection_type": "garbage",
        "day_of_week": 2
      }
    },
    {
      "type": "Feature",
      "geometry": {
        "type": "Point",
        "coordinates": [
          120.67864146992727,
          24.171997758501483
        ]
      },
      "properties": {
        "routeId": "taichung-kee-6307-9730db-d2",
        "city": "taichung",
        "route_name": "KEE-6307",
        "car_seq": "KEE-6307",
        "arrival_time": "1522",
        "departure_time": "1523",
        "district": "北區",
        "village": "賴興里",
        "location": "文昌東二街77號",
        "type": "沿街",
        "collection_type": "recycling",
        "day_of_week": 2
      }
    },
    {
      "type": "Feature",
      "geometry": {
        "type": "Point",
        "coordinates": [
          120.67867242493894,
          24.172295609377773
        ]
      },
      "properties": {
        "routeId": "taichung-kee-6307-9730db-d2",
        "city": "taichung",
        "route_name": "KEE-6307",
        "car_seq": "KEE-6307",
        "arrival_time": "1524",
        "departure_time": "1524",
        "district": "北區",
        "village": "賴興里",
        "location": "梅川西路四段216號",
        "type": "沿街",
        "collection_type": "garbage",
        "day_of_week": 2
      }
    },
    {
      "type": "Feature",
      "geometry": {
        "type": "Point",
        "coordinates": [
          120.67867242493894,
          24.172295609377773
        ]
      },
      "properties": {
        "routeId": "taichung-kee-6307-9730db-d2",
        "city": "taichung",
        "route_name": "KEE-6307",
        "car_seq": "KEE-6307",
        "arrival_time": "1524",
        "departure_time": "1524",
        "district": "北區",
        "village": "賴興里",
        "location": "梅川西路四段216號",
        "type": "沿街",
        "collection_type": "recycling",
        "day_of_week": 2
      }
    },
    {
      "type": "Feature",
      "geometry": {
        "type": "Point",
        "coordinates": [
          120.67902377503096,
          24.17166763140134
        ]
      },
      "properties": {
        "routeId": "taichung-kee-6307-9730db-d2",
        "city": "taichung",
        "route_name": "KEE-6307",
        "car_seq": "KEE-6307",
        "arrival_time": "1525",
        "departure_time": "1525",
        "district": "北區",
        "village": "賴興里",
        "location": "梅川西路四段209號",
        "type": "沿街",
        "collection_type": "garbage",
        "day_of_week": 2
      }
    },
    {
      "type": "Feature",
      "geometry": {
        "type": "Point",
        "coordinates": [
          120.67902377503096,
          24.17166763140134
        ]
      },
      "properties": {
        "routeId": "taichung-kee-6307-9730db-d2",
        "city": "taichung",
        "route_name": "KEE-6307",
        "car_seq": "KEE-6307",
        "arrival_time": "1525",
        "departure_time": "1525",
        "district": "北區",
        "village": "賴興里",
        "location": "梅川西路四段209號",
        "type": "沿街",
        "collection_type": "recycling",
        "day_of_week": 2
      }
    },
    {
      "type": "Feature",
      "geometry": {
        "type": "Point",
        "coordinates": [
          120.6789023440348,
          24.170873873536312
        ]
      },
      "properties": {
        "routeId": "taichung-kee-6307-9730db-d2",
        "city": "taichung",
        "route_name": "KEE-6307",
        "car_seq": "KEE-6307",
        "arrival_time": "1526",
        "departure_time": "1526",
        "district": "北區",
        "village": "賴興里",
        "location": "梅川西路四段199號",
        "type": "沿街",
        "collection_type": "garbage",
        "day_of_week": 2
      }
    },
    {
      "type": "Feature",
      "geometry": {
        "type": "Point",
        "coordinates": [
          120.6789023440348,
          24.170873873536312
        ]
      },
      "properties": {
        "routeId": "taichung-kee-6307-9730db-d2",
        "city": "taichung",
        "route_name": "KEE-6307",
        "car_seq": "KEE-6307",
        "arrival_time": "1526",
        "departure_time": "1526",
        "district": "北區",
        "village": "賴興里",
        "location": "梅川西路四段199號",
        "type": "沿街",
        "collection_type": "recycling",
        "day_of_week": 2
      }
    },
    {
      "type": "Feature",
      "geometry": {
        "type": "Point",
        "coordinates": [
          120.67852070021468,
          24.170704953397745
        ]
      },
      "properties": {
        "routeId": "taichung-kee-6307-9730db-d2",
        "city": "taichung",
        "route_name": "KEE-6307",
        "car_seq": "KEE-6307",
        "arrival_time": "1527",
        "departure_time": "1528",
        "district": "北區",
        "village": "賴興里",
        "location": "永定一街53號",
        "type": "沿街",
        "collection_type": "garbage",
        "day_of_week": 2
      }
    },
    {
      "type": "Feature",
      "geometry": {
        "type": "Point",
        "coordinates": [
          120.67852070021468,
          24.170704953397745
        ]
      },
      "properties": {
        "routeId": "taichung-kee-6307-9730db-d2",
        "city": "taichung",
        "route_name": "KEE-6307",
        "car_seq": "KEE-6307",
        "arrival_time": "1527",
        "departure_time": "1528",
        "district": "北區",
        "village": "賴興里",
        "location": "永定一街53號",
        "type": "沿街",
        "collection_type": "recycling",
        "day_of_week": 2
      }
    },
    {
      "type": "Feature",
      "geometry": {
        "type": "Point",
        "coordinates": [
          120.67787918275882,
          24.170761107366825
        ]
      },
      "properties": {
        "routeId": "taichung-kee-6307-9730db-d2",
        "city": "taichung",
        "route_name": "KEE-6307",
        "car_seq": "KEE-6307",
        "arrival_time": "1529",
        "departure_time": "1529",
        "district": "北區",
        "village": "賴興里",
        "location": "永定一街47號",
        "type": "沿街",
        "collection_type": "garbage",
        "day_of_week": 2
      }
    },
    {
      "type": "Feature",
      "geometry": {
        "type": "Point",
        "coordinates": [
          120.67787918275882,
          24.170761107366825
        ]
      },
      "properties": {
        "routeId": "taichung-kee-6307-9730db-d2",
        "city": "taichung",
        "route_name": "KEE-6307",
        "car_seq": "KEE-6307",
        "arrival_time": "1529",
        "departure_time": "1529",
        "district": "北區",
        "village": "賴興里",
        "location": "永定一街47號",
        "type": "沿街",
        "collection_type": "recycling",
        "day_of_week": 2
      }
    },
    {
      "type": "Feature",
      "geometry": {
        "type": "Point",
        "coordinates": [
          120.67743390176958,
          24.170655742655917
        ]
      },
      "properties": {
        "routeId": "taichung-kee-6307-9730db-d2",
        "city": "taichung",
        "route_name": "KEE-6307",
        "car_seq": "KEE-6307",
        "arrival_time": "1530",
        "departure_time": "1531",
        "district": "北區",
        "village": "賴興里",
        "location": "永定一街43之1號",
        "type": "沿街",
        "collection_type": "garbage",
        "day_of_week": 2
      }
    },
    {
      "type": "Feature",
      "geometry": {
        "type": "Point",
        "coordinates": [
          120.67743390176958,
          24.170655742655917
        ]
      },
      "properties": {
        "routeId": "taichung-kee-6307-9730db-d2",
        "city": "taichung",
        "route_name": "KEE-6307",
        "car_seq": "KEE-6307",
        "arrival_time": "1530",
        "departure_time": "1531",
        "district": "北區",
        "village": "賴興里",
        "location": "永定一街43之1號",
        "type": "沿街",
        "collection_type": "recycling",
        "day_of_week": 2
      }
    },
    {
      "type": "Feature",
      "geometry": {
        "type": "Point",
        "coordinates": [
          120.67711390141152,
          24.170720762599803
        ]
      },
      "properties": {
        "routeId": "taichung-kee-6307-9730db-d2",
        "city": "taichung",
        "route_name": "KEE-6307",
        "car_seq": "KEE-6307",
        "arrival_time": "1532",
        "departure_time": "1535",
        "district": "北區",
        "village": "賴興里",
        "location": "文昌東一街59號",
        "type": "沿街",
        "collection_type": "garbage",
        "day_of_week": 2
      }
    },
    {
      "type": "Feature",
      "geometry": {
        "type": "Point",
        "coordinates": [
          120.67711390141152,
          24.170720762599803
        ]
      },
      "properties": {
        "routeId": "taichung-kee-6307-9730db-d2",
        "city": "taichung",
        "route_name": "KEE-6307",
        "car_seq": "KEE-6307",
        "arrival_time": "1532",
        "departure_time": "1535",
        "district": "北區",
        "village": "賴興里",
        "location": "文昌東一街59號",
        "type": "沿街",
        "collection_type": "recycling",
        "day_of_week": 2
      }
    },
    {
      "type": "Feature",
      "geometry": {
        "type": "Point",
        "coordinates": [
          120.67501732004754,
          24.171861718899006
        ]
      },
      "properties": {
        "routeId": "taichung-kee-6307-9730db-d2",
        "city": "taichung",
        "route_name": "KEE-6307",
        "car_seq": "KEE-6307",
        "arrival_time": "1537",
        "departure_time": "1537",
        "district": "北區",
        "village": "賴旺里",
        "location": "青島東街40號",
        "type": "沿街",
        "collection_type": "garbage",
        "day_of_week": 2
      }
    },
    {
      "type": "Feature",
      "geometry": {
        "type": "Point",
        "coordinates": [
          120.67501732004754,
          24.171861718899006
        ]
      },
      "properties": {
        "routeId": "taichung-kee-6307-9730db-d2",
        "city": "taichung",
        "route_name": "KEE-6307",
        "car_seq": "KEE-6307",
        "arrival_time": "1537",
        "departure_time": "1537",
        "district": "北區",
        "village": "賴旺里",
        "location": "青島東街40號",
        "type": "沿街",
        "collection_type": "recycling",
        "day_of_week": 2
      }
    },
    {
      "type": "Feature",
      "geometry": {
        "type": "Point",
        "coordinates": [
          120.67537480619508,
          24.172285393548858
        ]
      },
      "properties": {
        "routeId": "taichung-kee-6307-9730db-d2",
        "city": "taichung",
        "route_name": "KEE-6307",
        "car_seq": "KEE-6307",
        "arrival_time": "1538",
        "departure_time": "1538",
        "district": "北區",
        "village": "賴興里",
        "location": "文昌一街28號",
        "type": "沿街",
        "collection_type": "garbage",
        "day_of_week": 2
      }
    },
    {
      "type": "Feature",
      "geometry": {
        "type": "Point",
        "coordinates": [
          120.67537480619508,
          24.172285393548858
        ]
      },
      "properties": {
        "routeId": "taichung-kee-6307-9730db-d2",
        "city": "taichung",
        "route_name": "KEE-6307",
        "car_seq": "KEE-6307",
        "arrival_time": "1538",
        "departure_time": "1538",
        "district": "北區",
        "village": "賴興里",
        "location": "文昌一街28號",
        "type": "沿街",
        "collection_type": "recycling",
        "day_of_week": 2
      }
    },
    {
      "type": "Feature",
      "geometry": {
        "type": "Point",
        "coordinates": [
          120.6758331303559,
          24.172523739095496
        ]
      },
      "properties": {
        "routeId": "taichung-kee-6307-9730db-d2",
        "city": "taichung",
        "route_name": "KEE-6307",
        "car_seq": "KEE-6307",
        "arrival_time": "1539",
        "departure_time": "1539",
        "district": "北區",
        "village": "賴興里",
        "location": "文昌一街47號",
        "type": "沿街",
        "collection_type": "garbage",
        "day_of_week": 2
      }
    },
    {
      "type": "Feature",
      "geometry": {
        "type": "Point",
        "coordinates": [
          120.6758331303559,
          24.172523739095496
        ]
      },
      "properties": {
        "routeId": "taichung-kee-6307-9730db-d2",
        "city": "taichung",
        "route_name": "KEE-6307",
        "car_seq": "KEE-6307",
        "arrival_time": "1539",
        "departure_time": "1539",
        "district": "北區",
        "village": "賴興里",
        "location": "文昌一街47號",
        "type": "沿街",
        "collection_type": "recycling",
        "day_of_week": 2
      }
    },
    {
      "type": "Feature",
      "geometry": {
        "type": "Point",
        "coordinates": [
          120.67663944379275,
          24.17223946645637
        ]
      },
      "properties": {
        "routeId": "taichung-kee-6307-9730db-d2",
        "city": "taichung",
        "route_name": "KEE-6307",
        "car_seq": "KEE-6307",
        "arrival_time": "1540",
        "departure_time": "1540",
        "district": "北區",
        "village": "賴興里",
        "location": "文昌一街68號",
        "type": "沿街",
        "collection_type": "garbage",
        "day_of_week": 2
      }
    },
    {
      "type": "Feature",
      "geometry": {
        "type": "Point",
        "coordinates": [
          120.67663944379275,
          24.17223946645637
        ]
      },
      "properties": {
        "routeId": "taichung-kee-6307-9730db-d2",
        "city": "taichung",
        "route_name": "KEE-6307",
        "car_seq": "KEE-6307",
        "arrival_time": "1540",
        "departure_time": "1540",
        "district": "北區",
        "village": "賴興里",
        "location": "文昌一街68號",
        "type": "沿街",
        "collection_type": "recycling",
        "day_of_week": 2
      }
    },
    {
      "type": "Feature",
      "geometry": {
        "type": "Point",
        "coordinates": [
          120.67730920494304,
          24.172191332335842
        ]
      },
      "properties": {
        "routeId": "taichung-kee-6307-9730db-d2",
        "city": "taichung",
        "route_name": "KEE-6307",
        "car_seq": "KEE-6307",
        "arrival_time": "1541",
        "departure_time": "1541",
        "district": "北區",
        "village": "賴興里",
        "location": "文昌一街88號",
        "type": "沿街",
        "collection_type": "garbage",
        "day_of_week": 2
      }
    },
    {
      "type": "Feature",
      "geometry": {
        "type": "Point",
        "coordinates": [
          120.67730920494304,
          24.172191332335842
        ]
      },
      "properties": {
        "routeId": "taichung-kee-6307-9730db-d2",
        "city": "taichung",
        "route_name": "KEE-6307",
        "car_seq": "KEE-6307",
        "arrival_time": "1541",
        "departure_time": "1541",
        "district": "北區",
        "village": "賴興里",
        "location": "文昌一街88號",
        "type": "沿街",
        "collection_type": "recycling",
        "day_of_week": 2
      }
    },
    {
      "type": "Feature",
      "geometry": {
        "type": "Point",
        "coordinates": [
          120.67785714249631,
          24.172096401093036
        ]
      },
      "properties": {
        "routeId": "taichung-kee-6307-9730db-d2",
        "city": "taichung",
        "route_name": "KEE-6307",
        "car_seq": "KEE-6307",
        "arrival_time": "1542",
        "departure_time": "1542",
        "district": "北區",
        "village": "賴興里",
        "location": "文昌一街100號",
        "type": "沿街",
        "collection_type": "garbage",
        "day_of_week": 2
      }
    },
    {
      "type": "Feature",
      "geometry": {
        "type": "Point",
        "coordinates": [
          120.67785714249631,
          24.172096401093036
        ]
      },
      "properties": {
        "routeId": "taichung-kee-6307-9730db-d2",
        "city": "taichung",
        "route_name": "KEE-6307",
        "car_seq": "KEE-6307",
        "arrival_time": "1542",
        "departure_time": "1542",
        "district": "北區",
        "village": "賴興里",
        "location": "文昌一街100號",
        "type": "沿街",
        "collection_type": "recycling",
        "day_of_week": 2
      }
    },
    {
      "type": "Feature",
      "geometry": {
        "type": "Point",
        "coordinates": [
          120.67782422013272,
          24.17250869873766
        ]
      },
      "properties": {
        "routeId": "taichung-kee-6307-9730db-d2",
        "city": "taichung",
        "route_name": "KEE-6307",
        "car_seq": "KEE-6307",
        "arrival_time": "1544",
        "departure_time": "1544",
        "district": "北區",
        "village": "賴興里",
        "location": "文昌東二街54號",
        "type": "沿街",
        "collection_type": "garbage",
        "day_of_week": 2
      }
    },
    {
      "type": "Feature",
      "geometry": {
        "type": "Point",
        "coordinates": [
          120.67782422013272,
          24.17250869873766
        ]
      },
      "properties": {
        "routeId": "taichung-kee-6307-9730db-d2",
        "city": "taichung",
        "route_name": "KEE-6307",
        "car_seq": "KEE-6307",
        "arrival_time": "1544",
        "departure_time": "1544",
        "district": "北區",
        "village": "賴興里",
        "location": "文昌東二街54號",
        "type": "沿街",
        "collection_type": "recycling",
        "day_of_week": 2
      }
    },
    {
      "type": "Feature",
      "geometry": {
        "type": "Point",
        "coordinates": [
          120.67756697671499,
          24.1725385837746
        ]
      },
      "properties": {
        "routeId": "taichung-kee-6307-9730db-d2",
        "city": "taichung",
        "route_name": "KEE-6307",
        "car_seq": "KEE-6307",
        "arrival_time": "1545",
        "departure_time": "1545",
        "district": "北區",
        "village": "賴興里",
        "location": "文昌東二街44號",
        "type": "沿街",
        "collection_type": "garbage",
        "day_of_week": 2
      }
    },
    {
      "type": "Feature",
      "geometry": {
        "type": "Point",
        "coordinates": [
          120.67756697671499,
          24.1725385837746
        ]
      },
      "properties": {
        "routeId": "taichung-kee-6307-9730db-d2",
        "city": "taichung",
        "route_name": "KEE-6307",
        "car_seq": "KEE-6307",
        "arrival_time": "1545",
        "departure_time": "1545",
        "district": "北區",
        "village": "賴興里",
        "location": "文昌東二街44號",
        "type": "沿街",
        "collection_type": "recycling",
        "day_of_week": 2
      }
    },
    {
      "type": "Feature",
      "geometry": {
        "type": "Point",
        "coordinates": [
          120.67681572805948,
          24.172658988254305
        ]
      },
      "properties": {
        "routeId": "taichung-kee-6307-9730db-d2",
        "city": "taichung",
        "route_name": "KEE-6307",
        "car_seq": "KEE-6307",
        "arrival_time": "1546",
        "departure_time": "1546",
        "district": "北區",
        "village": "賴興里",
        "location": "文昌東二街26號",
        "type": "沿街",
        "collection_type": "garbage",
        "day_of_week": 2
      }
    },
    {
      "type": "Feature",
      "geometry": {
        "type": "Point",
        "coordinates": [
          120.67681572805948,
          24.172658988254305
        ]
      },
      "properties": {
        "routeId": "taichung-kee-6307-9730db-d2",
        "city": "taichung",
        "route_name": "KEE-6307",
        "car_seq": "KEE-6307",
        "arrival_time": "1546",
        "departure_time": "1546",
        "district": "北區",
        "village": "賴興里",
        "location": "文昌東二街26號",
        "type": "沿街",
        "collection_type": "recycling",
        "day_of_week": 2
      }
    },
    {
      "type": "Feature",
      "geometry": {
        "type": "Point",
        "coordinates": [
          120.67791051348921,
          24.17290888708932
        ]
      },
      "properties": {
        "routeId": "taichung-kee-6307-9730db-d2",
        "city": "taichung",
        "route_name": "KEE-6307",
        "car_seq": "KEE-6307",
        "arrival_time": "1547",
        "departure_time": "1547",
        "district": "北區",
        "village": "賴興里",
        "location": "文心路四段210之5號",
        "type": "沿街",
        "collection_type": "garbage",
        "day_of_week": 2
      }
    },
    {
      "type": "Feature",
      "geometry": {
        "type": "Point",
        "coordinates": [
          120.67791051348921,
          24.17290888708932
        ]
      },
      "properties": {
        "routeId": "taichung-kee-6307-9730db-d2",
        "city": "taichung",
        "route_name": "KEE-6307",
        "car_seq": "KEE-6307",
        "arrival_time": "1547",
        "departure_time": "1547",
        "district": "北區",
        "village": "賴興里",
        "location": "文心路四段210之5號",
        "type": "沿街",
        "collection_type": "recycling",
        "day_of_week": 2
      }
    },
    {
      "type": "Feature",
      "geometry": {
        "type": "Point",
        "coordinates": [
          120.6728041739829,
          24.169986671415497
        ]
      },
      "properties": {
        "routeId": "taichung-kee-6307-9730db-d2",
        "city": "taichung",
        "route_name": "KEE-6307",
        "car_seq": "KEE-6307",
        "arrival_time": "1600",
        "departure_time": "1600",
        "district": "北區",
        "village": "賴旺里",
        "location": "天津路二段10號",
        "type": "沿街",
        "collection_type": "garbage",
        "day_of_week": 2
      }
    },
    {
      "type": "Feature",
      "geometry": {
        "type": "Point",
        "coordinates": [
          120.6728041739829,
          24.169986671415497
        ]
      },
      "properties": {
        "routeId": "taichung-kee-6307-9730db-d2",
        "city": "taichung",
        "route_name": "KEE-6307",
        "car_seq": "KEE-6307",
        "arrival_time": "1600",
        "departure_time": "1600",
        "district": "北區",
        "village": "賴旺里",
        "location": "天津路二段10號",
        "type": "沿街",
        "collection_type": "recycling",
        "day_of_week": 2
      }
    },
    {
      "type": "Feature",
      "geometry": {
        "type": "Point",
        "coordinates": [
          120.67349854922645,
          24.169907302215687
        ]
      },
      "properties": {
        "routeId": "taichung-kee-6307-9730db-d2",
        "city": "taichung",
        "route_name": "KEE-6307",
        "car_seq": "KEE-6307",
        "arrival_time": "1601",
        "departure_time": "1601",
        "district": "北區",
        "village": "賴旺里",
        "location": "天津路二段42號",
        "type": "沿街",
        "collection_type": "garbage",
        "day_of_week": 2
      }
    },
    {
      "type": "Feature",
      "geometry": {
        "type": "Point",
        "coordinates": [
          120.67349854922645,
          24.169907302215687
        ]
      },
      "properties": {
        "routeId": "taichung-kee-6307-9730db-d2",
        "city": "taichung",
        "route_name": "KEE-6307",
        "car_seq": "KEE-6307",
        "arrival_time": "1601",
        "departure_time": "1601",
        "district": "北區",
        "village": "賴旺里",
        "location": "天津路二段42號",
        "type": "沿街",
        "collection_type": "recycling",
        "day_of_week": 2
      }
    },
    {
      "type": "Feature",
      "geometry": {
        "type": "Point",
        "coordinates": [
          120.67414016695109,
          24.169892069499003
        ]
      },
      "properties": {
        "routeId": "taichung-kee-6307-9730db-d2",
        "city": "taichung",
        "route_name": "KEE-6307",
        "car_seq": "KEE-6307",
        "arrival_time": "1602",
        "departure_time": "1602",
        "district": "北區",
        "village": "賴明里",
        "location": "天津路二段100號",
        "type": "沿街",
        "collection_type": "garbage",
        "day_of_week": 2
      }
    },
    {
      "type": "Feature",
      "geometry": {
        "type": "Point",
        "coordinates": [
          120.67414016695109,
          24.169892069499003
        ]
      },
      "properties": {
        "routeId": "taichung-kee-6307-9730db-d2",
        "city": "taichung",
        "route_name": "KEE-6307",
        "car_seq": "KEE-6307",
        "arrival_time": "1602",
        "departure_time": "1602",
        "district": "北區",
        "village": "賴明里",
        "location": "天津路二段100號",
        "type": "沿街",
        "collection_type": "recycling",
        "day_of_week": 2
      }
    },
    {
      "type": "Feature",
      "geometry": {
        "type": "Point",
        "coordinates": [
          120.67487784125622,
          24.16983721071054
        ]
      },
      "properties": {
        "routeId": "taichung-kee-6307-9730db-d2",
        "city": "taichung",
        "route_name": "KEE-6307",
        "car_seq": "KEE-6307",
        "arrival_time": "1603",
        "departure_time": "1603",
        "district": "北區",
        "village": "賴明里",
        "location": "天津路二段104號",
        "type": "沿街",
        "collection_type": "garbage",
        "day_of_week": 2
      }
    },
    {
      "type": "Feature",
      "geometry": {
        "type": "Point",
        "coordinates": [
          120.67487784125622,
          24.16983721071054
        ]
      },
      "properties": {
        "routeId": "taichung-kee-6307-9730db-d2",
        "city": "taichung",
        "route_name": "KEE-6307",
        "car_seq": "KEE-6307",
        "arrival_time": "1603",
        "departure_time": "1603",
        "district": "北區",
        "village": "賴明里",
        "location": "天津路二段104號",
        "type": "沿街",
        "collection_type": "recycling",
        "day_of_week": 2
      }
    },
    {
      "type": "Feature",
      "geometry": {
        "type": "Point",
        "coordinates": [
          120.67448734826151,
          24.169893479003278
        ]
      },
      "properties": {
        "routeId": "taichung-kee-6307-9730db-d2",
        "city": "taichung",
        "route_name": "KEE-6307",
        "car_seq": "KEE-6307",
        "arrival_time": "1604",
        "departure_time": "1605",
        "district": "北區",
        "village": "賴明里",
        "location": "天津路二段106號",
        "type": "沿街",
        "collection_type": "garbage",
        "day_of_week": 2
      }
    },
    {
      "type": "Feature",
      "geometry": {
        "type": "Point",
        "coordinates": [
          120.67448734826151,
          24.169893479003278
        ]
      },
      "properties": {
        "routeId": "taichung-kee-6307-9730db-d2",
        "city": "taichung",
        "route_name": "KEE-6307",
        "car_seq": "KEE-6307",
        "arrival_time": "1604",
        "departure_time": "1605",
        "district": "北區",
        "village": "賴明里",
        "location": "天津路二段106號",
        "type": "沿街",
        "collection_type": "recycling",
        "day_of_week": 2
      }
    },
    {
      "type": "Feature",
      "geometry": {
        "type": "Point",
        "coordinates": [
          120.67551925517697,
          24.169867389036067
        ]
      },
      "properties": {
        "routeId": "taichung-kee-6307-9730db-d2",
        "city": "taichung",
        "route_name": "KEE-6307",
        "car_seq": "KEE-6307",
        "arrival_time": "1606",
        "departure_time": "1607",
        "district": "北區",
        "village": "賴明里",
        "location": "天津路二段112號",
        "type": "沿街",
        "collection_type": "garbage",
        "day_of_week": 2
      }
    },
    {
      "type": "Feature",
      "geometry": {
        "type": "Point",
        "coordinates": [
          120.67551925517697,
          24.169867389036067
        ]
      },
      "properties": {
        "routeId": "taichung-kee-6307-9730db-d2",
        "city": "taichung",
        "route_name": "KEE-6307",
        "car_seq": "KEE-6307",
        "arrival_time": "1606",
        "departure_time": "1607",
        "district": "北區",
        "village": "賴明里",
        "location": "天津路二段112號",
        "type": "沿街",
        "collection_type": "recycling",
        "day_of_week": 2
      }
    },
    {
      "type": "Feature",
      "geometry": {
        "type": "Point",
        "coordinates": [
          120.67617180967378,
          24.169800234609355
        ]
      },
      "properties": {
        "routeId": "taichung-kee-6307-9730db-d2",
        "city": "taichung",
        "route_name": "KEE-6307",
        "car_seq": "KEE-6307",
        "arrival_time": "1608",
        "departure_time": "1609",
        "district": "北區",
        "village": "賴興里",
        "location": "天津路二段132號",
        "type": "沿街",
        "collection_type": "garbage",
        "day_of_week": 2
      }
    },
    {
      "type": "Feature",
      "geometry": {
        "type": "Point",
        "coordinates": [
          120.67617180967378,
          24.169800234609355
        ]
      },
      "properties": {
        "routeId": "taichung-kee-6307-9730db-d2",
        "city": "taichung",
        "route_name": "KEE-6307",
        "car_seq": "KEE-6307",
        "arrival_time": "1608",
        "departure_time": "1609",
        "district": "北區",
        "village": "賴興里",
        "location": "天津路二段132號",
        "type": "沿街",
        "collection_type": "recycling",
        "day_of_week": 2
      }
    },
    {
      "type": "Feature",
      "geometry": {
        "type": "Point",
        "coordinates": [
          120.67659979673725,
          24.16976808647495
        ]
      },
      "properties": {
        "routeId": "taichung-kee-6307-9730db-d2",
        "city": "taichung",
        "route_name": "KEE-6307",
        "car_seq": "KEE-6307",
        "arrival_time": "1610",
        "departure_time": "1611",
        "district": "北區",
        "village": "賴興里",
        "location": "天津路二段138之8號",
        "type": "沿街",
        "collection_type": "garbage",
        "day_of_week": 2
      }
    },
    {
      "type": "Feature",
      "geometry": {
        "type": "Point",
        "coordinates": [
          120.67659979673725,
          24.16976808647495
        ]
      },
      "properties": {
        "routeId": "taichung-kee-6307-9730db-d2",
        "city": "taichung",
        "route_name": "KEE-6307",
        "car_seq": "KEE-6307",
        "arrival_time": "1610",
        "departure_time": "1611",
        "district": "北區",
        "village": "賴興里",
        "location": "天津路二段138之8號",
        "type": "沿街",
        "collection_type": "recycling",
        "day_of_week": 2
      }
    },
    {
      "type": "Feature",
      "geometry": {
        "type": "Point",
        "coordinates": [
          120.67723876505515,
          24.16975327753092
        ]
      },
      "properties": {
        "routeId": "taichung-kee-6307-9730db-d2",
        "city": "taichung",
        "route_name": "KEE-6307",
        "car_seq": "KEE-6307",
        "arrival_time": "1612",
        "departure_time": "1613",
        "district": "北區",
        "village": "梅川里",
        "location": "天津路二段152號",
        "type": "沿街",
        "collection_type": "garbage",
        "day_of_week": 2
      }
    },
    {
      "type": "Feature",
      "geometry": {
        "type": "Point",
        "coordinates": [
          120.67723876505515,
          24.16975327753092
        ]
      },
      "properties": {
        "routeId": "taichung-kee-6307-9730db-d2",
        "city": "taichung",
        "route_name": "KEE-6307",
        "car_seq": "KEE-6307",
        "arrival_time": "1612",
        "departure_time": "1613",
        "district": "北區",
        "village": "梅川里",
        "location": "天津路二段152號",
        "type": "沿街",
        "collection_type": "recycling",
        "day_of_week": 2
      }
    },
    {
      "type": "Feature",
      "geometry": {
        "type": "Point",
        "coordinates": [
          120.67780575914283,
          24.169766710980383
        ]
      },
      "properties": {
        "routeId": "taichung-kee-6307-9730db-d2",
        "city": "taichung",
        "route_name": "KEE-6307",
        "car_seq": "KEE-6307",
        "arrival_time": "1614",
        "departure_time": "1615",
        "district": "北區",
        "village": "梅川里",
        "location": "天津路二段178號",
        "type": "沿街",
        "collection_type": "garbage",
        "day_of_week": 2
      }
    },
    {
      "type": "Feature",
      "geometry": {
        "type": "Point",
        "coordinates": [
          120.67780575914283,
          24.169766710980383
        ]
      },
      "properties": {
        "routeId": "taichung-kee-6307-9730db-d2",
        "city": "taichung",
        "route_name": "KEE-6307",
        "car_seq": "KEE-6307",
        "arrival_time": "1614",
        "departure_time": "1615",
        "district": "北區",
        "village": "梅川里",
        "location": "天津路二段178號",
        "type": "沿街",
        "collection_type": "recycling",
        "day_of_week": 2
      }
    },
    {
      "type": "Feature",
      "geometry": {
        "type": "Point",
        "coordinates": [
          120.67875243289771,
          24.168105513709943
        ]
      },
      "properties": {
        "routeId": "taichung-kee-6307-9730db-d2",
        "city": "taichung",
        "route_name": "KEE-6307",
        "car_seq": "KEE-6307",
        "arrival_time": "1800",
        "departure_time": "1810",
        "district": "北區",
        "village": "梅川里",
        "location": "梅川東路三段7號",
        "type": "沿街",
        "collection_type": "garbage",
        "day_of_week": 2
      }
    },
    {
      "type": "Feature",
      "geometry": {
        "type": "Point",
        "coordinates": [
          120.67875243289771,
          24.168105513709943
        ]
      },
      "properties": {
        "routeId": "taichung-kee-6307-9730db-d2",
        "city": "taichung",
        "route_name": "KEE-6307",
        "car_seq": "KEE-6307",
        "arrival_time": "1800",
        "departure_time": "1810",
        "district": "北區",
        "village": "梅川里",
        "location": "梅川東路三段7號",
        "type": "沿街",
        "collection_type": "recycling",
        "day_of_week": 2
      }
    },
    {
      "type": "Feature",
      "geometry": {
        "type": "Point",
        "coordinates": [
          120.67845462634665,
          24.168876303109574
        ]
      },
      "properties": {
        "routeId": "taichung-kee-6307-9730db-d2",
        "city": "taichung",
        "route_name": "KEE-6307",
        "car_seq": "KEE-6307",
        "arrival_time": "1815",
        "departure_time": "1816",
        "district": "北區",
        "village": "梅川里",
        "location": "梅川西路四段139號",
        "type": "沿街",
        "collection_type": "garbage",
        "day_of_week": 2
      }
    },
    {
      "type": "Feature",
      "geometry": {
        "type": "Point",
        "coordinates": [
          120.67845462634665,
          24.168876303109574
        ]
      },
      "properties": {
        "routeId": "taichung-kee-6307-9730db-d2",
        "city": "taichung",
        "route_name": "KEE-6307",
        "car_seq": "KEE-6307",
        "arrival_time": "1815",
        "departure_time": "1816",
        "district": "北區",
        "village": "梅川里",
        "location": "梅川西路四段139號",
        "type": "沿街",
        "collection_type": "recycling",
        "day_of_week": 2
      }
    },
    {
      "type": "Feature",
      "geometry": {
        "type": "Point",
        "coordinates": [
          120.67805062713653,
          24.168719876352153
        ]
      },
      "properties": {
        "routeId": "taichung-kee-6307-9730db-d2",
        "city": "taichung",
        "route_name": "KEE-6307",
        "car_seq": "KEE-6307",
        "arrival_time": "1817",
        "departure_time": "1817",
        "district": "北區",
        "village": "梅川里",
        "location": "青島路二段139號",
        "type": "沿街",
        "collection_type": "garbage",
        "day_of_week": 2
      }
    },
    {
      "type": "Feature",
      "geometry": {
        "type": "Point",
        "coordinates": [
          120.67805062713653,
          24.168719876352153
        ]
      },
      "properties": {
        "routeId": "taichung-kee-6307-9730db-d2",
        "city": "taichung",
        "route_name": "KEE-6307",
        "car_seq": "KEE-6307",
        "arrival_time": "1817",
        "departure_time": "1817",
        "district": "北區",
        "village": "梅川里",
        "location": "青島路二段139號",
        "type": "沿街",
        "collection_type": "recycling",
        "day_of_week": 2
      }
    },
    {
      "type": "Feature",
      "geometry": {
        "type": "Point",
        "coordinates": [
          120.67750315219494,
          24.168718719799806
        ]
      },
      "properties": {
        "routeId": "taichung-kee-6307-9730db-d2",
        "city": "taichung",
        "route_name": "KEE-6307",
        "car_seq": "KEE-6307",
        "arrival_time": "1818",
        "departure_time": "1818",
        "district": "北區",
        "village": "梅川里",
        "location": "青島路二段121號",
        "type": "沿街",
        "collection_type": "garbage",
        "day_of_week": 2
      }
    },
    {
      "type": "Feature",
      "geometry": {
        "type": "Point",
        "coordinates": [
          120.67750315219494,
          24.168718719799806
        ]
      },
      "properties": {
        "routeId": "taichung-kee-6307-9730db-d2",
        "city": "taichung",
        "route_name": "KEE-6307",
        "car_seq": "KEE-6307",
        "arrival_time": "1818",
        "departure_time": "1818",
        "district": "北區",
        "village": "梅川里",
        "location": "青島路二段121號",
        "type": "沿街",
        "collection_type": "recycling",
        "day_of_week": 2
      }
    },
    {
      "type": "Feature",
      "geometry": {
        "type": "Point",
        "coordinates": [
          120.67736565209037,
          24.168723927852717
        ]
      },
      "properties": {
        "routeId": "taichung-kee-6307-9730db-d2",
        "city": "taichung",
        "route_name": "KEE-6307",
        "car_seq": "KEE-6307",
        "arrival_time": "1820",
        "departure_time": "1820",
        "district": "北區",
        "village": "梅川里",
        "location": "青島路二段115號",
        "type": "沿街",
        "collection_type": "garbage",
        "day_of_week": 2
      }
    },
    {
      "type": "Feature",
      "geometry": {
        "type": "Point",
        "coordinates": [
          120.67736565209037,
          24.168723927852717
        ]
      },
      "properties": {
        "routeId": "taichung-kee-6307-9730db-d2",
        "city": "taichung",
        "route_name": "KEE-6307",
        "car_seq": "KEE-6307",
        "arrival_time": "1820",
        "departure_time": "1820",
        "district": "北區",
        "village": "梅川里",
        "location": "青島路二段115號",
        "type": "沿街",
        "collection_type": "recycling",
        "day_of_week": 2
      }
    },
    {
      "type": "Feature",
      "geometry": {
        "type": "Point",
        "coordinates": [
          120.676944891035,
          24.168721421029545
        ]
      },
      "properties": {
        "routeId": "taichung-kee-6307-9730db-d2",
        "city": "taichung",
        "route_name": "KEE-6307",
        "car_seq": "KEE-6307",
        "arrival_time": "1821",
        "departure_time": "1821",
        "district": "北區",
        "village": "梅川里",
        "location": "青島路二段103號",
        "type": "沿街",
        "collection_type": "garbage",
        "day_of_week": 2
      }
    },
    {
      "type": "Feature",
      "geometry": {
        "type": "Point",
        "coordinates": [
          120.676944891035,
          24.168721421029545
        ]
      },
      "properties": {
        "routeId": "taichung-kee-6307-9730db-d2",
        "city": "taichung",
        "route_name": "KEE-6307",
        "car_seq": "KEE-6307",
        "arrival_time": "1821",
        "departure_time": "1821",
        "district": "北區",
        "village": "梅川里",
        "location": "青島路二段103號",
        "type": "沿街",
        "collection_type": "recycling",
        "day_of_week": 2
      }
    },
    {
      "type": "Feature",
      "geometry": {
        "type": "Point",
        "coordinates": [
          120.6763718243062,
          24.168760774778523
        ]
      },
      "properties": {
        "routeId": "taichung-kee-6307-9730db-d2",
        "city": "taichung",
        "route_name": "KEE-6307",
        "car_seq": "KEE-6307",
        "arrival_time": "1822",
        "departure_time": "1823",
        "district": "北區",
        "village": "賴明里",
        "location": "青島路二段75號",
        "type": "沿街",
        "collection_type": "garbage",
        "day_of_week": 2
      }
    },
    {
      "type": "Feature",
      "geometry": {
        "type": "Point",
        "coordinates": [
          120.6763718243062,
          24.168760774778523
        ]
      },
      "properties": {
        "routeId": "taichung-kee-6307-9730db-d2",
        "city": "taichung",
        "route_name": "KEE-6307",
        "car_seq": "KEE-6307",
        "arrival_time": "1822",
        "departure_time": "1823",
        "district": "北區",
        "village": "賴明里",
        "location": "青島路二段75號",
        "type": "沿街",
        "collection_type": "recycling",
        "day_of_week": 2
      }
    },
    {
      "type": "Feature",
      "geometry": {
        "type": "Point",
        "coordinates": [
          120.67591388987,
          24.168774502146956
        ]
      },
      "properties": {
        "routeId": "taichung-kee-6307-9730db-d2",
        "city": "taichung",
        "route_name": "KEE-6307",
        "car_seq": "KEE-6307",
        "arrival_time": "1824",
        "departure_time": "1824",
        "district": "北區",
        "village": "賴明里",
        "location": "青島路二段53號",
        "type": "沿街",
        "collection_type": "garbage",
        "day_of_week": 2
      }
    },
    {
      "type": "Feature",
      "geometry": {
        "type": "Point",
        "coordinates": [
          120.67591388987,
          24.168774502146956
        ]
      },
      "properties": {
        "routeId": "taichung-kee-6307-9730db-d2",
        "city": "taichung",
        "route_name": "KEE-6307",
        "car_seq": "KEE-6307",
        "arrival_time": "1824",
        "departure_time": "1824",
        "district": "北區",
        "village": "賴明里",
        "location": "青島路二段53號",
        "type": "沿街",
        "collection_type": "recycling",
        "day_of_week": 2
      }
    },
    {
      "type": "Feature",
      "geometry": {
        "type": "Point",
        "coordinates": [
          120.67530085348436,
          24.168775898128057
        ]
      },
      "properties": {
        "routeId": "taichung-kee-6307-9730db-d2",
        "city": "taichung",
        "route_name": "KEE-6307",
        "car_seq": "KEE-6307",
        "arrival_time": "1825",
        "departure_time": "1825",
        "district": "北區",
        "village": "賴明里",
        "location": "青島路二段45號",
        "type": "沿街",
        "collection_type": "garbage",
        "day_of_week": 2
      }
    },
    {
      "type": "Feature",
      "geometry": {
        "type": "Point",
        "coordinates": [
          120.67530085348436,
          24.168775898128057
        ]
      },
      "properties": {
        "routeId": "taichung-kee-6307-9730db-d2",
        "city": "taichung",
        "route_name": "KEE-6307",
        "car_seq": "KEE-6307",
        "arrival_time": "1825",
        "departure_time": "1825",
        "district": "北區",
        "village": "賴明里",
        "location": "青島路二段45號",
        "type": "沿街",
        "collection_type": "recycling",
        "day_of_week": 2
      }
    },
    {
      "type": "Feature",
      "geometry": {
        "type": "Point",
        "coordinates": [
          120.67418217023726,
          24.16924095849962
        ]
      },
      "properties": {
        "routeId": "taichung-kee-6307-9730db-d2",
        "city": "taichung",
        "route_name": "KEE-6307",
        "car_seq": "KEE-6307",
        "arrival_time": "1826",
        "departure_time": "1827",
        "district": "北區",
        "village": "賴明里",
        "location": "青島路一段402號",
        "type": "沿街",
        "collection_type": "garbage",
        "day_of_week": 2
      }
    },
    {
      "type": "Feature",
      "geometry": {
        "type": "Point",
        "coordinates": [
          120.67418217023726,
          24.16924095849962
        ]
      },
      "properties": {
        "routeId": "taichung-kee-6307-9730db-d2",
        "city": "taichung",
        "route_name": "KEE-6307",
        "car_seq": "KEE-6307",
        "arrival_time": "1826",
        "departure_time": "1827",
        "district": "北區",
        "village": "賴明里",
        "location": "青島路一段402號",
        "type": "沿街",
        "collection_type": "recycling",
        "day_of_week": 2
      }
    },
    {
      "type": "Feature",
      "geometry": {
        "type": "Point",
        "coordinates": [
          120.67656492908651,
          24.167751683405857
        ]
      },
      "properties": {
        "routeId": "taichung-kee-6307-9730db-d2",
        "city": "taichung",
        "route_name": "KEE-6307",
        "car_seq": "KEE-6307",
        "arrival_time": "1831",
        "departure_time": "1832",
        "district": "北區",
        "village": "賴興里",
        "location": "文昌東一街338號",
        "type": "沿街",
        "collection_type": "garbage",
        "day_of_week": 2
      }
    },
    {
      "type": "Feature",
      "geometry": {
        "type": "Point",
        "coordinates": [
          120.67656492908651,
          24.167751683405857
        ]
      },
      "properties": {
        "routeId": "taichung-kee-6307-9730db-d2",
        "city": "taichung",
        "route_name": "KEE-6307",
        "car_seq": "KEE-6307",
        "arrival_time": "1831",
        "departure_time": "1832",
        "district": "北區",
        "village": "賴興里",
        "location": "文昌東一街338號",
        "type": "沿街",
        "collection_type": "recycling",
        "day_of_week": 2
      }
    },
    {
      "type": "Feature",
      "geometry": {
        "type": "Point",
        "coordinates": [
          120.67653857486599,
          24.167508938424362
        ]
      },
      "properties": {
        "routeId": "taichung-kee-6307-9730db-d2",
        "city": "taichung",
        "route_name": "KEE-6307",
        "car_seq": "KEE-6307",
        "arrival_time": "1833",
        "departure_time": "1833",
        "district": "北區",
        "village": "賴明里",
        "location": "文昌東一街350號",
        "type": "沿街",
        "collection_type": "garbage",
        "day_of_week": 2
      }
    },
    {
      "type": "Feature",
      "geometry": {
        "type": "Point",
        "coordinates": [
          120.67653857486599,
          24.167508938424362
        ]
      },
      "properties": {
        "routeId": "taichung-kee-6307-9730db-d2",
        "city": "taichung",
        "route_name": "KEE-6307",
        "car_seq": "KEE-6307",
        "arrival_time": "1833",
        "departure_time": "1833",
        "district": "北區",
        "village": "賴明里",
        "location": "文昌東一街350號",
        "type": "沿街",
        "collection_type": "recycling",
        "day_of_week": 2
      }
    },
    {
      "type": "Feature",
      "geometry": {
        "type": "Point",
        "coordinates": [
          120.67653482370795,
          24.167318132662405
        ]
      },
      "properties": {
        "routeId": "taichung-kee-6307-9730db-d2",
        "city": "taichung",
        "route_name": "KEE-6307",
        "car_seq": "KEE-6307",
        "arrival_time": "1834",
        "departure_time": "1835",
        "district": "北區",
        "village": "賴明里",
        "location": "文昌東一街362號",
        "type": "沿街",
        "collection_type": "garbage",
        "day_of_week": 2
      }
    },
    {
      "type": "Feature",
      "geometry": {
        "type": "Point",
        "coordinates": [
          120.67653482370795,
          24.167318132662405
        ]
      },
      "properties": {
        "routeId": "taichung-kee-6307-9730db-d2",
        "city": "taichung",
        "route_name": "KEE-6307",
        "car_seq": "KEE-6307",
        "arrival_time": "1834",
        "departure_time": "1835",
        "district": "北區",
        "village": "賴明里",
        "location": "文昌東一街362號",
        "type": "沿街",
        "collection_type": "recycling",
        "day_of_week": 2
      }
    },
    {
      "type": "Feature",
      "geometry": {
        "type": "Point",
        "coordinates": [
          120.67549702110517,
          24.16751618888009
        ]
      },
      "properties": {
        "routeId": "taichung-kee-6307-9730db-d2",
        "city": "taichung",
        "route_name": "KEE-6307",
        "car_seq": "KEE-6307",
        "arrival_time": "1837",
        "departure_time": "1838",
        "district": "北區",
        "village": "賴明里",
        "location": "山西路二段6號",
        "type": "沿街",
        "collection_type": "garbage",
        "day_of_week": 2
      }
    },
    {
      "type": "Feature",
      "geometry": {
        "type": "Point",
        "coordinates": [
          120.67549702110517,
          24.16751618888009
        ]
      },
      "properties": {
        "routeId": "taichung-kee-6307-9730db-d2",
        "city": "taichung",
        "route_name": "KEE-6307",
        "car_seq": "KEE-6307",
        "arrival_time": "1837",
        "departure_time": "1838",
        "district": "北區",
        "village": "賴明里",
        "location": "山西路二段6號",
        "type": "沿街",
        "collection_type": "recycling",
        "day_of_week": 2
      }
    },
    {
      "type": "Feature",
      "geometry": {
        "type": "Point",
        "coordinates": [
          120.6756461252807,
          24.167903591391696
        ]
      },
      "properties": {
        "routeId": "taichung-kee-6307-9730db-d2",
        "city": "taichung",
        "route_name": "KEE-6307",
        "car_seq": "KEE-6307",
        "arrival_time": "1839",
        "departure_time": "1840",
        "district": "北區",
        "village": "賴明里",
        "location": "山西路二段26號",
        "type": "沿街",
        "collection_type": "garbage",
        "day_of_week": 2
      }
    },
    {
      "type": "Feature",
      "geometry": {
        "type": "Point",
        "coordinates": [
          120.6756461252807,
          24.167903591391696
        ]
      },
      "properties": {
        "routeId": "taichung-kee-6307-9730db-d2",
        "city": "taichung",
        "route_name": "KEE-6307",
        "car_seq": "KEE-6307",
        "arrival_time": "1839",
        "departure_time": "1840",
        "district": "北區",
        "village": "賴明里",
        "location": "山西路二段26號",
        "type": "沿街",
        "collection_type": "recycling",
        "day_of_week": 2
      }
    },
    {
      "type": "Feature",
      "geometry": {
        "type": "Point",
        "coordinates": [
          120.67576514000615,
          24.16816424894857
        ]
      },
      "properties": {
        "routeId": "taichung-kee-6307-9730db-d2",
        "city": "taichung",
        "route_name": "KEE-6307",
        "car_seq": "KEE-6307",
        "arrival_time": "1841",
        "departure_time": "1842",
        "district": "北區",
        "village": "賴明里",
        "location": "山西路二段40號",
        "type": "沿街",
        "collection_type": "garbage",
        "day_of_week": 2
      }
    },
    {
      "type": "Feature",
      "geometry": {
        "type": "Point",
        "coordinates": [
          120.67576514000615,
          24.16816424894857
        ]
      },
      "properties": {
        "routeId": "taichung-kee-6307-9730db-d2",
        "city": "taichung",
        "route_name": "KEE-6307",
        "car_seq": "KEE-6307",
        "arrival_time": "1841",
        "departure_time": "1842",
        "district": "北區",
        "village": "賴明里",
        "location": "山西路二段40號",
        "type": "沿街",
        "collection_type": "recycling",
        "day_of_week": 2
      }
    },
    {
      "type": "Feature",
      "geometry": {
        "type": "Point",
        "coordinates": [
          120.67594721919872,
          24.169220655613273
        ]
      },
      "properties": {
        "routeId": "taichung-kee-6307-9730db-d2",
        "city": "taichung",
        "route_name": "KEE-6307",
        "car_seq": "KEE-6307",
        "arrival_time": "1843",
        "departure_time": "1844",
        "district": "北區",
        "village": "賴明里",
        "location": "山西路二段96號",
        "type": "沿街",
        "collection_type": "garbage",
        "day_of_week": 2
      }
    },
    {
      "type": "Feature",
      "geometry": {
        "type": "Point",
        "coordinates": [
          120.67594721919872,
          24.169220655613273
        ]
      },
      "properties": {
        "routeId": "taichung-kee-6307-9730db-d2",
        "city": "taichung",
        "route_name": "KEE-6307",
        "car_seq": "KEE-6307",
        "arrival_time": "1843",
        "departure_time": "1844",
        "district": "北區",
        "village": "賴明里",
        "location": "山西路二段96號",
        "type": "沿街",
        "collection_type": "recycling",
        "day_of_week": 2
      }
    },
    {
      "type": "Feature",
      "geometry": {
        "type": "Point",
        "coordinates": [
          120.67808541968866,
          24.167878871961136
        ]
      },
      "properties": {
        "routeId": "taichung-kee-6307-9730db-d2",
        "city": "taichung",
        "route_name": "KEE-6307",
        "car_seq": "KEE-6307",
        "arrival_time": "1846",
        "departure_time": "1847",
        "district": "北區",
        "village": "梅川里",
        "location": "梅川西路三段15號",
        "type": "沿街",
        "collection_type": "garbage",
        "day_of_week": 2
      }
    },
    {
      "type": "Feature",
      "geometry": {
        "type": "Point",
        "coordinates": [
          120.67808541968866,
          24.167878871961136
        ]
      },
      "properties": {
        "routeId": "taichung-kee-6307-9730db-d2",
        "city": "taichung",
        "route_name": "KEE-6307",
        "car_seq": "KEE-6307",
        "arrival_time": "1846",
        "departure_time": "1847",
        "district": "北區",
        "village": "梅川里",
        "location": "梅川西路三段15號",
        "type": "沿街",
        "collection_type": "recycling",
        "day_of_week": 2
      }
    },
    {
      "type": "Feature",
      "geometry": {
        "type": "Point",
        "coordinates": [
          120.67733718666125,
          24.166422600954338
        ]
      },
      "properties": {
        "routeId": "taichung-kee-6307-9730db-d2",
        "city": "taichung",
        "route_name": "KEE-6307",
        "car_seq": "KEE-6307",
        "arrival_time": "1849",
        "departure_time": "1850",
        "district": "北區",
        "village": "賴厝里",
        "location": "梅川西路三段33號",
        "type": "沿街",
        "collection_type": "garbage",
        "day_of_week": 2
      }
    },
    {
      "type": "Feature",
      "geometry": {
        "type": "Point",
        "coordinates": [
          120.67733718666125,
          24.166422600954338
        ]
      },
      "properties": {
        "routeId": "taichung-kee-6307-9730db-d2",
        "city": "taichung",
        "route_name": "KEE-6307",
        "car_seq": "KEE-6307",
        "arrival_time": "1849",
        "departure_time": "1850",
        "district": "北區",
        "village": "賴厝里",
        "location": "梅川西路三段33號",
        "type": "沿街",
        "collection_type": "recycling",
        "day_of_week": 2
      }
    },
    {
      "type": "Feature",
      "geometry": {
        "type": "Point",
        "coordinates": [
          120.67713455478723,
          24.166147492291778
        ]
      },
      "properties": {
        "routeId": "taichung-kee-6307-9730db-d2",
        "city": "taichung",
        "route_name": "KEE-6307",
        "car_seq": "KEE-6307",
        "arrival_time": "1851",
        "departure_time": "1852",
        "district": "北區",
        "village": "賴厝里",
        "location": "梅川西路三段36號",
        "type": "沿街",
        "collection_type": "garbage",
        "day_of_week": 2
      }
    },
    {
      "type": "Feature",
      "geometry": {
        "type": "Point",
        "coordinates": [
          120.67713455478723,
          24.166147492291778
        ]
      },
      "properties": {
        "routeId": "taichung-kee-6307-9730db-d2",
        "city": "taichung",
        "route_name": "KEE-6307",
        "car_seq": "KEE-6307",
        "arrival_time": "1851",
        "departure_time": "1852",
        "district": "北區",
        "village": "賴厝里",
        "location": "梅川西路三段36號",
        "type": "沿街",
        "collection_type": "recycling",
        "day_of_week": 2
      }
    },
    {
      "type": "Feature",
      "geometry": {
        "type": "Point",
        "coordinates": [
          120.6770808228298,
          24.166017537419155
        ]
      },
      "properties": {
        "routeId": "taichung-kee-6307-9730db-d2",
        "city": "taichung",
        "route_name": "KEE-6307",
        "car_seq": "KEE-6307",
        "arrival_time": "1853",
        "departure_time": "1856",
        "district": "北區",
        "village": "賴厝里",
        "location": "梅川西路三段38號",
        "type": "沿街",
        "collection_type": "garbage",
        "day_of_week": 2
      }
    },
    {
      "type": "Feature",
      "geometry": {
        "type": "Point",
        "coordinates": [
          120.6770808228298,
          24.166017537419155
        ]
      },
      "properties": {
        "routeId": "taichung-kee-6307-9730db-d2",
        "city": "taichung",
        "route_name": "KEE-6307",
        "car_seq": "KEE-6307",
        "arrival_time": "1853",
        "departure_time": "1856",
        "district": "北區",
        "village": "賴厝里",
        "location": "梅川西路三段38號",
        "type": "沿街",
        "collection_type": "recycling",
        "day_of_week": 2
      }
    },
    {
      "type": "Feature",
      "geometry": {
        "type": "Point",
        "coordinates": [
          120.6763710464002,
          24.16556307909679
        ]
      },
      "properties": {
        "routeId": "taichung-kee-6307-9730db-d2",
        "city": "taichung",
        "route_name": "KEE-6307",
        "car_seq": "KEE-6307",
        "arrival_time": "1859",
        "departure_time": "1859",
        "district": "北區",
        "village": "賴厝里",
        "location": "太原路二段57號",
        "type": "沿街",
        "collection_type": "garbage",
        "day_of_week": 2
      }
    },
    {
      "type": "Feature",
      "geometry": {
        "type": "Point",
        "coordinates": [
          120.6763710464002,
          24.16556307909679
        ]
      },
      "properties": {
        "routeId": "taichung-kee-6307-9730db-d2",
        "city": "taichung",
        "route_name": "KEE-6307",
        "car_seq": "KEE-6307",
        "arrival_time": "1859",
        "departure_time": "1859",
        "district": "北區",
        "village": "賴厝里",
        "location": "太原路二段57號",
        "type": "沿街",
        "collection_type": "recycling",
        "day_of_week": 2
      }
    },
    {
      "type": "Feature",
      "geometry": {
        "type": "Point",
        "coordinates": [
          120.6760675299336,
          24.165578470887702
        ]
      },
      "properties": {
        "routeId": "taichung-kee-6307-9730db-d2",
        "city": "taichung",
        "route_name": "KEE-6307",
        "car_seq": "KEE-6307",
        "arrival_time": "1900",
        "departure_time": "1900",
        "district": "北區",
        "village": "賴厝里",
        "location": "太原路二段45號",
        "type": "沿街",
        "collection_type": "garbage",
        "day_of_week": 2
      }
    },
    {
      "type": "Feature",
      "geometry": {
        "type": "Point",
        "coordinates": [
          120.6760675299336,
          24.165578470887702
        ]
      },
      "properties": {
        "routeId": "taichung-kee-6307-9730db-d2",
        "city": "taichung",
        "route_name": "KEE-6307",
        "car_seq": "KEE-6307",
        "arrival_time": "1900",
        "departure_time": "1900",
        "district": "北區",
        "village": "賴厝里",
        "location": "太原路二段45號",
        "type": "沿街",
        "collection_type": "recycling",
        "day_of_week": 2
      }
    },
    {
      "type": "Feature",
      "geometry": {
        "type": "Point",
        "coordinates": [
          120.67458962514107,
          24.16484448594603
        ]
      },
      "properties": {
        "routeId": "taichung-kee-6307-9730db-d2",
        "city": "taichung",
        "route_name": "KEE-6307",
        "car_seq": "KEE-6307",
        "arrival_time": "1906",
        "departure_time": "1906",
        "district": "北區",
        "village": "賴福里",
        "location": "太原路二段14號",
        "type": "沿街",
        "collection_type": "garbage",
        "day_of_week": 2
      }
    },
    {
      "type": "Feature",
      "geometry": {
        "type": "Point",
        "coordinates": [
          120.67458962514107,
          24.16484448594603
        ]
      },
      "properties": {
        "routeId": "taichung-kee-6307-9730db-d2",
        "city": "taichung",
        "route_name": "KEE-6307",
        "car_seq": "KEE-6307",
        "arrival_time": "1906",
        "departure_time": "1906",
        "district": "北區",
        "village": "賴福里",
        "location": "太原路二段14號",
        "type": "沿街",
        "collection_type": "recycling",
        "day_of_week": 2
      }
    },
    {
      "type": "Feature",
      "geometry": {
        "type": "Point",
        "coordinates": [
          120.6748563256582,
          24.164921622976145
        ]
      },
      "properties": {
        "routeId": "taichung-kee-6307-9730db-d2",
        "city": "taichung",
        "route_name": "KEE-6307",
        "car_seq": "KEE-6307",
        "arrival_time": "1907",
        "departure_time": "1907",
        "district": "北區",
        "village": "賴福里",
        "location": "太原路二段24號",
        "type": "沿街",
        "collection_type": "garbage",
        "day_of_week": 2
      }
    },
    {
      "type": "Feature",
      "geometry": {
        "type": "Point",
        "coordinates": [
          120.6748563256582,
          24.164921622976145
        ]
      },
      "properties": {
        "routeId": "taichung-kee-6307-9730db-d2",
        "city": "taichung",
        "route_name": "KEE-6307",
        "car_seq": "KEE-6307",
        "arrival_time": "1907",
        "departure_time": "1907",
        "district": "北區",
        "village": "賴福里",
        "location": "太原路二段24號",
        "type": "沿街",
        "collection_type": "recycling",
        "day_of_week": 2
      }
    },
    {
      "type": "Feature",
      "geometry": {
        "type": "Point",
        "coordinates": [
          120.67535035312828,
          24.16508736031131
        ]
      },
      "properties": {
        "routeId": "taichung-kee-6307-9730db-d2",
        "city": "taichung",
        "route_name": "KEE-6307",
        "car_seq": "KEE-6307",
        "arrival_time": "1908",
        "departure_time": "1908",
        "district": "北區",
        "village": "賴福里",
        "location": "太原路二段44號",
        "type": "沿街",
        "collection_type": "garbage",
        "day_of_week": 2
      }
    },
    {
      "type": "Feature",
      "geometry": {
        "type": "Point",
        "coordinates": [
          120.67535035312828,
          24.16508736031131
        ]
      },
      "properties": {
        "routeId": "taichung-kee-6307-9730db-d2",
        "city": "taichung",
        "route_name": "KEE-6307",
        "car_seq": "KEE-6307",
        "arrival_time": "1908",
        "departure_time": "1908",
        "district": "北區",
        "village": "賴福里",
        "location": "太原路二段44號",
        "type": "沿街",
        "collection_type": "recycling",
        "day_of_week": 2
      }
    },
    {
      "type": "Feature",
      "geometry": {
        "type": "Point",
        "coordinates": [
          120.67647304982927,
          24.164239737392325
        ]
      },
      "properties": {
        "routeId": "taichung-kee-6307-9730db-d2",
        "city": "taichung",
        "route_name": "KEE-6307",
        "car_seq": "KEE-6307",
        "arrival_time": "1910",
        "departure_time": "1911",
        "district": "北區",
        "village": "賴福里",
        "location": "梅川西路三段92號",
        "type": "沿街",
        "collection_type": "garbage",
        "day_of_week": 2
      }
    },
    {
      "type": "Feature",
      "geometry": {
        "type": "Point",
        "coordinates": [
          120.67647304982927,
          24.164239737392325
        ]
      },
      "properties": {
        "routeId": "taichung-kee-6307-9730db-d2",
        "city": "taichung",
        "route_name": "KEE-6307",
        "car_seq": "KEE-6307",
        "arrival_time": "1910",
        "departure_time": "1911",
        "district": "北區",
        "village": "賴福里",
        "location": "梅川西路三段92號",
        "type": "沿街",
        "collection_type": "recycling",
        "day_of_week": 2
      }
    },
    {
      "type": "Feature",
      "geometry": {
        "type": "Point",
        "coordinates": [
          120.67650361876976,
          24.16388342524022
        ]
      },
      "properties": {
        "routeId": "taichung-kee-6307-9730db-d2",
        "city": "taichung",
        "route_name": "KEE-6307",
        "car_seq": "KEE-6307",
        "arrival_time": "1912",
        "departure_time": "1912",
        "district": "北區",
        "village": "賴福里",
        "location": "梅川西路三段99號",
        "type": "沿街",
        "collection_type": "garbage",
        "day_of_week": 2
      }
    },
    {
      "type": "Feature",
      "geometry": {
        "type": "Point",
        "coordinates": [
          120.67650361876976,
          24.16388342524022
        ]
      },
      "properties": {
        "routeId": "taichung-kee-6307-9730db-d2",
        "city": "taichung",
        "route_name": "KEE-6307",
        "car_seq": "KEE-6307",
        "arrival_time": "1912",
        "departure_time": "1912",
        "district": "北區",
        "village": "賴福里",
        "location": "梅川西路三段99號",
        "type": "沿街",
        "collection_type": "recycling",
        "day_of_week": 2
      }
    },
    {
      "type": "Feature",
      "geometry": {
        "type": "Point",
        "coordinates": [
          120.67647138892966,
          24.16370367404922
        ]
      },
      "properties": {
        "routeId": "taichung-kee-6307-9730db-d2",
        "city": "taichung",
        "route_name": "KEE-6307",
        "car_seq": "KEE-6307",
        "arrival_time": "1913",
        "departure_time": "1913",
        "district": "北區",
        "village": "賴福里",
        "location": "梅川西路三段106號",
        "type": "沿街",
        "collection_type": "garbage",
        "day_of_week": 2
      }
    },
    {
      "type": "Feature",
      "geometry": {
        "type": "Point",
        "coordinates": [
          120.67647138892966,
          24.16370367404922
        ]
      },
      "properties": {
        "routeId": "taichung-kee-6307-9730db-d2",
        "city": "taichung",
        "route_name": "KEE-6307",
        "car_seq": "KEE-6307",
        "arrival_time": "1913",
        "departure_time": "1913",
        "district": "北區",
        "village": "賴福里",
        "location": "梅川西路三段106號",
        "type": "沿街",
        "collection_type": "recycling",
        "day_of_week": 2
      }
    },
    {
      "type": "Feature",
      "geometry": {
        "type": "Point",
        "coordinates": [
          120.6762700857062,
          24.163376287427507
        ]
      },
      "properties": {
        "routeId": "taichung-kee-6307-9730db-d2",
        "city": "taichung",
        "route_name": "KEE-6307",
        "car_seq": "KEE-6307",
        "arrival_time": "1915",
        "departure_time": "1915",
        "district": "北區",
        "village": "賴福里",
        "location": "進化北路404號",
        "type": "沿街",
        "collection_type": "garbage",
        "day_of_week": 2
      }
    },
    {
      "type": "Feature",
      "geometry": {
        "type": "Point",
        "coordinates": [
          120.6762700857062,
          24.163376287427507
        ]
      },
      "properties": {
        "routeId": "taichung-kee-6307-9730db-d2",
        "city": "taichung",
        "route_name": "KEE-6307",
        "car_seq": "KEE-6307",
        "arrival_time": "1915",
        "departure_time": "1915",
        "district": "北區",
        "village": "賴福里",
        "location": "進化北路404號",
        "type": "沿街",
        "collection_type": "recycling",
        "day_of_week": 2
      }
    },
    {
      "type": "Feature",
      "geometry": {
        "type": "Point",
        "coordinates": [
          120.6755347811625,
          24.163758442967403
        ]
      },
      "properties": {
        "routeId": "taichung-kee-6307-9730db-d2",
        "city": "taichung",
        "route_name": "KEE-6307",
        "car_seq": "KEE-6307",
        "arrival_time": "1916",
        "departure_time": "1916",
        "district": "北區",
        "village": "賴福里",
        "location": "山西路一段7號",
        "type": "沿街",
        "collection_type": "garbage",
        "day_of_week": 2
      }
    },
    {
      "type": "Feature",
      "geometry": {
        "type": "Point",
        "coordinates": [
          120.6755347811625,
          24.163758442967403
        ]
      },
      "properties": {
        "routeId": "taichung-kee-6307-9730db-d2",
        "city": "taichung",
        "route_name": "KEE-6307",
        "car_seq": "KEE-6307",
        "arrival_time": "1916",
        "departure_time": "1916",
        "district": "北區",
        "village": "賴福里",
        "location": "山西路一段7號",
        "type": "沿街",
        "collection_type": "recycling",
        "day_of_week": 2
      }
    },
    {
      "type": "Feature",
      "geometry": {
        "type": "Point",
        "coordinates": [
          120.67535948420819,
          24.164216026470463
        ]
      },
      "properties": {
        "routeId": "taichung-kee-6307-9730db-d2",
        "city": "taichung",
        "route_name": "KEE-6307",
        "car_seq": "KEE-6307",
        "arrival_time": "1917",
        "departure_time": "1918",
        "district": "北區",
        "village": "賴福里",
        "location": "山西路一段15號",
        "type": "沿街",
        "collection_type": "garbage",
        "day_of_week": 2
      }
    },
    {
      "type": "Feature",
      "geometry": {
        "type": "Point",
        "coordinates": [
          120.67535948420819,
          24.164216026470463
        ]
      },
      "properties": {
        "routeId": "taichung-kee-6307-9730db-d2",
        "city": "taichung",
        "route_name": "KEE-6307",
        "car_seq": "KEE-6307",
        "arrival_time": "1917",
        "departure_time": "1918",
        "district": "北區",
        "village": "賴福里",
        "location": "山西路一段15號",
        "type": "沿街",
        "collection_type": "recycling",
        "day_of_week": 2
      }
    },
    {
      "type": "Feature",
      "geometry": {
        "type": "Point",
        "coordinates": [
          120.67536118250447,
          24.164692631976372
        ]
      },
      "properties": {
        "routeId": "taichung-kee-6307-9730db-d2",
        "city": "taichung",
        "route_name": "KEE-6307",
        "car_seq": "KEE-6307",
        "arrival_time": "1919",
        "departure_time": "1919",
        "district": "北區",
        "village": "賴福里",
        "location": "山西路一段37號",
        "type": "沿街",
        "collection_type": "garbage",
        "day_of_week": 2
      }
    },
    {
      "type": "Feature",
      "geometry": {
        "type": "Point",
        "coordinates": [
          120.67536118250447,
          24.164692631976372
        ]
      },
      "properties": {
        "routeId": "taichung-kee-6307-9730db-d2",
        "city": "taichung",
        "route_name": "KEE-6307",
        "car_seq": "KEE-6307",
        "arrival_time": "1919",
        "departure_time": "1919",
        "district": "北區",
        "village": "賴福里",
        "location": "山西路一段37號",
        "type": "沿街",
        "collection_type": "recycling",
        "day_of_week": 2
      }
    },
    {
      "type": "Feature",
      "geometry": {
        "type": "Point",
        "coordinates": [
          120.67622201233688,
          24.164703084443374
        ]
      },
      "properties": {
        "routeId": "taichung-kee-6307-9730db-d2",
        "city": "taichung",
        "route_name": "KEE-6307",
        "car_seq": "KEE-6307",
        "arrival_time": "1920",
        "departure_time": "1920",
        "district": "北區",
        "village": "梅川里",
        "location": "梅川西路三段68巷5號",
        "type": "沿街",
        "collection_type": "garbage",
        "day_of_week": 2
      }
    },
    {
      "type": "Feature",
      "geometry": {
        "type": "Point",
        "coordinates": [
          120.67622201233688,
          24.164703084443374
        ]
      },
      "properties": {
        "routeId": "taichung-kee-6307-9730db-d2",
        "city": "taichung",
        "route_name": "KEE-6307",
        "car_seq": "KEE-6307",
        "arrival_time": "1920",
        "departure_time": "1920",
        "district": "北區",
        "village": "梅川里",
        "location": "梅川西路三段68巷5號",
        "type": "沿街",
        "collection_type": "recycling",
        "day_of_week": 2
      }
    },
    {
      "type": "Feature",
      "geometry": {
        "type": "Point",
        "coordinates": [
          120.67578005293386,
          24.162807584397726
        ]
      },
      "properties": {
        "routeId": "taichung-kee-6307-9730db-d2",
        "city": "taichung",
        "route_name": "KEE-6307",
        "car_seq": "KEE-6307",
        "arrival_time": "1921",
        "departure_time": "1921",
        "district": "北區",
        "village": "賴村里",
        "location": "梅川西路三段109號",
        "type": "沿街",
        "collection_type": "garbage",
        "day_of_week": 2
      }
    },
    {
      "type": "Feature",
      "geometry": {
        "type": "Point",
        "coordinates": [
          120.67578005293386,
          24.162807584397726
        ]
      },
      "properties": {
        "routeId": "taichung-kee-6307-9730db-d2",
        "city": "taichung",
        "route_name": "KEE-6307",
        "car_seq": "KEE-6307",
        "arrival_time": "1921",
        "departure_time": "1921",
        "district": "北區",
        "village": "賴村里",
        "location": "梅川西路三段109號",
        "type": "沿街",
        "collection_type": "recycling",
        "day_of_week": 2
      }
    },
    {
      "type": "Feature",
      "geometry": {
        "type": "Point",
        "coordinates": [
          120.67632227155245,
          24.162463365433243
        ]
      },
      "properties": {
        "routeId": "taichung-kee-6307-9730db-d2",
        "city": "taichung",
        "route_name": "KEE-6307",
        "car_seq": "KEE-6307",
        "arrival_time": "1922",
        "departure_time": "1922",
        "district": "北區",
        "village": "賴福里",
        "location": "梅川西路三段114號",
        "type": "沿街",
        "collection_type": "garbage",
        "day_of_week": 2
      }
    },
    {
      "type": "Feature",
      "geometry": {
        "type": "Point",
        "coordinates": [
          120.67632227155245,
          24.162463365433243
        ]
      },
      "properties": {
        "routeId": "taichung-kee-6307-9730db-d2",
        "city": "taichung",
        "route_name": "KEE-6307",
        "car_seq": "KEE-6307",
        "arrival_time": "1922",
        "departure_time": "1922",
        "district": "北區",
        "village": "賴福里",
        "location": "梅川西路三段114號",
        "type": "沿街",
        "collection_type": "recycling",
        "day_of_week": 2
      }
    },
    {
      "type": "Feature",
      "geometry": {
        "type": "Point",
        "coordinates": [
          120.67633054621439,
          24.16210870343802
        ]
      },
      "properties": {
        "routeId": "taichung-kee-6307-9730db-d2",
        "city": "taichung",
        "route_name": "KEE-6307",
        "car_seq": "KEE-6307",
        "arrival_time": "1923",
        "departure_time": "1923",
        "district": "北區",
        "village": "賴福里",
        "location": "梅川西路三段122號",
        "type": "沿街",
        "collection_type": "garbage",
        "day_of_week": 2
      }
    },
    {
      "type": "Feature",
      "geometry": {
        "type": "Point",
        "coordinates": [
          120.67633054621439,
          24.16210870343802
        ]
      },
      "properties": {
        "routeId": "taichung-kee-6307-9730db-d2",
        "city": "taichung",
        "route_name": "KEE-6307",
        "car_seq": "KEE-6307",
        "arrival_time": "1923",
        "departure_time": "1923",
        "district": "北區",
        "village": "賴福里",
        "location": "梅川西路三段122號",
        "type": "沿街",
        "collection_type": "recycling",
        "day_of_week": 2
      }
    },
    {
      "type": "Feature",
      "geometry": {
        "type": "Point",
        "coordinates": [
          120.67630164429593,
          24.16137410930391
        ]
      },
      "properties": {
        "routeId": "taichung-kee-6307-9730db-d2",
        "city": "taichung",
        "route_name": "KEE-6307",
        "car_seq": "KEE-6307",
        "arrival_time": "1924",
        "departure_time": "1924",
        "district": "北區",
        "village": "賴村里",
        "location": "梅川西路三段136號",
        "type": "沿街",
        "collection_type": "garbage",
        "day_of_week": 2
      }
    },
    {
      "type": "Feature",
      "geometry": {
        "type": "Point",
        "coordinates": [
          120.67630164429593,
          24.16137410930391
        ]
      },
      "properties": {
        "routeId": "taichung-kee-6307-9730db-d2",
        "city": "taichung",
        "route_name": "KEE-6307",
        "car_seq": "KEE-6307",
        "arrival_time": "1924",
        "departure_time": "1924",
        "district": "北區",
        "village": "賴村里",
        "location": "梅川西路三段136號",
        "type": "沿街",
        "collection_type": "recycling",
        "day_of_week": 2
      }
    },
    {
      "type": "Feature",
      "geometry": {
        "type": "Point",
        "coordinates": [
          120.67622122146433,
          24.160820560454333
        ]
      },
      "properties": {
        "routeId": "taichung-kee-6307-9730db-d2",
        "city": "taichung",
        "route_name": "KEE-6307",
        "car_seq": "KEE-6307",
        "arrival_time": "1925",
        "departure_time": "1925",
        "district": "北區",
        "village": "賴村里",
        "location": "梅川西路三段142號",
        "type": "沿街",
        "collection_type": "garbage",
        "day_of_week": 2
      }
    },
    {
      "type": "Feature",
      "geometry": {
        "type": "Point",
        "coordinates": [
          120.67622122146433,
          24.160820560454333
        ]
      },
      "properties": {
        "routeId": "taichung-kee-6307-9730db-d2",
        "city": "taichung",
        "route_name": "KEE-6307",
        "car_seq": "KEE-6307",
        "arrival_time": "1925",
        "departure_time": "1925",
        "district": "北區",
        "village": "賴村里",
        "location": "梅川西路三段142號",
        "type": "沿街",
        "collection_type": "recycling",
        "day_of_week": 2
      }
    },
    {
      "type": "Feature",
      "geometry": {
        "type": "Point",
        "coordinates": [
          120.67616797909953,
          24.159880940545207
        ]
      },
      "properties": {
        "routeId": "taichung-kee-6307-9730db-d2",
        "city": "taichung",
        "route_name": "KEE-6307",
        "car_seq": "KEE-6307",
        "arrival_time": "1926",
        "departure_time": "1926",
        "district": "北區",
        "village": "賴村里",
        "location": "梅川西路三段160號",
        "type": "沿街",
        "collection_type": "garbage",
        "day_of_week": 2
      }
    },
    {
      "type": "Feature",
      "geometry": {
        "type": "Point",
        "coordinates": [
          120.67616797909953,
          24.159880940545207
        ]
      },
      "properties": {
        "routeId": "taichung-kee-6307-9730db-d2",
        "city": "taichung",
        "route_name": "KEE-6307",
        "car_seq": "KEE-6307",
        "arrival_time": "1926",
        "departure_time": "1926",
        "district": "北區",
        "village": "賴村里",
        "location": "梅川西路三段160號",
        "type": "沿街",
        "collection_type": "recycling",
        "day_of_week": 2
      }
    },
    {
      "type": "Feature",
      "geometry": {
        "type": "Point",
        "coordinates": [
          120.6766557889105,
          24.159456514824058
        ]
      },
      "properties": {
        "routeId": "taichung-kee-6307-9730db-d2",
        "city": "taichung",
        "route_name": "KEE-6307",
        "car_seq": "KEE-6307",
        "arrival_time": "1927",
        "departure_time": "1928",
        "district": "北區",
        "village": "賴村里",
        "location": "梅川東路三段158號",
        "type": "沿街",
        "collection_type": "garbage",
        "day_of_week": 2
      }
    },
    {
      "type": "Feature",
      "geometry": {
        "type": "Point",
        "coordinates": [
          120.6766557889105,
          24.159456514824058
        ]
      },
      "properties": {
        "routeId": "taichung-kee-6307-9730db-d2",
        "city": "taichung",
        "route_name": "KEE-6307",
        "car_seq": "KEE-6307",
        "arrival_time": "1927",
        "departure_time": "1928",
        "district": "北區",
        "village": "賴村里",
        "location": "梅川東路三段158號",
        "type": "沿街",
        "collection_type": "recycling",
        "day_of_week": 2
      }
    },
    {
      "type": "Feature",
      "geometry": {
        "type": "Point",
        "coordinates": [
          120.67666059704905,
          24.160005415764083
        ]
      },
      "properties": {
        "routeId": "taichung-kee-6307-9730db-d2",
        "city": "taichung",
        "route_name": "KEE-6307",
        "car_seq": "KEE-6307",
        "arrival_time": "1929",
        "departure_time": "1929",
        "district": "北區",
        "village": "賴村里",
        "location": "梅川東路三段146號",
        "type": "沿街",
        "collection_type": "garbage",
        "day_of_week": 2
      }
    },
    {
      "type": "Feature",
      "geometry": {
        "type": "Point",
        "coordinates": [
          120.67666059704905,
          24.160005415764083
        ]
      },
      "properties": {
        "routeId": "taichung-kee-6307-9730db-d2",
        "city": "taichung",
        "route_name": "KEE-6307",
        "car_seq": "KEE-6307",
        "arrival_time": "1929",
        "departure_time": "1929",
        "district": "北區",
        "village": "賴村里",
        "location": "梅川東路三段146號",
        "type": "沿街",
        "collection_type": "recycling",
        "day_of_week": 2
      }
    },
    {
      "type": "Feature",
      "geometry": {
        "type": "Point",
        "coordinates": [
          120.67673397377897,
          24.160766749659192
        ]
      },
      "properties": {
        "routeId": "taichung-kee-6307-9730db-d2",
        "city": "taichung",
        "route_name": "KEE-6307",
        "car_seq": "KEE-6307",
        "arrival_time": "1930",
        "departure_time": "1930",
        "district": "北區",
        "village": "賴村里",
        "location": "梅川東路三段136號",
        "type": "沿街",
        "collection_type": "garbage",
        "day_of_week": 2
      }
    },
    {
      "type": "Feature",
      "geometry": {
        "type": "Point",
        "coordinates": [
          120.67673397377897,
          24.160766749659192
        ]
      },
      "properties": {
        "routeId": "taichung-kee-6307-9730db-d2",
        "city": "taichung",
        "route_name": "KEE-6307",
        "car_seq": "KEE-6307",
        "arrival_time": "1930",
        "departure_time": "1930",
        "district": "北區",
        "village": "賴村里",
        "location": "梅川東路三段136號",
        "type": "沿街",
        "collection_type": "recycling",
        "day_of_week": 2
      }
    },
    {
      "type": "Feature",
      "geometry": {
        "type": "Point",
        "coordinates": [
          120.67676412440879,
          24.16106478018109
        ]
      },
      "properties": {
        "routeId": "taichung-kee-6307-9730db-d2",
        "city": "taichung",
        "route_name": "KEE-6307",
        "car_seq": "KEE-6307",
        "arrival_time": "1931",
        "departure_time": "1931",
        "district": "北區",
        "village": "賴村里",
        "location": "梅川東路三段131號",
        "type": "沿街",
        "collection_type": "garbage",
        "day_of_week": 2
      }
    },
    {
      "type": "Feature",
      "geometry": {
        "type": "Point",
        "coordinates": [
          120.67676412440879,
          24.16106478018109
        ]
      },
      "properties": {
        "routeId": "taichung-kee-6307-9730db-d2",
        "city": "taichung",
        "route_name": "KEE-6307",
        "car_seq": "KEE-6307",
        "arrival_time": "1931",
        "departure_time": "1931",
        "district": "北區",
        "village": "賴村里",
        "location": "梅川東路三段131號",
        "type": "沿街",
        "collection_type": "recycling",
        "day_of_week": 2
      }
    },
    {
      "type": "Feature",
      "geometry": {
        "type": "Point",
        "coordinates": [
          120.67681563711399,
          24.161907575027115
        ]
      },
      "properties": {
        "routeId": "taichung-kee-6307-9730db-d2",
        "city": "taichung",
        "route_name": "KEE-6307",
        "car_seq": "KEE-6307",
        "arrival_time": "1932",
        "departure_time": "1933",
        "district": "北區",
        "village": "賴村里",
        "location": "梅川東路三段118號",
        "type": "沿街",
        "collection_type": "garbage",
        "day_of_week": 2
      }
    },
    {
      "type": "Feature",
      "geometry": {
        "type": "Point",
        "coordinates": [
          120.67681563711399,
          24.161907575027115
        ]
      },
      "properties": {
        "routeId": "taichung-kee-6307-9730db-d2",
        "city": "taichung",
        "route_name": "KEE-6307",
        "car_seq": "KEE-6307",
        "arrival_time": "1932",
        "departure_time": "1933",
        "district": "北區",
        "village": "賴村里",
        "location": "梅川東路三段118號",
        "type": "沿街",
        "collection_type": "recycling",
        "day_of_week": 2
      }
    },
    {
      "type": "Feature",
      "geometry": {
        "type": "Point",
        "coordinates": [
          120.67694253185793,
          24.16391682466876
        ]
      },
      "properties": {
        "routeId": "taichung-kee-6307-9730db-d2",
        "city": "taichung",
        "route_name": "KEE-6307",
        "car_seq": "KEE-6307",
        "arrival_time": "1934",
        "departure_time": "1934",
        "district": "北區",
        "village": "賴福里",
        "location": "梅川東路三段67號",
        "type": "沿街",
        "collection_type": "garbage",
        "day_of_week": 2
      }
    },
    {
      "type": "Feature",
      "geometry": {
        "type": "Point",
        "coordinates": [
          120.67694253185793,
          24.16391682466876
        ]
      },
      "properties": {
        "routeId": "taichung-kee-6307-9730db-d2",
        "city": "taichung",
        "route_name": "KEE-6307",
        "car_seq": "KEE-6307",
        "arrival_time": "1934",
        "departure_time": "1934",
        "district": "北區",
        "village": "賴福里",
        "location": "梅川東路三段67號",
        "type": "沿街",
        "collection_type": "recycling",
        "day_of_week": 2
      }
    },
    {
      "type": "Feature",
      "geometry": {
        "type": "Point",
        "coordinates": [
          120.67701240314058,
          24.164312572835186
        ]
      },
      "properties": {
        "routeId": "taichung-kee-6307-9730db-d2",
        "city": "taichung",
        "route_name": "KEE-6307",
        "car_seq": "KEE-6307",
        "arrival_time": "1935",
        "departure_time": "1935",
        "district": "北區",
        "village": "賴福里",
        "location": "梅川東路三段57號",
        "type": "沿街",
        "collection_type": "garbage",
        "day_of_week": 2
      }
    },
    {
      "type": "Feature",
      "geometry": {
        "type": "Point",
        "coordinates": [
          120.67701240314058,
          24.164312572835186
        ]
      },
      "properties": {
        "routeId": "taichung-kee-6307-9730db-d2",
        "city": "taichung",
        "route_name": "KEE-6307",
        "car_seq": "KEE-6307",
        "arrival_time": "1935",
        "departure_time": "1935",
        "district": "北區",
        "village": "賴福里",
        "location": "梅川東路三段57號",
        "type": "沿街",
        "collection_type": "recycling",
        "day_of_week": 2
      }
    },
    {
      "type": "Feature",
      "geometry": {
        "type": "Point",
        "coordinates": [
          120.67710188171849,
          24.164644489273854
        ]
      },
      "properties": {
        "routeId": "taichung-kee-6307-9730db-d2",
        "city": "taichung",
        "route_name": "KEE-6307",
        "car_seq": "KEE-6307",
        "arrival_time": "1936",
        "departure_time": "1938",
        "district": "北區",
        "village": "賴福里",
        "location": "梅川東路三段50號",
        "type": "沿街",
        "collection_type": "garbage",
        "day_of_week": 2
      }
    },
    {
      "type": "Feature",
      "geometry": {
        "type": "Point",
        "coordinates": [
          120.67710188171849,
          24.164644489273854
        ]
      },
      "properties": {
        "routeId": "taichung-kee-6307-9730db-d2",
        "city": "taichung",
        "route_name": "KEE-6307",
        "car_seq": "KEE-6307",
        "arrival_time": "1936",
        "departure_time": "1938",
        "district": "北區",
        "village": "賴福里",
        "location": "梅川東路三段50號",
        "type": "沿街",
        "collection_type": "recycling",
        "day_of_week": 2
      }
    },
    {
      "type": "Feature",
      "geometry": {
        "type": "Point",
        "coordinates": [
          120.67874496484907,
          24.167963241597533
        ]
      },
      "properties": {
        "routeId": "taichung-kee-6307-9730db-d2",
        "city": "taichung",
        "route_name": "KEE-6307",
        "car_seq": "KEE-6307",
        "arrival_time": "1941",
        "departure_time": "1942",
        "district": "北區",
        "village": "梅川里",
        "location": "梅川東路三段10號",
        "type": "沿街",
        "collection_type": "garbage",
        "day_of_week": 2
      }
    },
    {
      "type": "Feature",
      "geometry": {
        "type": "Point",
        "coordinates": [
          120.67874496484907,
          24.167963241597533
        ]
      },
      "properties": {
        "routeId": "taichung-kee-6307-9730db-d2",
        "city": "taichung",
        "route_name": "KEE-6307",
        "car_seq": "KEE-6307",
        "arrival_time": "1941",
        "departure_time": "1942",
        "district": "北區",
        "village": "梅川里",
        "location": "梅川東路三段10號",
        "type": "沿街",
        "collection_type": "recycling",
        "day_of_week": 2
      }
    },
    {
      "type": "Feature",
      "geometry": {
        "type": "Point",
        "coordinates": [
          120.67792283578582,
          24.16773053877411
        ]
      },
      "properties": {
        "routeId": "taichung-kee-6307-9730db-d2",
        "city": "taichung",
        "route_name": "KEE-6307",
        "car_seq": "KEE-6307",
        "arrival_time": "1945",
        "departure_time": "1947",
        "district": "北區",
        "village": "梅川里",
        "location": "文昌東二街219號",
        "type": "沿街",
        "collection_type": "garbage",
        "day_of_week": 2
      }
    },
    {
      "type": "Feature",
      "geometry": {
        "type": "Point",
        "coordinates": [
          120.67792283578582,
          24.16773053877411
        ]
      },
      "properties": {
        "routeId": "taichung-kee-6307-9730db-d2",
        "city": "taichung",
        "route_name": "KEE-6307",
        "car_seq": "KEE-6307",
        "arrival_time": "1945",
        "departure_time": "1947",
        "district": "北區",
        "village": "梅川里",
        "location": "文昌東二街219號",
        "type": "沿街",
        "collection_type": "recycling",
        "day_of_week": 2
      }
    },
    {
      "type": "Feature",
      "geometry": {
        "type": "Point",
        "coordinates": [
          120.6776098980359,
          24.168121396484903
        ]
      },
      "properties": {
        "routeId": "taichung-kee-6307-9730db-d2",
        "city": "taichung",
        "route_name": "KEE-6307",
        "car_seq": "KEE-6307",
        "arrival_time": "1948",
        "departure_time": "1949",
        "district": "北區",
        "village": "梅川里",
        "location": "文昌東二街181號",
        "type": "沿街",
        "collection_type": "garbage",
        "day_of_week": 2
      }
    },
    {
      "type": "Feature",
      "geometry": {
        "type": "Point",
        "coordinates": [
          120.6776098980359,
          24.168121396484903
        ]
      },
      "properties": {
        "routeId": "taichung-kee-6307-9730db-d2",
        "city": "taichung",
        "route_name": "KEE-6307",
        "car_seq": "KEE-6307",
        "arrival_time": "1948",
        "departure_time": "1949",
        "district": "北區",
        "village": "梅川里",
        "location": "文昌東二街181號",
        "type": "沿街",
        "collection_type": "recycling",
        "day_of_week": 2
      }
    },
    {
      "type": "Feature",
      "geometry": {
        "type": "Point",
        "coordinates": [
          120.67796032812409,
          24.169172052826145
        ]
      },
      "properties": {
        "routeId": "taichung-kee-6307-9730db-d2",
        "city": "taichung",
        "route_name": "KEE-6307",
        "car_seq": "KEE-6307",
        "arrival_time": "1950",
        "departure_time": "1952",
        "district": "北區",
        "village": "梅川里",
        "location": "文昌東二街151號",
        "type": "沿街",
        "collection_type": "garbage",
        "day_of_week": 2
      }
    },
    {
      "type": "Feature",
      "geometry": {
        "type": "Point",
        "coordinates": [
          120.67796032812409,
          24.169172052826145
        ]
      },
      "properties": {
        "routeId": "taichung-kee-6307-9730db-d2",
        "city": "taichung",
        "route_name": "KEE-6307",
        "car_seq": "KEE-6307",
        "arrival_time": "1950",
        "departure_time": "1952",
        "district": "北區",
        "village": "梅川里",
        "location": "文昌東二街151號",
        "type": "沿街",
        "collection_type": "recycling",
        "day_of_week": 2
      }
    },
    {
      "type": "Feature",
      "geometry": {
        "type": "Point",
        "coordinates": [
          120.67819636148357,
          24.170262918130437
        ]
      },
      "properties": {
        "routeId": "taichung-kee-6307-9730db-d2",
        "city": "taichung",
        "route_name": "KEE-6307",
        "car_seq": "KEE-6307",
        "arrival_time": "1953",
        "departure_time": "1953",
        "district": "北區",
        "village": "梅川里",
        "location": "文昌東二街123號",
        "type": "沿街",
        "collection_type": "garbage",
        "day_of_week": 2
      }
    },
    {
      "type": "Feature",
      "geometry": {
        "type": "Point",
        "coordinates": [
          120.67819636148357,
          24.170262918130437
        ]
      },
      "properties": {
        "routeId": "taichung-kee-6307-9730db-d2",
        "city": "taichung",
        "route_name": "KEE-6307",
        "car_seq": "KEE-6307",
        "arrival_time": "1953",
        "departure_time": "1953",
        "district": "北區",
        "village": "梅川里",
        "location": "文昌東二街123號",
        "type": "沿街",
        "collection_type": "recycling",
        "day_of_week": 2
      }
    },
    {
      "type": "Feature",
      "geometry": {
        "type": "Point",
        "coordinates": [
          120.67837122435888,
          24.17101507398571
        ]
      },
      "properties": {
        "routeId": "taichung-kee-6307-9730db-d2",
        "city": "taichung",
        "route_name": "KEE-6307",
        "car_seq": "KEE-6307",
        "arrival_time": "1954",
        "departure_time": "1954",
        "district": "北區",
        "village": "梅川里",
        "location": "文昌東二街95號",
        "type": "沿街",
        "collection_type": "garbage",
        "day_of_week": 2
      }
    },
    {
      "type": "Feature",
      "geometry": {
        "type": "Point",
        "coordinates": [
          120.67837122435888,
          24.17101507398571
        ]
      },
      "properties": {
        "routeId": "taichung-kee-6307-9730db-d2",
        "city": "taichung",
        "route_name": "KEE-6307",
        "car_seq": "KEE-6307",
        "arrival_time": "1954",
        "departure_time": "1954",
        "district": "北區",
        "village": "梅川里",
        "location": "文昌東二街95號",
        "type": "沿街",
        "collection_type": "recycling",
        "day_of_week": 2
      }
    },
    {
      "type": "Feature",
      "geometry": {
        "type": "Point",
        "coordinates": [
          120.67692804566302,
          24.172458785269605
        ]
      },
      "properties": {
        "routeId": "taichung-kee-6307-9730db-d2",
        "city": "taichung",
        "route_name": "KEE-6307",
        "car_seq": "KEE-6307",
        "arrival_time": "1955",
        "departure_time": "1957",
        "district": "北區",
        "village": "賴興里",
        "location": "文昌一街75號",
        "type": "沿街",
        "collection_type": "garbage",
        "day_of_week": 2
      }
    },
    {
      "type": "Feature",
      "geometry": {
        "type": "Point",
        "coordinates": [
          120.67692804566302,
          24.172458785269605
        ]
      },
      "properties": {
        "routeId": "taichung-kee-6307-9730db-d2",
        "city": "taichung",
        "route_name": "KEE-6307",
        "car_seq": "KEE-6307",
        "arrival_time": "1955",
        "departure_time": "1957",
        "district": "北區",
        "village": "賴興里",
        "location": "文昌一街75號",
        "type": "沿街",
        "collection_type": "recycling",
        "day_of_week": 2
      }
    },
    {
      "type": "Feature",
      "geometry": {
        "type": "Point",
        "coordinates": [
          120.675588218329,
          24.17251858631513
        ]
      },
      "properties": {
        "routeId": "taichung-kee-6307-9730db-d2",
        "city": "taichung",
        "route_name": "KEE-6307",
        "car_seq": "KEE-6307",
        "arrival_time": "1958",
        "departure_time": "1959",
        "district": "北區",
        "village": "賴興里",
        "location": "文昌一街37號",
        "type": "沿街",
        "collection_type": "garbage",
        "day_of_week": 2
      }
    },
    {
      "type": "Feature",
      "geometry": {
        "type": "Point",
        "coordinates": [
          120.675588218329,
          24.17251858631513
        ]
      },
      "properties": {
        "routeId": "taichung-kee-6307-9730db-d2",
        "city": "taichung",
        "route_name": "KEE-6307",
        "car_seq": "KEE-6307",
        "arrival_time": "1958",
        "departure_time": "1959",
        "district": "北區",
        "village": "賴興里",
        "location": "文昌一街37號",
        "type": "沿街",
        "collection_type": "recycling",
        "day_of_week": 2
      }
    },
    {
      "type": "Feature",
      "geometry": {
        "type": "Point",
        "coordinates": [
          120.67426814629422,
          24.172708773442242
        ]
      },
      "properties": {
        "routeId": "taichung-kee-6307-9730db-d2",
        "city": "taichung",
        "route_name": "KEE-6307",
        "car_seq": "KEE-6307",
        "arrival_time": "2000",
        "departure_time": "2020",
        "district": "北區",
        "village": "賴旺里",
        "location": "青島路一段15號",
        "type": "定點",
        "collection_type": "garbage",
        "day_of_week": 2
      }
    },
    {
      "type": "Feature",
      "geometry": {
        "type": "Point",
        "coordinates": [
          120.67426814629422,
          24.172708773442242
        ]
      },
      "properties": {
        "routeId": "taichung-kee-6307-9730db-d2",
        "city": "taichung",
        "route_name": "KEE-6307",
        "car_seq": "KEE-6307",
        "arrival_time": "2000",
        "departure_time": "2020",
        "district": "北區",
        "village": "賴旺里",
        "location": "青島路一段15號",
        "type": "定點",
        "collection_type": "recycling",
        "day_of_week": 2
      }
    }
  ]
}