{
  "type": "FeatureCollection",
  "features": [
    {
      "type": "Feature",
      "geometry": {
        "type": "Point",
        "coordinates": [
          120.660072,
          24.176259
        ]
      },
      "properties": {
        "routeId": "taichung-kel-0250-5093e9-d4",
        "city": "taichung",
        "route_name": "KEL-0250",
        "car_seq": "KEL-0250",
        "arrival_time": "1507",
        "departure_time": "1508",
        "district": "西屯區",
        "village": "大河里",
        "location": "中平路42號",
        "type": "沿街",
        "collection_type": "garbage",
        "day_of_week": 4
      }
    },
    {
      "type": "Feature",
      "geometry": {
        "type": "Point",
        "coordinates": [
          120.660072,
          24.176259
        ]
      },
      "properties": {
        "routeId": "taichung-kel-0250-5093e9-d4",
        "city": "taichung",
        "route_name": "KEL-0250",
        "car_seq": "KEL-0250",
        "arrival_time": "1507",
        "departure_time": "1508",
        "district": "西屯區",
        "village": "大河里",
        "location": "中平路42號",
        "type": "沿街",
        "collection_type": "recycling",
        "day_of_week": 4
      }
    },
    {
      "type": "Feature",
      "geometry": {
        "type": "Point",
        "coordinates": [
          120.664292,
          24.178315
        ]
      },
      "properties": {
        "routeId": "taichung-kel-0250-5093e9-d4",
        "city": "taichung",
        "route_name": "KEL-0250",
        "car_seq": "KEL-0250",
        "arrival_time": "1513",
        "departure_time": "1514",
        "district": "西屯區",
        "village": "大石里",
        "location": "大鵬路162號",
        "type": "沿街",
        "collection_type": "garbage",
        "day_of_week": 4
      }
    },
    {
      "type": "Feature",
      "geometry": {
        "type": "Point",
        "coordinates": [
          120.664292,
          24.178315
        ]
      },
      "properties": {
        "routeId": "taichung-kel-0250-5093e9-d4",
        "city": "taichung",
        "route_name": "KEL-0250",
        "car_seq": "KEL-0250",
        "arrival_time": "1513",
        "departure_time": "1514",
        "district": "西屯區",
        "village": "大石里",
        "location": "大鵬路162號",
        "type": "沿街",
        "collection_type": "recycling",
        "day_of_week": 4
      }
    },
    {
      "type": "Feature",
      "geometry": {
        "type": "Point",
        "coordinates": [
          120.663858,
          24.178329
        ]
      },
      "properties": {
        "routeId": "taichung-kel-0250-5093e9-d4",
        "city": "taichung",
        "route_name": "KEL-0250",
        "car_seq": "KEL-0250",
        "arrival_time": "1515",
        "departure_time": "1516",
        "district": "西屯區",
        "village": "大石里",
        "location": "大鵬路180號",
        "type": "沿街",
        "collection_type": "garbage",
        "day_of_week": 4
      }
    },
    {
      "type": "Feature",
      "geometry": {
        "type": "Point",
        "coordinates": [
          120.663858,
          24.178329
        ]
      },
      "properties": {
        "routeId": "taichung-kel-0250-5093e9-d4",
        "city": "taichung",
        "route_name": "KEL-0250",
        "car_seq": "KEL-0250",
        "arrival_time": "1515",
        "departure_time": "1516",
        "district": "西屯區",
        "village": "大石里",
        "location": "大鵬路180號",
        "type": "沿街",
        "collection_type": "recycling",
        "day_of_week": 4
      }
    },
    {
      "type": "Feature",
      "geometry": {
        "type": "Point",
        "coordinates": [
          120.666497,
          24.177993
        ]
      },
      "properties": {
        "routeId": "taichung-kel-0250-5093e9-d4",
        "city": "taichung",
        "route_name": "KEL-0250",
        "car_seq": "KEL-0250",
        "arrival_time": "1520",
        "departure_time": "1521",
        "district": "西屯區",
        "village": "大福里",
        "location": "大鵬路51號",
        "type": "沿街",
        "collection_type": "garbage",
        "day_of_week": 4
      }
    },
    {
      "type": "Feature",
      "geometry": {
        "type": "Point",
        "coordinates": [
          120.666497,
          24.177993
        ]
      },
      "properties": {
        "routeId": "taichung-kel-0250-5093e9-d4",
        "city": "taichung",
        "route_name": "KEL-0250",
        "car_seq": "KEL-0250",
        "arrival_time": "1520",
        "departure_time": "1521",
        "district": "西屯區",
        "village": "大福里",
        "location": "大鵬路51號",
        "type": "沿街",
        "collection_type": "recycling",
        "day_of_week": 4
      }
    },
    {
      "type": "Feature",
      "geometry": {
        "type": "Point",
        "coordinates": [
          120.667998,
          24.178063
        ]
      },
      "properties": {
        "routeId": "taichung-kel-0250-5093e9-d4",
        "city": "taichung",
        "route_name": "KEL-0250",
        "car_seq": "KEL-0250",
        "arrival_time": "1522",
        "departure_time": "1523",
        "district": "西屯區",
        "village": "大福里",
        "location": "大鵬路15號",
        "type": "沿街",
        "collection_type": "garbage",
        "day_of_week": 4
      }
    },
    {
      "type": "Feature",
      "geometry": {
        "type": "Point",
        "coordinates": [
          120.667998,
          24.178063
        ]
      },
      "properties": {
        "routeId": "taichung-kel-0250-5093e9-d4",
        "city": "taichung",
        "route_name": "KEL-0250",
        "car_seq": "KEL-0250",
        "arrival_time": "1522",
        "departure_time": "1523",
        "district": "西屯區",
        "village": "大福里",
        "location": "大鵬路15號",
        "type": "沿街",
        "collection_type": "recycling",
        "day_of_week": 4
      }
    },
    {
      "type": "Feature",
      "geometry": {
        "type": "Point",
        "coordinates": [
          120.665904,
          24.178301
        ]
      },
      "properties": {
        "routeId": "taichung-kel-0250-5093e9-d4",
        "city": "taichung",
        "route_name": "KEL-0250",
        "car_seq": "KEL-0250",
        "arrival_time": "1524",
        "departure_time": "1525",
        "district": "西屯區",
        "village": "大鵬里",
        "location": "大鵬路86號",
        "type": "沿街",
        "collection_type": "garbage",
        "day_of_week": 4
      }
    },
    {
      "type": "Feature",
      "geometry": {
        "type": "Point",
        "coordinates": [
          120.665904,
          24.178301
        ]
      },
      "properties": {
        "routeId": "taichung-kel-0250-5093e9-d4",
        "city": "taichung",
        "route_name": "KEL-0250",
        "car_seq": "KEL-0250",
        "arrival_time": "1524",
        "departure_time": "1525",
        "district": "西屯區",
        "village": "大鵬里",
        "location": "大鵬路86號",
        "type": "沿街",
        "collection_type": "recycling",
        "day_of_week": 4
      }
    },
    {
      "type": "Feature",
      "geometry": {
        "type": "Point",
        "coordinates": [
          120.665511,
          24.178307
        ]
      },
      "properties": {
        "routeId": "taichung-kel-0250-5093e9-d4",
        "city": "taichung",
        "route_name": "KEL-0250",
        "car_seq": "KEL-0250",
        "arrival_time": "1525",
        "departure_time": "1526",
        "district": "西屯區",
        "village": "大鵬里",
        "location": "大鵬路118號",
        "type": "沿街",
        "collection_type": "garbage",
        "day_of_week": 4
      }
    },
    {
      "type": "Feature",
      "geometry": {
        "type": "Point",
        "coordinates": [
          120.665511,
          24.178307
        ]
      },
      "properties": {
        "routeId": "taichung-kel-0250-5093e9-d4",
        "city": "taichung",
        "route_name": "KEL-0250",
        "car_seq": "KEL-0250",
        "arrival_time": "1525",
        "departure_time": "1526",
        "district": "西屯區",
        "village": "大鵬里",
        "location": "大鵬路118號",
        "type": "沿街",
        "collection_type": "recycling",
        "day_of_week": 4
      }
    },
    {
      "type": "Feature",
      "geometry": {
        "type": "Point",
        "coordinates": [
          120.665133,
          24.178303
        ]
      },
      "properties": {
        "routeId": "taichung-kel-0250-5093e9-d4",
        "city": "taichung",
        "route_name": "KEL-0250",
        "car_seq": "KEL-0250",
        "arrival_time": "1526",
        "departure_time": "1527",
        "district": "西屯區",
        "village": "大鵬里",
        "location": "大鵬路136號",
        "type": "沿街",
        "collection_type": "garbage",
        "day_of_week": 4
      }
    },
    {
      "type": "Feature",
      "geometry": {
        "type": "Point",
        "coordinates": [
          120.665133,
          24.178303
        ]
      },
      "properties": {
        "routeId": "taichung-kel-0250-5093e9-d4",
        "city": "taichung",
        "route_name": "KEL-0250",
        "car_seq": "KEL-0250",
        "arrival_time": "1526",
        "departure_time": "1527",
        "district": "西屯區",
        "village": "大鵬里",
        "location": "大鵬路136號",
        "type": "沿街",
        "collection_type": "recycling",
        "day_of_week": 4
      }
    },
    {
      "type": "Feature",
      "geometry": {
        "type": "Point",
        "coordinates": [
          120.664886,
          24.178291
        ]
      },
      "properties": {
        "routeId": "taichung-kel-0250-5093e9-d4",
        "city": "taichung",
        "route_name": "KEL-0250",
        "car_seq": "KEL-0250",
        "arrival_time": "1527",
        "departure_time": "1528",
        "district": "西屯區",
        "village": "大鵬里",
        "location": "大鵬路148號",
        "type": "沿街",
        "collection_type": "garbage",
        "day_of_week": 4
      }
    },
    {
      "type": "Feature",
      "geometry": {
        "type": "Point",
        "coordinates": [
          120.664886,
          24.178291
        ]
      },
      "properties": {
        "routeId": "taichung-kel-0250-5093e9-d4",
        "city": "taichung",
        "route_name": "KEL-0250",
        "car_seq": "KEL-0250",
        "arrival_time": "1527",
        "departure_time": "1528",
        "district": "西屯區",
        "village": "大鵬里",
        "location": "大鵬路148號",
        "type": "沿街",
        "collection_type": "recycling",
        "day_of_week": 4
      }
    },
    {
      "type": "Feature",
      "geometry": {
        "type": "Point",
        "coordinates": [
          120.663651,
          24.178246
        ]
      },
      "properties": {
        "routeId": "taichung-kel-0250-5093e9-d4",
        "city": "taichung",
        "route_name": "KEL-0250",
        "car_seq": "KEL-0250",
        "arrival_time": "1530",
        "departure_time": "1531",
        "district": "西屯區",
        "village": "大石里",
        "location": "大鵬路248巷62之2號",
        "type": "沿街",
        "collection_type": "garbage",
        "day_of_week": 4
      }
    },
    {
      "type": "Feature",
      "geometry": {
        "type": "Point",
        "coordinates": [
          120.663651,
          24.178246
        ]
      },
      "properties": {
        "routeId": "taichung-kel-0250-5093e9-d4",
        "city": "taichung",
        "route_name": "KEL-0250",
        "car_seq": "KEL-0250",
        "arrival_time": "1530",
        "departure_time": "1531",
        "district": "西屯區",
        "village": "大石里",
        "location": "大鵬路248巷62之2號",
        "type": "沿街",
        "collection_type": "recycling",
        "day_of_week": 4
      }
    },
    {
      "type": "Feature",
      "geometry": {
        "type": "Point",
        "coordinates": [
          120.664458,
          24.181277
        ]
      },
      "properties": {
        "routeId": "taichung-kel-0250-5093e9-d4",
        "city": "taichung",
        "route_name": "KEL-0250",
        "car_seq": "KEL-0250",
        "arrival_time": "1532",
        "departure_time": "1533",
        "district": "西屯區",
        "village": "大石里",
        "location": "中平路417號",
        "type": "沿街",
        "collection_type": "garbage",
        "day_of_week": 4
      }
    },
    {
      "type": "Feature",
      "geometry": {
        "type": "Point",
        "coordinates": [
          120.664458,
          24.181277
        ]
      },
      "properties": {
        "routeId": "taichung-kel-0250-5093e9-d4",
        "city": "taichung",
        "route_name": "KEL-0250",
        "car_seq": "KEL-0250",
        "arrival_time": "1532",
        "departure_time": "1533",
        "district": "西屯區",
        "village": "大石里",
        "location": "中平路417號",
        "type": "沿街",
        "collection_type": "recycling",
        "day_of_week": 4
      }
    },
    {
      "type": "Feature",
      "geometry": {
        "type": "Point",
        "coordinates": [
          120.664374,
          24.179185
        ]
      },
      "properties": {
        "routeId": "taichung-kel-0250-5093e9-d4",
        "city": "taichung",
        "route_name": "KEL-0250",
        "car_seq": "KEL-0250",
        "arrival_time": "1534",
        "departure_time": "1535",
        "district": "西屯區",
        "village": "大石里",
        "location": "中平路329號",
        "type": "沿街",
        "collection_type": "garbage",
        "day_of_week": 4
      }
    },
    {
      "type": "Feature",
      "geometry": {
        "type": "Point",
        "coordinates": [
          120.664374,
          24.179185
        ]
      },
      "properties": {
        "routeId": "taichung-kel-0250-5093e9-d4",
        "city": "taichung",
        "route_name": "KEL-0250",
        "car_seq": "KEL-0250",
        "arrival_time": "1534",
        "departure_time": "1535",
        "district": "西屯區",
        "village": "大石里",
        "location": "中平路329號",
        "type": "沿街",
        "collection_type": "recycling",
        "day_of_week": 4
      }
    },
    {
      "type": "Feature",
      "geometry": {
        "type": "Point",
        "coordinates": [
          120.664185,
          24.17592
        ]
      },
      "properties": {
        "routeId": "taichung-kel-0250-5093e9-d4",
        "city": "taichung",
        "route_name": "KEL-0250",
        "car_seq": "KEL-0250",
        "arrival_time": "1536",
        "departure_time": "1537",
        "district": "西屯區",
        "village": "大鵬里",
        "location": "中清西二街163號",
        "type": "沿街",
        "collection_type": "garbage",
        "day_of_week": 4
      }
    },
    {
      "type": "Feature",
      "geometry": {
        "type": "Point",
        "coordinates": [
          120.664185,
          24.17592
        ]
      },
      "properties": {
        "routeId": "taichung-kel-0250-5093e9-d4",
        "city": "taichung",
        "route_name": "KEL-0250",
        "car_seq": "KEL-0250",
        "arrival_time": "1536",
        "departure_time": "1537",
        "district": "西屯區",
        "village": "大鵬里",
        "location": "中清西二街163號",
        "type": "沿街",
        "collection_type": "recycling",
        "day_of_week": 4
      }
    },
    {
      "type": "Feature",
      "geometry": {
        "type": "Point",
        "coordinates": [
          120.664479,
          24.175834
        ]
      },
      "properties": {
        "routeId": "taichung-kel-0250-5093e9-d4",
        "city": "taichung",
        "route_name": "KEL-0250",
        "car_seq": "KEL-0250",
        "arrival_time": "1538",
        "departure_time": "1539",
        "district": "西屯區",
        "village": "大鵬里",
        "location": "中清西二街149號",
        "type": "沿街",
        "collection_type": "garbage",
        "day_of_week": 4
      }
    },
    {
      "type": "Feature",
      "geometry": {
        "type": "Point",
        "coordinates": [
          120.664479,
          24.175834
        ]
      },
      "properties": {
        "routeId": "taichung-kel-0250-5093e9-d4",
        "city": "taichung",
        "route_name": "KEL-0250",
        "car_seq": "KEL-0250",
        "arrival_time": "1538",
        "departure_time": "1539",
        "district": "西屯區",
        "village": "大鵬里",
        "location": "中清西二街149號",
        "type": "沿街",
        "collection_type": "recycling",
        "day_of_week": 4
      }
    },
    {
      "type": "Feature",
      "geometry": {
        "type": "Point",
        "coordinates": [
          120.664871,
          24.175698
        ]
      },
      "properties": {
        "routeId": "taichung-kel-0250-5093e9-d4",
        "city": "taichung",
        "route_name": "KEL-0250",
        "car_seq": "KEL-0250",
        "arrival_time": "1539",
        "departure_time": "1540",
        "district": "西屯區",
        "village": "大鵬里",
        "location": "中清西二街139之1號",
        "type": "沿街",
        "collection_type": "garbage",
        "day_of_week": 4
      }
    },
    {
      "type": "Feature",
      "geometry": {
        "type": "Point",
        "coordinates": [
          120.664871,
          24.175698
        ]
      },
      "properties": {
        "routeId": "taichung-kel-0250-5093e9-d4",
        "city": "taichung",
        "route_name": "KEL-0250",
        "car_seq": "KEL-0250",
        "arrival_time": "1539",
        "departure_time": "1540",
        "district": "西屯區",
        "village": "大鵬里",
        "location": "中清西二街139之1號",
        "type": "沿街",
        "collection_type": "recycling",
        "day_of_week": 4
      }
    },
    {
      "type": "Feature",
      "geometry": {
        "type": "Point",
        "coordinates": [
          120.666014,
          24.176093
        ]
      },
      "properties": {
        "routeId": "taichung-kel-0250-5093e9-d4",
        "city": "taichung",
        "route_name": "KEL-0250",
        "car_seq": "KEL-0250",
        "arrival_time": "1541",
        "departure_time": "1542",
        "district": "西屯區",
        "village": "大福里",
        "location": "中清西二街92巷18號",
        "type": "沿街",
        "collection_type": "garbage",
        "day_of_week": 4
      }
    },
    {
      "type": "Feature",
      "geometry": {
        "type": "Point",
        "coordinates": [
          120.666014,
          24.176093
        ]
      },
      "properties": {
        "routeId": "taichung-kel-0250-5093e9-d4",
        "city": "taichung",
        "route_name": "KEL-0250",
        "car_seq": "KEL-0250",
        "arrival_time": "1541",
        "departure_time": "1542",
        "district": "西屯區",
        "village": "大福里",
        "location": "中清西二街92巷18號",
        "type": "沿街",
        "collection_type": "recycling",
        "day_of_week": 4
      }
    },
    {
      "type": "Feature",
      "geometry": {
        "type": "Point",
        "coordinates": [
          120.666174,
          24.176354
        ]
      },
      "properties": {
        "routeId": "taichung-kel-0250-5093e9-d4",
        "city": "taichung",
        "route_name": "KEL-0250",
        "car_seq": "KEL-0250",
        "arrival_time": "1543",
        "departure_time": "1544",
        "district": "西屯區",
        "village": "大福里",
        "location": "長安路二段317巷25號",
        "type": "沿街",
        "collection_type": "garbage",
        "day_of_week": 4
      }
    },
    {
      "type": "Feature",
      "geometry": {
        "type": "Point",
        "coordinates": [
          120.666174,
          24.176354
        ]
      },
      "properties": {
        "routeId": "taichung-kel-0250-5093e9-d4",
        "city": "taichung",
        "route_name": "KEL-0250",
        "car_seq": "KEL-0250",
        "arrival_time": "1543",
        "departure_time": "1544",
        "district": "西屯區",
        "village": "大福里",
        "location": "長安路二段317巷25號",
        "type": "沿街",
        "collection_type": "recycling",
        "day_of_week": 4
      }
    },
    {
      "type": "Feature",
      "geometry": {
        "type": "Point",
        "coordinates": [
          120.666507,
          24.1763
        ]
      },
      "properties": {
        "routeId": "taichung-kel-0250-5093e9-d4",
        "city": "taichung",
        "route_name": "KEL-0250",
        "car_seq": "KEL-0250",
        "arrival_time": "1545",
        "departure_time": "1546",
        "district": "西屯區",
        "village": "大福里",
        "location": "長安路二段317巷9號",
        "type": "沿街",
        "collection_type": "garbage",
        "day_of_week": 4
      }
    },
    {
      "type": "Feature",
      "geometry": {
        "type": "Point",
        "coordinates": [
          120.666507,
          24.1763
        ]
      },
      "properties": {
        "routeId": "taichung-kel-0250-5093e9-d4",
        "city": "taichung",
        "route_name": "KEL-0250",
        "car_seq": "KEL-0250",
        "arrival_time": "1545",
        "departure_time": "1546",
        "district": "西屯區",
        "village": "大福里",
        "location": "長安路二段317巷9號",
        "type": "沿街",
        "collection_type": "recycling",
        "day_of_week": 4
      }
    },
    {
      "type": "Feature",
      "geometry": {
        "type": "Point",
        "coordinates": [
          120.666071,
          24.176841
        ]
      },
      "properties": {
        "routeId": "taichung-kel-0250-5093e9-d4",
        "city": "taichung",
        "route_name": "KEL-0250",
        "car_seq": "KEL-0250",
        "arrival_time": "1546",
        "departure_time": "1546",
        "district": "西屯區",
        "village": "大鵬里",
        "location": "中清西二街92巷48號",
        "type": "沿街",
        "collection_type": "garbage",
        "day_of_week": 4
      }
    },
    {
      "type": "Feature",
      "geometry": {
        "type": "Point",
        "coordinates": [
          120.666071,
          24.176841
        ]
      },
      "properties": {
        "routeId": "taichung-kel-0250-5093e9-d4",
        "city": "taichung",
        "route_name": "KEL-0250",
        "car_seq": "KEL-0250",
        "arrival_time": "1546",
        "departure_time": "1546",
        "district": "西屯區",
        "village": "大鵬里",
        "location": "中清西二街92巷48號",
        "type": "沿街",
        "collection_type": "recycling",
        "day_of_week": 4
      }
    },
    {
      "type": "Feature",
      "geometry": {
        "type": "Point",
        "coordinates": [
          120.666144,
          24.177349
        ]
      },
      "properties": {
        "routeId": "taichung-kel-0250-5093e9-d4",
        "city": "taichung",
        "route_name": "KEL-0250",
        "car_seq": "KEL-0250",
        "arrival_time": "1547",
        "departure_time": "1547",
        "district": "西屯區",
        "village": "大鵬里",
        "location": "中清路二段189巷150號",
        "type": "沿街",
        "collection_type": "garbage",
        "day_of_week": 4
      }
    },
    {
      "type": "Feature",
      "geometry": {
        "type": "Point",
        "coordinates": [
          120.666144,
          24.177349
        ]
      },
      "properties": {
        "routeId": "taichung-kel-0250-5093e9-d4",
        "city": "taichung",
        "route_name": "KEL-0250",
        "car_seq": "KEL-0250",
        "arrival_time": "1547",
        "departure_time": "1547",
        "district": "西屯區",
        "village": "大鵬里",
        "location": "中清路二段189巷150號",
        "type": "沿街",
        "collection_type": "recycling",
        "day_of_week": 4
      }
    },
    {
      "type": "Feature",
      "geometry": {
        "type": "Point",
        "coordinates": [
          120.665239,
          24.176368
        ]
      },
      "properties": {
        "routeId": "taichung-kel-0250-5093e9-d4",
        "city": "taichung",
        "route_name": "KEL-0250",
        "car_seq": "KEL-0250",
        "arrival_time": "1548",
        "departure_time": "1549",
        "district": "西屯區",
        "village": "大鵬里",
        "location": "三和一巷4號",
        "type": "沿街",
        "collection_type": "garbage",
        "day_of_week": 4
      }
    },
    {
      "type": "Feature",
      "geometry": {
        "type": "Point",
        "coordinates": [
          120.665239,
          24.176368
        ]
      },
      "properties": {
        "routeId": "taichung-kel-0250-5093e9-d4",
        "city": "taichung",
        "route_name": "KEL-0250",
        "car_seq": "KEL-0250",
        "arrival_time": "1548",
        "departure_time": "1549",
        "district": "西屯區",
        "village": "大鵬里",
        "location": "三和一巷4號",
        "type": "沿街",
        "collection_type": "recycling",
        "day_of_week": 4
      }
    },
    {
      "type": "Feature",
      "geometry": {
        "type": "Point",
        "coordinates": [
          120.665919,
          24.175322
        ]
      },
      "properties": {
        "routeId": "taichung-kel-0250-5093e9-d4",
        "city": "taichung",
        "route_name": "KEL-0250",
        "car_seq": "KEL-0250",
        "arrival_time": "1551",
        "departure_time": "1552",
        "district": "西屯區",
        "village": "大鵬里",
        "location": "中清西二街91號",
        "type": "沿街",
        "collection_type": "garbage",
        "day_of_week": 4
      }
    },
    {
      "type": "Feature",
      "geometry": {
        "type": "Point",
        "coordinates": [
          120.665919,
          24.175322
        ]
      },
      "properties": {
        "routeId": "taichung-kel-0250-5093e9-d4",
        "city": "taichung",
        "route_name": "KEL-0250",
        "car_seq": "KEL-0250",
        "arrival_time": "1551",
        "departure_time": "1552",
        "district": "西屯區",
        "village": "大鵬里",
        "location": "中清西二街91號",
        "type": "沿街",
        "collection_type": "recycling",
        "day_of_week": 4
      }
    },
    {
      "type": "Feature",
      "geometry": {
        "type": "Point",
        "coordinates": [
          120.66749,
          24.174741
        ]
      },
      "properties": {
        "routeId": "taichung-kel-0250-5093e9-d4",
        "city": "taichung",
        "route_name": "KEL-0250",
        "car_seq": "KEL-0250",
        "arrival_time": "1556",
        "departure_time": "1557",
        "district": "西屯區",
        "village": "何源里",
        "location": "中清西二街45號",
        "type": "沿街",
        "collection_type": "garbage",
        "day_of_week": 4
      }
    },
    {
      "type": "Feature",
      "geometry": {
        "type": "Point",
        "coordinates": [
          120.66749,
          24.174741
        ]
      },
      "properties": {
        "routeId": "taichung-kel-0250-5093e9-d4",
        "city": "taichung",
        "route_name": "KEL-0250",
        "car_seq": "KEL-0250",
        "arrival_time": "1556",
        "departure_time": "1557",
        "district": "西屯區",
        "village": "何源里",
        "location": "中清西二街45號",
        "type": "沿街",
        "collection_type": "recycling",
        "day_of_week": 4
      }
    },
    {
      "type": "Feature",
      "geometry": {
        "type": "Point",
        "coordinates": [
          120.668063,
          24.176054
        ]
      },
      "properties": {
        "routeId": "taichung-kel-0250-5093e9-d4",
        "city": "taichung",
        "route_name": "KEL-0250",
        "car_seq": "KEL-0250",
        "arrival_time": "1602",
        "departure_time": "1603",
        "district": "西屯區",
        "village": "大福里",
        "location": "華美西街二段493巷23號",
        "type": "沿街",
        "collection_type": "garbage",
        "day_of_week": 4
      }
    },
    {
      "type": "Feature",
      "geometry": {
        "type": "Point",
        "coordinates": [
          120.668063,
          24.176054
        ]
      },
      "properties": {
        "routeId": "taichung-kel-0250-5093e9-d4",
        "city": "taichung",
        "route_name": "KEL-0250",
        "car_seq": "KEL-0250",
        "arrival_time": "1602",
        "departure_time": "1603",
        "district": "西屯區",
        "village": "大福里",
        "location": "華美西街二段493巷23號",
        "type": "沿街",
        "collection_type": "recycling",
        "day_of_week": 4
      }
    },
    {
      "type": "Feature",
      "geometry": {
        "type": "Point",
        "coordinates": [
          120.667922,
          24.174558
        ]
      },
      "properties": {
        "routeId": "taichung-kel-0250-5093e9-d4",
        "city": "taichung",
        "route_name": "KEL-0250",
        "car_seq": "KEL-0250",
        "arrival_time": "1603",
        "departure_time": "1603",
        "district": "西屯區",
        "village": "何源里",
        "location": "華美西街二段451號",
        "type": "沿街",
        "collection_type": "garbage",
        "day_of_week": 4
      }
    },
    {
      "type": "Feature",
      "geometry": {
        "type": "Point",
        "coordinates": [
          120.667922,
          24.174558
        ]
      },
      "properties": {
        "routeId": "taichung-kel-0250-5093e9-d4",
        "city": "taichung",
        "route_name": "KEL-0250",
        "car_seq": "KEL-0250",
        "arrival_time": "1603",
        "departure_time": "1603",
        "district": "西屯區",
        "village": "何源里",
        "location": "華美西街二段451號",
        "type": "沿街",
        "collection_type": "recycling",
        "day_of_week": 4
      }
    },
    {
      "type": "Feature",
      "geometry": {
        "type": "Point",
        "coordinates": [
          120.667565,
          24.174212
        ]
      },
      "properties": {
        "routeId": "taichung-kel-0250-5093e9-d4",
        "city": "taichung",
        "route_name": "KEL-0250",
        "car_seq": "KEL-0250",
        "arrival_time": "1606",
        "departure_time": "1607",
        "district": "西屯區",
        "village": "何源里",
        "location": "華美西街二段435號",
        "type": "沿街",
        "collection_type": "garbage",
        "day_of_week": 4
      }
    },
    {
      "type": "Feature",
      "geometry": {
        "type": "Point",
        "coordinates": [
          120.667565,
          24.174212
        ]
      },
      "properties": {
        "routeId": "taichung-kel-0250-5093e9-d4",
        "city": "taichung",
        "route_name": "KEL-0250",
        "car_seq": "KEL-0250",
        "arrival_time": "1606",
        "departure_time": "1607",
        "district": "西屯區",
        "village": "何源里",
        "location": "華美西街二段435號",
        "type": "沿街",
        "collection_type": "recycling",
        "day_of_week": 4
      }
    },
    {
      "type": "Feature",
      "geometry": {
        "type": "Point",
        "coordinates": [
          120.6674,
          24.173942
        ]
      },
      "properties": {
        "routeId": "taichung-kel-0250-5093e9-d4",
        "city": "taichung",
        "route_name": "KEL-0250",
        "car_seq": "KEL-0250",
        "arrival_time": "1607",
        "departure_time": "1608",
        "district": "西屯區",
        "village": "何源里",
        "location": "華美西街二段419號",
        "type": "沿街",
        "collection_type": "garbage",
        "day_of_week": 4
      }
    },
    {
      "type": "Feature",
      "geometry": {
        "type": "Point",
        "coordinates": [
          120.6674,
          24.173942
        ]
      },
      "properties": {
        "routeId": "taichung-kel-0250-5093e9-d4",
        "city": "taichung",
        "route_name": "KEL-0250",
        "car_seq": "KEL-0250",
        "arrival_time": "1607",
        "departure_time": "1608",
        "district": "西屯區",
        "village": "何源里",
        "location": "華美西街二段419號",
        "type": "沿街",
        "collection_type": "recycling",
        "day_of_week": 4
      }
    },
    {
      "type": "Feature",
      "geometry": {
        "type": "Point",
        "coordinates": [
          120.664326,
          24.174123
        ]
      },
      "properties": {
        "routeId": "taichung-kel-0250-5093e9-d4",
        "city": "taichung",
        "route_name": "KEL-0250",
        "car_seq": "KEL-0250",
        "arrival_time": "1611",
        "departure_time": "1611",
        "district": "西屯區",
        "village": "大鵬里",
        "location": "長安路二段131巷11號",
        "type": "沿街",
        "collection_type": "garbage",
        "day_of_week": 4
      }
    },
    {
      "type": "Feature",
      "geometry": {
        "type": "Point",
        "coordinates": [
          120.664326,
          24.174123
        ]
      },
      "properties": {
        "routeId": "taichung-kel-0250-5093e9-d4",
        "city": "taichung",
        "route_name": "KEL-0250",
        "car_seq": "KEL-0250",
        "arrival_time": "1611",
        "departure_time": "1611",
        "district": "西屯區",
        "village": "大鵬里",
        "location": "長安路二段131巷11號",
        "type": "沿街",
        "collection_type": "recycling",
        "day_of_week": 4
      }
    },
    {
      "type": "Feature",
      "geometry": {
        "type": "Point",
        "coordinates": [
          120.664642,
          24.174278
        ]
      },
      "properties": {
        "routeId": "taichung-kel-0250-5093e9-d4",
        "city": "taichung",
        "route_name": "KEL-0250",
        "car_seq": "KEL-0250",
        "arrival_time": "1611",
        "departure_time": "1612",
        "district": "西屯區",
        "village": "大鵬里",
        "location": "長安路二段131巷32號",
        "type": "沿街",
        "collection_type": "garbage",
        "day_of_week": 4
      }
    },
    {
      "type": "Feature",
      "geometry": {
        "type": "Point",
        "coordinates": [
          120.664642,
          24.174278
        ]
      },
      "properties": {
        "routeId": "taichung-kel-0250-5093e9-d4",
        "city": "taichung",
        "route_name": "KEL-0250",
        "car_seq": "KEL-0250",
        "arrival_time": "1611",
        "departure_time": "1612",
        "district": "西屯區",
        "village": "大鵬里",
        "location": "長安路二段131巷32號",
        "type": "沿街",
        "collection_type": "recycling",
        "day_of_week": 4
      }
    },
    {
      "type": "Feature",
      "geometry": {
        "type": "Point",
        "coordinates": [
          120.664526,
          24.17478
        ]
      },
      "properties": {
        "routeId": "taichung-kel-0250-5093e9-d4",
        "city": "taichung",
        "route_name": "KEL-0250",
        "car_seq": "KEL-0250",
        "arrival_time": "1613",
        "departure_time": "1614",
        "district": "西屯區",
        "village": "大鵬里",
        "location": "長安路二段131巷37號",
        "type": "沿街",
        "collection_type": "garbage",
        "day_of_week": 4
      }
    },
    {
      "type": "Feature",
      "geometry": {
        "type": "Point",
        "coordinates": [
          120.664526,
          24.17478
        ]
      },
      "properties": {
        "routeId": "taichung-kel-0250-5093e9-d4",
        "city": "taichung",
        "route_name": "KEL-0250",
        "car_seq": "KEL-0250",
        "arrival_time": "1613",
        "departure_time": "1614",
        "district": "西屯區",
        "village": "大鵬里",
        "location": "長安路二段131巷37號",
        "type": "沿街",
        "collection_type": "recycling",
        "day_of_week": 4
      }
    },
    {
      "type": "Feature",
      "geometry": {
        "type": "Point",
        "coordinates": [
          120.664582,
          24.1753
        ]
      },
      "properties": {
        "routeId": "taichung-kel-0250-5093e9-d4",
        "city": "taichung",
        "route_name": "KEL-0250",
        "car_seq": "KEL-0250",
        "arrival_time": "1615",
        "departure_time": "1616",
        "district": "西屯區",
        "village": "大鵬里",
        "location": "長安路二段71巷72弄46號",
        "type": "沿街",
        "collection_type": "garbage",
        "day_of_week": 4
      }
    },
    {
      "type": "Feature",
      "geometry": {
        "type": "Point",
        "coordinates": [
          120.664582,
          24.1753
        ]
      },
      "properties": {
        "routeId": "taichung-kel-0250-5093e9-d4",
        "city": "taichung",
        "route_name": "KEL-0250",
        "car_seq": "KEL-0250",
        "arrival_time": "1615",
        "departure_time": "1616",
        "district": "西屯區",
        "village": "大鵬里",
        "location": "長安路二段71巷72弄46號",
        "type": "沿街",
        "collection_type": "recycling",
        "day_of_week": 4
      }
    },
    {
      "type": "Feature",
      "geometry": {
        "type": "Point",
        "coordinates": [
          120.667084,
          24.174558
        ]
      },
      "properties": {
        "routeId": "taichung-kel-0250-5093e9-d4",
        "city": "taichung",
        "route_name": "KEL-0250",
        "car_seq": "KEL-0250",
        "arrival_time": "1617",
        "departure_time": "1618",
        "district": "西屯區",
        "village": "大福里",
        "location": "中清西二街45巷16號",
        "type": "沿街",
        "collection_type": "garbage",
        "day_of_week": 4
      }
    },
    {
      "type": "Feature",
      "geometry": {
        "type": "Point",
        "coordinates": [
          120.667084,
          24.174558
        ]
      },
      "properties": {
        "routeId": "taichung-kel-0250-5093e9-d4",
        "city": "taichung",
        "route_name": "KEL-0250",
        "car_seq": "KEL-0250",
        "arrival_time": "1617",
        "departure_time": "1618",
        "district": "西屯區",
        "village": "大福里",
        "location": "中清西二街45巷16號",
        "type": "沿街",
        "collection_type": "recycling",
        "day_of_week": 4
      }
    },
    {
      "type": "Feature",
      "geometry": {
        "type": "Point",
        "coordinates": [
          120.667064,
          24.174104
        ]
      },
      "properties": {
        "routeId": "taichung-kel-0250-5093e9-d4",
        "city": "taichung",
        "route_name": "KEL-0250",
        "car_seq": "KEL-0250",
        "arrival_time": "1618",
        "departure_time": "1618",
        "district": "西屯區",
        "village": "大福里",
        "location": "中清西二街45巷25號",
        "type": "沿街",
        "collection_type": "garbage",
        "day_of_week": 4
      }
    },
    {
      "type": "Feature",
      "geometry": {
        "type": "Point",
        "coordinates": [
          120.667064,
          24.174104
        ]
      },
      "properties": {
        "routeId": "taichung-kel-0250-5093e9-d4",
        "city": "taichung",
        "route_name": "KEL-0250",
        "car_seq": "KEL-0250",
        "arrival_time": "1618",
        "departure_time": "1618",
        "district": "西屯區",
        "village": "大福里",
        "location": "中清西二街45巷25號",
        "type": "沿街",
        "collection_type": "recycling",
        "day_of_week": 4
      }
    },
    {
      "type": "Feature",
      "geometry": {
        "type": "Point",
        "coordinates": [
          120.666901,
          24.173938
        ]
      },
      "properties": {
        "routeId": "taichung-kel-0250-5093e9-d4",
        "city": "taichung",
        "route_name": "KEL-0250",
        "car_seq": "KEL-0250",
        "arrival_time": "1618",
        "departure_time": "1619",
        "district": "西屯區",
        "village": "大福里",
        "location": "中清西二街45巷31號",
        "type": "沿街",
        "collection_type": "garbage",
        "day_of_week": 4
      }
    },
    {
      "type": "Feature",
      "geometry": {
        "type": "Point",
        "coordinates": [
          120.666901,
          24.173938
        ]
      },
      "properties": {
        "routeId": "taichung-kel-0250-5093e9-d4",
        "city": "taichung",
        "route_name": "KEL-0250",
        "car_seq": "KEL-0250",
        "arrival_time": "1618",
        "departure_time": "1619",
        "district": "西屯區",
        "village": "大福里",
        "location": "中清西二街45巷31號",
        "type": "沿街",
        "collection_type": "recycling",
        "day_of_week": 4
      }
    },
    {
      "type": "Feature",
      "geometry": {
        "type": "Point",
        "coordinates": [
          120.666172,
          24.173466
        ]
      },
      "properties": {
        "routeId": "taichung-kel-0250-5093e9-d4",
        "city": "taichung",
        "route_name": "KEL-0250",
        "car_seq": "KEL-0250",
        "arrival_time": "1619",
        "departure_time": "1620",
        "district": "西屯區",
        "village": "大福里",
        "location": "長安路二段70巷60號",
        "type": "沿街",
        "collection_type": "garbage",
        "day_of_week": 4
      }
    },
    {
      "type": "Feature",
      "geometry": {
        "type": "Point",
        "coordinates": [
          120.666172,
          24.173466
        ]
      },
      "properties": {
        "routeId": "taichung-kel-0250-5093e9-d4",
        "city": "taichung",
        "route_name": "KEL-0250",
        "car_seq": "KEL-0250",
        "arrival_time": "1619",
        "departure_time": "1620",
        "district": "西屯區",
        "village": "大福里",
        "location": "長安路二段70巷60號",
        "type": "沿街",
        "collection_type": "recycling",
        "day_of_week": 4
      }
    },
    {
      "type": "Feature",
      "geometry": {
        "type": "Point",
        "coordinates": [
          120.664629,
          24.173248
        ]
      },
      "properties": {
        "routeId": "taichung-kel-0250-5093e9-d4",
        "city": "taichung",
        "route_name": "KEL-0250",
        "car_seq": "KEL-0250",
        "arrival_time": "1622",
        "departure_time": "1623",
        "district": "西屯區",
        "village": "大鵬里",
        "location": "長安路二段70巷4號",
        "type": "沿街",
        "collection_type": "garbage",
        "day_of_week": 4
      }
    },
    {
      "type": "Feature",
      "geometry": {
        "type": "Point",
        "coordinates": [
          120.664629,
          24.173248
        ]
      },
      "properties": {
        "routeId": "taichung-kel-0250-5093e9-d4",
        "city": "taichung",
        "route_name": "KEL-0250",
        "car_seq": "KEL-0250",
        "arrival_time": "1622",
        "departure_time": "1623",
        "district": "西屯區",
        "village": "大鵬里",
        "location": "長安路二段70巷4號",
        "type": "沿街",
        "collection_type": "recycling",
        "day_of_week": 4
      }
    },
    {
      "type": "Feature",
      "geometry": {
        "type": "Point",
        "coordinates": [
          120.66557,
          24.173603
        ]
      },
      "properties": {
        "routeId": "taichung-kel-0250-5093e9-d4",
        "city": "taichung",
        "route_name": "KEL-0250",
        "car_seq": "KEL-0250",
        "arrival_time": "1623",
        "departure_time": "1624",
        "district": "西屯區",
        "village": "大鵬里",
        "location": "長安路二段70巷37號",
        "type": "沿街",
        "collection_type": "garbage",
        "day_of_week": 4
      }
    },
    {
      "type": "Feature",
      "geometry": {
        "type": "Point",
        "coordinates": [
          120.66557,
          24.173603
        ]
      },
      "properties": {
        "routeId": "taichung-kel-0250-5093e9-d4",
        "city": "taichung",
        "route_name": "KEL-0250",
        "car_seq": "KEL-0250",
        "arrival_time": "1623",
        "departure_time": "1624",
        "district": "西屯區",
        "village": "大鵬里",
        "location": "長安路二段70巷37號",
        "type": "沿街",
        "collection_type": "recycling",
        "day_of_week": 4
      }
    },
    {
      "type": "Feature",
      "geometry": {
        "type": "Point",
        "coordinates": [
          120.665047,
          24.173393
        ]
      },
      "properties": {
        "routeId": "taichung-kel-0250-5093e9-d4",
        "city": "taichung",
        "route_name": "KEL-0250",
        "car_seq": "KEL-0250",
        "arrival_time": "1624",
        "departure_time": "1625",
        "district": "西屯區",
        "village": "大鵬里",
        "location": "長安路二段70巷11號",
        "type": "沿街",
        "collection_type": "garbage",
        "day_of_week": 4
      }
    },
    {
      "type": "Feature",
      "geometry": {
        "type": "Point",
        "coordinates": [
          120.665047,
          24.173393
        ]
      },
      "properties": {
        "routeId": "taichung-kel-0250-5093e9-d4",
        "city": "taichung",
        "route_name": "KEL-0250",
        "car_seq": "KEL-0250",
        "arrival_time": "1624",
        "departure_time": "1625",
        "district": "西屯區",
        "village": "大鵬里",
        "location": "長安路二段70巷11號",
        "type": "沿街",
        "collection_type": "recycling",
        "day_of_week": 4
      }
    },
    {
      "type": "Feature",
      "geometry": {
        "type": "Point",
        "coordinates": [
          120.658902,
          24.173197
        ]
      },
      "properties": {
        "routeId": "taichung-kel-0250-5093e9-d4",
        "city": "taichung",
        "route_name": "KEL-0250",
        "car_seq": "KEL-0250",
        "arrival_time": "1632",
        "departure_time": "1633",
        "district": "西屯區",
        "village": "大河里",
        "location": "大河街50號",
        "type": "沿街",
        "collection_type": "garbage",
        "day_of_week": 4
      }
    },
    {
      "type": "Feature",
      "geometry": {
        "type": "Point",
        "coordinates": [
          120.658902,
          24.173197
        ]
      },
      "properties": {
        "routeId": "taichung-kel-0250-5093e9-d4",
        "city": "taichung",
        "route_name": "KEL-0250",
        "car_seq": "KEL-0250",
        "arrival_time": "1632",
        "departure_time": "1633",
        "district": "西屯區",
        "village": "大河里",
        "location": "大河街50號",
        "type": "沿街",
        "collection_type": "recycling",
        "day_of_week": 4
      }
    },
    {
      "type": "Feature",
      "geometry": {
        "type": "Point",
        "coordinates": [
          120.658927,
          24.173669
        ]
      },
      "properties": {
        "routeId": "taichung-kel-0250-5093e9-d4",
        "city": "taichung",
        "route_name": "KEL-0250",
        "car_seq": "KEL-0250",
        "arrival_time": "1633",
        "departure_time": "1633",
        "district": "西屯區",
        "village": "大河里",
        "location": "大河街62號",
        "type": "沿街",
        "collection_type": "garbage",
        "day_of_week": 4
      }
    },
    {
      "type": "Feature",
      "geometry": {
        "type": "Point",
        "coordinates": [
          120.658927,
          24.173669
        ]
      },
      "properties": {
        "routeId": "taichung-kel-0250-5093e9-d4",
        "city": "taichung",
        "route_name": "KEL-0250",
        "car_seq": "KEL-0250",
        "arrival_time": "1633",
        "departure_time": "1633",
        "district": "西屯區",
        "village": "大河里",
        "location": "大河街62號",
        "type": "沿街",
        "collection_type": "recycling",
        "day_of_week": 4
      }
    },
    {
      "type": "Feature",
      "geometry": {
        "type": "Point",
        "coordinates": [
          120.659098,
          24.174849
        ]
      },
      "properties": {
        "routeId": "taichung-kel-0250-5093e9-d4",
        "city": "taichung",
        "route_name": "KEL-0250",
        "car_seq": "KEL-0250",
        "arrival_time": "1634",
        "departure_time": "1635",
        "district": "西屯區",
        "village": "大河里",
        "location": "大河街90號",
        "type": "沿街",
        "collection_type": "garbage",
        "day_of_week": 4
      }
    },
    {
      "type": "Feature",
      "geometry": {
        "type": "Point",
        "coordinates": [
          120.659098,
          24.174849
        ]
      },
      "properties": {
        "routeId": "taichung-kel-0250-5093e9-d4",
        "city": "taichung",
        "route_name": "KEL-0250",
        "car_seq": "KEL-0250",
        "arrival_time": "1634",
        "departure_time": "1635",
        "district": "西屯區",
        "village": "大河里",
        "location": "大河街90號",
        "type": "沿街",
        "collection_type": "recycling",
        "day_of_week": 4
      }
    },
    {
      "type": "Feature",
      "geometry": {
        "type": "Point",
        "coordinates": [
          120.658546,
          24.175827
        ]
      },
      "properties": {
        "routeId": "taichung-kel-0250-5093e9-d4",
        "city": "taichung",
        "route_name": "KEL-0250",
        "car_seq": "KEL-0250",
        "arrival_time": "1637",
        "departure_time": "1638",
        "district": "西屯區",
        "village": "大河里",
        "location": "福上巷88號",
        "type": "沿街",
        "collection_type": "garbage",
        "day_of_week": 4
      }
    },
    {
      "type": "Feature",
      "geometry": {
        "type": "Point",
        "coordinates": [
          120.658546,
          24.175827
        ]
      },
      "properties": {
        "routeId": "taichung-kel-0250-5093e9-d4",
        "city": "taichung",
        "route_name": "KEL-0250",
        "car_seq": "KEL-0250",
        "arrival_time": "1637",
        "departure_time": "1638",
        "district": "西屯區",
        "village": "大河里",
        "location": "福上巷88號",
        "type": "沿街",
        "collection_type": "recycling",
        "day_of_week": 4
      }
    },
    {
      "type": "Feature",
      "geometry": {
        "type": "Point",
        "coordinates": [
          120.658418,
          24.17584
        ]
      },
      "properties": {
        "routeId": "taichung-kel-0250-5093e9-d4",
        "city": "taichung",
        "route_name": "KEL-0250",
        "car_seq": "KEL-0250",
        "arrival_time": "1638",
        "departure_time": "1639",
        "district": "西屯區",
        "village": "大河里",
        "location": "福上巷96號",
        "type": "沿街",
        "collection_type": "garbage",
        "day_of_week": 4
      }
    },
    {
      "type": "Feature",
      "geometry": {
        "type": "Point",
        "coordinates": [
          120.658418,
          24.17584
        ]
      },
      "properties": {
        "routeId": "taichung-kel-0250-5093e9-d4",
        "city": "taichung",
        "route_name": "KEL-0250",
        "car_seq": "KEL-0250",
        "arrival_time": "1638",
        "departure_time": "1639",
        "district": "西屯區",
        "village": "大河里",
        "location": "福上巷96號",
        "type": "沿街",
        "collection_type": "recycling",
        "day_of_week": 4
      }
    },
    {
      "type": "Feature",
      "geometry": {
        "type": "Point",
        "coordinates": [
          120.657186,
          24.175854
        ]
      },
      "properties": {
        "routeId": "taichung-kel-0250-5093e9-d4",
        "city": "taichung",
        "route_name": "KEL-0250",
        "car_seq": "KEL-0250",
        "arrival_time": "1639",
        "departure_time": "1640",
        "district": "西屯區",
        "village": "大河里",
        "location": "福上巷120號",
        "type": "沿街",
        "collection_type": "garbage",
        "day_of_week": 4
      }
    },
    {
      "type": "Feature",
      "geometry": {
        "type": "Point",
        "coordinates": [
          120.657186,
          24.175854
        ]
      },
      "properties": {
        "routeId": "taichung-kel-0250-5093e9-d4",
        "city": "taichung",
        "route_name": "KEL-0250",
        "car_seq": "KEL-0250",
        "arrival_time": "1639",
        "departure_time": "1640",
        "district": "西屯區",
        "village": "大河里",
        "location": "福上巷120號",
        "type": "沿街",
        "collection_type": "recycling",
        "day_of_week": 4
      }
    },
    {
      "type": "Feature",
      "geometry": {
        "type": "Point",
        "coordinates": [
          120.656229,
          24.175139
        ]
      },
      "properties": {
        "routeId": "taichung-kel-0250-5093e9-d4",
        "city": "taichung",
        "route_name": "KEL-0250",
        "car_seq": "KEL-0250",
        "arrival_time": "1641",
        "departure_time": "1642",
        "district": "西屯區",
        "village": "大河里",
        "location": "福上巷195號",
        "type": "沿街",
        "collection_type": "garbage",
        "day_of_week": 4
      }
    },
    {
      "type": "Feature",
      "geometry": {
        "type": "Point",
        "coordinates": [
          120.656229,
          24.175139
        ]
      },
      "properties": {
        "routeId": "taichung-kel-0250-5093e9-d4",
        "city": "taichung",
        "route_name": "KEL-0250",
        "car_seq": "KEL-0250",
        "arrival_time": "1641",
        "departure_time": "1642",
        "district": "西屯區",
        "village": "大河里",
        "location": "福上巷195號",
        "type": "沿街",
        "collection_type": "recycling",
        "day_of_week": 4
      }
    },
    {
      "type": "Feature",
      "geometry": {
        "type": "Point",
        "coordinates": [
          120.656177,
          24.173859
        ]
      },
      "properties": {
        "routeId": "taichung-kel-0250-5093e9-d4",
        "city": "taichung",
        "route_name": "KEL-0250",
        "car_seq": "KEL-0250",
        "arrival_time": "1645",
        "departure_time": "1646",
        "district": "西屯區",
        "village": "大河里",
        "location": "甘河路30號",
        "type": "沿街",
        "collection_type": "garbage",
        "day_of_week": 4
      }
    },
    {
      "type": "Feature",
      "geometry": {
        "type": "Point",
        "coordinates": [
          120.656177,
          24.173859
        ]
      },
      "properties": {
        "routeId": "taichung-kel-0250-5093e9-d4",
        "city": "taichung",
        "route_name": "KEL-0250",
        "car_seq": "KEL-0250",
        "arrival_time": "1645",
        "departure_time": "1646",
        "district": "西屯區",
        "village": "大河里",
        "location": "甘河路30號",
        "type": "沿街",
        "collection_type": "recycling",
        "day_of_week": 4
      }
    },
    {
      "type": "Feature",
      "geometry": {
        "type": "Point",
        "coordinates": [
          120.656662,
          24.173202
        ]
      },
      "properties": {
        "routeId": "taichung-kel-0250-5093e9-d4",
        "city": "taichung",
        "route_name": "KEL-0250",
        "car_seq": "KEL-0250",
        "arrival_time": "1646",
        "departure_time": "1647",
        "district": "西屯區",
        "village": "大河里",
        "location": "甘河路30巷25號",
        "type": "沿街",
        "collection_type": "garbage",
        "day_of_week": 4
      }
    },
    {
      "type": "Feature",
      "geometry": {
        "type": "Point",
        "coordinates": [
          120.656662,
          24.173202
        ]
      },
      "properties": {
        "routeId": "taichung-kel-0250-5093e9-d4",
        "city": "taichung",
        "route_name": "KEL-0250",
        "car_seq": "KEL-0250",
        "arrival_time": "1646",
        "departure_time": "1647",
        "district": "西屯區",
        "village": "大河里",
        "location": "甘河路30巷25號",
        "type": "沿街",
        "collection_type": "recycling",
        "day_of_week": 4
      }
    },
    {
      "type": "Feature",
      "geometry": {
        "type": "Point",
        "coordinates": [
          120.656054,
          24.172684
        ]
      },
      "properties": {
        "routeId": "taichung-kel-0250-5093e9-d4",
        "city": "taichung",
        "route_name": "KEL-0250",
        "car_seq": "KEL-0250",
        "arrival_time": "1647",
        "departure_time": "1648",
        "district": "西屯區",
        "village": "大河里",
        "location": "永輝路75巷49號",
        "type": "沿街",
        "collection_type": "garbage",
        "day_of_week": 4
      }
    },
    {
      "type": "Feature",
      "geometry": {
        "type": "Point",
        "coordinates": [
          120.656054,
          24.172684
        ]
      },
      "properties": {
        "routeId": "taichung-kel-0250-5093e9-d4",
        "city": "taichung",
        "route_name": "KEL-0250",
        "car_seq": "KEL-0250",
        "arrival_time": "1647",
        "departure_time": "1648",
        "district": "西屯區",
        "village": "大河里",
        "location": "永輝路75巷49號",
        "type": "沿街",
        "collection_type": "recycling",
        "day_of_week": 4
      }
    },
    {
      "type": "Feature",
      "geometry": {
        "type": "Point",
        "coordinates": [
          120.656933,
          24.17338
        ]
      },
      "properties": {
        "routeId": "taichung-kel-0250-5093e9-d4",
        "city": "taichung",
        "route_name": "KEL-0250",
        "car_seq": "KEL-0250",
        "arrival_time": "1649",
        "departure_time": "1650",
        "district": "西屯區",
        "village": "大河里",
        "location": "永輝路89巷13號",
        "type": "沿街",
        "collection_type": "garbage",
        "day_of_week": 4
      }
    },
    {
      "type": "Feature",
      "geometry": {
        "type": "Point",
        "coordinates": [
          120.656933,
          24.17338
        ]
      },
      "properties": {
        "routeId": "taichung-kel-0250-5093e9-d4",
        "city": "taichung",
        "route_name": "KEL-0250",
        "car_seq": "KEL-0250",
        "arrival_time": "1649",
        "departure_time": "1650",
        "district": "西屯區",
        "village": "大河里",
        "location": "永輝路89巷13號",
        "type": "沿街",
        "collection_type": "recycling",
        "day_of_week": 4
      }
    },
    {
      "type": "Feature",
      "geometry": {
        "type": "Point",
        "coordinates": [
          120.657508,
          24.173887
        ]
      },
      "properties": {
        "routeId": "taichung-kel-0250-5093e9-d4",
        "city": "taichung",
        "route_name": "KEL-0250",
        "car_seq": "KEL-0250",
        "arrival_time": "1652",
        "departure_time": "1653",
        "district": "西屯區",
        "village": "大河里",
        "location": "永輝路98號",
        "type": "沿街",
        "collection_type": "garbage",
        "day_of_week": 4
      }
    },
    {
      "type": "Feature",
      "geometry": {
        "type": "Point",
        "coordinates": [
          120.657508,
          24.173887
        ]
      },
      "properties": {
        "routeId": "taichung-kel-0250-5093e9-d4",
        "city": "taichung",
        "route_name": "KEL-0250",
        "car_seq": "KEL-0250",
        "arrival_time": "1652",
        "departure_time": "1653",
        "district": "西屯區",
        "village": "大河里",
        "location": "永輝路98號",
        "type": "沿街",
        "collection_type": "recycling",
        "day_of_week": 4
      }
    },
    {
      "type": "Feature",
      "geometry": {
        "type": "Point",
        "coordinates": [
          120.658214,
          24.174002
        ]
      },
      "properties": {
        "routeId": "taichung-kel-0250-5093e9-d4",
        "city": "taichung",
        "route_name": "KEL-0250",
        "car_seq": "KEL-0250",
        "arrival_time": "1654",
        "departure_time": "1655",
        "district": "西屯區",
        "village": "大河里",
        "location": "甘河路88號",
        "type": "沿街",
        "collection_type": "garbage",
        "day_of_week": 4
      }
    },
    {
      "type": "Feature",
      "geometry": {
        "type": "Point",
        "coordinates": [
          120.658214,
          24.174002
        ]
      },
      "properties": {
        "routeId": "taichung-kel-0250-5093e9-d4",
        "city": "taichung",
        "route_name": "KEL-0250",
        "car_seq": "KEL-0250",
        "arrival_time": "1654",
        "departure_time": "1655",
        "district": "西屯區",
        "village": "大河里",
        "location": "甘河路88號",
        "type": "沿街",
        "collection_type": "recycling",
        "day_of_week": 4
      }
    },
    {
      "type": "Feature",
      "geometry": {
        "type": "Point",
        "coordinates": [
          120.658074,
          24.171309
        ]
      },
      "properties": {
        "routeId": "taichung-kel-0250-5093e9-d4",
        "city": "taichung",
        "route_name": "KEL-0250",
        "car_seq": "KEL-0250",
        "arrival_time": "1656",
        "departure_time": "1657",
        "district": "西屯區",
        "village": "大河里",
        "location": "長安路一段128號",
        "type": "沿街",
        "collection_type": "garbage",
        "day_of_week": 4
      }
    },
    {
      "type": "Feature",
      "geometry": {
        "type": "Point",
        "coordinates": [
          120.658074,
          24.171309
        ]
      },
      "properties": {
        "routeId": "taichung-kel-0250-5093e9-d4",
        "city": "taichung",
        "route_name": "KEL-0250",
        "car_seq": "KEL-0250",
        "arrival_time": "1656",
        "departure_time": "1657",
        "district": "西屯區",
        "village": "大河里",
        "location": "長安路一段128號",
        "type": "沿街",
        "collection_type": "recycling",
        "day_of_week": 4
      }
    },
    {
      "type": "Feature",
      "geometry": {
        "type": "Point",
        "coordinates": [
          120.656943,
          24.170766
        ]
      },
      "properties": {
        "routeId": "taichung-kel-0250-5093e9-d4",
        "city": "taichung",
        "route_name": "KEL-0250",
        "car_seq": "KEL-0250",
        "arrival_time": "1657",
        "departure_time": "1658",
        "district": "西屯區",
        "village": "大河里",
        "location": "長安路一段116號",
        "type": "沿街",
        "collection_type": "garbage",
        "day_of_week": 4
      }
    },
    {
      "type": "Feature",
      "geometry": {
        "type": "Point",
        "coordinates": [
          120.656943,
          24.170766
        ]
      },
      "properties": {
        "routeId": "taichung-kel-0250-5093e9-d4",
        "city": "taichung",
        "route_name": "KEL-0250",
        "car_seq": "KEL-0250",
        "arrival_time": "1657",
        "departure_time": "1658",
        "district": "西屯區",
        "village": "大河里",
        "location": "長安路一段116號",
        "type": "沿街",
        "collection_type": "recycling",
        "day_of_week": 4
      }
    },
    {
      "type": "Feature",
      "geometry": {
        "type": "Point",
        "coordinates": [
          120.65572,
          24.173584
        ]
      },
      "properties": {
        "routeId": "taichung-kel-0250-5093e9-d4",
        "city": "taichung",
        "route_name": "KEL-0250",
        "car_seq": "KEL-0250",
        "arrival_time": "1703",
        "departure_time": "1704",
        "district": "西屯區",
        "village": "大河里",
        "location": "甘肅路二段110號",
        "type": "沿街",
        "collection_type": "garbage",
        "day_of_week": 4
      }
    },
    {
      "type": "Feature",
      "geometry": {
        "type": "Point",
        "coordinates": [
          120.65572,
          24.173584
        ]
      },
      "properties": {
        "routeId": "taichung-kel-0250-5093e9-d4",
        "city": "taichung",
        "route_name": "KEL-0250",
        "car_seq": "KEL-0250",
        "arrival_time": "1703",
        "departure_time": "1704",
        "district": "西屯區",
        "village": "大河里",
        "location": "甘肅路二段110號",
        "type": "沿街",
        "collection_type": "recycling",
        "day_of_week": 4
      }
    },
    {
      "type": "Feature",
      "geometry": {
        "type": "Point",
        "coordinates": [
          120.655641,
          24.174247
        ]
      },
      "properties": {
        "routeId": "taichung-kel-0250-5093e9-d4",
        "city": "taichung",
        "route_name": "KEL-0250",
        "car_seq": "KEL-0250",
        "arrival_time": "1704",
        "departure_time": "1705",
        "district": "西屯區",
        "village": "大河里",
        "location": "甘肅路二段122號",
        "type": "沿街",
        "collection_type": "garbage",
        "day_of_week": 4
      }
    },
    {
      "type": "Feature",
      "geometry": {
        "type": "Point",
        "coordinates": [
          120.655641,
          24.174247
        ]
      },
      "properties": {
        "routeId": "taichung-kel-0250-5093e9-d4",
        "city": "taichung",
        "route_name": "KEL-0250",
        "car_seq": "KEL-0250",
        "arrival_time": "1704",
        "departure_time": "1705",
        "district": "西屯區",
        "village": "大河里",
        "location": "甘肅路二段122號",
        "type": "沿街",
        "collection_type": "recycling",
        "day_of_week": 4
      }
    },
    {
      "type": "Feature",
      "geometry": {
        "type": "Point",
        "coordinates": [
          120.659422,
          24.173051
        ]
      },
      "properties": {
        "routeId": "taichung-kel-0250-5093e9-d4",
        "city": "taichung",
        "route_name": "KEL-0250",
        "car_seq": "KEL-0250",
        "arrival_time": "1705",
        "departure_time": "1705",
        "district": "西屯區",
        "village": "大河里",
        "location": "大河街42巷15號",
        "type": "沿街",
        "collection_type": "garbage",
        "day_of_week": 4
      }
    },
    {
      "type": "Feature",
      "geometry": {
        "type": "Point",
        "coordinates": [
          120.659422,
          24.173051
        ]
      },
      "properties": {
        "routeId": "taichung-kel-0250-5093e9-d4",
        "city": "taichung",
        "route_name": "KEL-0250",
        "car_seq": "KEL-0250",
        "arrival_time": "1705",
        "departure_time": "1705",
        "district": "西屯區",
        "village": "大河里",
        "location": "大河街42巷15號",
        "type": "沿街",
        "collection_type": "recycling",
        "day_of_week": 4
      }
    },
    {
      "type": "Feature",
      "geometry": {
        "type": "Point",
        "coordinates": [
          120.658662,
          24.171937
        ]
      },
      "properties": {
        "routeId": "taichung-kel-0250-5093e9-d4",
        "city": "taichung",
        "route_name": "KEL-0250",
        "car_seq": "KEL-0250",
        "arrival_time": "1706",
        "departure_time": "1707",
        "district": "西屯區",
        "village": "大河里",
        "location": "大河街8號",
        "type": "沿街",
        "collection_type": "garbage",
        "day_of_week": 4
      }
    },
    {
      "type": "Feature",
      "geometry": {
        "type": "Point",
        "coordinates": [
          120.658662,
          24.171937
        ]
      },
      "properties": {
        "routeId": "taichung-kel-0250-5093e9-d4",
        "city": "taichung",
        "route_name": "KEL-0250",
        "car_seq": "KEL-0250",
        "arrival_time": "1706",
        "departure_time": "1707",
        "district": "西屯區",
        "village": "大河里",
        "location": "大河街8號",
        "type": "沿街",
        "collection_type": "recycling",
        "day_of_week": 4
      }
    },
    {
      "type": "Feature",
      "geometry": {
        "type": "Point",
        "coordinates": [
          120.660383,
          24.172091
        ]
      },
      "properties": {
        "routeId": "taichung-kel-0250-5093e9-d4",
        "city": "taichung",
        "route_name": "KEL-0250",
        "car_seq": "KEL-0250",
        "arrival_time": "1707",
        "departure_time": "1708",
        "district": "西屯區",
        "village": "大河里",
        "location": "長安路一段222號",
        "type": "沿街",
        "collection_type": "garbage",
        "day_of_week": 4
      }
    },
    {
      "type": "Feature",
      "geometry": {
        "type": "Point",
        "coordinates": [
          120.660383,
          24.172091
        ]
      },
      "properties": {
        "routeId": "taichung-kel-0250-5093e9-d4",
        "city": "taichung",
        "route_name": "KEL-0250",
        "car_seq": "KEL-0250",
        "arrival_time": "1707",
        "departure_time": "1708",
        "district": "西屯區",
        "village": "大河里",
        "location": "長安路一段222號",
        "type": "沿街",
        "collection_type": "recycling",
        "day_of_week": 4
      }
    },
    {
      "type": "Feature",
      "geometry": {
        "type": "Point",
        "coordinates": [
          120.660476,
          24.17462
        ]
      },
      "properties": {
        "routeId": "taichung-kel-0250-5093e9-d4",
        "city": "taichung",
        "route_name": "KEL-0250",
        "car_seq": "KEL-0250",
        "arrival_time": "1710",
        "departure_time": "1711",
        "district": "西屯區",
        "village": "大河里",
        "location": "河南路二段74巷8號",
        "type": "沿街",
        "collection_type": "garbage",
        "day_of_week": 4
      }
    },
    {
      "type": "Feature",
      "geometry": {
        "type": "Point",
        "coordinates": [
          120.660476,
          24.17462
        ]
      },
      "properties": {
        "routeId": "taichung-kel-0250-5093e9-d4",
        "city": "taichung",
        "route_name": "KEL-0250",
        "car_seq": "KEL-0250",
        "arrival_time": "1710",
        "departure_time": "1711",
        "district": "西屯區",
        "village": "大河里",
        "location": "河南路二段74巷8號",
        "type": "沿街",
        "collection_type": "recycling",
        "day_of_week": 4
      }
    },
    {
      "type": "Feature",
      "geometry": {
        "type": "Point",
        "coordinates": [
          120.660424,
          24.174927
        ]
      },
      "properties": {
        "routeId": "taichung-kel-0250-5093e9-d4",
        "city": "taichung",
        "route_name": "KEL-0250",
        "car_seq": "KEL-0250",
        "arrival_time": "1711",
        "departure_time": "1712",
        "district": "西屯區",
        "village": "大河里",
        "location": "河南路二段74巷3弄2號",
        "type": "沿街",
        "collection_type": "garbage",
        "day_of_week": 4
      }
    },
    {
      "type": "Feature",
      "geometry": {
        "type": "Point",
        "coordinates": [
          120.660424,
          24.174927
        ]
      },
      "properties": {
        "routeId": "taichung-kel-0250-5093e9-d4",
        "city": "taichung",
        "route_name": "KEL-0250",
        "car_seq": "KEL-0250",
        "arrival_time": "1711",
        "departure_time": "1712",
        "district": "西屯區",
        "village": "大河里",
        "location": "河南路二段74巷3弄2號",
        "type": "沿街",
        "collection_type": "recycling",
        "day_of_week": 4
      }
    },
    {
      "type": "Feature",
      "geometry": {
        "type": "Point",
        "coordinates": [
          120.660933,
          24.175098
        ]
      },
      "properties": {
        "routeId": "taichung-kel-0250-5093e9-d4",
        "city": "taichung",
        "route_name": "KEL-0250",
        "car_seq": "KEL-0250",
        "arrival_time": "1712",
        "departure_time": "1713",
        "district": "西屯區",
        "village": "大河里",
        "location": "河南路二段74巷13弄15號",
        "type": "沿街",
        "collection_type": "garbage",
        "day_of_week": 4
      }
    },
    {
      "type": "Feature",
      "geometry": {
        "type": "Point",
        "coordinates": [
          120.660933,
          24.175098
        ]
      },
      "properties": {
        "routeId": "taichung-kel-0250-5093e9-d4",
        "city": "taichung",
        "route_name": "KEL-0250",
        "car_seq": "KEL-0250",
        "arrival_time": "1712",
        "departure_time": "1713",
        "district": "西屯區",
        "village": "大河里",
        "location": "河南路二段74巷13弄15號",
        "type": "沿街",
        "collection_type": "recycling",
        "day_of_week": 4
      }
    },
    {
      "type": "Feature",
      "geometry": {
        "type": "Point",
        "coordinates": [
          120.661349,
          24.175288
        ]
      },
      "properties": {
        "routeId": "taichung-kel-0250-5093e9-d4",
        "city": "taichung",
        "route_name": "KEL-0250",
        "car_seq": "KEL-0250",
        "arrival_time": "1713",
        "departure_time": "1714",
        "district": "西屯區",
        "village": "大河里",
        "location": "皇城街59巷12號",
        "type": "沿街",
        "collection_type": "garbage",
        "day_of_week": 4
      }
    },
    {
      "type": "Feature",
      "geometry": {
        "type": "Point",
        "coordinates": [
          120.661349,
          24.175288
        ]
      },
      "properties": {
        "routeId": "taichung-kel-0250-5093e9-d4",
        "city": "taichung",
        "route_name": "KEL-0250",
        "car_seq": "KEL-0250",
        "arrival_time": "1713",
        "departure_time": "1714",
        "district": "西屯區",
        "village": "大河里",
        "location": "皇城街59巷12號",
        "type": "沿街",
        "collection_type": "recycling",
        "day_of_week": 4
      }
    },
    {
      "type": "Feature",
      "geometry": {
        "type": "Point",
        "coordinates": [
          120.66135,
          24.176134
        ]
      },
      "properties": {
        "routeId": "taichung-kel-0250-5093e9-d4",
        "city": "taichung",
        "route_name": "KEL-0250",
        "car_seq": "KEL-0250",
        "arrival_time": "1715",
        "departure_time": "1716",
        "district": "西屯區",
        "village": "大河里",
        "location": "皇福街1號",
        "type": "沿街",
        "collection_type": "garbage",
        "day_of_week": 4
      }
    },
    {
      "type": "Feature",
      "geometry": {
        "type": "Point",
        "coordinates": [
          120.66135,
          24.176134
        ]
      },
      "properties": {
        "routeId": "taichung-kel-0250-5093e9-d4",
        "city": "taichung",
        "route_name": "KEL-0250",
        "car_seq": "KEL-0250",
        "arrival_time": "1715",
        "departure_time": "1716",
        "district": "西屯區",
        "village": "大河里",
        "location": "皇福街1號",
        "type": "沿街",
        "collection_type": "recycling",
        "day_of_week": 4
      }
    },
    {
      "type": "Feature",
      "geometry": {
        "type": "Point",
        "coordinates": [
          120.661841,
          24.176144
        ]
      },
      "properties": {
        "routeId": "taichung-kel-0250-5093e9-d4",
        "city": "taichung",
        "route_name": "KEL-0250",
        "car_seq": "KEL-0250",
        "arrival_time": "1716",
        "departure_time": "1717",
        "district": "西屯區",
        "village": "大河里",
        "location": "中平路128號",
        "type": "沿街",
        "collection_type": "garbage",
        "day_of_week": 4
      }
    },
    {
      "type": "Feature",
      "geometry": {
        "type": "Point",
        "coordinates": [
          120.661841,
          24.176144
        ]
      },
      "properties": {
        "routeId": "taichung-kel-0250-5093e9-d4",
        "city": "taichung",
        "route_name": "KEL-0250",
        "car_seq": "KEL-0250",
        "arrival_time": "1716",
        "departure_time": "1717",
        "district": "西屯區",
        "village": "大河里",
        "location": "中平路128號",
        "type": "沿街",
        "collection_type": "recycling",
        "day_of_week": 4
      }
    },
    {
      "type": "Feature",
      "geometry": {
        "type": "Point",
        "coordinates": [
          120.661689,
          24.175681
        ]
      },
      "properties": {
        "routeId": "taichung-kel-0250-5093e9-d4",
        "city": "taichung",
        "route_name": "KEL-0250",
        "car_seq": "KEL-0250",
        "arrival_time": "1717",
        "departure_time": "1717",
        "district": "西屯區",
        "village": "大河里",
        "location": "皇城街85號",
        "type": "沿街",
        "collection_type": "garbage",
        "day_of_week": 4
      }
    },
    {
      "type": "Feature",
      "geometry": {
        "type": "Point",
        "coordinates": [
          120.661689,
          24.175681
        ]
      },
      "properties": {
        "routeId": "taichung-kel-0250-5093e9-d4",
        "city": "taichung",
        "route_name": "KEL-0250",
        "car_seq": "KEL-0250",
        "arrival_time": "1717",
        "departure_time": "1717",
        "district": "西屯區",
        "village": "大河里",
        "location": "皇城街85號",
        "type": "沿街",
        "collection_type": "recycling",
        "day_of_week": 4
      }
    },
    {
      "type": "Feature",
      "geometry": {
        "type": "Point",
        "coordinates": [
          120.660623,
          24.176034
        ]
      },
      "properties": {
        "routeId": "taichung-kel-0250-5093e9-d4",
        "city": "taichung",
        "route_name": "KEL-0250",
        "car_seq": "KEL-0250",
        "arrival_time": "1721",
        "departure_time": "1722",
        "district": "西屯區",
        "village": "大河里",
        "location": "福上巷36號",
        "type": "沿街",
        "collection_type": "garbage",
        "day_of_week": 4
      }
    },
    {
      "type": "Feature",
      "geometry": {
        "type": "Point",
        "coordinates": [
          120.660623,
          24.176034
        ]
      },
      "properties": {
        "routeId": "taichung-kel-0250-5093e9-d4",
        "city": "taichung",
        "route_name": "KEL-0250",
        "car_seq": "KEL-0250",
        "arrival_time": "1721",
        "departure_time": "1722",
        "district": "西屯區",
        "village": "大河里",
        "location": "福上巷36號",
        "type": "沿街",
        "collection_type": "recycling",
        "day_of_week": 4
      }
    },
    {
      "type": "Feature",
      "geometry": {
        "type": "Point",
        "coordinates": [
          120.660107,
          24.175576
        ]
      },
      "properties": {
        "routeId": "taichung-kel-0250-5093e9-d4",
        "city": "taichung",
        "route_name": "KEL-0250",
        "car_seq": "KEL-0250",
        "arrival_time": "1722",
        "departure_time": "1723",
        "district": "西屯區",
        "village": "大河里",
        "location": "福上巷143號",
        "type": "沿街",
        "collection_type": "garbage",
        "day_of_week": 4
      }
    },
    {
      "type": "Feature",
      "geometry": {
        "type": "Point",
        "coordinates": [
          120.660107,
          24.175576
        ]
      },
      "properties": {
        "routeId": "taichung-kel-0250-5093e9-d4",
        "city": "taichung",
        "route_name": "KEL-0250",
        "car_seq": "KEL-0250",
        "arrival_time": "1722",
        "departure_time": "1723",
        "district": "西屯區",
        "village": "大河里",
        "location": "福上巷143號",
        "type": "沿街",
        "collection_type": "recycling",
        "day_of_week": 4
      }
    },
    {
      "type": "Feature",
      "geometry": {
        "type": "Point",
        "coordinates": [
          120.661477,
          24.17248
        ]
      },
      "properties": {
        "routeId": "taichung-kel-0250-5093e9-d4",
        "city": "taichung",
        "route_name": "KEL-0250",
        "car_seq": "KEL-0250",
        "arrival_time": "1908",
        "departure_time": "1909",
        "district": "西屯區",
        "village": "大鵬里",
        "location": "長安路二段10號",
        "type": "沿街",
        "collection_type": "garbage",
        "day_of_week": 4
      }
    },
    {
      "type": "Feature",
      "geometry": {
        "type": "Point",
        "coordinates": [
          120.661477,
          24.17248
        ]
      },
      "properties": {
        "routeId": "taichung-kel-0250-5093e9-d4",
        "city": "taichung",
        "route_name": "KEL-0250",
        "car_seq": "KEL-0250",
        "arrival_time": "1908",
        "departure_time": "1909",
        "district": "西屯區",
        "village": "大鵬里",
        "location": "長安路二段10號",
        "type": "沿街",
        "collection_type": "recycling",
        "day_of_week": 4
      }
    },
    {
      "type": "Feature",
      "geometry": {
        "type": "Point",
        "coordinates": [
          120.662215,
          24.172678
        ]
      },
      "properties": {
        "routeId": "taichung-kel-0250-5093e9-d4",
        "city": "taichung",
        "route_name": "KEL-0250",
        "car_seq": "KEL-0250",
        "arrival_time": "1910",
        "departure_time": "1911",
        "district": "西屯區",
        "village": "大鵬里",
        "location": "長安路二段36號",
        "type": "沿街",
        "collection_type": "garbage",
        "day_of_week": 4
      }
    },
    {
      "type": "Feature",
      "geometry": {
        "type": "Point",
        "coordinates": [
          120.662215,
          24.172678
        ]
      },
      "properties": {
        "routeId": "taichung-kel-0250-5093e9-d4",
        "city": "taichung",
        "route_name": "KEL-0250",
        "car_seq": "KEL-0250",
        "arrival_time": "1910",
        "departure_time": "1911",
        "district": "西屯區",
        "village": "大鵬里",
        "location": "長安路二段36號",
        "type": "沿街",
        "collection_type": "recycling",
        "day_of_week": 4
      }
    },
    {
      "type": "Feature",
      "geometry": {
        "type": "Point",
        "coordinates": [
          120.662544,
          24.172809
        ]
      },
      "properties": {
        "routeId": "taichung-kel-0250-5093e9-d4",
        "city": "taichung",
        "route_name": "KEL-0250",
        "car_seq": "KEL-0250",
        "arrival_time": "1912",
        "departure_time": "1913",
        "district": "西屯區",
        "village": "大鵬里",
        "location": "長安路二段48之1號",
        "type": "沿街",
        "collection_type": "garbage",
        "day_of_week": 4
      }
    },
    {
      "type": "Feature",
      "geometry": {
        "type": "Point",
        "coordinates": [
          120.662544,
          24.172809
        ]
      },
      "properties": {
        "routeId": "taichung-kel-0250-5093e9-d4",
        "city": "taichung",
        "route_name": "KEL-0250",
        "car_seq": "KEL-0250",
        "arrival_time": "1912",
        "departure_time": "1913",
        "district": "西屯區",
        "village": "大鵬里",
        "location": "長安路二段48之1號",
        "type": "沿街",
        "collection_type": "recycling",
        "day_of_week": 4
      }
    },
    {
      "type": "Feature",
      "geometry": {
        "type": "Point",
        "coordinates": [
          120.663055,
          24.172895
        ]
      },
      "properties": {
        "routeId": "taichung-kel-0250-5093e9-d4",
        "city": "taichung",
        "route_name": "KEL-0250",
        "car_seq": "KEL-0250",
        "arrival_time": "1914",
        "departure_time": "1915",
        "district": "西屯區",
        "village": "大鵬里",
        "location": "長安路二段48之12號",
        "type": "沿街",
        "collection_type": "garbage",
        "day_of_week": 4
      }
    },
    {
      "type": "Feature",
      "geometry": {
        "type": "Point",
        "coordinates": [
          120.663055,
          24.172895
        ]
      },
      "properties": {
        "routeId": "taichung-kel-0250-5093e9-d4",
        "city": "taichung",
        "route_name": "KEL-0250",
        "car_seq": "KEL-0250",
        "arrival_time": "1914",
        "departure_time": "1915",
        "district": "西屯區",
        "village": "大鵬里",
        "location": "長安路二段48之12號",
        "type": "沿街",
        "collection_type": "recycling",
        "day_of_week": 4
      }
    },
    {
      "type": "Feature",
      "geometry": {
        "type": "Point",
        "coordinates": [
          120.663338,
          24.173016
        ]
      },
      "properties": {
        "routeId": "taichung-kel-0250-5093e9-d4",
        "city": "taichung",
        "route_name": "KEL-0250",
        "car_seq": "KEL-0250",
        "arrival_time": "1915",
        "departure_time": "1916",
        "district": "西屯區",
        "village": "大鵬里",
        "location": "長安路二段52號",
        "type": "沿街",
        "collection_type": "garbage",
        "day_of_week": 4
      }
    },
    {
      "type": "Feature",
      "geometry": {
        "type": "Point",
        "coordinates": [
          120.663338,
          24.173016
        ]
      },
      "properties": {
        "routeId": "taichung-kel-0250-5093e9-d4",
        "city": "taichung",
        "route_name": "KEL-0250",
        "car_seq": "KEL-0250",
        "arrival_time": "1915",
        "departure_time": "1916",
        "district": "西屯區",
        "village": "大鵬里",
        "location": "長安路二段52號",
        "type": "沿街",
        "collection_type": "recycling",
        "day_of_week": 4
      }
    },
    {
      "type": "Feature",
      "geometry": {
        "type": "Point",
        "coordinates": [
          120.663712,
          24.173408
        ]
      },
      "properties": {
        "routeId": "taichung-kel-0250-5093e9-d4",
        "city": "taichung",
        "route_name": "KEL-0250",
        "car_seq": "KEL-0250",
        "arrival_time": "1916",
        "departure_time": "1917",
        "district": "西屯區",
        "village": "大鵬里",
        "location": "長安路二段91號",
        "type": "沿街",
        "collection_type": "garbage",
        "day_of_week": 4
      }
    },
    {
      "type": "Feature",
      "geometry": {
        "type": "Point",
        "coordinates": [
          120.663712,
          24.173408
        ]
      },
      "properties": {
        "routeId": "taichung-kel-0250-5093e9-d4",
        "city": "taichung",
        "route_name": "KEL-0250",
        "car_seq": "KEL-0250",
        "arrival_time": "1916",
        "departure_time": "1917",
        "district": "西屯區",
        "village": "大鵬里",
        "location": "長安路二段91號",
        "type": "沿街",
        "collection_type": "recycling",
        "day_of_week": 4
      }
    },
    {
      "type": "Feature",
      "geometry": {
        "type": "Point",
        "coordinates": [
          120.663657,
          24.173074
        ]
      },
      "properties": {
        "routeId": "taichung-kel-0250-5093e9-d4",
        "city": "taichung",
        "route_name": "KEL-0250",
        "car_seq": "KEL-0250",
        "arrival_time": "1917",
        "departure_time": "1918",
        "district": "西屯區",
        "village": "大鵬里",
        "location": "長安路二段62號",
        "type": "沿街",
        "collection_type": "garbage",
        "day_of_week": 4
      }
    },
    {
      "type": "Feature",
      "geometry": {
        "type": "Point",
        "coordinates": [
          120.663657,
          24.173074
        ]
      },
      "properties": {
        "routeId": "taichung-kel-0250-5093e9-d4",
        "city": "taichung",
        "route_name": "KEL-0250",
        "car_seq": "KEL-0250",
        "arrival_time": "1917",
        "departure_time": "1918",
        "district": "西屯區",
        "village": "大鵬里",
        "location": "長安路二段62號",
        "type": "沿街",
        "collection_type": "recycling",
        "day_of_week": 4
      }
    },
    {
      "type": "Feature",
      "geometry": {
        "type": "Point",
        "coordinates": [
          120.664548,
          24.173475
        ]
      },
      "properties": {
        "routeId": "taichung-kel-0250-5093e9-d4",
        "city": "taichung",
        "route_name": "KEL-0250",
        "car_seq": "KEL-0250",
        "arrival_time": "1918",
        "departure_time": "1919",
        "district": "西屯區",
        "village": "大鵬里",
        "location": "長安路二段68號",
        "type": "沿街",
        "collection_type": "garbage",
        "day_of_week": 4
      }
    },
    {
      "type": "Feature",
      "geometry": {
        "type": "Point",
        "coordinates": [
          120.664548,
          24.173475
        ]
      },
      "properties": {
        "routeId": "taichung-kel-0250-5093e9-d4",
        "city": "taichung",
        "route_name": "KEL-0250",
        "car_seq": "KEL-0250",
        "arrival_time": "1918",
        "departure_time": "1919",
        "district": "西屯區",
        "village": "大鵬里",
        "location": "長安路二段68號",
        "type": "沿街",
        "collection_type": "recycling",
        "day_of_week": 4
      }
    },
    {
      "type": "Feature",
      "geometry": {
        "type": "Point",
        "coordinates": [
          120.665127,
          24.173653
        ]
      },
      "properties": {
        "routeId": "taichung-kel-0250-5093e9-d4",
        "city": "taichung",
        "route_name": "KEL-0250",
        "car_seq": "KEL-0250",
        "arrival_time": "1921",
        "departure_time": "1922",
        "district": "西屯區",
        "village": "大鵬里",
        "location": "長安路二段88號",
        "type": "沿街",
        "collection_type": "garbage",
        "day_of_week": 4
      }
    },
    {
      "type": "Feature",
      "geometry": {
        "type": "Point",
        "coordinates": [
          120.665127,
          24.173653
        ]
      },
      "properties": {
        "routeId": "taichung-kel-0250-5093e9-d4",
        "city": "taichung",
        "route_name": "KEL-0250",
        "car_seq": "KEL-0250",
        "arrival_time": "1921",
        "departure_time": "1922",
        "district": "西屯區",
        "village": "大鵬里",
        "location": "長安路二段88號",
        "type": "沿街",
        "collection_type": "recycling",
        "day_of_week": 4
      }
    },
    {
      "type": "Feature",
      "geometry": {
        "type": "Point",
        "coordinates": [
          120.665595,
          24.173943
        ]
      },
      "properties": {
        "routeId": "taichung-kel-0250-5093e9-d4",
        "city": "taichung",
        "route_name": "KEL-0250",
        "car_seq": "KEL-0250",
        "arrival_time": "1922",
        "departure_time": "1923",
        "district": "西屯區",
        "village": "大鵬里",
        "location": "長安路二段112號",
        "type": "沿街",
        "collection_type": "garbage",
        "day_of_week": 4
      }
    },
    {
      "type": "Feature",
      "geometry": {
        "type": "Point",
        "coordinates": [
          120.665595,
          24.173943
        ]
      },
      "properties": {
        "routeId": "taichung-kel-0250-5093e9-d4",
        "city": "taichung",
        "route_name": "KEL-0250",
        "car_seq": "KEL-0250",
        "arrival_time": "1922",
        "departure_time": "1923",
        "district": "西屯區",
        "village": "大鵬里",
        "location": "長安路二段112號",
        "type": "沿街",
        "collection_type": "recycling",
        "day_of_week": 4
      }
    },
    {
      "type": "Feature",
      "geometry": {
        "type": "Point",
        "coordinates": [
          120.666359,
          24.174403
        ]
      },
      "properties": {
        "routeId": "taichung-kel-0250-5093e9-d4",
        "city": "taichung",
        "route_name": "KEL-0250",
        "car_seq": "KEL-0250",
        "arrival_time": "1924",
        "departure_time": "1925",
        "district": "西屯區",
        "village": "大福里",
        "location": "長安路二段140號",
        "type": "沿街",
        "collection_type": "garbage",
        "day_of_week": 4
      }
    },
    {
      "type": "Feature",
      "geometry": {
        "type": "Point",
        "coordinates": [
          120.666359,
          24.174403
        ]
      },
      "properties": {
        "routeId": "taichung-kel-0250-5093e9-d4",
        "city": "taichung",
        "route_name": "KEL-0250",
        "car_seq": "KEL-0250",
        "arrival_time": "1924",
        "departure_time": "1925",
        "district": "西屯區",
        "village": "大福里",
        "location": "長安路二段140號",
        "type": "沿街",
        "collection_type": "recycling",
        "day_of_week": 4
      }
    },
    {
      "type": "Feature",
      "geometry": {
        "type": "Point",
        "coordinates": [
          120.666476,
          24.174533
        ]
      },
      "properties": {
        "routeId": "taichung-kel-0250-5093e9-d4",
        "city": "taichung",
        "route_name": "KEL-0250",
        "car_seq": "KEL-0250",
        "arrival_time": "1925",
        "departure_time": "1926",
        "district": "西屯區",
        "village": "大福里",
        "location": "長安路二段150號",
        "type": "沿街",
        "collection_type": "garbage",
        "day_of_week": 4
      }
    },
    {
      "type": "Feature",
      "geometry": {
        "type": "Point",
        "coordinates": [
          120.666476,
          24.174533
        ]
      },
      "properties": {
        "routeId": "taichung-kel-0250-5093e9-d4",
        "city": "taichung",
        "route_name": "KEL-0250",
        "car_seq": "KEL-0250",
        "arrival_time": "1925",
        "departure_time": "1926",
        "district": "西屯區",
        "village": "大福里",
        "location": "長安路二段150號",
        "type": "沿街",
        "collection_type": "recycling",
        "day_of_week": 4
      }
    },
    {
      "type": "Feature",
      "geometry": {
        "type": "Point",
        "coordinates": [
          120.666802,
          24.17491
        ]
      },
      "properties": {
        "routeId": "taichung-kel-0250-5093e9-d4",
        "city": "taichung",
        "route_name": "KEL-0250",
        "car_seq": "KEL-0250",
        "arrival_time": "1926",
        "departure_time": "1927",
        "district": "西屯區",
        "village": "大福里",
        "location": "長安路二段176號",
        "type": "沿街",
        "collection_type": "garbage",
        "day_of_week": 4
      }
    },
    {
      "type": "Feature",
      "geometry": {
        "type": "Point",
        "coordinates": [
          120.666802,
          24.17491
        ]
      },
      "properties": {
        "routeId": "taichung-kel-0250-5093e9-d4",
        "city": "taichung",
        "route_name": "KEL-0250",
        "car_seq": "KEL-0250",
        "arrival_time": "1926",
        "departure_time": "1927",
        "district": "西屯區",
        "village": "大福里",
        "location": "長安路二段176號",
        "type": "沿街",
        "collection_type": "recycling",
        "day_of_week": 4
      }
    },
    {
      "type": "Feature",
      "geometry": {
        "type": "Point",
        "coordinates": [
          120.663346,
          24.175843
        ]
      },
      "properties": {
        "routeId": "taichung-kel-0250-5093e9-d4",
        "city": "taichung",
        "route_name": "KEL-0250",
        "car_seq": "KEL-0250",
        "arrival_time": "1935",
        "departure_time": "1935",
        "district": "西屯區",
        "village": "大鵬里",
        "location": "長安路二段71巷61號",
        "type": "沿街",
        "collection_type": "garbage",
        "day_of_week": 4
      }
    },
    {
      "type": "Feature",
      "geometry": {
        "type": "Point",
        "coordinates": [
          120.663346,
          24.175843
        ]
      },
      "properties": {
        "routeId": "taichung-kel-0250-5093e9-d4",
        "city": "taichung",
        "route_name": "KEL-0250",
        "car_seq": "KEL-0250",
        "arrival_time": "1935",
        "departure_time": "1935",
        "district": "西屯區",
        "village": "大鵬里",
        "location": "長安路二段71巷61號",
        "type": "沿街",
        "collection_type": "recycling",
        "day_of_week": 4
      }
    },
    {
      "type": "Feature",
      "geometry": {
        "type": "Point",
        "coordinates": [
          120.663257,
          24.175089
        ]
      },
      "properties": {
        "routeId": "taichung-kel-0250-5093e9-d4",
        "city": "taichung",
        "route_name": "KEL-0250",
        "car_seq": "KEL-0250",
        "arrival_time": "1935",
        "departure_time": "1936",
        "district": "西屯區",
        "village": "大鵬里",
        "location": "長安路二段71巷35號",
        "type": "沿街",
        "collection_type": "garbage",
        "day_of_week": 4
      }
    },
    {
      "type": "Feature",
      "geometry": {
        "type": "Point",
        "coordinates": [
          120.663257,
          24.175089
        ]
      },
      "properties": {
        "routeId": "taichung-kel-0250-5093e9-d4",
        "city": "taichung",
        "route_name": "KEL-0250",
        "car_seq": "KEL-0250",
        "arrival_time": "1935",
        "departure_time": "1936",
        "district": "西屯區",
        "village": "大鵬里",
        "location": "長安路二段71巷35號",
        "type": "沿街",
        "collection_type": "recycling",
        "day_of_week": 4
      }
    },
    {
      "type": "Feature",
      "geometry": {
        "type": "Point",
        "coordinates": [
          120.663139,
          24.17454
        ]
      },
      "properties": {
        "routeId": "taichung-kel-0250-5093e9-d4",
        "city": "taichung",
        "route_name": "KEL-0250",
        "car_seq": "KEL-0250",
        "arrival_time": "1939",
        "departure_time": "1940",
        "district": "西屯區",
        "village": "大鵬里",
        "location": "長安路二段71巷21號",
        "type": "沿街",
        "collection_type": "garbage",
        "day_of_week": 4
      }
    },
    {
      "type": "Feature",
      "geometry": {
        "type": "Point",
        "coordinates": [
          120.663139,
          24.17454
        ]
      },
      "properties": {
        "routeId": "taichung-kel-0250-5093e9-d4",
        "city": "taichung",
        "route_name": "KEL-0250",
        "car_seq": "KEL-0250",
        "arrival_time": "1939",
        "departure_time": "1940",
        "district": "西屯區",
        "village": "大鵬里",
        "location": "長安路二段71巷21號",
        "type": "沿街",
        "collection_type": "recycling",
        "day_of_week": 4
      }
    },
    {
      "type": "Feature",
      "geometry": {
        "type": "Point",
        "coordinates": [
          120.663269,
          24.173815
        ]
      },
      "properties": {
        "routeId": "taichung-kel-0250-5093e9-d4",
        "city": "taichung",
        "route_name": "KEL-0250",
        "car_seq": "KEL-0250",
        "arrival_time": "1941",
        "departure_time": "1942",
        "district": "西屯區",
        "village": "大鵬里",
        "location": "長安路二段71巷20號",
        "type": "沿街",
        "collection_type": "garbage",
        "day_of_week": 4
      }
    },
    {
      "type": "Feature",
      "geometry": {
        "type": "Point",
        "coordinates": [
          120.663269,
          24.173815
        ]
      },
      "properties": {
        "routeId": "taichung-kel-0250-5093e9-d4",
        "city": "taichung",
        "route_name": "KEL-0250",
        "car_seq": "KEL-0250",
        "arrival_time": "1941",
        "departure_time": "1942",
        "district": "西屯區",
        "village": "大鵬里",
        "location": "長安路二段71巷20號",
        "type": "沿街",
        "collection_type": "recycling",
        "day_of_week": 4
      }
    },
    {
      "type": "Feature",
      "geometry": {
        "type": "Point",
        "coordinates": [
          120.662707,
          24.173483
        ]
      },
      "properties": {
        "routeId": "taichung-kel-0250-5093e9-d4",
        "city": "taichung",
        "route_name": "KEL-0250",
        "car_seq": "KEL-0250",
        "arrival_time": "1947",
        "departure_time": "1947",
        "district": "西屯區",
        "village": "大鵬里",
        "location": "長安路二段71巷5弄13號",
        "type": "沿街",
        "collection_type": "garbage",
        "day_of_week": 4
      }
    },
    {
      "type": "Feature",
      "geometry": {
        "type": "Point",
        "coordinates": [
          120.662707,
          24.173483
        ]
      },
      "properties": {
        "routeId": "taichung-kel-0250-5093e9-d4",
        "city": "taichung",
        "route_name": "KEL-0250",
        "car_seq": "KEL-0250",
        "arrival_time": "1947",
        "departure_time": "1947",
        "district": "西屯區",
        "village": "大鵬里",
        "location": "長安路二段71巷5弄13號",
        "type": "沿街",
        "collection_type": "recycling",
        "day_of_week": 4
      }
    },
    {
      "type": "Feature",
      "geometry": {
        "type": "Point",
        "coordinates": [
          120.662347,
          24.173819
        ]
      },
      "properties": {
        "routeId": "taichung-kel-0250-5093e9-d4",
        "city": "taichung",
        "route_name": "KEL-0250",
        "car_seq": "KEL-0250",
        "arrival_time": "1947",
        "departure_time": "1948",
        "district": "西屯區",
        "village": "大鵬里",
        "location": "長安路二段35巷32號",
        "type": "沿街",
        "collection_type": "garbage",
        "day_of_week": 4
      }
    },
    {
      "type": "Feature",
      "geometry": {
        "type": "Point",
        "coordinates": [
          120.662347,
          24.173819
        ]
      },
      "properties": {
        "routeId": "taichung-kel-0250-5093e9-d4",
        "city": "taichung",
        "route_name": "KEL-0250",
        "car_seq": "KEL-0250",
        "arrival_time": "1947",
        "departure_time": "1948",
        "district": "西屯區",
        "village": "大鵬里",
        "location": "長安路二段35巷32號",
        "type": "沿街",
        "collection_type": "recycling",
        "day_of_week": 4
      }
    },
    {
      "type": "Feature",
      "geometry": {
        "type": "Point",
        "coordinates": [
          120.662408,
          24.17424
        ]
      },
      "properties": {
        "routeId": "taichung-kel-0250-5093e9-d4",
        "city": "taichung",
        "route_name": "KEL-0250",
        "car_seq": "KEL-0250",
        "arrival_time": "1950",
        "departure_time": "1951",
        "district": "西屯區",
        "village": "大鵬里",
        "location": "長安路二段35巷52號",
        "type": "沿街",
        "collection_type": "garbage",
        "day_of_week": 4
      }
    },
    {
      "type": "Feature",
      "geometry": {
        "type": "Point",
        "coordinates": [
          120.662408,
          24.17424
        ]
      },
      "properties": {
        "routeId": "taichung-kel-0250-5093e9-d4",
        "city": "taichung",
        "route_name": "KEL-0250",
        "car_seq": "KEL-0250",
        "arrival_time": "1950",
        "departure_time": "1951",
        "district": "西屯區",
        "village": "大鵬里",
        "location": "長安路二段35巷52號",
        "type": "沿街",
        "collection_type": "recycling",
        "day_of_week": 4
      }
    },
    {
      "type": "Feature",
      "geometry": {
        "type": "Point",
        "coordinates": [
          120.66246,
          24.174616
        ]
      },
      "properties": {
        "routeId": "taichung-kel-0250-5093e9-d4",
        "city": "taichung",
        "route_name": "KEL-0250",
        "car_seq": "KEL-0250",
        "arrival_time": "1951",
        "departure_time": "1952",
        "district": "西屯區",
        "village": "大鵬里",
        "location": "長安路二段35巷76號",
        "type": "沿街",
        "collection_type": "garbage",
        "day_of_week": 4
      }
    },
    {
      "type": "Feature",
      "geometry": {
        "type": "Point",
        "coordinates": [
          120.66246,
          24.174616
        ]
      },
      "properties": {
        "routeId": "taichung-kel-0250-5093e9-d4",
        "city": "taichung",
        "route_name": "KEL-0250",
        "car_seq": "KEL-0250",
        "arrival_time": "1951",
        "departure_time": "1952",
        "district": "西屯區",
        "village": "大鵬里",
        "location": "長安路二段35巷76號",
        "type": "沿街",
        "collection_type": "recycling",
        "day_of_week": 4
      }
    },
    {
      "type": "Feature",
      "geometry": {
        "type": "Point",
        "coordinates": [
          120.662971,
          24.174683
        ]
      },
      "properties": {
        "routeId": "taichung-kel-0250-5093e9-d4",
        "city": "taichung",
        "route_name": "KEL-0250",
        "car_seq": "KEL-0250",
        "arrival_time": "1952",
        "departure_time": "1952",
        "district": "西屯區",
        "village": "大鵬里",
        "location": "長安路二段35巷110號",
        "type": "沿街",
        "collection_type": "garbage",
        "day_of_week": 4
      }
    },
    {
      "type": "Feature",
      "geometry": {
        "type": "Point",
        "coordinates": [
          120.662971,
          24.174683
        ]
      },
      "properties": {
        "routeId": "taichung-kel-0250-5093e9-d4",
        "city": "taichung",
        "route_name": "KEL-0250",
        "car_seq": "KEL-0250",
        "arrival_time": "1952",
        "departure_time": "1952",
        "district": "西屯區",
        "village": "大鵬里",
        "location": "長安路二段35巷110號",
        "type": "沿街",
        "collection_type": "recycling",
        "day_of_week": 4
      }
    },
    {
      "type": "Feature",
      "geometry": {
        "type": "Point",
        "coordinates": [
          120.662004,
          24.173314
        ]
      },
      "properties": {
        "routeId": "taichung-kel-0250-5093e9-d4",
        "city": "taichung",
        "route_name": "KEL-0250",
        "car_seq": "KEL-0250",
        "arrival_time": "1954",
        "departure_time": "1955",
        "district": "西屯區",
        "village": "大鵬里",
        "location": "長安路二段35巷17號",
        "type": "沿街",
        "collection_type": "garbage",
        "day_of_week": 4
      }
    },
    {
      "type": "Feature",
      "geometry": {
        "type": "Point",
        "coordinates": [
          120.662004,
          24.173314
        ]
      },
      "properties": {
        "routeId": "taichung-kel-0250-5093e9-d4",
        "city": "taichung",
        "route_name": "KEL-0250",
        "car_seq": "KEL-0250",
        "arrival_time": "1954",
        "departure_time": "1955",
        "district": "西屯區",
        "village": "大鵬里",
        "location": "長安路二段35巷17號",
        "type": "沿街",
        "collection_type": "recycling",
        "day_of_week": 4
      }
    },
    {
      "type": "Feature",
      "geometry": {
        "type": "Point",
        "coordinates": [
          120.662457,
          24.17612
        ]
      },
      "properties": {
        "routeId": "taichung-kel-0250-5093e9-d4",
        "city": "taichung",
        "route_name": "KEL-0250",
        "car_seq": "KEL-0250",
        "arrival_time": "1959",
        "departure_time": "2000",
        "district": "西屯區",
        "village": "大河里",
        "location": "中平路162號",
        "type": "沿街",
        "collection_type": "garbage",
        "day_of_week": 4
      }
    },
    {
      "type": "Feature",
      "geometry": {
        "type": "Point",
        "coordinates": [
          120.662457,
          24.17612
        ]
      },
      "properties": {
        "routeId": "taichung-kel-0250-5093e9-d4",
        "city": "taichung",
        "route_name": "KEL-0250",
        "car_seq": "KEL-0250",
        "arrival_time": "1959",
        "departure_time": "2000",
        "district": "西屯區",
        "village": "大河里",
        "location": "中平路162號",
        "type": "沿街",
        "collection_type": "recycling",
        "day_of_week": 4
      }
    },
    {
      "type": "Feature",
      "geometry": {
        "type": "Point",
        "coordinates": [
          120.662718,
          24.17612
        ]
      },
      "properties": {
        "routeId": "taichung-kel-0250-5093e9-d4",
        "city": "taichung",
        "route_name": "KEL-0250",
        "car_seq": "KEL-0250",
        "arrival_time": "2000",
        "departure_time": "2000",
        "district": "西屯區",
        "village": "大河里",
        "location": "中平路172號",
        "type": "沿街",
        "collection_type": "garbage",
        "day_of_week": 4
      }
    },
    {
      "type": "Feature",
      "geometry": {
        "type": "Point",
        "coordinates": [
          120.662718,
          24.17612
        ]
      },
      "properties": {
        "routeId": "taichung-kel-0250-5093e9-d4",
        "city": "taichung",
        "route_name": "KEL-0250",
        "car_seq": "KEL-0250",
        "arrival_time": "2000",
        "departure_time": "2000",
        "district": "西屯區",
        "village": "大河里",
        "location": "中平路172號",
        "type": "沿街",
        "collection_type": "recycling",
        "day_of_week": 4
      }
    },
    {
      "type": "Feature",
      "geometry": {
        "type": "Point",
        "coordinates": [
          120.663062,
          24.176124
        ]
      },
      "properties": {
        "routeId": "taichung-kel-0250-5093e9-d4",
        "city": "taichung",
        "route_name": "KEL-0250",
        "car_seq": "KEL-0250",
        "arrival_time": "2000",
        "departure_time": "2030",
        "district": "西屯區",
        "village": "大鵬里",
        "location": "中平路190號",
        "type": "定點",
        "collection_type": "garbage",
        "day_of_week": 4
      }
    },
    {
      "type": "Feature",
      "geometry": {
        "type": "Point",
        "coordinates": [
          120.663062,
          24.176124
        ]
      },
      "properties": {
        "routeId": "taichung-kel-0250-5093e9-d4",
        "city": "taichung",
        "route_name": "KEL-0250",
        "car_seq": "KEL-0250",
        "arrival_time": "2000",
        "departure_time": "2030",
        "district": "西屯區",
        "village": "大鵬里",
        "location": "中平路190號",
        "type": "定點",
        "collection_type": "recycling",
        "day_of_week": 4
      }
    }
  ]
}