{
  "type": "FeatureCollection",
  "features": [
    {
      "type": "Feature",
      "geometry": {
        "type": "Point",
        "coordinates": [
          120.6764751955359,
          24.177216948776465
        ]
      },
      "properties": {
        "routeId": "taichung-kel-2303-c4aa6e-d4",
        "city": "taichung",
        "route_name": "KEL-2303",
        "car_seq": "KEL-2303",
        "arrival_time": "1402",
        "departure_time": "1408",
        "district": "北屯區",
        "village": "平陽里",
        "location": "山西路二段385號",
        "type": "沿街",
        "collection_type": "garbage",
        "day_of_week": 4
      }
    },
    {
      "type": "Feature",
      "geometry": {
        "type": "Point",
        "coordinates": [
          120.6764751955359,
          24.177216948776465
        ]
      },
      "properties": {
        "routeId": "taichung-kel-2303-c4aa6e-d4",
        "city": "taichung",
        "route_name": "KEL-2303",
        "car_seq": "KEL-2303",
        "arrival_time": "1402",
        "departure_time": "1408",
        "district": "北屯區",
        "village": "平陽里",
        "location": "山西路二段385號",
        "type": "沿街",
        "collection_type": "recycling",
        "day_of_week": 4
      }
    },
    {
      "type": "Feature",
      "geometry": {
        "type": "Point",
        "coordinates": [
          120.67607990635435,
          24.17716437188168
        ]
      },
      "properties": {
        "routeId": "taichung-kel-2303-c4aa6e-d4",
        "city": "taichung",
        "route_name": "KEL-2303",
        "car_seq": "KEL-2303",
        "arrival_time": "1407",
        "departure_time": "1413",
        "district": "北屯區",
        "village": "平陽里",
        "location": "大連路一段217號",
        "type": "沿街",
        "collection_type": "garbage",
        "day_of_week": 4
      }
    },
    {
      "type": "Feature",
      "geometry": {
        "type": "Point",
        "coordinates": [
          120.67607990635435,
          24.17716437188168
        ]
      },
      "properties": {
        "routeId": "taichung-kel-2303-c4aa6e-d4",
        "city": "taichung",
        "route_name": "KEL-2303",
        "car_seq": "KEL-2303",
        "arrival_time": "1407",
        "departure_time": "1413",
        "district": "北屯區",
        "village": "平陽里",
        "location": "大連路一段217號",
        "type": "沿街",
        "collection_type": "recycling",
        "day_of_week": 4
      }
    },
    {
      "type": "Feature",
      "geometry": {
        "type": "Point",
        "coordinates": [
          120.6816419645377,
          24.17485016163006
        ]
      },
      "properties": {
        "routeId": "taichung-kel-2303-c4aa6e-d4",
        "city": "taichung",
        "route_name": "KEL-2303",
        "car_seq": "KEL-2303",
        "arrival_time": "1412",
        "departure_time": "1418",
        "district": "北屯區",
        "village": "平陽里",
        "location": "旅順路一段140號",
        "type": "沿街",
        "collection_type": "garbage",
        "day_of_week": 4
      }
    },
    {
      "type": "Feature",
      "geometry": {
        "type": "Point",
        "coordinates": [
          120.6816419645377,
          24.17485016163006
        ]
      },
      "properties": {
        "routeId": "taichung-kel-2303-c4aa6e-d4",
        "city": "taichung",
        "route_name": "KEL-2303",
        "car_seq": "KEL-2303",
        "arrival_time": "1412",
        "departure_time": "1418",
        "district": "北屯區",
        "village": "平陽里",
        "location": "旅順路一段140號",
        "type": "沿街",
        "collection_type": "recycling",
        "day_of_week": 4
      }
    },
    {
      "type": "Feature",
      "geometry": {
        "type": "Point",
        "coordinates": [
          120.68208245765493,
          24.17537793895929
        ]
      },
      "properties": {
        "routeId": "taichung-kel-2303-c4aa6e-d4",
        "city": "taichung",
        "route_name": "KEL-2303",
        "car_seq": "KEL-2303",
        "arrival_time": "1414",
        "departure_time": "1420",
        "district": "北屯區",
        "village": "仁和里",
        "location": "綏遠路二段226號",
        "type": "沿街",
        "collection_type": "garbage",
        "day_of_week": 4
      }
    },
    {
      "type": "Feature",
      "geometry": {
        "type": "Point",
        "coordinates": [
          120.68208245765493,
          24.17537793895929
        ]
      },
      "properties": {
        "routeId": "taichung-kel-2303-c4aa6e-d4",
        "city": "taichung",
        "route_name": "KEL-2303",
        "car_seq": "KEL-2303",
        "arrival_time": "1414",
        "departure_time": "1420",
        "district": "北屯區",
        "village": "仁和里",
        "location": "綏遠路二段226號",
        "type": "沿街",
        "collection_type": "recycling",
        "day_of_week": 4
      }
    },
    {
      "type": "Feature",
      "geometry": {
        "type": "Point",
        "coordinates": [
          120.6818234873262,
          24.175506959967965
        ]
      },
      "properties": {
        "routeId": "taichung-kel-2303-c4aa6e-d4",
        "city": "taichung",
        "route_name": "KEL-2303",
        "car_seq": "KEL-2303",
        "arrival_time": "1416",
        "departure_time": "1422",
        "district": "北屯區",
        "village": "水湳里",
        "location": "安順北二街32號",
        "type": "沿街",
        "collection_type": "garbage",
        "day_of_week": 4
      }
    },
    {
      "type": "Feature",
      "geometry": {
        "type": "Point",
        "coordinates": [
          120.6818234873262,
          24.175506959967965
        ]
      },
      "properties": {
        "routeId": "taichung-kel-2303-c4aa6e-d4",
        "city": "taichung",
        "route_name": "KEL-2303",
        "car_seq": "KEL-2303",
        "arrival_time": "1416",
        "departure_time": "1422",
        "district": "北屯區",
        "village": "水湳里",
        "location": "安順北二街32號",
        "type": "沿街",
        "collection_type": "recycling",
        "day_of_week": 4
      }
    },
    {
      "type": "Feature",
      "geometry": {
        "type": "Point",
        "coordinates": [
          120.68111607711545,
          24.17561330096776
        ]
      },
      "properties": {
        "routeId": "taichung-kel-2303-c4aa6e-d4",
        "city": "taichung",
        "route_name": "KEL-2303",
        "car_seq": "KEL-2303",
        "arrival_time": "1417",
        "departure_time": "1423",
        "district": "北屯區",
        "village": "平陽里",
        "location": "安順北二街8號",
        "type": "沿街",
        "collection_type": "garbage",
        "day_of_week": 4
      }
    },
    {
      "type": "Feature",
      "geometry": {
        "type": "Point",
        "coordinates": [
          120.68111607711545,
          24.17561330096776
        ]
      },
      "properties": {
        "routeId": "taichung-kel-2303-c4aa6e-d4",
        "city": "taichung",
        "route_name": "KEL-2303",
        "car_seq": "KEL-2303",
        "arrival_time": "1417",
        "departure_time": "1423",
        "district": "北屯區",
        "village": "平陽里",
        "location": "安順北二街8號",
        "type": "沿街",
        "collection_type": "recycling",
        "day_of_week": 4
      }
    },
    {
      "type": "Feature",
      "geometry": {
        "type": "Point",
        "coordinates": [
          120.68118322081162,
          24.17592205302191
        ]
      },
      "properties": {
        "routeId": "taichung-kel-2303-c4aa6e-d4",
        "city": "taichung",
        "route_name": "KEL-2303",
        "car_seq": "KEL-2303",
        "arrival_time": "1419",
        "departure_time": "1425",
        "district": "北屯區",
        "village": "平陽里",
        "location": "梅川東路四段138號",
        "type": "沿街",
        "collection_type": "garbage",
        "day_of_week": 4
      }
    },
    {
      "type": "Feature",
      "geometry": {
        "type": "Point",
        "coordinates": [
          120.68118322081162,
          24.17592205302191
        ]
      },
      "properties": {
        "routeId": "taichung-kel-2303-c4aa6e-d4",
        "city": "taichung",
        "route_name": "KEL-2303",
        "car_seq": "KEL-2303",
        "arrival_time": "1419",
        "departure_time": "1425",
        "district": "北屯區",
        "village": "平陽里",
        "location": "梅川東路四段138號",
        "type": "沿街",
        "collection_type": "recycling",
        "day_of_week": 4
      }
    },
    {
      "type": "Feature",
      "geometry": {
        "type": "Point",
        "coordinates": [
          120.68160826818324,
          24.176257475773294
        ]
      },
      "properties": {
        "routeId": "taichung-kel-2303-c4aa6e-d4",
        "city": "taichung",
        "route_name": "KEL-2303",
        "car_seq": "KEL-2303",
        "arrival_time": "1420",
        "departure_time": "1426",
        "district": "北屯區",
        "village": "平和里",
        "location": "大連路二段4號",
        "type": "沿街",
        "collection_type": "garbage",
        "day_of_week": 4
      }
    },
    {
      "type": "Feature",
      "geometry": {
        "type": "Point",
        "coordinates": [
          120.68160826818324,
          24.176257475773294
        ]
      },
      "properties": {
        "routeId": "taichung-kel-2303-c4aa6e-d4",
        "city": "taichung",
        "route_name": "KEL-2303",
        "car_seq": "KEL-2303",
        "arrival_time": "1420",
        "departure_time": "1426",
        "district": "北屯區",
        "village": "平和里",
        "location": "大連路二段4號",
        "type": "沿街",
        "collection_type": "recycling",
        "day_of_week": 4
      }
    },
    {
      "type": "Feature",
      "geometry": {
        "type": "Point",
        "coordinates": [
          120.68254952309712,
          24.17607091581799
        ]
      },
      "properties": {
        "routeId": "taichung-kel-2303-c4aa6e-d4",
        "city": "taichung",
        "route_name": "KEL-2303",
        "car_seq": "KEL-2303",
        "arrival_time": "1420",
        "departure_time": "1426",
        "district": "北屯區",
        "village": "平陽里",
        "location": "大連路二段20號",
        "type": "沿街",
        "collection_type": "garbage",
        "day_of_week": 4
      }
    },
    {
      "type": "Feature",
      "geometry": {
        "type": "Point",
        "coordinates": [
          120.68254952309712,
          24.17607091581799
        ]
      },
      "properties": {
        "routeId": "taichung-kel-2303-c4aa6e-d4",
        "city": "taichung",
        "route_name": "KEL-2303",
        "car_seq": "KEL-2303",
        "arrival_time": "1420",
        "departure_time": "1426",
        "district": "北屯區",
        "village": "平陽里",
        "location": "大連路二段20號",
        "type": "沿街",
        "collection_type": "recycling",
        "day_of_week": 4
      }
    },
    {
      "type": "Feature",
      "geometry": {
        "type": "Point",
        "coordinates": [
          120.68298903632106,
          24.17592672059431
        ]
      },
      "properties": {
        "routeId": "taichung-kel-2303-c4aa6e-d4",
        "city": "taichung",
        "route_name": "KEL-2303",
        "car_seq": "KEL-2303",
        "arrival_time": "1422",
        "departure_time": "1428",
        "district": "北屯區",
        "village": "平陽里",
        "location": "安順東五街58號",
        "type": "沿街",
        "collection_type": "garbage",
        "day_of_week": 4
      }
    },
    {
      "type": "Feature",
      "geometry": {
        "type": "Point",
        "coordinates": [
          120.68298903632106,
          24.17592672059431
        ]
      },
      "properties": {
        "routeId": "taichung-kel-2303-c4aa6e-d4",
        "city": "taichung",
        "route_name": "KEL-2303",
        "car_seq": "KEL-2303",
        "arrival_time": "1422",
        "departure_time": "1428",
        "district": "北屯區",
        "village": "平陽里",
        "location": "安順東五街58號",
        "type": "沿街",
        "collection_type": "recycling",
        "day_of_week": 4
      }
    },
    {
      "type": "Feature",
      "geometry": {
        "type": "Point",
        "coordinates": [
          120.68262658995701,
          24.175436940999344
        ]
      },
      "properties": {
        "routeId": "taichung-kel-2303-c4aa6e-d4",
        "city": "taichung",
        "route_name": "KEL-2303",
        "car_seq": "KEL-2303",
        "arrival_time": "1424",
        "departure_time": "1430",
        "district": "北屯區",
        "village": "平陽里",
        "location": "安順東五街37號",
        "type": "沿街",
        "collection_type": "garbage",
        "day_of_week": 4
      }
    },
    {
      "type": "Feature",
      "geometry": {
        "type": "Point",
        "coordinates": [
          120.68262658995701,
          24.175436940999344
        ]
      },
      "properties": {
        "routeId": "taichung-kel-2303-c4aa6e-d4",
        "city": "taichung",
        "route_name": "KEL-2303",
        "car_seq": "KEL-2303",
        "arrival_time": "1424",
        "departure_time": "1430",
        "district": "北屯區",
        "village": "平陽里",
        "location": "安順東五街37號",
        "type": "沿街",
        "collection_type": "recycling",
        "day_of_week": 4
      }
    },
    {
      "type": "Feature",
      "geometry": {
        "type": "Point",
        "coordinates": [
          120.68254735604702,
          24.17455950036826
        ]
      },
      "properties": {
        "routeId": "taichung-kel-2303-c4aa6e-d4",
        "city": "taichung",
        "route_name": "KEL-2303",
        "car_seq": "KEL-2303",
        "arrival_time": "1426",
        "departure_time": "1432",
        "district": "北屯區",
        "village": "平陽里",
        "location": "安順東五街15號",
        "type": "沿街",
        "collection_type": "garbage",
        "day_of_week": 4
      }
    },
    {
      "type": "Feature",
      "geometry": {
        "type": "Point",
        "coordinates": [
          120.68254735604702,
          24.17455950036826
        ]
      },
      "properties": {
        "routeId": "taichung-kel-2303-c4aa6e-d4",
        "city": "taichung",
        "route_name": "KEL-2303",
        "car_seq": "KEL-2303",
        "arrival_time": "1426",
        "departure_time": "1432",
        "district": "北屯區",
        "village": "平陽里",
        "location": "安順東五街15號",
        "type": "沿街",
        "collection_type": "recycling",
        "day_of_week": 4
      }
    },
    {
      "type": "Feature",
      "geometry": {
        "type": "Point",
        "coordinates": [
          120.68220041962138,
          24.173889509517387
        ]
      },
      "properties": {
        "routeId": "taichung-kel-2303-c4aa6e-d4",
        "city": "taichung",
        "route_name": "KEL-2303",
        "car_seq": "KEL-2303",
        "arrival_time": "1427",
        "departure_time": "1433",
        "district": "北屯區",
        "village": "平和里",
        "location": "瀋陽路二段111號",
        "type": "沿街",
        "collection_type": "garbage",
        "day_of_week": 4
      }
    },
    {
      "type": "Feature",
      "geometry": {
        "type": "Point",
        "coordinates": [
          120.68220041962138,
          24.173889509517387
        ]
      },
      "properties": {
        "routeId": "taichung-kel-2303-c4aa6e-d4",
        "city": "taichung",
        "route_name": "KEL-2303",
        "car_seq": "KEL-2303",
        "arrival_time": "1427",
        "departure_time": "1433",
        "district": "北屯區",
        "village": "平和里",
        "location": "瀋陽路二段111號",
        "type": "沿街",
        "collection_type": "recycling",
        "day_of_week": 4
      }
    },
    {
      "type": "Feature",
      "geometry": {
        "type": "Point",
        "coordinates": [
          120.68203604979585,
          24.173853248430536
        ]
      },
      "properties": {
        "routeId": "taichung-kel-2303-c4aa6e-d4",
        "city": "taichung",
        "route_name": "KEL-2303",
        "car_seq": "KEL-2303",
        "arrival_time": "1429",
        "departure_time": "1435",
        "district": "北屯區",
        "village": "平和里",
        "location": "瀋陽路二段103號",
        "type": "沿街",
        "collection_type": "garbage",
        "day_of_week": 4
      }
    },
    {
      "type": "Feature",
      "geometry": {
        "type": "Point",
        "coordinates": [
          120.68203604979585,
          24.173853248430536
        ]
      },
      "properties": {
        "routeId": "taichung-kel-2303-c4aa6e-d4",
        "city": "taichung",
        "route_name": "KEL-2303",
        "car_seq": "KEL-2303",
        "arrival_time": "1429",
        "departure_time": "1435",
        "district": "北屯區",
        "village": "平和里",
        "location": "瀋陽路二段103號",
        "type": "沿街",
        "collection_type": "recycling",
        "day_of_week": 4
      }
    },
    {
      "type": "Feature",
      "geometry": {
        "type": "Point",
        "coordinates": [
          120.6816204395636,
          24.17364804874321
        ]
      },
      "properties": {
        "routeId": "taichung-kel-2303-c4aa6e-d4",
        "city": "taichung",
        "route_name": "KEL-2303",
        "car_seq": "KEL-2303",
        "arrival_time": "1431",
        "departure_time": "1437",
        "district": "北屯區",
        "village": "平和里",
        "location": "綏遠路二段187號",
        "type": "沿街",
        "collection_type": "garbage",
        "day_of_week": 4
      }
    },
    {
      "type": "Feature",
      "geometry": {
        "type": "Point",
        "coordinates": [
          120.6816204395636,
          24.17364804874321
        ]
      },
      "properties": {
        "routeId": "taichung-kel-2303-c4aa6e-d4",
        "city": "taichung",
        "route_name": "KEL-2303",
        "car_seq": "KEL-2303",
        "arrival_time": "1431",
        "departure_time": "1437",
        "district": "北屯區",
        "village": "平和里",
        "location": "綏遠路二段187號",
        "type": "沿街",
        "collection_type": "recycling",
        "day_of_week": 4
      }
    },
    {
      "type": "Feature",
      "geometry": {
        "type": "Point",
        "coordinates": [
          120.68128394523026,
          24.17340915348819
        ]
      },
      "properties": {
        "routeId": "taichung-kel-2303-c4aa6e-d4",
        "city": "taichung",
        "route_name": "KEL-2303",
        "car_seq": "KEL-2303",
        "arrival_time": "1432",
        "departure_time": "1438",
        "district": "北屯區",
        "village": "平和里",
        "location": "遼陽二街31號",
        "type": "沿街",
        "collection_type": "garbage",
        "day_of_week": 4
      }
    },
    {
      "type": "Feature",
      "geometry": {
        "type": "Point",
        "coordinates": [
          120.68128394523026,
          24.17340915348819
        ]
      },
      "properties": {
        "routeId": "taichung-kel-2303-c4aa6e-d4",
        "city": "taichung",
        "route_name": "KEL-2303",
        "car_seq": "KEL-2303",
        "arrival_time": "1432",
        "departure_time": "1438",
        "district": "北屯區",
        "village": "平和里",
        "location": "遼陽二街31號",
        "type": "沿街",
        "collection_type": "recycling",
        "day_of_week": 4
      }
    },
    {
      "type": "Feature",
      "geometry": {
        "type": "Point",
        "coordinates": [
          120.68141585342848,
          24.17367624432081
        ]
      },
      "properties": {
        "routeId": "taichung-kel-2303-c4aa6e-d4",
        "city": "taichung",
        "route_name": "KEL-2303",
        "car_seq": "KEL-2303",
        "arrival_time": "1433",
        "departure_time": "1439",
        "district": "北屯區",
        "village": "平和里",
        "location": "瀋陽路二段50號",
        "type": "沿街",
        "collection_type": "garbage",
        "day_of_week": 4
      }
    },
    {
      "type": "Feature",
      "geometry": {
        "type": "Point",
        "coordinates": [
          120.68141585342848,
          24.17367624432081
        ]
      },
      "properties": {
        "routeId": "taichung-kel-2303-c4aa6e-d4",
        "city": "taichung",
        "route_name": "KEL-2303",
        "car_seq": "KEL-2303",
        "arrival_time": "1433",
        "departure_time": "1439",
        "district": "北屯區",
        "village": "平和里",
        "location": "瀋陽路二段50號",
        "type": "沿街",
        "collection_type": "recycling",
        "day_of_week": 4
      }
    },
    {
      "type": "Feature",
      "geometry": {
        "type": "Point",
        "coordinates": [
          120.68325448843991,
          24.17372138307632
        ]
      },
      "properties": {
        "routeId": "taichung-kel-2303-c4aa6e-d4",
        "city": "taichung",
        "route_name": "KEL-2303",
        "car_seq": "KEL-2303",
        "arrival_time": "1434",
        "departure_time": "1440",
        "district": "北屯區",
        "village": "平和里",
        "location": "瀋陽路二段137號",
        "type": "沿街",
        "collection_type": "garbage",
        "day_of_week": 4
      }
    },
    {
      "type": "Feature",
      "geometry": {
        "type": "Point",
        "coordinates": [
          120.68325448843991,
          24.17372138307632
        ]
      },
      "properties": {
        "routeId": "taichung-kel-2303-c4aa6e-d4",
        "city": "taichung",
        "route_name": "KEL-2303",
        "car_seq": "KEL-2303",
        "arrival_time": "1434",
        "departure_time": "1440",
        "district": "北屯區",
        "village": "平和里",
        "location": "瀋陽路二段137號",
        "type": "沿街",
        "collection_type": "recycling",
        "day_of_week": 4
      }
    },
    {
      "type": "Feature",
      "geometry": {
        "type": "Point",
        "coordinates": [
          120.68409909429884,
          24.173386740011935
        ]
      },
      "properties": {
        "routeId": "taichung-kel-2303-c4aa6e-d4",
        "city": "taichung",
        "route_name": "KEL-2303",
        "car_seq": "KEL-2303",
        "arrival_time": "1436",
        "departure_time": "1442",
        "district": "北屯區",
        "village": "平和里",
        "location": "瀋陽路二段162號",
        "type": "沿街",
        "collection_type": "garbage",
        "day_of_week": 4
      }
    },
    {
      "type": "Feature",
      "geometry": {
        "type": "Point",
        "coordinates": [
          120.68409909429884,
          24.173386740011935
        ]
      },
      "properties": {
        "routeId": "taichung-kel-2303-c4aa6e-d4",
        "city": "taichung",
        "route_name": "KEL-2303",
        "car_seq": "KEL-2303",
        "arrival_time": "1436",
        "departure_time": "1442",
        "district": "北屯區",
        "village": "平和里",
        "location": "瀋陽路二段162號",
        "type": "沿街",
        "collection_type": "recycling",
        "day_of_week": 4
      }
    },
    {
      "type": "Feature",
      "geometry": {
        "type": "Point",
        "coordinates": [
          120.6843559669523,
          24.173823936963178
        ]
      },
      "properties": {
        "routeId": "taichung-kel-2303-c4aa6e-d4",
        "city": "taichung",
        "route_name": "KEL-2303",
        "car_seq": "KEL-2303",
        "arrival_time": "1437",
        "departure_time": "1443",
        "district": "北屯區",
        "village": "平和里",
        "location": "安順東六街19號",
        "type": "沿街",
        "collection_type": "garbage",
        "day_of_week": 4
      }
    },
    {
      "type": "Feature",
      "geometry": {
        "type": "Point",
        "coordinates": [
          120.6843559669523,
          24.173823936963178
        ]
      },
      "properties": {
        "routeId": "taichung-kel-2303-c4aa6e-d4",
        "city": "taichung",
        "route_name": "KEL-2303",
        "car_seq": "KEL-2303",
        "arrival_time": "1437",
        "departure_time": "1443",
        "district": "北屯區",
        "village": "平和里",
        "location": "安順東六街19號",
        "type": "沿街",
        "collection_type": "recycling",
        "day_of_week": 4
      }
    },
    {
      "type": "Feature",
      "geometry": {
        "type": "Point",
        "coordinates": [
          120.68413033238828,
          24.174250735373775
        ]
      },
      "properties": {
        "routeId": "taichung-kel-2303-c4aa6e-d4",
        "city": "taichung",
        "route_name": "KEL-2303",
        "car_seq": "KEL-2303",
        "arrival_time": "1438",
        "departure_time": "1444",
        "district": "北屯區",
        "village": "平和里",
        "location": "安順二街83號",
        "type": "沿街",
        "collection_type": "garbage",
        "day_of_week": 4
      }
    },
    {
      "type": "Feature",
      "geometry": {
        "type": "Point",
        "coordinates": [
          120.68413033238828,
          24.174250735373775
        ]
      },
      "properties": {
        "routeId": "taichung-kel-2303-c4aa6e-d4",
        "city": "taichung",
        "route_name": "KEL-2303",
        "car_seq": "KEL-2303",
        "arrival_time": "1438",
        "departure_time": "1444",
        "district": "北屯區",
        "village": "平和里",
        "location": "安順二街83號",
        "type": "沿街",
        "collection_type": "recycling",
        "day_of_week": 4
      }
    },
    {
      "type": "Feature",
      "geometry": {
        "type": "Point",
        "coordinates": [
          120.68384687543401,
          24.17401375240984
        ]
      },
      "properties": {
        "routeId": "taichung-kel-2303-c4aa6e-d4",
        "city": "taichung",
        "route_name": "KEL-2303",
        "car_seq": "KEL-2303",
        "arrival_time": "1439",
        "departure_time": "1445",
        "district": "北屯區",
        "village": "平和里",
        "location": "安順二街52號",
        "type": "沿街",
        "collection_type": "garbage",
        "day_of_week": 4
      }
    },
    {
      "type": "Feature",
      "geometry": {
        "type": "Point",
        "coordinates": [
          120.68384687543401,
          24.17401375240984
        ]
      },
      "properties": {
        "routeId": "taichung-kel-2303-c4aa6e-d4",
        "city": "taichung",
        "route_name": "KEL-2303",
        "car_seq": "KEL-2303",
        "arrival_time": "1439",
        "departure_time": "1445",
        "district": "北屯區",
        "village": "平和里",
        "location": "安順二街52號",
        "type": "沿街",
        "collection_type": "recycling",
        "day_of_week": 4
      }
    },
    {
      "type": "Feature",
      "geometry": {
        "type": "Point",
        "coordinates": [
          120.68372524139053,
          24.174288044512725
        ]
      },
      "properties": {
        "routeId": "taichung-kel-2303-c4aa6e-d4",
        "city": "taichung",
        "route_name": "KEL-2303",
        "car_seq": "KEL-2303",
        "arrival_time": "1440",
        "departure_time": "1446",
        "district": "北屯區",
        "village": "平和里",
        "location": "河北路二段202號",
        "type": "沿街",
        "collection_type": "garbage",
        "day_of_week": 4
      }
    },
    {
      "type": "Feature",
      "geometry": {
        "type": "Point",
        "coordinates": [
          120.68372524139053,
          24.174288044512725
        ]
      },
      "properties": {
        "routeId": "taichung-kel-2303-c4aa6e-d4",
        "city": "taichung",
        "route_name": "KEL-2303",
        "car_seq": "KEL-2303",
        "arrival_time": "1440",
        "departure_time": "1446",
        "district": "北屯區",
        "village": "平和里",
        "location": "河北路二段202號",
        "type": "沿街",
        "collection_type": "recycling",
        "day_of_week": 4
      }
    },
    {
      "type": "Feature",
      "geometry": {
        "type": "Point",
        "coordinates": [
          120.68477416060664,
          24.172979200631683
        ]
      },
      "properties": {
        "routeId": "taichung-kel-2303-c4aa6e-d4",
        "city": "taichung",
        "route_name": "KEL-2303",
        "car_seq": "KEL-2303",
        "arrival_time": "1442",
        "departure_time": "1448",
        "district": "北屯區",
        "village": "平和里",
        "location": "遼陽三街37號",
        "type": "沿街",
        "collection_type": "garbage",
        "day_of_week": 4
      }
    },
    {
      "type": "Feature",
      "geometry": {
        "type": "Point",
        "coordinates": [
          120.68477416060664,
          24.172979200631683
        ]
      },
      "properties": {
        "routeId": "taichung-kel-2303-c4aa6e-d4",
        "city": "taichung",
        "route_name": "KEL-2303",
        "car_seq": "KEL-2303",
        "arrival_time": "1442",
        "departure_time": "1448",
        "district": "北屯區",
        "village": "平和里",
        "location": "遼陽三街37號",
        "type": "沿街",
        "collection_type": "recycling",
        "day_of_week": 4
      }
    },
    {
      "type": "Feature",
      "geometry": {
        "type": "Point",
        "coordinates": [
          120.68462548584142,
          24.172964274852223
        ]
      },
      "properties": {
        "routeId": "taichung-kel-2303-c4aa6e-d4",
        "city": "taichung",
        "route_name": "KEL-2303",
        "car_seq": "KEL-2303",
        "arrival_time": "1443",
        "departure_time": "1449",
        "district": "北屯區",
        "village": "平和里",
        "location": "遼陽三街31號",
        "type": "沿街",
        "collection_type": "garbage",
        "day_of_week": 4
      }
    },
    {
      "type": "Feature",
      "geometry": {
        "type": "Point",
        "coordinates": [
          120.68462548584142,
          24.172964274852223
        ]
      },
      "properties": {
        "routeId": "taichung-kel-2303-c4aa6e-d4",
        "city": "taichung",
        "route_name": "KEL-2303",
        "car_seq": "KEL-2303",
        "arrival_time": "1443",
        "departure_time": "1449",
        "district": "北屯區",
        "village": "平和里",
        "location": "遼陽三街31號",
        "type": "沿街",
        "collection_type": "recycling",
        "day_of_week": 4
      }
    },
    {
      "type": "Feature",
      "geometry": {
        "type": "Point",
        "coordinates": [
          120.68388939973558,
          24.17309177936972
        ]
      },
      "properties": {
        "routeId": "taichung-kel-2303-c4aa6e-d4",
        "city": "taichung",
        "route_name": "KEL-2303",
        "car_seq": "KEL-2303",
        "arrival_time": "1445",
        "departure_time": "1451",
        "district": "北屯區",
        "village": "平和里",
        "location": "遼陽三街9號",
        "type": "沿街",
        "collection_type": "garbage",
        "day_of_week": 4
      }
    },
    {
      "type": "Feature",
      "geometry": {
        "type": "Point",
        "coordinates": [
          120.68388939973558,
          24.17309177936972
        ]
      },
      "properties": {
        "routeId": "taichung-kel-2303-c4aa6e-d4",
        "city": "taichung",
        "route_name": "KEL-2303",
        "car_seq": "KEL-2303",
        "arrival_time": "1445",
        "departure_time": "1451",
        "district": "北屯區",
        "village": "平和里",
        "location": "遼陽三街9號",
        "type": "沿街",
        "collection_type": "recycling",
        "day_of_week": 4
      }
    },
    {
      "type": "Feature",
      "geometry": {
        "type": "Point",
        "coordinates": [
          120.68376629637139,
          24.173843031255824
        ]
      },
      "properties": {
        "routeId": "taichung-kel-2303-c4aa6e-d4",
        "city": "taichung",
        "route_name": "KEL-2303",
        "car_seq": "KEL-2303",
        "arrival_time": "1446",
        "departure_time": "1452",
        "district": "北屯區",
        "village": "平和里",
        "location": "河北路二段188號",
        "type": "沿街",
        "collection_type": "garbage",
        "day_of_week": 4
      }
    },
    {
      "type": "Feature",
      "geometry": {
        "type": "Point",
        "coordinates": [
          120.68376629637139,
          24.173843031255824
        ]
      },
      "properties": {
        "routeId": "taichung-kel-2303-c4aa6e-d4",
        "city": "taichung",
        "route_name": "KEL-2303",
        "car_seq": "KEL-2303",
        "arrival_time": "1446",
        "departure_time": "1452",
        "district": "北屯區",
        "village": "平和里",
        "location": "河北路二段188號",
        "type": "沿街",
        "collection_type": "recycling",
        "day_of_week": 4
      }
    },
    {
      "type": "Feature",
      "geometry": {
        "type": "Point",
        "coordinates": [
          120.68299856281986,
          24.17438082850816
        ]
      },
      "properties": {
        "routeId": "taichung-kel-2303-c4aa6e-d4",
        "city": "taichung",
        "route_name": "KEL-2303",
        "car_seq": "KEL-2303",
        "arrival_time": "1447",
        "departure_time": "1453",
        "district": "北屯區",
        "village": "平和里",
        "location": "安順二街53號",
        "type": "沿街",
        "collection_type": "garbage",
        "day_of_week": 4
      }
    },
    {
      "type": "Feature",
      "geometry": {
        "type": "Point",
        "coordinates": [
          120.68299856281986,
          24.17438082850816
        ]
      },
      "properties": {
        "routeId": "taichung-kel-2303-c4aa6e-d4",
        "city": "taichung",
        "route_name": "KEL-2303",
        "car_seq": "KEL-2303",
        "arrival_time": "1447",
        "departure_time": "1453",
        "district": "北屯區",
        "village": "平和里",
        "location": "安順二街53號",
        "type": "沿街",
        "collection_type": "recycling",
        "day_of_week": 4
      }
    },
    {
      "type": "Feature",
      "geometry": {
        "type": "Point",
        "coordinates": [
          120.68214404640543,
          24.174473062729557
        ]
      },
      "properties": {
        "routeId": "taichung-kel-2303-c4aa6e-d4",
        "city": "taichung",
        "route_name": "KEL-2303",
        "car_seq": "KEL-2303",
        "arrival_time": "1449",
        "departure_time": "1455",
        "district": "北屯區",
        "village": "平和里",
        "location": "安順二街37號",
        "type": "沿街",
        "collection_type": "garbage",
        "day_of_week": 4
      }
    },
    {
      "type": "Feature",
      "geometry": {
        "type": "Point",
        "coordinates": [
          120.68214404640543,
          24.174473062729557
        ]
      },
      "properties": {
        "routeId": "taichung-kel-2303-c4aa6e-d4",
        "city": "taichung",
        "route_name": "KEL-2303",
        "car_seq": "KEL-2303",
        "arrival_time": "1449",
        "departure_time": "1455",
        "district": "北屯區",
        "village": "平和里",
        "location": "安順二街37號",
        "type": "沿街",
        "collection_type": "recycling",
        "day_of_week": 4
      }
    },
    {
      "type": "Feature",
      "geometry": {
        "type": "Point",
        "coordinates": [
          120.68137131356418,
          24.174570311769124
        ]
      },
      "properties": {
        "routeId": "taichung-kel-2303-c4aa6e-d4",
        "city": "taichung",
        "route_name": "KEL-2303",
        "car_seq": "KEL-2303",
        "arrival_time": "1451",
        "departure_time": "1457",
        "district": "北屯區",
        "village": "平和里",
        "location": "安順二街27號",
        "type": "沿街",
        "collection_type": "garbage",
        "day_of_week": 4
      }
    },
    {
      "type": "Feature",
      "geometry": {
        "type": "Point",
        "coordinates": [
          120.68137131356418,
          24.174570311769124
        ]
      },
      "properties": {
        "routeId": "taichung-kel-2303-c4aa6e-d4",
        "city": "taichung",
        "route_name": "KEL-2303",
        "car_seq": "KEL-2303",
        "arrival_time": "1451",
        "departure_time": "1457",
        "district": "北屯區",
        "village": "平和里",
        "location": "安順二街27號",
        "type": "沿街",
        "collection_type": "recycling",
        "day_of_week": 4
      }
    },
    {
      "type": "Feature",
      "geometry": {
        "type": "Point",
        "coordinates": [
          120.68084954231581,
          24.1743903507141
        ]
      },
      "properties": {
        "routeId": "taichung-kel-2303-c4aa6e-d4",
        "city": "taichung",
        "route_name": "KEL-2303",
        "car_seq": "KEL-2303",
        "arrival_time": "1452",
        "departure_time": "1458",
        "district": "北屯區",
        "village": "平和里",
        "location": "安順東四街29號",
        "type": "沿街",
        "collection_type": "garbage",
        "day_of_week": 4
      }
    },
    {
      "type": "Feature",
      "geometry": {
        "type": "Point",
        "coordinates": [
          120.68084954231581,
          24.1743903507141
        ]
      },
      "properties": {
        "routeId": "taichung-kel-2303-c4aa6e-d4",
        "city": "taichung",
        "route_name": "KEL-2303",
        "car_seq": "KEL-2303",
        "arrival_time": "1452",
        "departure_time": "1458",
        "district": "北屯區",
        "village": "平和里",
        "location": "安順東四街29號",
        "type": "沿街",
        "collection_type": "recycling",
        "day_of_week": 4
      }
    },
    {
      "type": "Feature",
      "geometry": {
        "type": "Point",
        "coordinates": [
          120.68052540384951,
          24.17405469482168
        ]
      },
      "properties": {
        "routeId": "taichung-kel-2303-c4aa6e-d4",
        "city": "taichung",
        "route_name": "KEL-2303",
        "car_seq": "KEL-2303",
        "arrival_time": "1502",
        "departure_time": "1508",
        "district": "北屯區",
        "village": "平和里",
        "location": "瀋陽路二段25號",
        "type": "沿街",
        "collection_type": "garbage",
        "day_of_week": 4
      }
    },
    {
      "type": "Feature",
      "geometry": {
        "type": "Point",
        "coordinates": [
          120.68052540384951,
          24.17405469482168
        ]
      },
      "properties": {
        "routeId": "taichung-kel-2303-c4aa6e-d4",
        "city": "taichung",
        "route_name": "KEL-2303",
        "car_seq": "KEL-2303",
        "arrival_time": "1502",
        "departure_time": "1508",
        "district": "北屯區",
        "village": "平和里",
        "location": "瀋陽路二段25號",
        "type": "沿街",
        "collection_type": "recycling",
        "day_of_week": 4
      }
    },
    {
      "type": "Feature",
      "geometry": {
        "type": "Point",
        "coordinates": [
          120.67857371251407,
          24.174236642103068
        ]
      },
      "properties": {
        "routeId": "taichung-kel-2303-c4aa6e-d4",
        "city": "taichung",
        "route_name": "KEL-2303",
        "car_seq": "KEL-2303",
        "arrival_time": "1504",
        "departure_time": "1510",
        "district": "北屯區",
        "village": "平和里",
        "location": "瀋陽路一段101號",
        "type": "沿街",
        "collection_type": "garbage",
        "day_of_week": 4
      }
    },
    {
      "type": "Feature",
      "geometry": {
        "type": "Point",
        "coordinates": [
          120.67857371251407,
          24.174236642103068
        ]
      },
      "properties": {
        "routeId": "taichung-kel-2303-c4aa6e-d4",
        "city": "taichung",
        "route_name": "KEL-2303",
        "car_seq": "KEL-2303",
        "arrival_time": "1504",
        "departure_time": "1510",
        "district": "北屯區",
        "village": "平和里",
        "location": "瀋陽路一段101號",
        "type": "沿街",
        "collection_type": "recycling",
        "day_of_week": 4
      }
    },
    {
      "type": "Feature",
      "geometry": {
        "type": "Point",
        "coordinates": [
          120.67784574756121,
          24.174362283431666
        ]
      },
      "properties": {
        "routeId": "taichung-kel-2303-c4aa6e-d4",
        "city": "taichung",
        "route_name": "KEL-2303",
        "car_seq": "KEL-2303",
        "arrival_time": "1505",
        "departure_time": "1511",
        "district": "北屯區",
        "village": "平和里",
        "location": "瀋陽路一段81號",
        "type": "沿街",
        "collection_type": "garbage",
        "day_of_week": 4
      }
    },
    {
      "type": "Feature",
      "geometry": {
        "type": "Point",
        "coordinates": [
          120.67784574756121,
          24.174362283431666
        ]
      },
      "properties": {
        "routeId": "taichung-kel-2303-c4aa6e-d4",
        "city": "taichung",
        "route_name": "KEL-2303",
        "car_seq": "KEL-2303",
        "arrival_time": "1505",
        "departure_time": "1511",
        "district": "北屯區",
        "village": "平和里",
        "location": "瀋陽路一段81號",
        "type": "沿街",
        "collection_type": "recycling",
        "day_of_week": 4
      }
    },
    {
      "type": "Feature",
      "geometry": {
        "type": "Point",
        "coordinates": [
          120.67685269491024,
          24.17447268721785
        ]
      },
      "properties": {
        "routeId": "taichung-kel-2303-c4aa6e-d4",
        "city": "taichung",
        "route_name": "KEL-2303",
        "car_seq": "KEL-2303",
        "arrival_time": "1506",
        "departure_time": "1512",
        "district": "北屯區",
        "village": "平和里",
        "location": "瀋陽路一段59號",
        "type": "沿街",
        "collection_type": "garbage",
        "day_of_week": 4
      }
    },
    {
      "type": "Feature",
      "geometry": {
        "type": "Point",
        "coordinates": [
          120.67685269491024,
          24.17447268721785
        ]
      },
      "properties": {
        "routeId": "taichung-kel-2303-c4aa6e-d4",
        "city": "taichung",
        "route_name": "KEL-2303",
        "car_seq": "KEL-2303",
        "arrival_time": "1506",
        "departure_time": "1512",
        "district": "北屯區",
        "village": "平和里",
        "location": "瀋陽路一段59號",
        "type": "沿街",
        "collection_type": "recycling",
        "day_of_week": 4
      }
    },
    {
      "type": "Feature",
      "geometry": {
        "type": "Point",
        "coordinates": [
          120.6759182597772,
          24.174325829597375
        ]
      },
      "properties": {
        "routeId": "taichung-kel-2303-c4aa6e-d4",
        "city": "taichung",
        "route_name": "KEL-2303",
        "car_seq": "KEL-2303",
        "arrival_time": "1508",
        "departure_time": "1514",
        "district": "北屯區",
        "village": "平和里",
        "location": "瀋陽路一段72號",
        "type": "沿街",
        "collection_type": "garbage",
        "day_of_week": 4
      }
    },
    {
      "type": "Feature",
      "geometry": {
        "type": "Point",
        "coordinates": [
          120.6759182597772,
          24.174325829597375
        ]
      },
      "properties": {
        "routeId": "taichung-kel-2303-c4aa6e-d4",
        "city": "taichung",
        "route_name": "KEL-2303",
        "car_seq": "KEL-2303",
        "arrival_time": "1508",
        "departure_time": "1514",
        "district": "北屯區",
        "village": "平和里",
        "location": "瀋陽路一段72號",
        "type": "沿街",
        "collection_type": "recycling",
        "day_of_week": 4
      }
    },
    {
      "type": "Feature",
      "geometry": {
        "type": "Point",
        "coordinates": [
          120.67785281252229,
          24.176641188189837
        ]
      },
      "properties": {
        "routeId": "taichung-kel-2303-c4aa6e-d4",
        "city": "taichung",
        "route_name": "KEL-2303",
        "car_seq": "KEL-2303",
        "arrival_time": "1517",
        "departure_time": "1523",
        "district": "北屯區",
        "village": "平陽里",
        "location": "大連路一段168號",
        "type": "沿街",
        "collection_type": "garbage",
        "day_of_week": 4
      }
    },
    {
      "type": "Feature",
      "geometry": {
        "type": "Point",
        "coordinates": [
          120.67785281252229,
          24.176641188189837
        ]
      },
      "properties": {
        "routeId": "taichung-kel-2303-c4aa6e-d4",
        "city": "taichung",
        "route_name": "KEL-2303",
        "car_seq": "KEL-2303",
        "arrival_time": "1517",
        "departure_time": "1523",
        "district": "北屯區",
        "village": "平陽里",
        "location": "大連路一段168號",
        "type": "沿街",
        "collection_type": "recycling",
        "day_of_week": 4
      }
    },
    {
      "type": "Feature",
      "geometry": {
        "type": "Point",
        "coordinates": [
          120.67864664163777,
          24.176556001497385
        ]
      },
      "properties": {
        "routeId": "taichung-kel-2303-c4aa6e-d4",
        "city": "taichung",
        "route_name": "KEL-2303",
        "car_seq": "KEL-2303",
        "arrival_time": "1520",
        "departure_time": "1526",
        "district": "北屯區",
        "village": "平陽里",
        "location": "大連路一段202號",
        "type": "沿街",
        "collection_type": "garbage",
        "day_of_week": 4
      }
    },
    {
      "type": "Feature",
      "geometry": {
        "type": "Point",
        "coordinates": [
          120.67864664163777,
          24.176556001497385
        ]
      },
      "properties": {
        "routeId": "taichung-kel-2303-c4aa6e-d4",
        "city": "taichung",
        "route_name": "KEL-2303",
        "car_seq": "KEL-2303",
        "arrival_time": "1520",
        "departure_time": "1526",
        "district": "北屯區",
        "village": "平陽里",
        "location": "大連路一段202號",
        "type": "沿街",
        "collection_type": "recycling",
        "day_of_week": 4
      }
    },
    {
      "type": "Feature",
      "geometry": {
        "type": "Point",
        "coordinates": [
          120.67932009359549,
          24.176477239231666
        ]
      },
      "properties": {
        "routeId": "taichung-kel-2303-c4aa6e-d4",
        "city": "taichung",
        "route_name": "KEL-2303",
        "car_seq": "KEL-2303",
        "arrival_time": "1522",
        "departure_time": "1528",
        "district": "北屯區",
        "village": "平陽里",
        "location": "大連路一段272號",
        "type": "沿街",
        "collection_type": "garbage",
        "day_of_week": 4
      }
    },
    {
      "type": "Feature",
      "geometry": {
        "type": "Point",
        "coordinates": [
          120.67932009359549,
          24.176477239231666
        ]
      },
      "properties": {
        "routeId": "taichung-kel-2303-c4aa6e-d4",
        "city": "taichung",
        "route_name": "KEL-2303",
        "car_seq": "KEL-2303",
        "arrival_time": "1522",
        "departure_time": "1528",
        "district": "北屯區",
        "village": "平陽里",
        "location": "大連路一段272號",
        "type": "沿街",
        "collection_type": "recycling",
        "day_of_week": 4
      }
    },
    {
      "type": "Feature",
      "geometry": {
        "type": "Point",
        "coordinates": [
          120.68085365584807,
          24.17657542638811
        ]
      },
      "properties": {
        "routeId": "taichung-kel-2303-c4aa6e-d4",
        "city": "taichung",
        "route_name": "KEL-2303",
        "car_seq": "KEL-2303",
        "arrival_time": "1527",
        "departure_time": "1533",
        "district": "北屯區",
        "village": "平陽里",
        "location": "大連路一段387號",
        "type": "沿街",
        "collection_type": "garbage",
        "day_of_week": 4
      }
    },
    {
      "type": "Feature",
      "geometry": {
        "type": "Point",
        "coordinates": [
          120.68085365584807,
          24.17657542638811
        ]
      },
      "properties": {
        "routeId": "taichung-kel-2303-c4aa6e-d4",
        "city": "taichung",
        "route_name": "KEL-2303",
        "car_seq": "KEL-2303",
        "arrival_time": "1527",
        "departure_time": "1533",
        "district": "北屯區",
        "village": "平陽里",
        "location": "大連路一段387號",
        "type": "沿街",
        "collection_type": "recycling",
        "day_of_week": 4
      }
    },
    {
      "type": "Feature",
      "geometry": {
        "type": "Point",
        "coordinates": [
          120.6801131189075,
          24.17575420609319
        ]
      },
      "properties": {
        "routeId": "taichung-kel-2303-c4aa6e-d4",
        "city": "taichung",
        "route_name": "KEL-2303",
        "car_seq": "KEL-2303",
        "arrival_time": "1528",
        "departure_time": "1534",
        "district": "北屯區",
        "village": "平陽里",
        "location": "梅川西路四段310號",
        "type": "沿街",
        "collection_type": "garbage",
        "day_of_week": 4
      }
    },
    {
      "type": "Feature",
      "geometry": {
        "type": "Point",
        "coordinates": [
          120.6801131189075,
          24.17575420609319
        ]
      },
      "properties": {
        "routeId": "taichung-kel-2303-c4aa6e-d4",
        "city": "taichung",
        "route_name": "KEL-2303",
        "car_seq": "KEL-2303",
        "arrival_time": "1528",
        "departure_time": "1534",
        "district": "北屯區",
        "village": "平陽里",
        "location": "梅川西路四段310號",
        "type": "沿街",
        "collection_type": "recycling",
        "day_of_week": 4
      }
    },
    {
      "type": "Feature",
      "geometry": {
        "type": "Point",
        "coordinates": [
          120.67967386965523,
          24.175973011501537
        ]
      },
      "properties": {
        "routeId": "taichung-kel-2303-c4aa6e-d4",
        "city": "taichung",
        "route_name": "KEL-2303",
        "car_seq": "KEL-2303",
        "arrival_time": "1529",
        "departure_time": "1535",
        "district": "北屯區",
        "village": "平陽里",
        "location": "安順北一街81號",
        "type": "沿街",
        "collection_type": "garbage",
        "day_of_week": 4
      }
    },
    {
      "type": "Feature",
      "geometry": {
        "type": "Point",
        "coordinates": [
          120.67967386965523,
          24.175973011501537
        ]
      },
      "properties": {
        "routeId": "taichung-kel-2303-c4aa6e-d4",
        "city": "taichung",
        "route_name": "KEL-2303",
        "car_seq": "KEL-2303",
        "arrival_time": "1529",
        "departure_time": "1535",
        "district": "北屯區",
        "village": "平陽里",
        "location": "安順北一街81號",
        "type": "沿街",
        "collection_type": "recycling",
        "day_of_week": 4
      }
    },
    {
      "type": "Feature",
      "geometry": {
        "type": "Point",
        "coordinates": [
          120.67926807918681,
          24.176067020147723
        ]
      },
      "properties": {
        "routeId": "taichung-kel-2303-c4aa6e-d4",
        "city": "taichung",
        "route_name": "KEL-2303",
        "car_seq": "KEL-2303",
        "arrival_time": "1531",
        "departure_time": "1537",
        "district": "北屯區",
        "village": "平陽里",
        "location": "安順北一街65號",
        "type": "沿街",
        "collection_type": "garbage",
        "day_of_week": 4
      }
    },
    {
      "type": "Feature",
      "geometry": {
        "type": "Point",
        "coordinates": [
          120.67926807918681,
          24.176067020147723
        ]
      },
      "properties": {
        "routeId": "taichung-kel-2303-c4aa6e-d4",
        "city": "taichung",
        "route_name": "KEL-2303",
        "car_seq": "KEL-2303",
        "arrival_time": "1531",
        "departure_time": "1537",
        "district": "北屯區",
        "village": "平陽里",
        "location": "安順北一街65號",
        "type": "沿街",
        "collection_type": "recycling",
        "day_of_week": 4
      }
    },
    {
      "type": "Feature",
      "geometry": {
        "type": "Point",
        "coordinates": [
          120.678957481882,
          24.17609399615922
        ]
      },
      "properties": {
        "routeId": "taichung-kel-2303-c4aa6e-d4",
        "city": "taichung",
        "route_name": "KEL-2303",
        "car_seq": "KEL-2303",
        "arrival_time": "1533",
        "departure_time": "1539",
        "district": "北屯區",
        "village": "平陽里",
        "location": "安順北一街49號",
        "type": "沿街",
        "collection_type": "garbage",
        "day_of_week": 4
      }
    },
    {
      "type": "Feature",
      "geometry": {
        "type": "Point",
        "coordinates": [
          120.678957481882,
          24.17609399615922
        ]
      },
      "properties": {
        "routeId": "taichung-kel-2303-c4aa6e-d4",
        "city": "taichung",
        "route_name": "KEL-2303",
        "car_seq": "KEL-2303",
        "arrival_time": "1533",
        "departure_time": "1539",
        "district": "北屯區",
        "village": "平陽里",
        "location": "安順北一街49號",
        "type": "沿街",
        "collection_type": "recycling",
        "day_of_week": 4
      }
    },
    {
      "type": "Feature",
      "geometry": {
        "type": "Point",
        "coordinates": [
          120.67801770780346,
          24.17591576334361
        ]
      },
      "properties": {
        "routeId": "taichung-kel-2303-c4aa6e-d4",
        "city": "taichung",
        "route_name": "KEL-2303",
        "car_seq": "KEL-2303",
        "arrival_time": "1534",
        "departure_time": "1540",
        "district": "北屯區",
        "village": "平陽里",
        "location": "安順北一街28號",
        "type": "沿街",
        "collection_type": "garbage",
        "day_of_week": 4
      }
    },
    {
      "type": "Feature",
      "geometry": {
        "type": "Point",
        "coordinates": [
          120.67801770780346,
          24.17591576334361
        ]
      },
      "properties": {
        "routeId": "taichung-kel-2303-c4aa6e-d4",
        "city": "taichung",
        "route_name": "KEL-2303",
        "car_seq": "KEL-2303",
        "arrival_time": "1534",
        "departure_time": "1540",
        "district": "北屯區",
        "village": "平陽里",
        "location": "安順北一街28號",
        "type": "沿街",
        "collection_type": "recycling",
        "day_of_week": 4
      }
    },
    {
      "type": "Feature",
      "geometry": {
        "type": "Point",
        "coordinates": [
          120.67779119076525,
          24.175982462710554
        ]
      },
      "properties": {
        "routeId": "taichung-kel-2303-c4aa6e-d4",
        "city": "taichung",
        "route_name": "KEL-2303",
        "car_seq": "KEL-2303",
        "arrival_time": "1535",
        "departure_time": "1541",
        "district": "北屯區",
        "village": "平陽里",
        "location": "安順東一街42號",
        "type": "沿街",
        "collection_type": "garbage",
        "day_of_week": 4
      }
    },
    {
      "type": "Feature",
      "geometry": {
        "type": "Point",
        "coordinates": [
          120.67779119076525,
          24.175982462710554
        ]
      },
      "properties": {
        "routeId": "taichung-kel-2303-c4aa6e-d4",
        "city": "taichung",
        "route_name": "KEL-2303",
        "car_seq": "KEL-2303",
        "arrival_time": "1535",
        "departure_time": "1541",
        "district": "北屯區",
        "village": "平陽里",
        "location": "安順東一街42號",
        "type": "沿街",
        "collection_type": "recycling",
        "day_of_week": 4
      }
    },
    {
      "type": "Feature",
      "geometry": {
        "type": "Point",
        "coordinates": [
          120.6801655544319,
          24.176423024275405
        ]
      },
      "properties": {
        "routeId": "taichung-kel-2303-c4aa6e-d4",
        "city": "taichung",
        "route_name": "KEL-2303",
        "car_seq": "KEL-2303",
        "arrival_time": "1535",
        "departure_time": "1541",
        "district": "北屯區",
        "village": "平陽里",
        "location": "大連路一段304號",
        "type": "沿街",
        "collection_type": "garbage",
        "day_of_week": 4
      }
    },
    {
      "type": "Feature",
      "geometry": {
        "type": "Point",
        "coordinates": [
          120.6801655544319,
          24.176423024275405
        ]
      },
      "properties": {
        "routeId": "taichung-kel-2303-c4aa6e-d4",
        "city": "taichung",
        "route_name": "KEL-2303",
        "car_seq": "KEL-2303",
        "arrival_time": "1535",
        "departure_time": "1541",
        "district": "北屯區",
        "village": "平陽里",
        "location": "大連路一段304號",
        "type": "沿街",
        "collection_type": "recycling",
        "day_of_week": 4
      }
    },
    {
      "type": "Feature",
      "geometry": {
        "type": "Point",
        "coordinates": [
          120.67834050488493,
          24.175470262903985
        ]
      },
      "properties": {
        "routeId": "taichung-kel-2303-c4aa6e-d4",
        "city": "taichung",
        "route_name": "KEL-2303",
        "car_seq": "KEL-2303",
        "arrival_time": "1536",
        "departure_time": "1542",
        "district": "北屯區",
        "village": "平陽里",
        "location": "旅順路一段69號",
        "type": "沿街",
        "collection_type": "garbage",
        "day_of_week": 4
      }
    },
    {
      "type": "Feature",
      "geometry": {
        "type": "Point",
        "coordinates": [
          120.67834050488493,
          24.175470262903985
        ]
      },
      "properties": {
        "routeId": "taichung-kel-2303-c4aa6e-d4",
        "city": "taichung",
        "route_name": "KEL-2303",
        "car_seq": "KEL-2303",
        "arrival_time": "1536",
        "departure_time": "1542",
        "district": "北屯區",
        "village": "平陽里",
        "location": "旅順路一段69號",
        "type": "沿街",
        "collection_type": "recycling",
        "day_of_week": 4
      }
    },
    {
      "type": "Feature",
      "geometry": {
        "type": "Point",
        "coordinates": [
          120.67891055144595,
          24.17510772884609
        ]
      },
      "properties": {
        "routeId": "taichung-kel-2303-c4aa6e-d4",
        "city": "taichung",
        "route_name": "KEL-2303",
        "car_seq": "KEL-2303",
        "arrival_time": "1537",
        "departure_time": "1543",
        "district": "北屯區",
        "village": "平陽里",
        "location": "旅順路一段88號",
        "type": "沿街",
        "collection_type": "garbage",
        "day_of_week": 4
      }
    },
    {
      "type": "Feature",
      "geometry": {
        "type": "Point",
        "coordinates": [
          120.67891055144595,
          24.17510772884609
        ]
      },
      "properties": {
        "routeId": "taichung-kel-2303-c4aa6e-d4",
        "city": "taichung",
        "route_name": "KEL-2303",
        "car_seq": "KEL-2303",
        "arrival_time": "1537",
        "departure_time": "1543",
        "district": "北屯區",
        "village": "平陽里",
        "location": "旅順路一段88號",
        "type": "沿街",
        "collection_type": "recycling",
        "day_of_week": 4
      }
    },
    {
      "type": "Feature",
      "geometry": {
        "type": "Point",
        "coordinates": [
          120.67964193737883,
          24.175332019291787
        ]
      },
      "properties": {
        "routeId": "taichung-kel-2303-c4aa6e-d4",
        "city": "taichung",
        "route_name": "KEL-2303",
        "car_seq": "KEL-2303",
        "arrival_time": "1538",
        "departure_time": "1544",
        "district": "北屯區",
        "village": "平陽里",
        "location": "旅順路一段95號",
        "type": "沿街",
        "collection_type": "garbage",
        "day_of_week": 4
      }
    },
    {
      "type": "Feature",
      "geometry": {
        "type": "Point",
        "coordinates": [
          120.67964193737883,
          24.175332019291787
        ]
      },
      "properties": {
        "routeId": "taichung-kel-2303-c4aa6e-d4",
        "city": "taichung",
        "route_name": "KEL-2303",
        "car_seq": "KEL-2303",
        "arrival_time": "1538",
        "departure_time": "1544",
        "district": "北屯區",
        "village": "平陽里",
        "location": "旅順路一段95號",
        "type": "沿街",
        "collection_type": "recycling",
        "day_of_week": 4
      }
    },
    {
      "type": "Feature",
      "geometry": {
        "type": "Point",
        "coordinates": [
          120.67873703535602,
          24.174871879871876
        ]
      },
      "properties": {
        "routeId": "taichung-kel-2303-c4aa6e-d4",
        "city": "taichung",
        "route_name": "KEL-2303",
        "car_seq": "KEL-2303",
        "arrival_time": "1539",
        "departure_time": "1545",
        "district": "北屯區",
        "village": "平陽里",
        "location": "安順一街49號",
        "type": "沿街",
        "collection_type": "garbage",
        "day_of_week": 4
      }
    },
    {
      "type": "Feature",
      "geometry": {
        "type": "Point",
        "coordinates": [
          120.67873703535602,
          24.174871879871876
        ]
      },
      "properties": {
        "routeId": "taichung-kel-2303-c4aa6e-d4",
        "city": "taichung",
        "route_name": "KEL-2303",
        "car_seq": "KEL-2303",
        "arrival_time": "1539",
        "departure_time": "1545",
        "district": "北屯區",
        "village": "平陽里",
        "location": "安順一街49號",
        "type": "沿街",
        "collection_type": "recycling",
        "day_of_week": 4
      }
    },
    {
      "type": "Feature",
      "geometry": {
        "type": "Point",
        "coordinates": [
          120.6776462769515,
          24.174664965718726
        ]
      },
      "properties": {
        "routeId": "taichung-kel-2303-c4aa6e-d4",
        "city": "taichung",
        "route_name": "KEL-2303",
        "car_seq": "KEL-2303",
        "arrival_time": "1541",
        "departure_time": "1547",
        "district": "北屯區",
        "village": "平陽里",
        "location": "安順一街20號",
        "type": "沿街",
        "collection_type": "garbage",
        "day_of_week": 4
      }
    },
    {
      "type": "Feature",
      "geometry": {
        "type": "Point",
        "coordinates": [
          120.6776462769515,
          24.174664965718726
        ]
      },
      "properties": {
        "routeId": "taichung-kel-2303-c4aa6e-d4",
        "city": "taichung",
        "route_name": "KEL-2303",
        "car_seq": "KEL-2303",
        "arrival_time": "1541",
        "departure_time": "1547",
        "district": "北屯區",
        "village": "平陽里",
        "location": "安順一街20號",
        "type": "沿街",
        "collection_type": "recycling",
        "day_of_week": 4
      }
    },
    {
      "type": "Feature",
      "geometry": {
        "type": "Point",
        "coordinates": [
          120.6779861931106,
          24.174946864542108
        ]
      },
      "properties": {
        "routeId": "taichung-kel-2303-c4aa6e-d4",
        "city": "taichung",
        "route_name": "KEL-2303",
        "car_seq": "KEL-2303",
        "arrival_time": "1542",
        "departure_time": "1548",
        "district": "北屯區",
        "village": "平陽里",
        "location": "安順一街41號",
        "type": "沿街",
        "collection_type": "garbage",
        "day_of_week": 4
      }
    },
    {
      "type": "Feature",
      "geometry": {
        "type": "Point",
        "coordinates": [
          120.6779861931106,
          24.174946864542108
        ]
      },
      "properties": {
        "routeId": "taichung-kel-2303-c4aa6e-d4",
        "city": "taichung",
        "route_name": "KEL-2303",
        "car_seq": "KEL-2303",
        "arrival_time": "1542",
        "departure_time": "1548",
        "district": "北屯區",
        "village": "平陽里",
        "location": "安順一街41號",
        "type": "沿街",
        "collection_type": "recycling",
        "day_of_week": 4
      }
    },
    {
      "type": "Feature",
      "geometry": {
        "type": "Point",
        "coordinates": [
          120.67673961560283,
          24.175099621060074
        ]
      },
      "properties": {
        "routeId": "taichung-kel-2303-c4aa6e-d4",
        "city": "taichung",
        "route_name": "KEL-2303",
        "car_seq": "KEL-2303",
        "arrival_time": "1544",
        "departure_time": "1550",
        "district": "北屯區",
        "village": "平陽里",
        "location": "安順一街1號",
        "type": "沿街",
        "collection_type": "garbage",
        "day_of_week": 4
      }
    },
    {
      "type": "Feature",
      "geometry": {
        "type": "Point",
        "coordinates": [
          120.67673961560283,
          24.175099621060074
        ]
      },
      "properties": {
        "routeId": "taichung-kel-2303-c4aa6e-d4",
        "city": "taichung",
        "route_name": "KEL-2303",
        "car_seq": "KEL-2303",
        "arrival_time": "1544",
        "departure_time": "1550",
        "district": "北屯區",
        "village": "平陽里",
        "location": "安順一街1號",
        "type": "沿街",
        "collection_type": "recycling",
        "day_of_week": 4
      }
    },
    {
      "type": "Feature",
      "geometry": {
        "type": "Point",
        "coordinates": [
          120.67668627038121,
          24.17398650523521
        ]
      },
      "properties": {
        "routeId": "taichung-kel-2303-c4aa6e-d4",
        "city": "taichung",
        "route_name": "KEL-2303",
        "car_seq": "KEL-2303",
        "arrival_time": "1546",
        "departure_time": "1552",
        "district": "北屯區",
        "village": "平和里",
        "location": "遼陽一街11號",
        "type": "沿街",
        "collection_type": "garbage",
        "day_of_week": 4
      }
    },
    {
      "type": "Feature",
      "geometry": {
        "type": "Point",
        "coordinates": [
          120.67668627038121,
          24.17398650523521
        ]
      },
      "properties": {
        "routeId": "taichung-kel-2303-c4aa6e-d4",
        "city": "taichung",
        "route_name": "KEL-2303",
        "car_seq": "KEL-2303",
        "arrival_time": "1546",
        "departure_time": "1552",
        "district": "北屯區",
        "village": "平和里",
        "location": "遼陽一街11號",
        "type": "沿街",
        "collection_type": "recycling",
        "day_of_week": 4
      }
    },
    {
      "type": "Feature",
      "geometry": {
        "type": "Point",
        "coordinates": [
          120.67702954896833,
          24.173732381261257
        ]
      },
      "properties": {
        "routeId": "taichung-kel-2303-c4aa6e-d4",
        "city": "taichung",
        "route_name": "KEL-2303",
        "car_seq": "KEL-2303",
        "arrival_time": "1547",
        "departure_time": "1553",
        "district": "北屯區",
        "village": "平和里",
        "location": "遼陽一街24號",
        "type": "沿街",
        "collection_type": "garbage",
        "day_of_week": 4
      }
    },
    {
      "type": "Feature",
      "geometry": {
        "type": "Point",
        "coordinates": [
          120.67702954896833,
          24.173732381261257
        ]
      },
      "properties": {
        "routeId": "taichung-kel-2303-c4aa6e-d4",
        "city": "taichung",
        "route_name": "KEL-2303",
        "car_seq": "KEL-2303",
        "arrival_time": "1547",
        "departure_time": "1553",
        "district": "北屯區",
        "village": "平和里",
        "location": "遼陽一街24號",
        "type": "沿街",
        "collection_type": "recycling",
        "day_of_week": 4
      }
    },
    {
      "type": "Feature",
      "geometry": {
        "type": "Point",
        "coordinates": [
          120.67767545977193,
          24.17362196531374
        ]
      },
      "properties": {
        "routeId": "taichung-kel-2303-c4aa6e-d4",
        "city": "taichung",
        "route_name": "KEL-2303",
        "car_seq": "KEL-2303",
        "arrival_time": "1548",
        "departure_time": "1554",
        "district": "北屯區",
        "village": "平和里",
        "location": "遼陽一街48號",
        "type": "沿街",
        "collection_type": "garbage",
        "day_of_week": 4
      }
    },
    {
      "type": "Feature",
      "geometry": {
        "type": "Point",
        "coordinates": [
          120.67767545977193,
          24.17362196531374
        ]
      },
      "properties": {
        "routeId": "taichung-kel-2303-c4aa6e-d4",
        "city": "taichung",
        "route_name": "KEL-2303",
        "car_seq": "KEL-2303",
        "arrival_time": "1548",
        "departure_time": "1554",
        "district": "北屯區",
        "village": "平和里",
        "location": "遼陽一街48號",
        "type": "沿街",
        "collection_type": "recycling",
        "day_of_week": 4
      }
    },
    {
      "type": "Feature",
      "geometry": {
        "type": "Point",
        "coordinates": [
          120.67801878302403,
          24.173599981909426
        ]
      },
      "properties": {
        "routeId": "taichung-kel-2303-c4aa6e-d4",
        "city": "taichung",
        "route_name": "KEL-2303",
        "car_seq": "KEL-2303",
        "arrival_time": "1549",
        "departure_time": "1555",
        "district": "北屯區",
        "village": "平和里",
        "location": "遼陽一街68號",
        "type": "沿街",
        "collection_type": "garbage",
        "day_of_week": 4
      }
    },
    {
      "type": "Feature",
      "geometry": {
        "type": "Point",
        "coordinates": [
          120.67801878302403,
          24.173599981909426
        ]
      },
      "properties": {
        "routeId": "taichung-kel-2303-c4aa6e-d4",
        "city": "taichung",
        "route_name": "KEL-2303",
        "car_seq": "KEL-2303",
        "arrival_time": "1549",
        "departure_time": "1555",
        "district": "北屯區",
        "village": "平和里",
        "location": "遼陽一街68號",
        "type": "沿街",
        "collection_type": "recycling",
        "day_of_week": 4
      }
    },
    {
      "type": "Feature",
      "geometry": {
        "type": "Point",
        "coordinates": [
          120.67879956684979,
          24.173497304060774
        ]
      },
      "properties": {
        "routeId": "taichung-kel-2303-c4aa6e-d4",
        "city": "taichung",
        "route_name": "KEL-2303",
        "car_seq": "KEL-2303",
        "arrival_time": "1550",
        "departure_time": "1556",
        "district": "北屯區",
        "village": "平和里",
        "location": "遼陽一街96號",
        "type": "沿街",
        "collection_type": "garbage",
        "day_of_week": 4
      }
    },
    {
      "type": "Feature",
      "geometry": {
        "type": "Point",
        "coordinates": [
          120.67879956684979,
          24.173497304060774
        ]
      },
      "properties": {
        "routeId": "taichung-kel-2303-c4aa6e-d4",
        "city": "taichung",
        "route_name": "KEL-2303",
        "car_seq": "KEL-2303",
        "arrival_time": "1550",
        "departure_time": "1556",
        "district": "北屯區",
        "village": "平和里",
        "location": "遼陽一街96號",
        "type": "沿街",
        "collection_type": "recycling",
        "day_of_week": 4
      }
    },
    {
      "type": "Feature",
      "geometry": {
        "type": "Point",
        "coordinates": [
          120.67884291782578,
          24.173266354174796
        ]
      },
      "properties": {
        "routeId": "taichung-kel-2303-c4aa6e-d4",
        "city": "taichung",
        "route_name": "KEL-2303",
        "car_seq": "KEL-2303",
        "arrival_time": "1552",
        "departure_time": "1558",
        "district": "北屯區",
        "village": "平和里",
        "location": "文心路四段279號",
        "type": "沿街",
        "collection_type": "garbage",
        "day_of_week": 4
      }
    },
    {
      "type": "Feature",
      "geometry": {
        "type": "Point",
        "coordinates": [
          120.67884291782578,
          24.173266354174796
        ]
      },
      "properties": {
        "routeId": "taichung-kel-2303-c4aa6e-d4",
        "city": "taichung",
        "route_name": "KEL-2303",
        "car_seq": "KEL-2303",
        "arrival_time": "1552",
        "departure_time": "1558",
        "district": "北屯區",
        "village": "平和里",
        "location": "文心路四段279號",
        "type": "沿街",
        "collection_type": "recycling",
        "day_of_week": 4
      }
    },
    {
      "type": "Feature",
      "geometry": {
        "type": "Point",
        "coordinates": [
          120.67765257267929,
          24.17348267644765
        ]
      },
      "properties": {
        "routeId": "taichung-kel-2303-c4aa6e-d4",
        "city": "taichung",
        "route_name": "KEL-2303",
        "car_seq": "KEL-2303",
        "arrival_time": "1553",
        "departure_time": "1559",
        "district": "北屯區",
        "village": "平和里",
        "location": "文心路四段233號",
        "type": "沿街",
        "collection_type": "garbage",
        "day_of_week": 4
      }
    },
    {
      "type": "Feature",
      "geometry": {
        "type": "Point",
        "coordinates": [
          120.67765257267929,
          24.17348267644765
        ]
      },
      "properties": {
        "routeId": "taichung-kel-2303-c4aa6e-d4",
        "city": "taichung",
        "route_name": "KEL-2303",
        "car_seq": "KEL-2303",
        "arrival_time": "1553",
        "departure_time": "1559",
        "district": "北屯區",
        "village": "平和里",
        "location": "文心路四段233號",
        "type": "沿街",
        "collection_type": "recycling",
        "day_of_week": 4
      }
    },
    {
      "type": "Feature",
      "geometry": {
        "type": "Point",
        "coordinates": [
          120.67701891224539,
          24.17357886102152
        ]
      },
      "properties": {
        "routeId": "taichung-kel-2303-c4aa6e-d4",
        "city": "taichung",
        "route_name": "KEL-2303",
        "car_seq": "KEL-2303",
        "arrival_time": "1554",
        "departure_time": "1600",
        "district": "北屯區",
        "village": "平和里",
        "location": "文心路四段207號",
        "type": "沿街",
        "collection_type": "garbage",
        "day_of_week": 4
      }
    },
    {
      "type": "Feature",
      "geometry": {
        "type": "Point",
        "coordinates": [
          120.67701891224539,
          24.17357886102152
        ]
      },
      "properties": {
        "routeId": "taichung-kel-2303-c4aa6e-d4",
        "city": "taichung",
        "route_name": "KEL-2303",
        "car_seq": "KEL-2303",
        "arrival_time": "1554",
        "departure_time": "1600",
        "district": "北屯區",
        "village": "平和里",
        "location": "文心路四段207號",
        "type": "沿街",
        "collection_type": "recycling",
        "day_of_week": 4
      }
    },
    {
      "type": "Feature",
      "geometry": {
        "type": "Point",
        "coordinates": [
          120.68220045060124,
          24.181361162934106
        ]
      },
      "properties": {
        "routeId": "taichung-kel-2303-c4aa6e-d4",
        "city": "taichung",
        "route_name": "KEL-2303",
        "car_seq": "KEL-2303",
        "arrival_time": "1602",
        "departure_time": "1608",
        "district": "北屯區",
        "village": "平陽里",
        "location": "梅川東路五段222號",
        "type": "沿街",
        "collection_type": "recycling",
        "day_of_week": 4
      }
    },
    {
      "type": "Feature",
      "geometry": {
        "type": "Point",
        "coordinates": [
          120.67186944225895,
          24.175264550201984
        ]
      },
      "properties": {
        "routeId": "taichung-kel-2303-c4aa6e-d4",
        "city": "taichung",
        "route_name": "KEL-2303",
        "car_seq": "KEL-2303",
        "arrival_time": "1757",
        "departure_time": "1803",
        "district": "北屯區",
        "village": "水湳里",
        "location": "大連路一段26號",
        "type": "沿街",
        "collection_type": "garbage",
        "day_of_week": 4
      }
    },
    {
      "type": "Feature",
      "geometry": {
        "type": "Point",
        "coordinates": [
          120.67186944225895,
          24.175264550201984
        ]
      },
      "properties": {
        "routeId": "taichung-kel-2303-c4aa6e-d4",
        "city": "taichung",
        "route_name": "KEL-2303",
        "car_seq": "KEL-2303",
        "arrival_time": "1757",
        "departure_time": "1803",
        "district": "北屯區",
        "village": "水湳里",
        "location": "大連路一段26號",
        "type": "沿街",
        "collection_type": "recycling",
        "day_of_week": 4
      }
    },
    {
      "type": "Feature",
      "geometry": {
        "type": "Point",
        "coordinates": [
          120.6722590258058,
          24.1754556437652
        ]
      },
      "properties": {
        "routeId": "taichung-kel-2303-c4aa6e-d4",
        "city": "taichung",
        "route_name": "KEL-2303",
        "car_seq": "KEL-2303",
        "arrival_time": "1800",
        "departure_time": "1806",
        "district": "北屯區",
        "village": "水湳里",
        "location": "大連路一段40號",
        "type": "沿街",
        "collection_type": "garbage",
        "day_of_week": 4
      }
    },
    {
      "type": "Feature",
      "geometry": {
        "type": "Point",
        "coordinates": [
          120.6722590258058,
          24.1754556437652
        ]
      },
      "properties": {
        "routeId": "taichung-kel-2303-c4aa6e-d4",
        "city": "taichung",
        "route_name": "KEL-2303",
        "car_seq": "KEL-2303",
        "arrival_time": "1800",
        "departure_time": "1806",
        "district": "北屯區",
        "village": "水湳里",
        "location": "大連路一段40號",
        "type": "沿街",
        "collection_type": "recycling",
        "day_of_week": 4
      }
    },
    {
      "type": "Feature",
      "geometry": {
        "type": "Point",
        "coordinates": [
          120.67266432380332,
          24.175694841915792
        ]
      },
      "properties": {
        "routeId": "taichung-kel-2303-c4aa6e-d4",
        "city": "taichung",
        "route_name": "KEL-2303",
        "car_seq": "KEL-2303",
        "arrival_time": "1802",
        "departure_time": "1808",
        "district": "北屯區",
        "village": "水湳里",
        "location": "大連路一段56號",
        "type": "沿街",
        "collection_type": "garbage",
        "day_of_week": 4
      }
    },
    {
      "type": "Feature",
      "geometry": {
        "type": "Point",
        "coordinates": [
          120.67266432380332,
          24.175694841915792
        ]
      },
      "properties": {
        "routeId": "taichung-kel-2303-c4aa6e-d4",
        "city": "taichung",
        "route_name": "KEL-2303",
        "car_seq": "KEL-2303",
        "arrival_time": "1802",
        "departure_time": "1808",
        "district": "北屯區",
        "village": "水湳里",
        "location": "大連路一段56號",
        "type": "沿街",
        "collection_type": "recycling",
        "day_of_week": 4
      }
    },
    {
      "type": "Feature",
      "geometry": {
        "type": "Point",
        "coordinates": [
          120.67325629527397,
          24.176036099658916
        ]
      },
      "properties": {
        "routeId": "taichung-kel-2303-c4aa6e-d4",
        "city": "taichung",
        "route_name": "KEL-2303",
        "car_seq": "KEL-2303",
        "arrival_time": "1804",
        "departure_time": "1810",
        "district": "北屯區",
        "village": "水湳里",
        "location": "大連路一段64號",
        "type": "沿街",
        "collection_type": "garbage",
        "day_of_week": 4
      }
    },
    {
      "type": "Feature",
      "geometry": {
        "type": "Point",
        "coordinates": [
          120.67325629527397,
          24.176036099658916
        ]
      },
      "properties": {
        "routeId": "taichung-kel-2303-c4aa6e-d4",
        "city": "taichung",
        "route_name": "KEL-2303",
        "car_seq": "KEL-2303",
        "arrival_time": "1804",
        "departure_time": "1810",
        "district": "北屯區",
        "village": "水湳里",
        "location": "大連路一段64號",
        "type": "沿街",
        "collection_type": "recycling",
        "day_of_week": 4
      }
    },
    {
      "type": "Feature",
      "geometry": {
        "type": "Point",
        "coordinates": [
          120.67362139990821,
          24.17622176489115
        ]
      },
      "properties": {
        "routeId": "taichung-kel-2303-c4aa6e-d4",
        "city": "taichung",
        "route_name": "KEL-2303",
        "car_seq": "KEL-2303",
        "arrival_time": "1805",
        "departure_time": "1811",
        "district": "北屯區",
        "village": "水湳里",
        "location": "大連路一段70號",
        "type": "沿街",
        "collection_type": "garbage",
        "day_of_week": 4
      }
    },
    {
      "type": "Feature",
      "geometry": {
        "type": "Point",
        "coordinates": [
          120.67362139990821,
          24.17622176489115
        ]
      },
      "properties": {
        "routeId": "taichung-kel-2303-c4aa6e-d4",
        "city": "taichung",
        "route_name": "KEL-2303",
        "car_seq": "KEL-2303",
        "arrival_time": "1805",
        "departure_time": "1811",
        "district": "北屯區",
        "village": "水湳里",
        "location": "大連路一段70號",
        "type": "沿街",
        "collection_type": "recycling",
        "day_of_week": 4
      }
    },
    {
      "type": "Feature",
      "geometry": {
        "type": "Point",
        "coordinates": [
          120.67402827761661,
          24.176445468584927
        ]
      },
      "properties": {
        "routeId": "taichung-kel-2303-c4aa6e-d4",
        "city": "taichung",
        "route_name": "KEL-2303",
        "car_seq": "KEL-2303",
        "arrival_time": "1806",
        "departure_time": "1812",
        "district": "北屯區",
        "village": "水湳里",
        "location": "大連路一段92號",
        "type": "沿街",
        "collection_type": "garbage",
        "day_of_week": 4
      }
    },
    {
      "type": "Feature",
      "geometry": {
        "type": "Point",
        "coordinates": [
          120.67402827761661,
          24.176445468584927
        ]
      },
      "properties": {
        "routeId": "taichung-kel-2303-c4aa6e-d4",
        "city": "taichung",
        "route_name": "KEL-2303",
        "car_seq": "KEL-2303",
        "arrival_time": "1806",
        "departure_time": "1812",
        "district": "北屯區",
        "village": "水湳里",
        "location": "大連路一段92號",
        "type": "沿街",
        "collection_type": "recycling",
        "day_of_week": 4
      }
    },
    {
      "type": "Feature",
      "geometry": {
        "type": "Point",
        "coordinates": [
          120.6743441655139,
          24.176572246319527
        ]
      },
      "properties": {
        "routeId": "taichung-kel-2303-c4aa6e-d4",
        "city": "taichung",
        "route_name": "KEL-2303",
        "car_seq": "KEL-2303",
        "arrival_time": "1807",
        "departure_time": "1813",
        "district": "北屯區",
        "village": "水湳里",
        "location": "大連路一段102號",
        "type": "沿街",
        "collection_type": "garbage",
        "day_of_week": 4
      }
    },
    {
      "type": "Feature",
      "geometry": {
        "type": "Point",
        "coordinates": [
          120.6743441655139,
          24.176572246319527
        ]
      },
      "properties": {
        "routeId": "taichung-kel-2303-c4aa6e-d4",
        "city": "taichung",
        "route_name": "KEL-2303",
        "car_seq": "KEL-2303",
        "arrival_time": "1807",
        "departure_time": "1813",
        "district": "北屯區",
        "village": "水湳里",
        "location": "大連路一段102號",
        "type": "沿街",
        "collection_type": "recycling",
        "day_of_week": 4
      }
    },
    {
      "type": "Feature",
      "geometry": {
        "type": "Point",
        "coordinates": [
          120.67473962779758,
          24.176800167504346
        ]
      },
      "properties": {
        "routeId": "taichung-kel-2303-c4aa6e-d4",
        "city": "taichung",
        "route_name": "KEL-2303",
        "car_seq": "KEL-2303",
        "arrival_time": "1809",
        "departure_time": "1815",
        "district": "北屯區",
        "village": "水湳里",
        "location": "大連路一段124號",
        "type": "沿街",
        "collection_type": "garbage",
        "day_of_week": 4
      }
    },
    {
      "type": "Feature",
      "geometry": {
        "type": "Point",
        "coordinates": [
          120.67473962779758,
          24.176800167504346
        ]
      },
      "properties": {
        "routeId": "taichung-kel-2303-c4aa6e-d4",
        "city": "taichung",
        "route_name": "KEL-2303",
        "car_seq": "KEL-2303",
        "arrival_time": "1809",
        "departure_time": "1815",
        "district": "北屯區",
        "village": "水湳里",
        "location": "大連路一段124號",
        "type": "沿街",
        "collection_type": "recycling",
        "day_of_week": 4
      }
    },
    {
      "type": "Feature",
      "geometry": {
        "type": "Point",
        "coordinates": [
          120.67504844261167,
          24.17696895996273
        ]
      },
      "properties": {
        "routeId": "taichung-kel-2303-c4aa6e-d4",
        "city": "taichung",
        "route_name": "KEL-2303",
        "car_seq": "KEL-2303",
        "arrival_time": "1810",
        "departure_time": "1816",
        "district": "北屯區",
        "village": "水湳里",
        "location": "大連路一段142號",
        "type": "沿街",
        "collection_type": "garbage",
        "day_of_week": 4
      }
    },
    {
      "type": "Feature",
      "geometry": {
        "type": "Point",
        "coordinates": [
          120.67504844261167,
          24.17696895996273
        ]
      },
      "properties": {
        "routeId": "taichung-kel-2303-c4aa6e-d4",
        "city": "taichung",
        "route_name": "KEL-2303",
        "car_seq": "KEL-2303",
        "arrival_time": "1810",
        "departure_time": "1816",
        "district": "北屯區",
        "village": "水湳里",
        "location": "大連路一段142號",
        "type": "沿街",
        "collection_type": "recycling",
        "day_of_week": 4
      }
    },
    {
      "type": "Feature",
      "geometry": {
        "type": "Point",
        "coordinates": [
          120.67545963417808,
          24.176948219560295
        ]
      },
      "properties": {
        "routeId": "taichung-kel-2303-c4aa6e-d4",
        "city": "taichung",
        "route_name": "KEL-2303",
        "car_seq": "KEL-2303",
        "arrival_time": "1811",
        "departure_time": "1817",
        "district": "北屯區",
        "village": "平和里",
        "location": "大連路一段160號",
        "type": "沿街",
        "collection_type": "garbage",
        "day_of_week": 4
      }
    },
    {
      "type": "Feature",
      "geometry": {
        "type": "Point",
        "coordinates": [
          120.67545963417808,
          24.176948219560295
        ]
      },
      "properties": {
        "routeId": "taichung-kel-2303-c4aa6e-d4",
        "city": "taichung",
        "route_name": "KEL-2303",
        "car_seq": "KEL-2303",
        "arrival_time": "1811",
        "departure_time": "1817",
        "district": "北屯區",
        "village": "平和里",
        "location": "大連路一段160號",
        "type": "沿街",
        "collection_type": "recycling",
        "day_of_week": 4
      }
    },
    {
      "type": "Feature",
      "geometry": {
        "type": "Point",
        "coordinates": [
          120.68030825709496,
          24.174976481223176
        ]
      },
      "properties": {
        "routeId": "taichung-kel-2303-c4aa6e-d4",
        "city": "taichung",
        "route_name": "KEL-2303",
        "car_seq": "KEL-2303",
        "arrival_time": "1840",
        "departure_time": "1848",
        "district": "北屯區",
        "village": "平和里",
        "location": "梅川東路四段116號",
        "type": "定點",
        "collection_type": "garbage",
        "day_of_week": 4
      }
    },
    {
      "type": "Feature",
      "geometry": {
        "type": "Point",
        "coordinates": [
          120.68030825709496,
          24.174976481223176
        ]
      },
      "properties": {
        "routeId": "taichung-kel-2303-c4aa6e-d4",
        "city": "taichung",
        "route_name": "KEL-2303",
        "car_seq": "KEL-2303",
        "arrival_time": "1840",
        "departure_time": "1848",
        "district": "北屯區",
        "village": "平和里",
        "location": "梅川東路四段116號",
        "type": "定點",
        "collection_type": "recycling",
        "day_of_week": 4
      }
    },
    {
      "type": "Feature",
      "geometry": {
        "type": "Point",
        "coordinates": [
          120.67889372261389,
          24.176444820817167
        ]
      },
      "properties": {
        "routeId": "taichung-kel-2303-c4aa6e-d4",
        "city": "taichung",
        "route_name": "KEL-2303",
        "car_seq": "KEL-2303",
        "arrival_time": "1850",
        "departure_time": "1858",
        "district": "北屯區",
        "village": "平陽里",
        "location": "安順東二街70號",
        "type": "定點",
        "collection_type": "garbage",
        "day_of_week": 4
      }
    },
    {
      "type": "Feature",
      "geometry": {
        "type": "Point",
        "coordinates": [
          120.67889372261389,
          24.176444820817167
        ]
      },
      "properties": {
        "routeId": "taichung-kel-2303-c4aa6e-d4",
        "city": "taichung",
        "route_name": "KEL-2303",
        "car_seq": "KEL-2303",
        "arrival_time": "1850",
        "departure_time": "1858",
        "district": "北屯區",
        "village": "平陽里",
        "location": "安順東二街70號",
        "type": "定點",
        "collection_type": "recycling",
        "day_of_week": 4
      }
    },
    {
      "type": "Feature",
      "geometry": {
        "type": "Point",
        "coordinates": [
          120.67516970338548,
          24.176617157953224
        ]
      },
      "properties": {
        "routeId": "taichung-kel-2303-c4aa6e-d4",
        "city": "taichung",
        "route_name": "KEL-2303",
        "car_seq": "KEL-2303",
        "arrival_time": "1857",
        "departure_time": "1903",
        "district": "北屯區",
        "village": "水湳里",
        "location": "麻園西街97號",
        "type": "沿街",
        "collection_type": "garbage",
        "day_of_week": 4
      }
    },
    {
      "type": "Feature",
      "geometry": {
        "type": "Point",
        "coordinates": [
          120.67516970338548,
          24.176617157953224
        ]
      },
      "properties": {
        "routeId": "taichung-kel-2303-c4aa6e-d4",
        "city": "taichung",
        "route_name": "KEL-2303",
        "car_seq": "KEL-2303",
        "arrival_time": "1857",
        "departure_time": "1903",
        "district": "北屯區",
        "village": "水湳里",
        "location": "麻園西街97號",
        "type": "沿街",
        "collection_type": "recycling",
        "day_of_week": 4
      }
    },
    {
      "type": "Feature",
      "geometry": {
        "type": "Point",
        "coordinates": [
          120.67467373473355,
          24.17647380836179
        ]
      },
      "properties": {
        "routeId": "taichung-kel-2303-c4aa6e-d4",
        "city": "taichung",
        "route_name": "KEL-2303",
        "car_seq": "KEL-2303",
        "arrival_time": "1859",
        "departure_time": "1905",
        "district": "北屯區",
        "village": "水湳里",
        "location": "麻園西街86號",
        "type": "沿街",
        "collection_type": "garbage",
        "day_of_week": 4
      }
    },
    {
      "type": "Feature",
      "geometry": {
        "type": "Point",
        "coordinates": [
          120.67467373473355,
          24.17647380836179
        ]
      },
      "properties": {
        "routeId": "taichung-kel-2303-c4aa6e-d4",
        "city": "taichung",
        "route_name": "KEL-2303",
        "car_seq": "KEL-2303",
        "arrival_time": "1859",
        "departure_time": "1905",
        "district": "北屯區",
        "village": "水湳里",
        "location": "麻園西街86號",
        "type": "沿街",
        "collection_type": "recycling",
        "day_of_week": 4
      }
    },
    {
      "type": "Feature",
      "geometry": {
        "type": "Point",
        "coordinates": [
          120.67483401997565,
          24.176293023015443
        ]
      },
      "properties": {
        "routeId": "taichung-kel-2303-c4aa6e-d4",
        "city": "taichung",
        "route_name": "KEL-2303",
        "car_seq": "KEL-2303",
        "arrival_time": "1901",
        "departure_time": "1907",
        "district": "北屯區",
        "village": "水湳里",
        "location": "麻園西街80號",
        "type": "沿街",
        "collection_type": "garbage",
        "day_of_week": 4
      }
    },
    {
      "type": "Feature",
      "geometry": {
        "type": "Point",
        "coordinates": [
          120.67483401997565,
          24.176293023015443
        ]
      },
      "properties": {
        "routeId": "taichung-kel-2303-c4aa6e-d4",
        "city": "taichung",
        "route_name": "KEL-2303",
        "car_seq": "KEL-2303",
        "arrival_time": "1901",
        "departure_time": "1907",
        "district": "北屯區",
        "village": "水湳里",
        "location": "麻園西街80號",
        "type": "沿街",
        "collection_type": "recycling",
        "day_of_week": 4
      }
    },
    {
      "type": "Feature",
      "geometry": {
        "type": "Point",
        "coordinates": [
          120.67374764825949,
          24.17513260811913
        ]
      },
      "properties": {
        "routeId": "taichung-kel-2303-c4aa6e-d4",
        "city": "taichung",
        "route_name": "KEL-2303",
        "car_seq": "KEL-2303",
        "arrival_time": "1902",
        "departure_time": "1908",
        "district": "北屯區",
        "village": "水湳里",
        "location": "瀋陽路一段50號",
        "type": "沿街",
        "collection_type": "garbage",
        "day_of_week": 4
      }
    },
    {
      "type": "Feature",
      "geometry": {
        "type": "Point",
        "coordinates": [
          120.67374764825949,
          24.17513260811913
        ]
      },
      "properties": {
        "routeId": "taichung-kel-2303-c4aa6e-d4",
        "city": "taichung",
        "route_name": "KEL-2303",
        "car_seq": "KEL-2303",
        "arrival_time": "1902",
        "departure_time": "1908",
        "district": "北屯區",
        "village": "水湳里",
        "location": "瀋陽路一段50號",
        "type": "沿街",
        "collection_type": "recycling",
        "day_of_week": 4
      }
    },
    {
      "type": "Feature",
      "geometry": {
        "type": "Point",
        "coordinates": [
          120.67337705192328,
          24.175767936138758
        ]
      },
      "properties": {
        "routeId": "taichung-kel-2303-c4aa6e-d4",
        "city": "taichung",
        "route_name": "KEL-2303",
        "car_seq": "KEL-2303",
        "arrival_time": "1904",
        "departure_time": "1910",
        "district": "北屯區",
        "village": "水湳里",
        "location": "瀋陽路一段7號",
        "type": "沿街",
        "collection_type": "garbage",
        "day_of_week": 4
      }
    },
    {
      "type": "Feature",
      "geometry": {
        "type": "Point",
        "coordinates": [
          120.67337705192328,
          24.175767936138758
        ]
      },
      "properties": {
        "routeId": "taichung-kel-2303-c4aa6e-d4",
        "city": "taichung",
        "route_name": "KEL-2303",
        "car_seq": "KEL-2303",
        "arrival_time": "1904",
        "departure_time": "1910",
        "district": "北屯區",
        "village": "水湳里",
        "location": "瀋陽路一段7號",
        "type": "沿街",
        "collection_type": "recycling",
        "day_of_week": 4
      }
    },
    {
      "type": "Feature",
      "geometry": {
        "type": "Point",
        "coordinates": [
          120.67274765586711,
          24.176571528294616
        ]
      },
      "properties": {
        "routeId": "taichung-kel-2303-c4aa6e-d4",
        "city": "taichung",
        "route_name": "KEL-2303",
        "car_seq": "KEL-2303",
        "arrival_time": "1905",
        "departure_time": "1911",
        "district": "北屯區",
        "village": "水湳里",
        "location": "瀋陽北路20號",
        "type": "沿街",
        "collection_type": "garbage",
        "day_of_week": 4
      }
    },
    {
      "type": "Feature",
      "geometry": {
        "type": "Point",
        "coordinates": [
          120.67274765586711,
          24.176571528294616
        ]
      },
      "properties": {
        "routeId": "taichung-kel-2303-c4aa6e-d4",
        "city": "taichung",
        "route_name": "KEL-2303",
        "car_seq": "KEL-2303",
        "arrival_time": "1905",
        "departure_time": "1911",
        "district": "北屯區",
        "village": "水湳里",
        "location": "瀋陽北路20號",
        "type": "沿街",
        "collection_type": "recycling",
        "day_of_week": 4
      }
    },
    {
      "type": "Feature",
      "geometry": {
        "type": "Point",
        "coordinates": [
          120.67274621700658,
          24.176715090618547
        ]
      },
      "properties": {
        "routeId": "taichung-kel-2303-c4aa6e-d4",
        "city": "taichung",
        "route_name": "KEL-2303",
        "car_seq": "KEL-2303",
        "arrival_time": "1907",
        "departure_time": "1913",
        "district": "北屯區",
        "village": "水湳里",
        "location": "瀋陽北路28號",
        "type": "沿街",
        "collection_type": "garbage",
        "day_of_week": 4
      }
    },
    {
      "type": "Feature",
      "geometry": {
        "type": "Point",
        "coordinates": [
          120.67274621700658,
          24.176715090618547
        ]
      },
      "properties": {
        "routeId": "taichung-kel-2303-c4aa6e-d4",
        "city": "taichung",
        "route_name": "KEL-2303",
        "car_seq": "KEL-2303",
        "arrival_time": "1907",
        "departure_time": "1913",
        "district": "北屯區",
        "village": "水湳里",
        "location": "瀋陽北路28號",
        "type": "沿街",
        "collection_type": "recycling",
        "day_of_week": 4
      }
    },
    {
      "type": "Feature",
      "geometry": {
        "type": "Point",
        "coordinates": [
          120.67336405283913,
          24.177588462252388
        ]
      },
      "properties": {
        "routeId": "taichung-kel-2303-c4aa6e-d4",
        "city": "taichung",
        "route_name": "KEL-2303",
        "car_seq": "KEL-2303",
        "arrival_time": "1911",
        "departure_time": "1921",
        "district": "北屯區",
        "village": "水湳里",
        "location": "大連北街63號",
        "type": "沿街",
        "collection_type": "garbage",
        "day_of_week": 4
      }
    },
    {
      "type": "Feature",
      "geometry": {
        "type": "Point",
        "coordinates": [
          120.67336405283913,
          24.177588462252388
        ]
      },
      "properties": {
        "routeId": "taichung-kel-2303-c4aa6e-d4",
        "city": "taichung",
        "route_name": "KEL-2303",
        "car_seq": "KEL-2303",
        "arrival_time": "1911",
        "departure_time": "1921",
        "district": "北屯區",
        "village": "水湳里",
        "location": "大連北街63號",
        "type": "沿街",
        "collection_type": "recycling",
        "day_of_week": 4
      }
    },
    {
      "type": "Feature",
      "geometry": {
        "type": "Point",
        "coordinates": [
          120.67528255984452,
          24.17748620391321
        ]
      },
      "properties": {
        "routeId": "taichung-kel-2303-c4aa6e-d4",
        "city": "taichung",
        "route_name": "KEL-2303",
        "car_seq": "KEL-2303",
        "arrival_time": "1919",
        "departure_time": "1925",
        "district": "北屯區",
        "village": "水湳里",
        "location": "大連北街2巷16號",
        "type": "沿街",
        "collection_type": "garbage",
        "day_of_week": 4
      }
    },
    {
      "type": "Feature",
      "geometry": {
        "type": "Point",
        "coordinates": [
          120.67528255984452,
          24.17748620391321
        ]
      },
      "properties": {
        "routeId": "taichung-kel-2303-c4aa6e-d4",
        "city": "taichung",
        "route_name": "KEL-2303",
        "car_seq": "KEL-2303",
        "arrival_time": "1919",
        "departure_time": "1925",
        "district": "北屯區",
        "village": "水湳里",
        "location": "大連北街2巷16號",
        "type": "沿街",
        "collection_type": "recycling",
        "day_of_week": 4
      }
    },
    {
      "type": "Feature",
      "geometry": {
        "type": "Point",
        "coordinates": [
          120.67538792524904,
          24.17781148202422
        ]
      },
      "properties": {
        "routeId": "taichung-kel-2303-c4aa6e-d4",
        "city": "taichung",
        "route_name": "KEL-2303",
        "car_seq": "KEL-2303",
        "arrival_time": "1920",
        "departure_time": "1926",
        "district": "北屯區",
        "village": "水湳里",
        "location": "大連北街2巷32號",
        "type": "沿街",
        "collection_type": "garbage",
        "day_of_week": 4
      }
    },
    {
      "type": "Feature",
      "geometry": {
        "type": "Point",
        "coordinates": [
          120.67538792524904,
          24.17781148202422
        ]
      },
      "properties": {
        "routeId": "taichung-kel-2303-c4aa6e-d4",
        "city": "taichung",
        "route_name": "KEL-2303",
        "car_seq": "KEL-2303",
        "arrival_time": "1920",
        "departure_time": "1926",
        "district": "北屯區",
        "village": "水湳里",
        "location": "大連北街2巷32號",
        "type": "沿街",
        "collection_type": "recycling",
        "day_of_week": 4
      }
    },
    {
      "type": "Feature",
      "geometry": {
        "type": "Point",
        "coordinates": [
          120.67551080629465,
          24.178185131015308
        ]
      },
      "properties": {
        "routeId": "taichung-kel-2303-c4aa6e-d4",
        "city": "taichung",
        "route_name": "KEL-2303",
        "car_seq": "KEL-2303",
        "arrival_time": "1922",
        "departure_time": "1928",
        "district": "北屯區",
        "village": "水湳里",
        "location": "大連北街2巷52號",
        "type": "沿街",
        "collection_type": "garbage",
        "day_of_week": 4
      }
    },
    {
      "type": "Feature",
      "geometry": {
        "type": "Point",
        "coordinates": [
          120.67551080629465,
          24.178185131015308
        ]
      },
      "properties": {
        "routeId": "taichung-kel-2303-c4aa6e-d4",
        "city": "taichung",
        "route_name": "KEL-2303",
        "car_seq": "KEL-2303",
        "arrival_time": "1922",
        "departure_time": "1928",
        "district": "北屯區",
        "village": "水湳里",
        "location": "大連北街2巷52號",
        "type": "沿街",
        "collection_type": "recycling",
        "day_of_week": 4
      }
    },
    {
      "type": "Feature",
      "geometry": {
        "type": "Point",
        "coordinates": [
          120.67538627777604,
          24.178661241258496
        ]
      },
      "properties": {
        "routeId": "taichung-kel-2303-c4aa6e-d4",
        "city": "taichung",
        "route_name": "KEL-2303",
        "car_seq": "KEL-2303",
        "arrival_time": "1924",
        "departure_time": "1930",
        "district": "北屯區",
        "village": "水湳里",
        "location": "大連北街2巷41號",
        "type": "沿街",
        "collection_type": "garbage",
        "day_of_week": 4
      }
    },
    {
      "type": "Feature",
      "geometry": {
        "type": "Point",
        "coordinates": [
          120.67538627777604,
          24.178661241258496
        ]
      },
      "properties": {
        "routeId": "taichung-kel-2303-c4aa6e-d4",
        "city": "taichung",
        "route_name": "KEL-2303",
        "car_seq": "KEL-2303",
        "arrival_time": "1924",
        "departure_time": "1930",
        "district": "北屯區",
        "village": "水湳里",
        "location": "大連北街2巷41號",
        "type": "沿街",
        "collection_type": "recycling",
        "day_of_week": 4
      }
    },
    {
      "type": "Feature",
      "geometry": {
        "type": "Point",
        "coordinates": [
          120.67509308413837,
          24.17934147793043
        ]
      },
      "properties": {
        "routeId": "taichung-kel-2303-c4aa6e-d4",
        "city": "taichung",
        "route_name": "KEL-2303",
        "car_seq": "KEL-2303",
        "arrival_time": "1925",
        "departure_time": "1931",
        "district": "北屯區",
        "village": "水湳里",
        "location": "大連北街24巷69號",
        "type": "沿街",
        "collection_type": "garbage",
        "day_of_week": 4
      }
    },
    {
      "type": "Feature",
      "geometry": {
        "type": "Point",
        "coordinates": [
          120.67509308413837,
          24.17934147793043
        ]
      },
      "properties": {
        "routeId": "taichung-kel-2303-c4aa6e-d4",
        "city": "taichung",
        "route_name": "KEL-2303",
        "car_seq": "KEL-2303",
        "arrival_time": "1925",
        "departure_time": "1931",
        "district": "北屯區",
        "village": "水湳里",
        "location": "大連北街24巷69號",
        "type": "沿街",
        "collection_type": "recycling",
        "day_of_week": 4
      }
    },
    {
      "type": "Feature",
      "geometry": {
        "type": "Point",
        "coordinates": [
          120.67488308548307,
          24.179108833624746
        ]
      },
      "properties": {
        "routeId": "taichung-kel-2303-c4aa6e-d4",
        "city": "taichung",
        "route_name": "KEL-2303",
        "car_seq": "KEL-2303",
        "arrival_time": "1926",
        "departure_time": "1932",
        "district": "北屯區",
        "village": "水湳里",
        "location": "大連北街24巷61號",
        "type": "沿街",
        "collection_type": "garbage",
        "day_of_week": 4
      }
    },
    {
      "type": "Feature",
      "geometry": {
        "type": "Point",
        "coordinates": [
          120.67488308548307,
          24.179108833624746
        ]
      },
      "properties": {
        "routeId": "taichung-kel-2303-c4aa6e-d4",
        "city": "taichung",
        "route_name": "KEL-2303",
        "car_seq": "KEL-2303",
        "arrival_time": "1926",
        "departure_time": "1932",
        "district": "北屯區",
        "village": "水湳里",
        "location": "大連北街24巷61號",
        "type": "沿街",
        "collection_type": "recycling",
        "day_of_week": 4
      }
    },
    {
      "type": "Feature",
      "geometry": {
        "type": "Point",
        "coordinates": [
          120.67482022646828,
          24.1787808648605
        ]
      },
      "properties": {
        "routeId": "taichung-kel-2303-c4aa6e-d4",
        "city": "taichung",
        "route_name": "KEL-2303",
        "car_seq": "KEL-2303",
        "arrival_time": "1927",
        "departure_time": "1933",
        "district": "北屯區",
        "village": "仁美里",
        "location": "大連北街24巷45號",
        "type": "沿街",
        "collection_type": "garbage",
        "day_of_week": 4
      }
    },
    {
      "type": "Feature",
      "geometry": {
        "type": "Point",
        "coordinates": [
          120.67482022646828,
          24.1787808648605
        ]
      },
      "properties": {
        "routeId": "taichung-kel-2303-c4aa6e-d4",
        "city": "taichung",
        "route_name": "KEL-2303",
        "car_seq": "KEL-2303",
        "arrival_time": "1927",
        "departure_time": "1933",
        "district": "北屯區",
        "village": "仁美里",
        "location": "大連北街24巷45號",
        "type": "沿街",
        "collection_type": "recycling",
        "day_of_week": 4
      }
    },
    {
      "type": "Feature",
      "geometry": {
        "type": "Point",
        "coordinates": [
          120.67463208799508,
          24.178257488201872
        ]
      },
      "properties": {
        "routeId": "taichung-kel-2303-c4aa6e-d4",
        "city": "taichung",
        "route_name": "KEL-2303",
        "car_seq": "KEL-2303",
        "arrival_time": "1928",
        "departure_time": "1934",
        "district": "北屯區",
        "village": "水湳里",
        "location": "大連北街24巷39號",
        "type": "沿街",
        "collection_type": "garbage",
        "day_of_week": 4
      }
    },
    {
      "type": "Feature",
      "geometry": {
        "type": "Point",
        "coordinates": [
          120.67463208799508,
          24.178257488201872
        ]
      },
      "properties": {
        "routeId": "taichung-kel-2303-c4aa6e-d4",
        "city": "taichung",
        "route_name": "KEL-2303",
        "car_seq": "KEL-2303",
        "arrival_time": "1928",
        "departure_time": "1934",
        "district": "北屯區",
        "village": "水湳里",
        "location": "大連北街24巷39號",
        "type": "沿街",
        "collection_type": "recycling",
        "day_of_week": 4
      }
    },
    {
      "type": "Feature",
      "geometry": {
        "type": "Point",
        "coordinates": [
          120.6745370306246,
          24.17798591964582
        ]
      },
      "properties": {
        "routeId": "taichung-kel-2303-c4aa6e-d4",
        "city": "taichung",
        "route_name": "KEL-2303",
        "car_seq": "KEL-2303",
        "arrival_time": "1929",
        "departure_time": "1935",
        "district": "北屯區",
        "village": "水湳里",
        "location": "大連北街24巷19號",
        "type": "沿街",
        "collection_type": "garbage",
        "day_of_week": 4
      }
    },
    {
      "type": "Feature",
      "geometry": {
        "type": "Point",
        "coordinates": [
          120.6745370306246,
          24.17798591964582
        ]
      },
      "properties": {
        "routeId": "taichung-kel-2303-c4aa6e-d4",
        "city": "taichung",
        "route_name": "KEL-2303",
        "car_seq": "KEL-2303",
        "arrival_time": "1929",
        "departure_time": "1935",
        "district": "北屯區",
        "village": "水湳里",
        "location": "大連北街24巷19號",
        "type": "沿街",
        "collection_type": "recycling",
        "day_of_week": 4
      }
    },
    {
      "type": "Feature",
      "geometry": {
        "type": "Point",
        "coordinates": [
          120.6744979382115,
          24.177799183117845
        ]
      },
      "properties": {
        "routeId": "taichung-kel-2303-c4aa6e-d4",
        "city": "taichung",
        "route_name": "KEL-2303",
        "car_seq": "KEL-2303",
        "arrival_time": "1930",
        "departure_time": "1936",
        "district": "北屯區",
        "village": "水湳里",
        "location": "大連北街24巷9號",
        "type": "沿街",
        "collection_type": "garbage",
        "day_of_week": 4
      }
    },
    {
      "type": "Feature",
      "geometry": {
        "type": "Point",
        "coordinates": [
          120.6744979382115,
          24.177799183117845
        ]
      },
      "properties": {
        "routeId": "taichung-kel-2303-c4aa6e-d4",
        "city": "taichung",
        "route_name": "KEL-2303",
        "car_seq": "KEL-2303",
        "arrival_time": "1930",
        "departure_time": "1936",
        "district": "北屯區",
        "village": "水湳里",
        "location": "大連北街24巷9號",
        "type": "沿街",
        "collection_type": "recycling",
        "day_of_week": 4
      }
    },
    {
      "type": "Feature",
      "geometry": {
        "type": "Point",
        "coordinates": [
          120.6743950980222,
          24.177519146451168
        ]
      },
      "properties": {
        "routeId": "taichung-kel-2303-c4aa6e-d4",
        "city": "taichung",
        "route_name": "KEL-2303",
        "car_seq": "KEL-2303",
        "arrival_time": "1931",
        "departure_time": "1937",
        "district": "北屯區",
        "village": "水湳里",
        "location": "大連北街26號",
        "type": "沿街",
        "collection_type": "garbage",
        "day_of_week": 4
      }
    },
    {
      "type": "Feature",
      "geometry": {
        "type": "Point",
        "coordinates": [
          120.6743950980222,
          24.177519146451168
        ]
      },
      "properties": {
        "routeId": "taichung-kel-2303-c4aa6e-d4",
        "city": "taichung",
        "route_name": "KEL-2303",
        "car_seq": "KEL-2303",
        "arrival_time": "1931",
        "departure_time": "1937",
        "district": "北屯區",
        "village": "水湳里",
        "location": "大連北街26號",
        "type": "沿街",
        "collection_type": "recycling",
        "day_of_week": 4
      }
    },
    {
      "type": "Feature",
      "geometry": {
        "type": "Point",
        "coordinates": [
          120.67402655470444,
          24.177708930854234
        ]
      },
      "properties": {
        "routeId": "taichung-kel-2303-c4aa6e-d4",
        "city": "taichung",
        "route_name": "KEL-2303",
        "car_seq": "KEL-2303",
        "arrival_time": "1932",
        "departure_time": "1938",
        "district": "北屯區",
        "village": "水湳里",
        "location": "大連北街42號",
        "type": "沿街",
        "collection_type": "garbage",
        "day_of_week": 4
      }
    },
    {
      "type": "Feature",
      "geometry": {
        "type": "Point",
        "coordinates": [
          120.67402655470444,
          24.177708930854234
        ]
      },
      "properties": {
        "routeId": "taichung-kel-2303-c4aa6e-d4",
        "city": "taichung",
        "route_name": "KEL-2303",
        "car_seq": "KEL-2303",
        "arrival_time": "1932",
        "departure_time": "1938",
        "district": "北屯區",
        "village": "水湳里",
        "location": "大連北街42號",
        "type": "沿街",
        "collection_type": "recycling",
        "day_of_week": 4
      }
    },
    {
      "type": "Feature",
      "geometry": {
        "type": "Point",
        "coordinates": [
          120.67398315155559,
          24.178239208376244
        ]
      },
      "properties": {
        "routeId": "taichung-kel-2303-c4aa6e-d4",
        "city": "taichung",
        "route_name": "KEL-2303",
        "car_seq": "KEL-2303",
        "arrival_time": "1933",
        "departure_time": "1939",
        "district": "北屯區",
        "village": "水湳里",
        "location": "大連北街46巷19號",
        "type": "沿街",
        "collection_type": "garbage",
        "day_of_week": 4
      }
    },
    {
      "type": "Feature",
      "geometry": {
        "type": "Point",
        "coordinates": [
          120.67398315155559,
          24.178239208376244
        ]
      },
      "properties": {
        "routeId": "taichung-kel-2303-c4aa6e-d4",
        "city": "taichung",
        "route_name": "KEL-2303",
        "car_seq": "KEL-2303",
        "arrival_time": "1933",
        "departure_time": "1939",
        "district": "北屯區",
        "village": "水湳里",
        "location": "大連北街46巷19號",
        "type": "沿街",
        "collection_type": "recycling",
        "day_of_week": 4
      }
    },
    {
      "type": "Feature",
      "geometry": {
        "type": "Point",
        "coordinates": [
          120.67451917370072,
          24.178739952004186
        ]
      },
      "properties": {
        "routeId": "taichung-kel-2303-c4aa6e-d4",
        "city": "taichung",
        "route_name": "KEL-2303",
        "car_seq": "KEL-2303",
        "arrival_time": "1934",
        "departure_time": "1940",
        "district": "北屯區",
        "village": "水湳里",
        "location": "大連北街46巷30號",
        "type": "沿街",
        "collection_type": "garbage",
        "day_of_week": 4
      }
    },
    {
      "type": "Feature",
      "geometry": {
        "type": "Point",
        "coordinates": [
          120.67451917370072,
          24.178739952004186
        ]
      },
      "properties": {
        "routeId": "taichung-kel-2303-c4aa6e-d4",
        "city": "taichung",
        "route_name": "KEL-2303",
        "car_seq": "KEL-2303",
        "arrival_time": "1934",
        "departure_time": "1940",
        "district": "北屯區",
        "village": "水湳里",
        "location": "大連北街46巷30號",
        "type": "沿街",
        "collection_type": "recycling",
        "day_of_week": 4
      }
    },
    {
      "type": "Feature",
      "geometry": {
        "type": "Point",
        "coordinates": [
          120.67460255798444,
          24.179038899471852
        ]
      },
      "properties": {
        "routeId": "taichung-kel-2303-c4aa6e-d4",
        "city": "taichung",
        "route_name": "KEL-2303",
        "car_seq": "KEL-2303",
        "arrival_time": "1936",
        "departure_time": "1942",
        "district": "北屯區",
        "village": "水湳里",
        "location": "大連北街46巷67號",
        "type": "沿街",
        "collection_type": "garbage",
        "day_of_week": 4
      }
    },
    {
      "type": "Feature",
      "geometry": {
        "type": "Point",
        "coordinates": [
          120.67460255798444,
          24.179038899471852
        ]
      },
      "properties": {
        "routeId": "taichung-kel-2303-c4aa6e-d4",
        "city": "taichung",
        "route_name": "KEL-2303",
        "car_seq": "KEL-2303",
        "arrival_time": "1936",
        "departure_time": "1942",
        "district": "北屯區",
        "village": "水湳里",
        "location": "大連北街46巷67號",
        "type": "沿街",
        "collection_type": "recycling",
        "day_of_week": 4
      }
    },
    {
      "type": "Feature",
      "geometry": {
        "type": "Point",
        "coordinates": [
          120.67395800794912,
          24.179380634847966
        ]
      },
      "properties": {
        "routeId": "taichung-kel-2303-c4aa6e-d4",
        "city": "taichung",
        "route_name": "KEL-2303",
        "car_seq": "KEL-2303",
        "arrival_time": "1940",
        "departure_time": "1946",
        "district": "北屯區",
        "village": "水湳里",
        "location": "大連北街66巷43號",
        "type": "沿街",
        "collection_type": "garbage",
        "day_of_week": 4
      }
    },
    {
      "type": "Feature",
      "geometry": {
        "type": "Point",
        "coordinates": [
          120.67395800794912,
          24.179380634847966
        ]
      },
      "properties": {
        "routeId": "taichung-kel-2303-c4aa6e-d4",
        "city": "taichung",
        "route_name": "KEL-2303",
        "car_seq": "KEL-2303",
        "arrival_time": "1940",
        "departure_time": "1946",
        "district": "北屯區",
        "village": "水湳里",
        "location": "大連北街66巷43號",
        "type": "沿街",
        "collection_type": "recycling",
        "day_of_week": 4
      }
    },
    {
      "type": "Feature",
      "geometry": {
        "type": "Point",
        "coordinates": [
          120.67371173718799,
          24.17896024705893
        ]
      },
      "properties": {
        "routeId": "taichung-kel-2303-c4aa6e-d4",
        "city": "taichung",
        "route_name": "KEL-2303",
        "car_seq": "KEL-2303",
        "arrival_time": "1942",
        "departure_time": "1948",
        "district": "北屯區",
        "village": "水湳里",
        "location": "大連北街66巷19號",
        "type": "沿街",
        "collection_type": "garbage",
        "day_of_week": 4
      }
    },
    {
      "type": "Feature",
      "geometry": {
        "type": "Point",
        "coordinates": [
          120.67371173718799,
          24.17896024705893
        ]
      },
      "properties": {
        "routeId": "taichung-kel-2303-c4aa6e-d4",
        "city": "taichung",
        "route_name": "KEL-2303",
        "car_seq": "KEL-2303",
        "arrival_time": "1942",
        "departure_time": "1948",
        "district": "北屯區",
        "village": "水湳里",
        "location": "大連北街66巷19號",
        "type": "沿街",
        "collection_type": "recycling",
        "day_of_week": 4
      }
    },
    {
      "type": "Feature",
      "geometry": {
        "type": "Point",
        "coordinates": [
          120.67361761868369,
          24.17857938067029
        ]
      },
      "properties": {
        "routeId": "taichung-kel-2303-c4aa6e-d4",
        "city": "taichung",
        "route_name": "KEL-2303",
        "car_seq": "KEL-2303",
        "arrival_time": "1943",
        "departure_time": "1949",
        "district": "北屯區",
        "village": "水湳里",
        "location": "大連北街66巷15號",
        "type": "沿街",
        "collection_type": "garbage",
        "day_of_week": 4
      }
    },
    {
      "type": "Feature",
      "geometry": {
        "type": "Point",
        "coordinates": [
          120.67361761868369,
          24.17857938067029
        ]
      },
      "properties": {
        "routeId": "taichung-kel-2303-c4aa6e-d4",
        "city": "taichung",
        "route_name": "KEL-2303",
        "car_seq": "KEL-2303",
        "arrival_time": "1943",
        "departure_time": "1949",
        "district": "北屯區",
        "village": "水湳里",
        "location": "大連北街66巷15號",
        "type": "沿街",
        "collection_type": "recycling",
        "day_of_week": 4
      }
    },
    {
      "type": "Feature",
      "geometry": {
        "type": "Point",
        "coordinates": [
          120.67352334831378,
          24.178378358878206
        ]
      },
      "properties": {
        "routeId": "taichung-kel-2303-c4aa6e-d4",
        "city": "taichung",
        "route_name": "KEL-2303",
        "car_seq": "KEL-2303",
        "arrival_time": "1944",
        "departure_time": "1950",
        "district": "北屯區",
        "village": "水湳里",
        "location": "大連北街66巷9號",
        "type": "沿街",
        "collection_type": "garbage",
        "day_of_week": 4
      }
    },
    {
      "type": "Feature",
      "geometry": {
        "type": "Point",
        "coordinates": [
          120.67352334831378,
          24.178378358878206
        ]
      },
      "properties": {
        "routeId": "taichung-kel-2303-c4aa6e-d4",
        "city": "taichung",
        "route_name": "KEL-2303",
        "car_seq": "KEL-2303",
        "arrival_time": "1944",
        "departure_time": "1950",
        "district": "北屯區",
        "village": "水湳里",
        "location": "大連北街66巷9號",
        "type": "沿街",
        "collection_type": "recycling",
        "day_of_week": 4
      }
    },
    {
      "type": "Feature",
      "geometry": {
        "type": "Point",
        "coordinates": [
          120.67294046809242,
          24.17773256440602
        ]
      },
      "properties": {
        "routeId": "taichung-kel-2303-c4aa6e-d4",
        "city": "taichung",
        "route_name": "KEL-2303",
        "car_seq": "KEL-2303",
        "arrival_time": "1945",
        "departure_time": "1951",
        "district": "北屯區",
        "village": "水湳里",
        "location": "大連北街83號",
        "type": "沿街",
        "collection_type": "garbage",
        "day_of_week": 4
      }
    },
    {
      "type": "Feature",
      "geometry": {
        "type": "Point",
        "coordinates": [
          120.67294046809242,
          24.17773256440602
        ]
      },
      "properties": {
        "routeId": "taichung-kel-2303-c4aa6e-d4",
        "city": "taichung",
        "route_name": "KEL-2303",
        "car_seq": "KEL-2303",
        "arrival_time": "1945",
        "departure_time": "1951",
        "district": "北屯區",
        "village": "水湳里",
        "location": "大連北街83號",
        "type": "沿街",
        "collection_type": "recycling",
        "day_of_week": 4
      }
    },
    {
      "type": "Feature",
      "geometry": {
        "type": "Point",
        "coordinates": [
          120.67296877267371,
          24.17821220574512
        ]
      },
      "properties": {
        "routeId": "taichung-kel-2303-c4aa6e-d4",
        "city": "taichung",
        "route_name": "KEL-2303",
        "car_seq": "KEL-2303",
        "arrival_time": "1945",
        "departure_time": "1951",
        "district": "北屯區",
        "village": "水湳里",
        "location": "瀋陽北路90號",
        "type": "沿街",
        "collection_type": "garbage",
        "day_of_week": 4
      }
    },
    {
      "type": "Feature",
      "geometry": {
        "type": "Point",
        "coordinates": [
          120.67296877267371,
          24.17821220574512
        ]
      },
      "properties": {
        "routeId": "taichung-kel-2303-c4aa6e-d4",
        "city": "taichung",
        "route_name": "KEL-2303",
        "car_seq": "KEL-2303",
        "arrival_time": "1945",
        "departure_time": "1951",
        "district": "北屯區",
        "village": "水湳里",
        "location": "瀋陽北路90號",
        "type": "沿街",
        "collection_type": "recycling",
        "day_of_week": 4
      }
    },
    {
      "type": "Feature",
      "geometry": {
        "type": "Point",
        "coordinates": [
          120.67317491038754,
          24.178428528507553
        ]
      },
      "properties": {
        "routeId": "taichung-kel-2303-c4aa6e-d4",
        "city": "taichung",
        "route_name": "KEL-2303",
        "car_seq": "KEL-2303",
        "arrival_time": "1946",
        "departure_time": "1952",
        "district": "北屯區",
        "village": "水湳里",
        "location": "瀋陽北路98號",
        "type": "沿街",
        "collection_type": "garbage",
        "day_of_week": 4
      }
    },
    {
      "type": "Feature",
      "geometry": {
        "type": "Point",
        "coordinates": [
          120.67317491038754,
          24.178428528507553
        ]
      },
      "properties": {
        "routeId": "taichung-kel-2303-c4aa6e-d4",
        "city": "taichung",
        "route_name": "KEL-2303",
        "car_seq": "KEL-2303",
        "arrival_time": "1946",
        "departure_time": "1952",
        "district": "北屯區",
        "village": "水湳里",
        "location": "瀋陽北路98號",
        "type": "沿街",
        "collection_type": "recycling",
        "day_of_week": 4
      }
    },
    {
      "type": "Feature",
      "geometry": {
        "type": "Point",
        "coordinates": [
          120.67337358407266,
          24.178611706614248
        ]
      },
      "properties": {
        "routeId": "taichung-kel-2303-c4aa6e-d4",
        "city": "taichung",
        "route_name": "KEL-2303",
        "car_seq": "KEL-2303",
        "arrival_time": "1946",
        "departure_time": "1952",
        "district": "北屯區",
        "village": "水湳里",
        "location": "瀋陽北路106號",
        "type": "沿街",
        "collection_type": "garbage",
        "day_of_week": 4
      }
    },
    {
      "type": "Feature",
      "geometry": {
        "type": "Point",
        "coordinates": [
          120.67337358407266,
          24.178611706614248
        ]
      },
      "properties": {
        "routeId": "taichung-kel-2303-c4aa6e-d4",
        "city": "taichung",
        "route_name": "KEL-2303",
        "car_seq": "KEL-2303",
        "arrival_time": "1946",
        "departure_time": "1952",
        "district": "北屯區",
        "village": "水湳里",
        "location": "瀋陽北路106號",
        "type": "沿街",
        "collection_type": "recycling",
        "day_of_week": 4
      }
    },
    {
      "type": "Feature",
      "geometry": {
        "type": "Point",
        "coordinates": [
          120.67352407244478,
          24.178871349503627
        ]
      },
      "properties": {
        "routeId": "taichung-kel-2303-c4aa6e-d4",
        "city": "taichung",
        "route_name": "KEL-2303",
        "car_seq": "KEL-2303",
        "arrival_time": "1947",
        "departure_time": "1953",
        "district": "北屯區",
        "village": "水湳里",
        "location": "瀋陽北路89號",
        "type": "沿街",
        "collection_type": "garbage",
        "day_of_week": 4
      }
    },
    {
      "type": "Feature",
      "geometry": {
        "type": "Point",
        "coordinates": [
          120.67352407244478,
          24.178871349503627
        ]
      },
      "properties": {
        "routeId": "taichung-kel-2303-c4aa6e-d4",
        "city": "taichung",
        "route_name": "KEL-2303",
        "car_seq": "KEL-2303",
        "arrival_time": "1947",
        "departure_time": "1953",
        "district": "北屯區",
        "village": "水湳里",
        "location": "瀋陽北路89號",
        "type": "沿街",
        "collection_type": "recycling",
        "day_of_week": 4
      }
    }
  ]
}