{
  "type": "FeatureCollection",
  "features": [
    {
      "type": "Feature",
      "geometry": {
        "type": "Point",
        "coordinates": [
          120.623966,
          24.17848
        ]
      },
      "properties": {
        "routeId": "taichung-kel-2316-4d731b-d1",
        "city": "taichung",
        "route_name": "KEL-2316",
        "car_seq": "KEL-2316",
        "arrival_time": "1405",
        "departure_time": "1406",
        "district": "西屯區",
        "village": "福和里",
        "location": "臺灣大道4段527號",
        "type": "沿街",
        "collection_type": "garbage",
        "day_of_week": 1
      }
    },
    {
      "type": "Feature",
      "geometry": {
        "type": "Point",
        "coordinates": [
          120.623966,
          24.17848
        ]
      },
      "properties": {
        "routeId": "taichung-kel-2316-4d731b-d1",
        "city": "taichung",
        "route_name": "KEL-2316",
        "car_seq": "KEL-2316",
        "arrival_time": "1405",
        "departure_time": "1406",
        "district": "西屯區",
        "village": "福和里",
        "location": "臺灣大道4段527號",
        "type": "沿街",
        "collection_type": "recycling",
        "day_of_week": 1
      }
    },
    {
      "type": "Feature",
      "geometry": {
        "type": "Point",
        "coordinates": [
          120.624028,
          24.178331
        ]
      },
      "properties": {
        "routeId": "taichung-kel-2316-4d731b-d1",
        "city": "taichung",
        "route_name": "KEL-2316",
        "car_seq": "KEL-2316",
        "arrival_time": "1407",
        "departure_time": "1408",
        "district": "西屯區",
        "village": "福和里",
        "location": "安和路121之30號",
        "type": "沿街",
        "collection_type": "garbage",
        "day_of_week": 1
      }
    },
    {
      "type": "Feature",
      "geometry": {
        "type": "Point",
        "coordinates": [
          120.624028,
          24.178331
        ]
      },
      "properties": {
        "routeId": "taichung-kel-2316-4d731b-d1",
        "city": "taichung",
        "route_name": "KEL-2316",
        "car_seq": "KEL-2316",
        "arrival_time": "1407",
        "departure_time": "1408",
        "district": "西屯區",
        "village": "福和里",
        "location": "安和路121之30號",
        "type": "沿街",
        "collection_type": "recycling",
        "day_of_week": 1
      }
    },
    {
      "type": "Feature",
      "geometry": {
        "type": "Point",
        "coordinates": [
          120.623566,
          24.17735
        ]
      },
      "properties": {
        "routeId": "taichung-kel-2316-4d731b-d1",
        "city": "taichung",
        "route_name": "KEL-2316",
        "car_seq": "KEL-2316",
        "arrival_time": "1409",
        "departure_time": "1410",
        "district": "西屯區",
        "village": "福和里",
        "location": "安和路121之16號",
        "type": "沿街",
        "collection_type": "garbage",
        "day_of_week": 1
      }
    },
    {
      "type": "Feature",
      "geometry": {
        "type": "Point",
        "coordinates": [
          120.623566,
          24.17735
        ]
      },
      "properties": {
        "routeId": "taichung-kel-2316-4d731b-d1",
        "city": "taichung",
        "route_name": "KEL-2316",
        "car_seq": "KEL-2316",
        "arrival_time": "1409",
        "departure_time": "1410",
        "district": "西屯區",
        "village": "福和里",
        "location": "安和路121之16號",
        "type": "沿街",
        "collection_type": "recycling",
        "day_of_week": 1
      }
    },
    {
      "type": "Feature",
      "geometry": {
        "type": "Point",
        "coordinates": [
          120.623642,
          24.176535
        ]
      },
      "properties": {
        "routeId": "taichung-kel-2316-4d731b-d1",
        "city": "taichung",
        "route_name": "KEL-2316",
        "car_seq": "KEL-2316",
        "arrival_time": "1410",
        "departure_time": "1411",
        "district": "西屯區",
        "village": "福和里",
        "location": "安和路120號",
        "type": "沿街",
        "collection_type": "garbage",
        "day_of_week": 1
      }
    },
    {
      "type": "Feature",
      "geometry": {
        "type": "Point",
        "coordinates": [
          120.623642,
          24.176535
        ]
      },
      "properties": {
        "routeId": "taichung-kel-2316-4d731b-d1",
        "city": "taichung",
        "route_name": "KEL-2316",
        "car_seq": "KEL-2316",
        "arrival_time": "1410",
        "departure_time": "1411",
        "district": "西屯區",
        "village": "福和里",
        "location": "安和路120號",
        "type": "沿街",
        "collection_type": "recycling",
        "day_of_week": 1
      }
    },
    {
      "type": "Feature",
      "geometry": {
        "type": "Point",
        "coordinates": [
          120.622893,
          24.177378
        ]
      },
      "properties": {
        "routeId": "taichung-kel-2316-4d731b-d1",
        "city": "taichung",
        "route_name": "KEL-2316",
        "car_seq": "KEL-2316",
        "arrival_time": "1411",
        "departure_time": "1412",
        "district": "西屯區",
        "village": "福和里",
        "location": "安和路119號",
        "type": "沿街",
        "collection_type": "garbage",
        "day_of_week": 1
      }
    },
    {
      "type": "Feature",
      "geometry": {
        "type": "Point",
        "coordinates": [
          120.622893,
          24.177378
        ]
      },
      "properties": {
        "routeId": "taichung-kel-2316-4d731b-d1",
        "city": "taichung",
        "route_name": "KEL-2316",
        "car_seq": "KEL-2316",
        "arrival_time": "1411",
        "departure_time": "1412",
        "district": "西屯區",
        "village": "福和里",
        "location": "安和路119號",
        "type": "沿街",
        "collection_type": "recycling",
        "day_of_week": 1
      }
    },
    {
      "type": "Feature",
      "geometry": {
        "type": "Point",
        "coordinates": [
          120.621925,
          24.17623
        ]
      },
      "properties": {
        "routeId": "taichung-kel-2316-4d731b-d1",
        "city": "taichung",
        "route_name": "KEL-2316",
        "car_seq": "KEL-2316",
        "arrival_time": "1412",
        "departure_time": "1413",
        "district": "西屯區",
        "village": "福和里",
        "location": "安和路115號",
        "type": "沿街",
        "collection_type": "garbage",
        "day_of_week": 1
      }
    },
    {
      "type": "Feature",
      "geometry": {
        "type": "Point",
        "coordinates": [
          120.621925,
          24.17623
        ]
      },
      "properties": {
        "routeId": "taichung-kel-2316-4d731b-d1",
        "city": "taichung",
        "route_name": "KEL-2316",
        "car_seq": "KEL-2316",
        "arrival_time": "1412",
        "departure_time": "1413",
        "district": "西屯區",
        "village": "福和里",
        "location": "安和路115號",
        "type": "沿街",
        "collection_type": "recycling",
        "day_of_week": 1
      }
    },
    {
      "type": "Feature",
      "geometry": {
        "type": "Point",
        "coordinates": [
          120.620876,
          24.172626
        ]
      },
      "properties": {
        "routeId": "taichung-kel-2316-4d731b-d1",
        "city": "taichung",
        "route_name": "KEL-2316",
        "car_seq": "KEL-2316",
        "arrival_time": "1413",
        "departure_time": "1414",
        "district": "西屯區",
        "village": "協和里",
        "location": "安和路101之10號",
        "type": "沿街",
        "collection_type": "garbage",
        "day_of_week": 1
      }
    },
    {
      "type": "Feature",
      "geometry": {
        "type": "Point",
        "coordinates": [
          120.620876,
          24.172626
        ]
      },
      "properties": {
        "routeId": "taichung-kel-2316-4d731b-d1",
        "city": "taichung",
        "route_name": "KEL-2316",
        "car_seq": "KEL-2316",
        "arrival_time": "1413",
        "departure_time": "1414",
        "district": "西屯區",
        "village": "協和里",
        "location": "安和路101之10號",
        "type": "沿街",
        "collection_type": "recycling",
        "day_of_week": 1
      }
    },
    {
      "type": "Feature",
      "geometry": {
        "type": "Point",
        "coordinates": [
          120.620616,
          24.173283
        ]
      },
      "properties": {
        "routeId": "taichung-kel-2316-4d731b-d1",
        "city": "taichung",
        "route_name": "KEL-2316",
        "car_seq": "KEL-2316",
        "arrival_time": "1415",
        "departure_time": "1416",
        "district": "西屯區",
        "village": "協和里",
        "location": "安和路103號",
        "type": "沿街",
        "collection_type": "garbage",
        "day_of_week": 1
      }
    },
    {
      "type": "Feature",
      "geometry": {
        "type": "Point",
        "coordinates": [
          120.620616,
          24.173283
        ]
      },
      "properties": {
        "routeId": "taichung-kel-2316-4d731b-d1",
        "city": "taichung",
        "route_name": "KEL-2316",
        "car_seq": "KEL-2316",
        "arrival_time": "1415",
        "departure_time": "1416",
        "district": "西屯區",
        "village": "協和里",
        "location": "安和路103號",
        "type": "沿街",
        "collection_type": "recycling",
        "day_of_week": 1
      }
    },
    {
      "type": "Feature",
      "geometry": {
        "type": "Point",
        "coordinates": [
          120.620585,
          24.171693
        ]
      },
      "properties": {
        "routeId": "taichung-kel-2316-4d731b-d1",
        "city": "taichung",
        "route_name": "KEL-2316",
        "car_seq": "KEL-2316",
        "arrival_time": "1418",
        "departure_time": "1419",
        "district": "西屯區",
        "village": "協和里",
        "location": "安和路99之29號",
        "type": "沿街",
        "collection_type": "garbage",
        "day_of_week": 1
      }
    },
    {
      "type": "Feature",
      "geometry": {
        "type": "Point",
        "coordinates": [
          120.620585,
          24.171693
        ]
      },
      "properties": {
        "routeId": "taichung-kel-2316-4d731b-d1",
        "city": "taichung",
        "route_name": "KEL-2316",
        "car_seq": "KEL-2316",
        "arrival_time": "1418",
        "departure_time": "1419",
        "district": "西屯區",
        "village": "協和里",
        "location": "安和路99之29號",
        "type": "沿街",
        "collection_type": "recycling",
        "day_of_week": 1
      }
    },
    {
      "type": "Feature",
      "geometry": {
        "type": "Point",
        "coordinates": [
          120.620452,
          24.171227
        ]
      },
      "properties": {
        "routeId": "taichung-kel-2316-4d731b-d1",
        "city": "taichung",
        "route_name": "KEL-2316",
        "car_seq": "KEL-2316",
        "arrival_time": "1419",
        "departure_time": "1420",
        "district": "西屯區",
        "village": "協和里",
        "location": "安和路99之16號",
        "type": "沿街",
        "collection_type": "garbage",
        "day_of_week": 1
      }
    },
    {
      "type": "Feature",
      "geometry": {
        "type": "Point",
        "coordinates": [
          120.620452,
          24.171227
        ]
      },
      "properties": {
        "routeId": "taichung-kel-2316-4d731b-d1",
        "city": "taichung",
        "route_name": "KEL-2316",
        "car_seq": "KEL-2316",
        "arrival_time": "1419",
        "departure_time": "1420",
        "district": "西屯區",
        "village": "協和里",
        "location": "安和路99之16號",
        "type": "沿街",
        "collection_type": "recycling",
        "day_of_week": 1
      }
    },
    {
      "type": "Feature",
      "geometry": {
        "type": "Point",
        "coordinates": [
          120.619108,
          24.168301
        ]
      },
      "properties": {
        "routeId": "taichung-kel-2316-4d731b-d1",
        "city": "taichung",
        "route_name": "KEL-2316",
        "car_seq": "KEL-2316",
        "arrival_time": "1420",
        "departure_time": "1421",
        "district": "西屯區",
        "village": "協和里",
        "location": "安和路83之10號",
        "type": "沿街",
        "collection_type": "garbage",
        "day_of_week": 1
      }
    },
    {
      "type": "Feature",
      "geometry": {
        "type": "Point",
        "coordinates": [
          120.619108,
          24.168301
        ]
      },
      "properties": {
        "routeId": "taichung-kel-2316-4d731b-d1",
        "city": "taichung",
        "route_name": "KEL-2316",
        "car_seq": "KEL-2316",
        "arrival_time": "1420",
        "departure_time": "1421",
        "district": "西屯區",
        "village": "協和里",
        "location": "安和路83之10號",
        "type": "沿街",
        "collection_type": "recycling",
        "day_of_week": 1
      }
    },
    {
      "type": "Feature",
      "geometry": {
        "type": "Point",
        "coordinates": [
          120.618876,
          24.167681
        ]
      },
      "properties": {
        "routeId": "taichung-kel-2316-4d731b-d1",
        "city": "taichung",
        "route_name": "KEL-2316",
        "car_seq": "KEL-2316",
        "arrival_time": "1422",
        "departure_time": "1423",
        "district": "西屯區",
        "village": "協和里",
        "location": "安和路83之5號",
        "type": "沿街",
        "collection_type": "garbage",
        "day_of_week": 1
      }
    },
    {
      "type": "Feature",
      "geometry": {
        "type": "Point",
        "coordinates": [
          120.618876,
          24.167681
        ]
      },
      "properties": {
        "routeId": "taichung-kel-2316-4d731b-d1",
        "city": "taichung",
        "route_name": "KEL-2316",
        "car_seq": "KEL-2316",
        "arrival_time": "1422",
        "departure_time": "1423",
        "district": "西屯區",
        "village": "協和里",
        "location": "安和路83之5號",
        "type": "沿街",
        "collection_type": "recycling",
        "day_of_week": 1
      }
    },
    {
      "type": "Feature",
      "geometry": {
        "type": "Point",
        "coordinates": [
          120.618508,
          24.165984
        ]
      },
      "properties": {
        "routeId": "taichung-kel-2316-4d731b-d1",
        "city": "taichung",
        "route_name": "KEL-2316",
        "car_seq": "KEL-2316",
        "arrival_time": "1424",
        "departure_time": "1425",
        "district": "西屯區",
        "village": "協和里",
        "location": "安和路49之5號",
        "type": "沿街",
        "collection_type": "garbage",
        "day_of_week": 1
      }
    },
    {
      "type": "Feature",
      "geometry": {
        "type": "Point",
        "coordinates": [
          120.618508,
          24.165984
        ]
      },
      "properties": {
        "routeId": "taichung-kel-2316-4d731b-d1",
        "city": "taichung",
        "route_name": "KEL-2316",
        "car_seq": "KEL-2316",
        "arrival_time": "1424",
        "departure_time": "1425",
        "district": "西屯區",
        "village": "協和里",
        "location": "安和路49之5號",
        "type": "沿街",
        "collection_type": "recycling",
        "day_of_week": 1
      }
    },
    {
      "type": "Feature",
      "geometry": {
        "type": "Point",
        "coordinates": [
          120.618422,
          24.165229
        ]
      },
      "properties": {
        "routeId": "taichung-kel-2316-4d731b-d1",
        "city": "taichung",
        "route_name": "KEL-2316",
        "car_seq": "KEL-2316",
        "arrival_time": "1426",
        "departure_time": "1427",
        "district": "西屯區",
        "village": "協和里",
        "location": "安和路48號",
        "type": "沿街",
        "collection_type": "garbage",
        "day_of_week": 1
      }
    },
    {
      "type": "Feature",
      "geometry": {
        "type": "Point",
        "coordinates": [
          120.618422,
          24.165229
        ]
      },
      "properties": {
        "routeId": "taichung-kel-2316-4d731b-d1",
        "city": "taichung",
        "route_name": "KEL-2316",
        "car_seq": "KEL-2316",
        "arrival_time": "1426",
        "departure_time": "1427",
        "district": "西屯區",
        "village": "協和里",
        "location": "安和路48號",
        "type": "沿街",
        "collection_type": "recycling",
        "day_of_week": 1
      }
    },
    {
      "type": "Feature",
      "geometry": {
        "type": "Point",
        "coordinates": [
          120.61832,
          24.164671
        ]
      },
      "properties": {
        "routeId": "taichung-kel-2316-4d731b-d1",
        "city": "taichung",
        "route_name": "KEL-2316",
        "car_seq": "KEL-2316",
        "arrival_time": "1428",
        "departure_time": "1429",
        "district": "西屯區",
        "village": "協和里",
        "location": "安和路41之7號",
        "type": "沿街",
        "collection_type": "garbage",
        "day_of_week": 1
      }
    },
    {
      "type": "Feature",
      "geometry": {
        "type": "Point",
        "coordinates": [
          120.61832,
          24.164671
        ]
      },
      "properties": {
        "routeId": "taichung-kel-2316-4d731b-d1",
        "city": "taichung",
        "route_name": "KEL-2316",
        "car_seq": "KEL-2316",
        "arrival_time": "1428",
        "departure_time": "1429",
        "district": "西屯區",
        "village": "協和里",
        "location": "安和路41之7號",
        "type": "沿街",
        "collection_type": "recycling",
        "day_of_week": 1
      }
    },
    {
      "type": "Feature",
      "geometry": {
        "type": "Point",
        "coordinates": [
          120.618163,
          24.164328
        ]
      },
      "properties": {
        "routeId": "taichung-kel-2316-4d731b-d1",
        "city": "taichung",
        "route_name": "KEL-2316",
        "car_seq": "KEL-2316",
        "arrival_time": "1430",
        "departure_time": "1431",
        "district": "西屯區",
        "village": "協和里",
        "location": "安和路33號",
        "type": "沿街",
        "collection_type": "garbage",
        "day_of_week": 1
      }
    },
    {
      "type": "Feature",
      "geometry": {
        "type": "Point",
        "coordinates": [
          120.618163,
          24.164328
        ]
      },
      "properties": {
        "routeId": "taichung-kel-2316-4d731b-d1",
        "city": "taichung",
        "route_name": "KEL-2316",
        "car_seq": "KEL-2316",
        "arrival_time": "1430",
        "departure_time": "1431",
        "district": "西屯區",
        "village": "協和里",
        "location": "安和路33號",
        "type": "沿街",
        "collection_type": "recycling",
        "day_of_week": 1
      }
    },
    {
      "type": "Feature",
      "geometry": {
        "type": "Point",
        "coordinates": [
          120.617456,
          24.159829
        ]
      },
      "properties": {
        "routeId": "taichung-kel-2316-4d731b-d1",
        "city": "taichung",
        "route_name": "KEL-2316",
        "car_seq": "KEL-2316",
        "arrival_time": "1437",
        "departure_time": "1438",
        "district": "西屯區",
        "village": "協和里",
        "location": "安和路1之6號",
        "type": "沿街",
        "collection_type": "garbage",
        "day_of_week": 1
      }
    },
    {
      "type": "Feature",
      "geometry": {
        "type": "Point",
        "coordinates": [
          120.617456,
          24.159829
        ]
      },
      "properties": {
        "routeId": "taichung-kel-2316-4d731b-d1",
        "city": "taichung",
        "route_name": "KEL-2316",
        "car_seq": "KEL-2316",
        "arrival_time": "1437",
        "departure_time": "1438",
        "district": "西屯區",
        "village": "協和里",
        "location": "安和路1之6號",
        "type": "沿街",
        "collection_type": "recycling",
        "day_of_week": 1
      }
    },
    {
      "type": "Feature",
      "geometry": {
        "type": "Point",
        "coordinates": [
          120.618622,
          24.160549
        ]
      },
      "properties": {
        "routeId": "taichung-kel-2316-4d731b-d1",
        "city": "taichung",
        "route_name": "KEL-2316",
        "car_seq": "KEL-2316",
        "arrival_time": "1438",
        "departure_time": "1439",
        "district": "西屯區",
        "village": "協和里",
        "location": "安和路2之8號",
        "type": "沿街",
        "collection_type": "garbage",
        "day_of_week": 1
      }
    },
    {
      "type": "Feature",
      "geometry": {
        "type": "Point",
        "coordinates": [
          120.618622,
          24.160549
        ]
      },
      "properties": {
        "routeId": "taichung-kel-2316-4d731b-d1",
        "city": "taichung",
        "route_name": "KEL-2316",
        "car_seq": "KEL-2316",
        "arrival_time": "1438",
        "departure_time": "1439",
        "district": "西屯區",
        "village": "協和里",
        "location": "安和路2之8號",
        "type": "沿街",
        "collection_type": "recycling",
        "day_of_week": 1
      }
    },
    {
      "type": "Feature",
      "geometry": {
        "type": "Point",
        "coordinates": [
          120.620831,
          24.161891
        ]
      },
      "properties": {
        "routeId": "taichung-kel-2316-4d731b-d1",
        "city": "taichung",
        "route_name": "KEL-2316",
        "car_seq": "KEL-2316",
        "arrival_time": "1439",
        "departure_time": "1440",
        "district": "西屯區",
        "village": "協和里",
        "location": "安和路8之1號",
        "type": "沿街",
        "collection_type": "garbage",
        "day_of_week": 1
      }
    },
    {
      "type": "Feature",
      "geometry": {
        "type": "Point",
        "coordinates": [
          120.620831,
          24.161891
        ]
      },
      "properties": {
        "routeId": "taichung-kel-2316-4d731b-d1",
        "city": "taichung",
        "route_name": "KEL-2316",
        "car_seq": "KEL-2316",
        "arrival_time": "1439",
        "departure_time": "1440",
        "district": "西屯區",
        "village": "協和里",
        "location": "安和路8之1號",
        "type": "沿街",
        "collection_type": "recycling",
        "day_of_week": 1
      }
    },
    {
      "type": "Feature",
      "geometry": {
        "type": "Point",
        "coordinates": [
          120.618488,
          24.163319
        ]
      },
      "properties": {
        "routeId": "taichung-kel-2316-4d731b-d1",
        "city": "taichung",
        "route_name": "KEL-2316",
        "car_seq": "KEL-2316",
        "arrival_time": "1440",
        "departure_time": "1441",
        "district": "西屯區",
        "village": "協和里",
        "location": "安和路14之1號",
        "type": "沿街",
        "collection_type": "garbage",
        "day_of_week": 1
      }
    },
    {
      "type": "Feature",
      "geometry": {
        "type": "Point",
        "coordinates": [
          120.618488,
          24.163319
        ]
      },
      "properties": {
        "routeId": "taichung-kel-2316-4d731b-d1",
        "city": "taichung",
        "route_name": "KEL-2316",
        "car_seq": "KEL-2316",
        "arrival_time": "1440",
        "departure_time": "1441",
        "district": "西屯區",
        "village": "協和里",
        "location": "安和路14之1號",
        "type": "沿街",
        "collection_type": "recycling",
        "day_of_week": 1
      }
    },
    {
      "type": "Feature",
      "geometry": {
        "type": "Point",
        "coordinates": [
          120.618741,
          24.164839
        ]
      },
      "properties": {
        "routeId": "taichung-kel-2316-4d731b-d1",
        "city": "taichung",
        "route_name": "KEL-2316",
        "car_seq": "KEL-2316",
        "arrival_time": "1441",
        "departure_time": "1442",
        "district": "西屯區",
        "village": "協和里",
        "location": "安和路45之1號",
        "type": "沿街",
        "collection_type": "garbage",
        "day_of_week": 1
      }
    },
    {
      "type": "Feature",
      "geometry": {
        "type": "Point",
        "coordinates": [
          120.618741,
          24.164839
        ]
      },
      "properties": {
        "routeId": "taichung-kel-2316-4d731b-d1",
        "city": "taichung",
        "route_name": "KEL-2316",
        "car_seq": "KEL-2316",
        "arrival_time": "1441",
        "departure_time": "1442",
        "district": "西屯區",
        "village": "協和里",
        "location": "安和路45之1號",
        "type": "沿街",
        "collection_type": "recycling",
        "day_of_week": 1
      }
    },
    {
      "type": "Feature",
      "geometry": {
        "type": "Point",
        "coordinates": [
          120.619106,
          24.167083
        ]
      },
      "properties": {
        "routeId": "taichung-kel-2316-4d731b-d1",
        "city": "taichung",
        "route_name": "KEL-2316",
        "car_seq": "KEL-2316",
        "arrival_time": "1442",
        "departure_time": "1443",
        "district": "西屯區",
        "village": "協和里",
        "location": "安和路55之9號",
        "type": "沿街",
        "collection_type": "garbage",
        "day_of_week": 1
      }
    },
    {
      "type": "Feature",
      "geometry": {
        "type": "Point",
        "coordinates": [
          120.619106,
          24.167083
        ]
      },
      "properties": {
        "routeId": "taichung-kel-2316-4d731b-d1",
        "city": "taichung",
        "route_name": "KEL-2316",
        "car_seq": "KEL-2316",
        "arrival_time": "1442",
        "departure_time": "1443",
        "district": "西屯區",
        "village": "協和里",
        "location": "安和路55之9號",
        "type": "沿街",
        "collection_type": "recycling",
        "day_of_week": 1
      }
    },
    {
      "type": "Feature",
      "geometry": {
        "type": "Point",
        "coordinates": [
          120.619466,
          24.168011
        ]
      },
      "properties": {
        "routeId": "taichung-kel-2316-4d731b-d1",
        "city": "taichung",
        "route_name": "KEL-2316",
        "car_seq": "KEL-2316",
        "arrival_time": "1443",
        "departure_time": "1444",
        "district": "西屯區",
        "village": "協和里",
        "location": "安和路65之1號",
        "type": "沿街",
        "collection_type": "garbage",
        "day_of_week": 1
      }
    },
    {
      "type": "Feature",
      "geometry": {
        "type": "Point",
        "coordinates": [
          120.619466,
          24.168011
        ]
      },
      "properties": {
        "routeId": "taichung-kel-2316-4d731b-d1",
        "city": "taichung",
        "route_name": "KEL-2316",
        "car_seq": "KEL-2316",
        "arrival_time": "1443",
        "departure_time": "1444",
        "district": "西屯區",
        "village": "協和里",
        "location": "安和路65之1號",
        "type": "沿街",
        "collection_type": "recycling",
        "day_of_week": 1
      }
    },
    {
      "type": "Feature",
      "geometry": {
        "type": "Point",
        "coordinates": [
          120.619825,
          24.16901
        ]
      },
      "properties": {
        "routeId": "taichung-kel-2316-4d731b-d1",
        "city": "taichung",
        "route_name": "KEL-2316",
        "car_seq": "KEL-2316",
        "arrival_time": "1444",
        "departure_time": "1445",
        "district": "西屯區",
        "village": "協和里",
        "location": "安和路62之2號",
        "type": "沿街",
        "collection_type": "garbage",
        "day_of_week": 1
      }
    },
    {
      "type": "Feature",
      "geometry": {
        "type": "Point",
        "coordinates": [
          120.619825,
          24.16901
        ]
      },
      "properties": {
        "routeId": "taichung-kel-2316-4d731b-d1",
        "city": "taichung",
        "route_name": "KEL-2316",
        "car_seq": "KEL-2316",
        "arrival_time": "1444",
        "departure_time": "1445",
        "district": "西屯區",
        "village": "協和里",
        "location": "安和路62之2號",
        "type": "沿街",
        "collection_type": "recycling",
        "day_of_week": 1
      }
    },
    {
      "type": "Feature",
      "geometry": {
        "type": "Point",
        "coordinates": [
          120.61993,
          24.169392
        ]
      },
      "properties": {
        "routeId": "taichung-kel-2316-4d731b-d1",
        "city": "taichung",
        "route_name": "KEL-2316",
        "car_seq": "KEL-2316",
        "arrival_time": "1445",
        "departure_time": "1446",
        "district": "西屯區",
        "village": "協和里",
        "location": "安和路62之10號",
        "type": "沿街",
        "collection_type": "garbage",
        "day_of_week": 1
      }
    },
    {
      "type": "Feature",
      "geometry": {
        "type": "Point",
        "coordinates": [
          120.61993,
          24.169392
        ]
      },
      "properties": {
        "routeId": "taichung-kel-2316-4d731b-d1",
        "city": "taichung",
        "route_name": "KEL-2316",
        "car_seq": "KEL-2316",
        "arrival_time": "1445",
        "departure_time": "1446",
        "district": "西屯區",
        "village": "協和里",
        "location": "安和路62之10號",
        "type": "沿街",
        "collection_type": "recycling",
        "day_of_week": 1
      }
    },
    {
      "type": "Feature",
      "geometry": {
        "type": "Point",
        "coordinates": [
          120.620554,
          24.169922
        ]
      },
      "properties": {
        "routeId": "taichung-kel-2316-4d731b-d1",
        "city": "taichung",
        "route_name": "KEL-2316",
        "car_seq": "KEL-2316",
        "arrival_time": "1446",
        "departure_time": "1447",
        "district": "西屯區",
        "village": "協和里",
        "location": "安和路70之8號",
        "type": "沿街",
        "collection_type": "garbage",
        "day_of_week": 1
      }
    },
    {
      "type": "Feature",
      "geometry": {
        "type": "Point",
        "coordinates": [
          120.620554,
          24.169922
        ]
      },
      "properties": {
        "routeId": "taichung-kel-2316-4d731b-d1",
        "city": "taichung",
        "route_name": "KEL-2316",
        "car_seq": "KEL-2316",
        "arrival_time": "1446",
        "departure_time": "1447",
        "district": "西屯區",
        "village": "協和里",
        "location": "安和路70之8號",
        "type": "沿街",
        "collection_type": "recycling",
        "day_of_week": 1
      }
    },
    {
      "type": "Feature",
      "geometry": {
        "type": "Point",
        "coordinates": [
          120.620363,
          24.170152
        ]
      },
      "properties": {
        "routeId": "taichung-kel-2316-4d731b-d1",
        "city": "taichung",
        "route_name": "KEL-2316",
        "car_seq": "KEL-2316",
        "arrival_time": "1449",
        "departure_time": "1449",
        "district": "西屯區",
        "village": "協和里",
        "location": "安和路70之15號",
        "type": "沿街",
        "collection_type": "garbage",
        "day_of_week": 1
      }
    },
    {
      "type": "Feature",
      "geometry": {
        "type": "Point",
        "coordinates": [
          120.620363,
          24.170152
        ]
      },
      "properties": {
        "routeId": "taichung-kel-2316-4d731b-d1",
        "city": "taichung",
        "route_name": "KEL-2316",
        "car_seq": "KEL-2316",
        "arrival_time": "1449",
        "departure_time": "1449",
        "district": "西屯區",
        "village": "協和里",
        "location": "安和路70之15號",
        "type": "沿街",
        "collection_type": "recycling",
        "day_of_week": 1
      }
    },
    {
      "type": "Feature",
      "geometry": {
        "type": "Point",
        "coordinates": [
          120.613489,
          24.16148
        ]
      },
      "properties": {
        "routeId": "taichung-kel-2316-4d731b-d1",
        "city": "taichung",
        "route_name": "KEL-2316",
        "car_seq": "KEL-2316",
        "arrival_time": "1450",
        "departure_time": "1451",
        "district": "西屯區",
        "village": "協和里",
        "location": "協和南巷1之1號",
        "type": "沿街",
        "collection_type": "garbage",
        "day_of_week": 1
      }
    },
    {
      "type": "Feature",
      "geometry": {
        "type": "Point",
        "coordinates": [
          120.613489,
          24.16148
        ]
      },
      "properties": {
        "routeId": "taichung-kel-2316-4d731b-d1",
        "city": "taichung",
        "route_name": "KEL-2316",
        "car_seq": "KEL-2316",
        "arrival_time": "1450",
        "departure_time": "1451",
        "district": "西屯區",
        "village": "協和里",
        "location": "協和南巷1之1號",
        "type": "沿街",
        "collection_type": "recycling",
        "day_of_week": 1
      }
    },
    {
      "type": "Feature",
      "geometry": {
        "type": "Point",
        "coordinates": [
          120.612134,
          24.161531
        ]
      },
      "properties": {
        "routeId": "taichung-kel-2316-4d731b-d1",
        "city": "taichung",
        "route_name": "KEL-2316",
        "car_seq": "KEL-2316",
        "arrival_time": "1453",
        "departure_time": "1454",
        "district": "西屯區",
        "village": "協和里",
        "location": "協和南巷3號",
        "type": "沿街",
        "collection_type": "garbage",
        "day_of_week": 1
      }
    },
    {
      "type": "Feature",
      "geometry": {
        "type": "Point",
        "coordinates": [
          120.612134,
          24.161531
        ]
      },
      "properties": {
        "routeId": "taichung-kel-2316-4d731b-d1",
        "city": "taichung",
        "route_name": "KEL-2316",
        "car_seq": "KEL-2316",
        "arrival_time": "1453",
        "departure_time": "1454",
        "district": "西屯區",
        "village": "協和里",
        "location": "協和南巷3號",
        "type": "沿街",
        "collection_type": "recycling",
        "day_of_week": 1
      }
    },
    {
      "type": "Feature",
      "geometry": {
        "type": "Point",
        "coordinates": [
          120.611189,
          24.165883
        ]
      },
      "properties": {
        "routeId": "taichung-kel-2316-4d731b-d1",
        "city": "taichung",
        "route_name": "KEL-2316",
        "car_seq": "KEL-2316",
        "arrival_time": "1454",
        "departure_time": "1455",
        "district": "西屯區",
        "village": "協和里",
        "location": "工業區四路4號",
        "type": "沿街",
        "collection_type": "garbage",
        "day_of_week": 1
      }
    },
    {
      "type": "Feature",
      "geometry": {
        "type": "Point",
        "coordinates": [
          120.611189,
          24.165883
        ]
      },
      "properties": {
        "routeId": "taichung-kel-2316-4d731b-d1",
        "city": "taichung",
        "route_name": "KEL-2316",
        "car_seq": "KEL-2316",
        "arrival_time": "1454",
        "departure_time": "1455",
        "district": "西屯區",
        "village": "協和里",
        "location": "工業區四路4號",
        "type": "沿街",
        "collection_type": "recycling",
        "day_of_week": 1
      }
    },
    {
      "type": "Feature",
      "geometry": {
        "type": "Point",
        "coordinates": [
          120.613288,
          24.163017
        ]
      },
      "properties": {
        "routeId": "taichung-kel-2316-4d731b-d1",
        "city": "taichung",
        "route_name": "KEL-2316",
        "car_seq": "KEL-2316",
        "arrival_time": "1455",
        "departure_time": "1456",
        "district": "西屯區",
        "village": "協和里",
        "location": "協和南巷4號",
        "type": "沿街",
        "collection_type": "garbage",
        "day_of_week": 1
      }
    },
    {
      "type": "Feature",
      "geometry": {
        "type": "Point",
        "coordinates": [
          120.613288,
          24.163017
        ]
      },
      "properties": {
        "routeId": "taichung-kel-2316-4d731b-d1",
        "city": "taichung",
        "route_name": "KEL-2316",
        "car_seq": "KEL-2316",
        "arrival_time": "1455",
        "departure_time": "1456",
        "district": "西屯區",
        "village": "協和里",
        "location": "協和南巷4號",
        "type": "沿街",
        "collection_type": "recycling",
        "day_of_week": 1
      }
    },
    {
      "type": "Feature",
      "geometry": {
        "type": "Point",
        "coordinates": [
          120.613142,
          24.165652
        ]
      },
      "properties": {
        "routeId": "taichung-kel-2316-4d731b-d1",
        "city": "taichung",
        "route_name": "KEL-2316",
        "car_seq": "KEL-2316",
        "arrival_time": "1456",
        "departure_time": "1457",
        "district": "西屯區",
        "village": "協和里",
        "location": "協和南巷7號",
        "type": "沿街",
        "collection_type": "garbage",
        "day_of_week": 1
      }
    },
    {
      "type": "Feature",
      "geometry": {
        "type": "Point",
        "coordinates": [
          120.613142,
          24.165652
        ]
      },
      "properties": {
        "routeId": "taichung-kel-2316-4d731b-d1",
        "city": "taichung",
        "route_name": "KEL-2316",
        "car_seq": "KEL-2316",
        "arrival_time": "1456",
        "departure_time": "1457",
        "district": "西屯區",
        "village": "協和里",
        "location": "協和南巷7號",
        "type": "沿街",
        "collection_type": "recycling",
        "day_of_week": 1
      }
    },
    {
      "type": "Feature",
      "geometry": {
        "type": "Point",
        "coordinates": [
          120.613288,
          24.166293
        ]
      },
      "properties": {
        "routeId": "taichung-kel-2316-4d731b-d1",
        "city": "taichung",
        "route_name": "KEL-2316",
        "car_seq": "KEL-2316",
        "arrival_time": "1458",
        "departure_time": "1459",
        "district": "西屯區",
        "village": "協和里",
        "location": "協和南巷8之10號",
        "type": "沿街",
        "collection_type": "garbage",
        "day_of_week": 1
      }
    },
    {
      "type": "Feature",
      "geometry": {
        "type": "Point",
        "coordinates": [
          120.613288,
          24.166293
        ]
      },
      "properties": {
        "routeId": "taichung-kel-2316-4d731b-d1",
        "city": "taichung",
        "route_name": "KEL-2316",
        "car_seq": "KEL-2316",
        "arrival_time": "1458",
        "departure_time": "1459",
        "district": "西屯區",
        "village": "協和里",
        "location": "協和南巷8之10號",
        "type": "沿街",
        "collection_type": "recycling",
        "day_of_week": 1
      }
    },
    {
      "type": "Feature",
      "geometry": {
        "type": "Point",
        "coordinates": [
          120.61433,
          24.165305
        ]
      },
      "properties": {
        "routeId": "taichung-kel-2316-4d731b-d1",
        "city": "taichung",
        "route_name": "KEL-2316",
        "car_seq": "KEL-2316",
        "arrival_time": "1500",
        "departure_time": "1501",
        "district": "西屯區",
        "village": "協和里",
        "location": "協和南巷11號",
        "type": "沿街",
        "collection_type": "garbage",
        "day_of_week": 1
      }
    },
    {
      "type": "Feature",
      "geometry": {
        "type": "Point",
        "coordinates": [
          120.61433,
          24.165305
        ]
      },
      "properties": {
        "routeId": "taichung-kel-2316-4d731b-d1",
        "city": "taichung",
        "route_name": "KEL-2316",
        "car_seq": "KEL-2316",
        "arrival_time": "1500",
        "departure_time": "1501",
        "district": "西屯區",
        "village": "協和里",
        "location": "協和南巷11號",
        "type": "沿街",
        "collection_type": "recycling",
        "day_of_week": 1
      }
    },
    {
      "type": "Feature",
      "geometry": {
        "type": "Point",
        "coordinates": [
          120.615245,
          24.163845
        ]
      },
      "properties": {
        "routeId": "taichung-kel-2316-4d731b-d1",
        "city": "taichung",
        "route_name": "KEL-2316",
        "car_seq": "KEL-2316",
        "arrival_time": "1501",
        "departure_time": "1502",
        "district": "西屯區",
        "village": "協和里",
        "location": "協和南巷23號",
        "type": "沿街",
        "collection_type": "garbage",
        "day_of_week": 1
      }
    },
    {
      "type": "Feature",
      "geometry": {
        "type": "Point",
        "coordinates": [
          120.615245,
          24.163845
        ]
      },
      "properties": {
        "routeId": "taichung-kel-2316-4d731b-d1",
        "city": "taichung",
        "route_name": "KEL-2316",
        "car_seq": "KEL-2316",
        "arrival_time": "1501",
        "departure_time": "1502",
        "district": "西屯區",
        "village": "協和里",
        "location": "協和南巷23號",
        "type": "沿街",
        "collection_type": "recycling",
        "day_of_week": 1
      }
    },
    {
      "type": "Feature",
      "geometry": {
        "type": "Point",
        "coordinates": [
          120.61517,
          24.164473
        ]
      },
      "properties": {
        "routeId": "taichung-kel-2316-4d731b-d1",
        "city": "taichung",
        "route_name": "KEL-2316",
        "car_seq": "KEL-2316",
        "arrival_time": "1503",
        "departure_time": "1504",
        "district": "西屯區",
        "village": "協和里",
        "location": "協和南巷25之16號",
        "type": "沿街",
        "collection_type": "garbage",
        "day_of_week": 1
      }
    },
    {
      "type": "Feature",
      "geometry": {
        "type": "Point",
        "coordinates": [
          120.61517,
          24.164473
        ]
      },
      "properties": {
        "routeId": "taichung-kel-2316-4d731b-d1",
        "city": "taichung",
        "route_name": "KEL-2316",
        "car_seq": "KEL-2316",
        "arrival_time": "1503",
        "departure_time": "1504",
        "district": "西屯區",
        "village": "協和里",
        "location": "協和南巷25之16號",
        "type": "沿街",
        "collection_type": "recycling",
        "day_of_week": 1
      }
    },
    {
      "type": "Feature",
      "geometry": {
        "type": "Point",
        "coordinates": [
          120.614339,
          24.16776
        ]
      },
      "properties": {
        "routeId": "taichung-kel-2316-4d731b-d1",
        "city": "taichung",
        "route_name": "KEL-2316",
        "car_seq": "KEL-2316",
        "arrival_time": "1505",
        "departure_time": "1506",
        "district": "西屯區",
        "village": "協和里",
        "location": "協和南巷16號",
        "type": "沿街",
        "collection_type": "garbage",
        "day_of_week": 1
      }
    },
    {
      "type": "Feature",
      "geometry": {
        "type": "Point",
        "coordinates": [
          120.614339,
          24.16776
        ]
      },
      "properties": {
        "routeId": "taichung-kel-2316-4d731b-d1",
        "city": "taichung",
        "route_name": "KEL-2316",
        "car_seq": "KEL-2316",
        "arrival_time": "1505",
        "departure_time": "1506",
        "district": "西屯區",
        "village": "協和里",
        "location": "協和南巷16號",
        "type": "沿街",
        "collection_type": "recycling",
        "day_of_week": 1
      }
    },
    {
      "type": "Feature",
      "geometry": {
        "type": "Point",
        "coordinates": [
          120.618033,
          24.163678
        ]
      },
      "properties": {
        "routeId": "taichung-kel-2316-4d731b-d1",
        "city": "taichung",
        "route_name": "KEL-2316",
        "car_seq": "KEL-2316",
        "arrival_time": "1514",
        "departure_time": "1515",
        "district": "西屯區",
        "village": "協和里",
        "location": "安和路27號",
        "type": "沿街",
        "collection_type": "garbage",
        "day_of_week": 1
      }
    },
    {
      "type": "Feature",
      "geometry": {
        "type": "Point",
        "coordinates": [
          120.618033,
          24.163678
        ]
      },
      "properties": {
        "routeId": "taichung-kel-2316-4d731b-d1",
        "city": "taichung",
        "route_name": "KEL-2316",
        "car_seq": "KEL-2316",
        "arrival_time": "1514",
        "departure_time": "1515",
        "district": "西屯區",
        "village": "協和里",
        "location": "安和路27號",
        "type": "沿街",
        "collection_type": "recycling",
        "day_of_week": 1
      }
    },
    {
      "type": "Feature",
      "geometry": {
        "type": "Point",
        "coordinates": [
          120.617983,
          24.164106
        ]
      },
      "properties": {
        "routeId": "taichung-kel-2316-4d731b-d1",
        "city": "taichung",
        "route_name": "KEL-2316",
        "car_seq": "KEL-2316",
        "arrival_time": "1515",
        "departure_time": "1516",
        "district": "西屯區",
        "village": "協和里",
        "location": "安和路31之3號",
        "type": "沿街",
        "collection_type": "garbage",
        "day_of_week": 1
      }
    },
    {
      "type": "Feature",
      "geometry": {
        "type": "Point",
        "coordinates": [
          120.617983,
          24.164106
        ]
      },
      "properties": {
        "routeId": "taichung-kel-2316-4d731b-d1",
        "city": "taichung",
        "route_name": "KEL-2316",
        "car_seq": "KEL-2316",
        "arrival_time": "1515",
        "departure_time": "1516",
        "district": "西屯區",
        "village": "協和里",
        "location": "安和路31之3號",
        "type": "沿街",
        "collection_type": "recycling",
        "day_of_week": 1
      }
    },
    {
      "type": "Feature",
      "geometry": {
        "type": "Point",
        "coordinates": [
          120.617977,
          24.162685
        ]
      },
      "properties": {
        "routeId": "taichung-kel-2316-4d731b-d1",
        "city": "taichung",
        "route_name": "KEL-2316",
        "car_seq": "KEL-2316",
        "arrival_time": "1517",
        "departure_time": "1518",
        "district": "西屯區",
        "village": "協和里",
        "location": "安和路3之1號",
        "type": "沿街",
        "collection_type": "garbage",
        "day_of_week": 1
      }
    },
    {
      "type": "Feature",
      "geometry": {
        "type": "Point",
        "coordinates": [
          120.617977,
          24.162685
        ]
      },
      "properties": {
        "routeId": "taichung-kel-2316-4d731b-d1",
        "city": "taichung",
        "route_name": "KEL-2316",
        "car_seq": "KEL-2316",
        "arrival_time": "1517",
        "departure_time": "1518",
        "district": "西屯區",
        "village": "協和里",
        "location": "安和路3之1號",
        "type": "沿街",
        "collection_type": "recycling",
        "day_of_week": 1
      }
    },
    {
      "type": "Feature",
      "geometry": {
        "type": "Point",
        "coordinates": [
          120.61785,
          24.159777
        ]
      },
      "properties": {
        "routeId": "taichung-kel-2316-4d731b-d1",
        "city": "taichung",
        "route_name": "KEL-2316",
        "car_seq": "KEL-2316",
        "arrival_time": "1518",
        "departure_time": "1519",
        "district": "西屯區",
        "village": "協和里",
        "location": "安和路2之1號",
        "type": "沿街",
        "collection_type": "garbage",
        "day_of_week": 1
      }
    },
    {
      "type": "Feature",
      "geometry": {
        "type": "Point",
        "coordinates": [
          120.61785,
          24.159777
        ]
      },
      "properties": {
        "routeId": "taichung-kel-2316-4d731b-d1",
        "city": "taichung",
        "route_name": "KEL-2316",
        "car_seq": "KEL-2316",
        "arrival_time": "1518",
        "departure_time": "1519",
        "district": "西屯區",
        "village": "協和里",
        "location": "安和路2之1號",
        "type": "沿街",
        "collection_type": "recycling",
        "day_of_week": 1
      }
    },
    {
      "type": "Feature",
      "geometry": {
        "type": "Point",
        "coordinates": [
          120.614586,
          24.16899
        ]
      },
      "properties": {
        "routeId": "taichung-kel-2316-4d731b-d1",
        "city": "taichung",
        "route_name": "KEL-2316",
        "car_seq": "KEL-2316",
        "arrival_time": "1519",
        "departure_time": "1520",
        "district": "西屯區",
        "village": "協和里",
        "location": "水尾巷16號",
        "type": "沿街",
        "collection_type": "garbage",
        "day_of_week": 1
      }
    },
    {
      "type": "Feature",
      "geometry": {
        "type": "Point",
        "coordinates": [
          120.614586,
          24.16899
        ]
      },
      "properties": {
        "routeId": "taichung-kel-2316-4d731b-d1",
        "city": "taichung",
        "route_name": "KEL-2316",
        "car_seq": "KEL-2316",
        "arrival_time": "1519",
        "departure_time": "1520",
        "district": "西屯區",
        "village": "協和里",
        "location": "水尾巷16號",
        "type": "沿街",
        "collection_type": "recycling",
        "day_of_week": 1
      }
    },
    {
      "type": "Feature",
      "geometry": {
        "type": "Point",
        "coordinates": [
          120.616347,
          24.170421
        ]
      },
      "properties": {
        "routeId": "taichung-kel-2316-4d731b-d1",
        "city": "taichung",
        "route_name": "KEL-2316",
        "car_seq": "KEL-2316",
        "arrival_time": "1521",
        "departure_time": "1522",
        "district": "西屯區",
        "village": "協和里",
        "location": "水尾巷1之2號",
        "type": "沿街",
        "collection_type": "garbage",
        "day_of_week": 1
      }
    },
    {
      "type": "Feature",
      "geometry": {
        "type": "Point",
        "coordinates": [
          120.616347,
          24.170421
        ]
      },
      "properties": {
        "routeId": "taichung-kel-2316-4d731b-d1",
        "city": "taichung",
        "route_name": "KEL-2316",
        "car_seq": "KEL-2316",
        "arrival_time": "1521",
        "departure_time": "1522",
        "district": "西屯區",
        "village": "協和里",
        "location": "水尾巷1之2號",
        "type": "沿街",
        "collection_type": "recycling",
        "day_of_week": 1
      }
    },
    {
      "type": "Feature",
      "geometry": {
        "type": "Point",
        "coordinates": [
          120.620206,
          24.168248
        ]
      },
      "properties": {
        "routeId": "taichung-kel-2316-4d731b-d1",
        "city": "taichung",
        "route_name": "KEL-2316",
        "car_seq": "KEL-2316",
        "arrival_time": "1528",
        "departure_time": "1529",
        "district": "西屯區",
        "village": "協和里",
        "location": "安和路54號",
        "type": "沿街",
        "collection_type": "garbage",
        "day_of_week": 1
      }
    },
    {
      "type": "Feature",
      "geometry": {
        "type": "Point",
        "coordinates": [
          120.620206,
          24.168248
        ]
      },
      "properties": {
        "routeId": "taichung-kel-2316-4d731b-d1",
        "city": "taichung",
        "route_name": "KEL-2316",
        "car_seq": "KEL-2316",
        "arrival_time": "1528",
        "departure_time": "1529",
        "district": "西屯區",
        "village": "協和里",
        "location": "安和路54號",
        "type": "沿街",
        "collection_type": "recycling",
        "day_of_week": 1
      }
    },
    {
      "type": "Feature",
      "geometry": {
        "type": "Point",
        "coordinates": [
          120.619505,
          24.167252
        ]
      },
      "properties": {
        "routeId": "taichung-kel-2316-4d731b-d1",
        "city": "taichung",
        "route_name": "KEL-2316",
        "car_seq": "KEL-2316",
        "arrival_time": "1532",
        "departure_time": "1533",
        "district": "西屯區",
        "village": "協和里",
        "location": "安和路57號",
        "type": "沿街",
        "collection_type": "garbage",
        "day_of_week": 1
      }
    },
    {
      "type": "Feature",
      "geometry": {
        "type": "Point",
        "coordinates": [
          120.619505,
          24.167252
        ]
      },
      "properties": {
        "routeId": "taichung-kel-2316-4d731b-d1",
        "city": "taichung",
        "route_name": "KEL-2316",
        "car_seq": "KEL-2316",
        "arrival_time": "1532",
        "departure_time": "1533",
        "district": "西屯區",
        "village": "協和里",
        "location": "安和路57號",
        "type": "沿街",
        "collection_type": "recycling",
        "day_of_week": 1
      }
    },
    {
      "type": "Feature",
      "geometry": {
        "type": "Point",
        "coordinates": [
          120.619238,
          24.166277
        ]
      },
      "properties": {
        "routeId": "taichung-kel-2316-4d731b-d1",
        "city": "taichung",
        "route_name": "KEL-2316",
        "car_seq": "KEL-2316",
        "arrival_time": "1533",
        "departure_time": "1534",
        "district": "西屯區",
        "village": "協和里",
        "location": "安和路51之7號",
        "type": "沿街",
        "collection_type": "garbage",
        "day_of_week": 1
      }
    },
    {
      "type": "Feature",
      "geometry": {
        "type": "Point",
        "coordinates": [
          120.619238,
          24.166277
        ]
      },
      "properties": {
        "routeId": "taichung-kel-2316-4d731b-d1",
        "city": "taichung",
        "route_name": "KEL-2316",
        "car_seq": "KEL-2316",
        "arrival_time": "1533",
        "departure_time": "1534",
        "district": "西屯區",
        "village": "協和里",
        "location": "安和路51之7號",
        "type": "沿街",
        "collection_type": "recycling",
        "day_of_week": 1
      }
    },
    {
      "type": "Feature",
      "geometry": {
        "type": "Point",
        "coordinates": [
          120.619403,
          24.165426
        ]
      },
      "properties": {
        "routeId": "taichung-kel-2316-4d731b-d1",
        "city": "taichung",
        "route_name": "KEL-2316",
        "car_seq": "KEL-2316",
        "arrival_time": "1535",
        "departure_time": "1536",
        "district": "西屯區",
        "village": "協和里",
        "location": "安和路24之2號",
        "type": "沿街",
        "collection_type": "garbage",
        "day_of_week": 1
      }
    },
    {
      "type": "Feature",
      "geometry": {
        "type": "Point",
        "coordinates": [
          120.619403,
          24.165426
        ]
      },
      "properties": {
        "routeId": "taichung-kel-2316-4d731b-d1",
        "city": "taichung",
        "route_name": "KEL-2316",
        "car_seq": "KEL-2316",
        "arrival_time": "1535",
        "departure_time": "1536",
        "district": "西屯區",
        "village": "協和里",
        "location": "安和路24之2號",
        "type": "沿街",
        "collection_type": "recycling",
        "day_of_week": 1
      }
    },
    {
      "type": "Feature",
      "geometry": {
        "type": "Point",
        "coordinates": [
          120.61893,
          24.164898
        ]
      },
      "properties": {
        "routeId": "taichung-kel-2316-4d731b-d1",
        "city": "taichung",
        "route_name": "KEL-2316",
        "car_seq": "KEL-2316",
        "arrival_time": "1536",
        "departure_time": "1537",
        "district": "西屯區",
        "village": "協和里",
        "location": "安和路45號",
        "type": "沿街",
        "collection_type": "garbage",
        "day_of_week": 1
      }
    },
    {
      "type": "Feature",
      "geometry": {
        "type": "Point",
        "coordinates": [
          120.61893,
          24.164898
        ]
      },
      "properties": {
        "routeId": "taichung-kel-2316-4d731b-d1",
        "city": "taichung",
        "route_name": "KEL-2316",
        "car_seq": "KEL-2316",
        "arrival_time": "1536",
        "departure_time": "1537",
        "district": "西屯區",
        "village": "協和里",
        "location": "安和路45號",
        "type": "沿街",
        "collection_type": "recycling",
        "day_of_week": 1
      }
    },
    {
      "type": "Feature",
      "geometry": {
        "type": "Point",
        "coordinates": [
          120.618843,
          24.164738
        ]
      },
      "properties": {
        "routeId": "taichung-kel-2316-4d731b-d1",
        "city": "taichung",
        "route_name": "KEL-2316",
        "car_seq": "KEL-2316",
        "arrival_time": "1537",
        "departure_time": "1538",
        "district": "西屯區",
        "village": "協和里",
        "location": "安和路41號",
        "type": "沿街",
        "collection_type": "garbage",
        "day_of_week": 1
      }
    },
    {
      "type": "Feature",
      "geometry": {
        "type": "Point",
        "coordinates": [
          120.618843,
          24.164738
        ]
      },
      "properties": {
        "routeId": "taichung-kel-2316-4d731b-d1",
        "city": "taichung",
        "route_name": "KEL-2316",
        "car_seq": "KEL-2316",
        "arrival_time": "1537",
        "departure_time": "1538",
        "district": "西屯區",
        "village": "協和里",
        "location": "安和路41號",
        "type": "沿街",
        "collection_type": "recycling",
        "day_of_week": 1
      }
    },
    {
      "type": "Feature",
      "geometry": {
        "type": "Point",
        "coordinates": [
          120.619268,
          24.163914
        ]
      },
      "properties": {
        "routeId": "taichung-kel-2316-4d731b-d1",
        "city": "taichung",
        "route_name": "KEL-2316",
        "car_seq": "KEL-2316",
        "arrival_time": "1539",
        "departure_time": "1540",
        "district": "西屯區",
        "village": "協和里",
        "location": "安和路20之1號",
        "type": "沿街",
        "collection_type": "garbage",
        "day_of_week": 1
      }
    },
    {
      "type": "Feature",
      "geometry": {
        "type": "Point",
        "coordinates": [
          120.619268,
          24.163914
        ]
      },
      "properties": {
        "routeId": "taichung-kel-2316-4d731b-d1",
        "city": "taichung",
        "route_name": "KEL-2316",
        "car_seq": "KEL-2316",
        "arrival_time": "1539",
        "departure_time": "1540",
        "district": "西屯區",
        "village": "協和里",
        "location": "安和路20之1號",
        "type": "沿街",
        "collection_type": "recycling",
        "day_of_week": 1
      }
    },
    {
      "type": "Feature",
      "geometry": {
        "type": "Point",
        "coordinates": [
          120.619974,
          24.163709
        ]
      },
      "properties": {
        "routeId": "taichung-kel-2316-4d731b-d1",
        "city": "taichung",
        "route_name": "KEL-2316",
        "car_seq": "KEL-2316",
        "arrival_time": "1540",
        "departure_time": "1541",
        "district": "西屯區",
        "village": "協和里",
        "location": "安和路20之3號",
        "type": "沿街",
        "collection_type": "garbage",
        "day_of_week": 1
      }
    },
    {
      "type": "Feature",
      "geometry": {
        "type": "Point",
        "coordinates": [
          120.619974,
          24.163709
        ]
      },
      "properties": {
        "routeId": "taichung-kel-2316-4d731b-d1",
        "city": "taichung",
        "route_name": "KEL-2316",
        "car_seq": "KEL-2316",
        "arrival_time": "1540",
        "departure_time": "1541",
        "district": "西屯區",
        "village": "協和里",
        "location": "安和路20之3號",
        "type": "沿街",
        "collection_type": "recycling",
        "day_of_week": 1
      }
    },
    {
      "type": "Feature",
      "geometry": {
        "type": "Point",
        "coordinates": [
          120.620759,
          24.16459
        ]
      },
      "properties": {
        "routeId": "taichung-kel-2316-4d731b-d1",
        "city": "taichung",
        "route_name": "KEL-2316",
        "car_seq": "KEL-2316",
        "arrival_time": "1542",
        "departure_time": "1543",
        "district": "西屯區",
        "village": "協和里",
        "location": "安和路10之7號",
        "type": "沿街",
        "collection_type": "garbage",
        "day_of_week": 1
      }
    },
    {
      "type": "Feature",
      "geometry": {
        "type": "Point",
        "coordinates": [
          120.620759,
          24.16459
        ]
      },
      "properties": {
        "routeId": "taichung-kel-2316-4d731b-d1",
        "city": "taichung",
        "route_name": "KEL-2316",
        "car_seq": "KEL-2316",
        "arrival_time": "1542",
        "departure_time": "1543",
        "district": "西屯區",
        "village": "協和里",
        "location": "安和路10之7號",
        "type": "沿街",
        "collection_type": "recycling",
        "day_of_week": 1
      }
    },
    {
      "type": "Feature",
      "geometry": {
        "type": "Point",
        "coordinates": [
          120.621472,
          24.166418
        ]
      },
      "properties": {
        "routeId": "taichung-kel-2316-4d731b-d1",
        "city": "taichung",
        "route_name": "KEL-2316",
        "car_seq": "KEL-2316",
        "arrival_time": "1543",
        "departure_time": "1544",
        "district": "西屯區",
        "village": "協和里",
        "location": "安和路46之2號",
        "type": "沿街",
        "collection_type": "garbage",
        "day_of_week": 1
      }
    },
    {
      "type": "Feature",
      "geometry": {
        "type": "Point",
        "coordinates": [
          120.621472,
          24.166418
        ]
      },
      "properties": {
        "routeId": "taichung-kel-2316-4d731b-d1",
        "city": "taichung",
        "route_name": "KEL-2316",
        "car_seq": "KEL-2316",
        "arrival_time": "1543",
        "departure_time": "1544",
        "district": "西屯區",
        "village": "協和里",
        "location": "安和路46之2號",
        "type": "沿街",
        "collection_type": "recycling",
        "day_of_week": 1
      }
    },
    {
      "type": "Feature",
      "geometry": {
        "type": "Point",
        "coordinates": [
          120.62092,
          24.167365
        ]
      },
      "properties": {
        "routeId": "taichung-kel-2316-4d731b-d1",
        "city": "taichung",
        "route_name": "KEL-2316",
        "car_seq": "KEL-2316",
        "arrival_time": "1544",
        "departure_time": "1545",
        "district": "西屯區",
        "village": "協和里",
        "location": "安和路46之1號",
        "type": "沿街",
        "collection_type": "garbage",
        "day_of_week": 1
      }
    },
    {
      "type": "Feature",
      "geometry": {
        "type": "Point",
        "coordinates": [
          120.62092,
          24.167365
        ]
      },
      "properties": {
        "routeId": "taichung-kel-2316-4d731b-d1",
        "city": "taichung",
        "route_name": "KEL-2316",
        "car_seq": "KEL-2316",
        "arrival_time": "1544",
        "departure_time": "1545",
        "district": "西屯區",
        "village": "協和里",
        "location": "安和路46之1號",
        "type": "沿街",
        "collection_type": "recycling",
        "day_of_week": 1
      }
    },
    {
      "type": "Feature",
      "geometry": {
        "type": "Point",
        "coordinates": [
          120.621878,
          24.168434
        ]
      },
      "properties": {
        "routeId": "taichung-kel-2316-4d731b-d1",
        "city": "taichung",
        "route_name": "KEL-2316",
        "car_seq": "KEL-2316",
        "arrival_time": "1549",
        "departure_time": "1550",
        "district": "西屯區",
        "village": "協和里",
        "location": "安和路68號",
        "type": "沿街",
        "collection_type": "garbage",
        "day_of_week": 1
      }
    },
    {
      "type": "Feature",
      "geometry": {
        "type": "Point",
        "coordinates": [
          120.621878,
          24.168434
        ]
      },
      "properties": {
        "routeId": "taichung-kel-2316-4d731b-d1",
        "city": "taichung",
        "route_name": "KEL-2316",
        "car_seq": "KEL-2316",
        "arrival_time": "1549",
        "departure_time": "1550",
        "district": "西屯區",
        "village": "協和里",
        "location": "安和路68號",
        "type": "沿街",
        "collection_type": "recycling",
        "day_of_week": 1
      }
    },
    {
      "type": "Feature",
      "geometry": {
        "type": "Point",
        "coordinates": [
          120.622666,
          24.169951
        ]
      },
      "properties": {
        "routeId": "taichung-kel-2316-4d731b-d1",
        "city": "taichung",
        "route_name": "KEL-2316",
        "car_seq": "KEL-2316",
        "arrival_time": "1552",
        "departure_time": "1553",
        "district": "西屯區",
        "village": "協和里",
        "location": "安和路72號",
        "type": "沿街",
        "collection_type": "garbage",
        "day_of_week": 1
      }
    },
    {
      "type": "Feature",
      "geometry": {
        "type": "Point",
        "coordinates": [
          120.622666,
          24.169951
        ]
      },
      "properties": {
        "routeId": "taichung-kel-2316-4d731b-d1",
        "city": "taichung",
        "route_name": "KEL-2316",
        "car_seq": "KEL-2316",
        "arrival_time": "1552",
        "departure_time": "1553",
        "district": "西屯區",
        "village": "協和里",
        "location": "安和路72號",
        "type": "沿街",
        "collection_type": "recycling",
        "day_of_week": 1
      }
    },
    {
      "type": "Feature",
      "geometry": {
        "type": "Point",
        "coordinates": [
          120.623138,
          24.16973
        ]
      },
      "properties": {
        "routeId": "taichung-kel-2316-4d731b-d1",
        "city": "taichung",
        "route_name": "KEL-2316",
        "car_seq": "KEL-2316",
        "arrival_time": "1555",
        "departure_time": "1556",
        "district": "西屯區",
        "village": "協和里",
        "location": "安和路74號",
        "type": "沿街",
        "collection_type": "garbage",
        "day_of_week": 1
      }
    },
    {
      "type": "Feature",
      "geometry": {
        "type": "Point",
        "coordinates": [
          120.623138,
          24.16973
        ]
      },
      "properties": {
        "routeId": "taichung-kel-2316-4d731b-d1",
        "city": "taichung",
        "route_name": "KEL-2316",
        "car_seq": "KEL-2316",
        "arrival_time": "1555",
        "departure_time": "1556",
        "district": "西屯區",
        "village": "協和里",
        "location": "安和路74號",
        "type": "沿街",
        "collection_type": "recycling",
        "day_of_week": 1
      }
    },
    {
      "type": "Feature",
      "geometry": {
        "type": "Point",
        "coordinates": [
          120.622894,
          24.173237
        ]
      },
      "properties": {
        "routeId": "taichung-kel-2316-4d731b-d1",
        "city": "taichung",
        "route_name": "KEL-2316",
        "car_seq": "KEL-2316",
        "arrival_time": "1606",
        "departure_time": "1607",
        "district": "西屯區",
        "village": "協和里",
        "location": "安和路106號",
        "type": "沿街",
        "collection_type": "garbage",
        "day_of_week": 1
      }
    },
    {
      "type": "Feature",
      "geometry": {
        "type": "Point",
        "coordinates": [
          120.622894,
          24.173237
        ]
      },
      "properties": {
        "routeId": "taichung-kel-2316-4d731b-d1",
        "city": "taichung",
        "route_name": "KEL-2316",
        "car_seq": "KEL-2316",
        "arrival_time": "1606",
        "departure_time": "1607",
        "district": "西屯區",
        "village": "協和里",
        "location": "安和路106號",
        "type": "沿街",
        "collection_type": "recycling",
        "day_of_week": 1
      }
    },
    {
      "type": "Feature",
      "geometry": {
        "type": "Point",
        "coordinates": [
          120.622001,
          24.172409
        ]
      },
      "properties": {
        "routeId": "taichung-kel-2316-4d731b-d1",
        "city": "taichung",
        "route_name": "KEL-2316",
        "car_seq": "KEL-2316",
        "arrival_time": "1608",
        "departure_time": "1609",
        "district": "西屯區",
        "village": "協和里",
        "location": "安和路90之10號",
        "type": "沿街",
        "collection_type": "garbage",
        "day_of_week": 1
      }
    },
    {
      "type": "Feature",
      "geometry": {
        "type": "Point",
        "coordinates": [
          120.622001,
          24.172409
        ]
      },
      "properties": {
        "routeId": "taichung-kel-2316-4d731b-d1",
        "city": "taichung",
        "route_name": "KEL-2316",
        "car_seq": "KEL-2316",
        "arrival_time": "1608",
        "departure_time": "1609",
        "district": "西屯區",
        "village": "協和里",
        "location": "安和路90之10號",
        "type": "沿街",
        "collection_type": "recycling",
        "day_of_week": 1
      }
    },
    {
      "type": "Feature",
      "geometry": {
        "type": "Point",
        "coordinates": [
          120.620191,
          24.171854
        ]
      },
      "properties": {
        "routeId": "taichung-kel-2316-4d731b-d1",
        "city": "taichung",
        "route_name": "KEL-2316",
        "car_seq": "KEL-2316",
        "arrival_time": "1610",
        "departure_time": "1610",
        "district": "西屯區",
        "village": "協和里",
        "location": "協和北巷1之7號",
        "type": "沿街",
        "collection_type": "garbage",
        "day_of_week": 1
      }
    },
    {
      "type": "Feature",
      "geometry": {
        "type": "Point",
        "coordinates": [
          120.620191,
          24.171854
        ]
      },
      "properties": {
        "routeId": "taichung-kel-2316-4d731b-d1",
        "city": "taichung",
        "route_name": "KEL-2316",
        "car_seq": "KEL-2316",
        "arrival_time": "1610",
        "departure_time": "1610",
        "district": "西屯區",
        "village": "協和里",
        "location": "協和北巷1之7號",
        "type": "沿街",
        "collection_type": "recycling",
        "day_of_week": 1
      }
    },
    {
      "type": "Feature",
      "geometry": {
        "type": "Point",
        "coordinates": [
          120.619136,
          24.172066
        ]
      },
      "properties": {
        "routeId": "taichung-kel-2316-4d731b-d1",
        "city": "taichung",
        "route_name": "KEL-2316",
        "car_seq": "KEL-2316",
        "arrival_time": "1611",
        "departure_time": "1611",
        "district": "西屯區",
        "village": "協和里",
        "location": "協和北巷6號",
        "type": "沿街",
        "collection_type": "garbage",
        "day_of_week": 1
      }
    },
    {
      "type": "Feature",
      "geometry": {
        "type": "Point",
        "coordinates": [
          120.619136,
          24.172066
        ]
      },
      "properties": {
        "routeId": "taichung-kel-2316-4d731b-d1",
        "city": "taichung",
        "route_name": "KEL-2316",
        "car_seq": "KEL-2316",
        "arrival_time": "1611",
        "departure_time": "1611",
        "district": "西屯區",
        "village": "協和里",
        "location": "協和北巷6號",
        "type": "沿街",
        "collection_type": "recycling",
        "day_of_week": 1
      }
    },
    {
      "type": "Feature",
      "geometry": {
        "type": "Point",
        "coordinates": [
          120.618084,
          24.172402
        ]
      },
      "properties": {
        "routeId": "taichung-kel-2316-4d731b-d1",
        "city": "taichung",
        "route_name": "KEL-2316",
        "car_seq": "KEL-2316",
        "arrival_time": "1613",
        "departure_time": "1614",
        "district": "西屯區",
        "village": "協和里",
        "location": "協和北巷5之1號",
        "type": "沿街",
        "collection_type": "garbage",
        "day_of_week": 1
      }
    },
    {
      "type": "Feature",
      "geometry": {
        "type": "Point",
        "coordinates": [
          120.618084,
          24.172402
        ]
      },
      "properties": {
        "routeId": "taichung-kel-2316-4d731b-d1",
        "city": "taichung",
        "route_name": "KEL-2316",
        "car_seq": "KEL-2316",
        "arrival_time": "1613",
        "departure_time": "1614",
        "district": "西屯區",
        "village": "協和里",
        "location": "協和北巷5之1號",
        "type": "沿街",
        "collection_type": "recycling",
        "day_of_week": 1
      }
    },
    {
      "type": "Feature",
      "geometry": {
        "type": "Point",
        "coordinates": [
          120.617923,
          24.1724
        ]
      },
      "properties": {
        "routeId": "taichung-kel-2316-4d731b-d1",
        "city": "taichung",
        "route_name": "KEL-2316",
        "car_seq": "KEL-2316",
        "arrival_time": "1615",
        "departure_time": "1615",
        "district": "西屯區",
        "village": "協和里",
        "location": "協和北巷5之5號",
        "type": "沿街",
        "collection_type": "garbage",
        "day_of_week": 1
      }
    },
    {
      "type": "Feature",
      "geometry": {
        "type": "Point",
        "coordinates": [
          120.617923,
          24.1724
        ]
      },
      "properties": {
        "routeId": "taichung-kel-2316-4d731b-d1",
        "city": "taichung",
        "route_name": "KEL-2316",
        "car_seq": "KEL-2316",
        "arrival_time": "1615",
        "departure_time": "1615",
        "district": "西屯區",
        "village": "協和里",
        "location": "協和北巷5之5號",
        "type": "沿街",
        "collection_type": "recycling",
        "day_of_week": 1
      }
    },
    {
      "type": "Feature",
      "geometry": {
        "type": "Point",
        "coordinates": [
          120.61829,
          24.173954
        ]
      },
      "properties": {
        "routeId": "taichung-kel-2316-4d731b-d1",
        "city": "taichung",
        "route_name": "KEL-2316",
        "car_seq": "KEL-2316",
        "arrival_time": "1616",
        "departure_time": "1616",
        "district": "西屯區",
        "village": "協和里",
        "location": "協和北巷10之7號",
        "type": "沿街",
        "collection_type": "garbage",
        "day_of_week": 1
      }
    },
    {
      "type": "Feature",
      "geometry": {
        "type": "Point",
        "coordinates": [
          120.61829,
          24.173954
        ]
      },
      "properties": {
        "routeId": "taichung-kel-2316-4d731b-d1",
        "city": "taichung",
        "route_name": "KEL-2316",
        "car_seq": "KEL-2316",
        "arrival_time": "1616",
        "departure_time": "1616",
        "district": "西屯區",
        "village": "協和里",
        "location": "協和北巷10之7號",
        "type": "沿街",
        "collection_type": "recycling",
        "day_of_week": 1
      }
    },
    {
      "type": "Feature",
      "geometry": {
        "type": "Point",
        "coordinates": [
          120.617697,
          24.173124
        ]
      },
      "properties": {
        "routeId": "taichung-kel-2316-4d731b-d1",
        "city": "taichung",
        "route_name": "KEL-2316",
        "car_seq": "KEL-2316",
        "arrival_time": "1616",
        "departure_time": "1617",
        "district": "西屯區",
        "village": "協和里",
        "location": "協和北巷8之1號",
        "type": "沿街",
        "collection_type": "garbage",
        "day_of_week": 1
      }
    },
    {
      "type": "Feature",
      "geometry": {
        "type": "Point",
        "coordinates": [
          120.617697,
          24.173124
        ]
      },
      "properties": {
        "routeId": "taichung-kel-2316-4d731b-d1",
        "city": "taichung",
        "route_name": "KEL-2316",
        "car_seq": "KEL-2316",
        "arrival_time": "1616",
        "departure_time": "1617",
        "district": "西屯區",
        "village": "協和里",
        "location": "協和北巷8之1號",
        "type": "沿街",
        "collection_type": "recycling",
        "day_of_week": 1
      }
    },
    {
      "type": "Feature",
      "geometry": {
        "type": "Point",
        "coordinates": [
          120.619155,
          24.175564
        ]
      },
      "properties": {
        "routeId": "taichung-kel-2316-4d731b-d1",
        "city": "taichung",
        "route_name": "KEL-2316",
        "car_seq": "KEL-2316",
        "arrival_time": "1617",
        "departure_time": "1618",
        "district": "西屯區",
        "village": "協和里",
        "location": "協和北巷12號",
        "type": "沿街",
        "collection_type": "garbage",
        "day_of_week": 1
      }
    },
    {
      "type": "Feature",
      "geometry": {
        "type": "Point",
        "coordinates": [
          120.619155,
          24.175564
        ]
      },
      "properties": {
        "routeId": "taichung-kel-2316-4d731b-d1",
        "city": "taichung",
        "route_name": "KEL-2316",
        "car_seq": "KEL-2316",
        "arrival_time": "1617",
        "departure_time": "1618",
        "district": "西屯區",
        "village": "協和里",
        "location": "協和北巷12號",
        "type": "沿街",
        "collection_type": "recycling",
        "day_of_week": 1
      }
    },
    {
      "type": "Feature",
      "geometry": {
        "type": "Point",
        "coordinates": [
          120.620755,
          24.174371
        ]
      },
      "properties": {
        "routeId": "taichung-kel-2316-4d731b-d1",
        "city": "taichung",
        "route_name": "KEL-2316",
        "car_seq": "KEL-2316",
        "arrival_time": "1621",
        "departure_time": "1622",
        "district": "西屯區",
        "village": "福和里",
        "location": "朝馬路633號",
        "type": "沿街",
        "collection_type": "garbage",
        "day_of_week": 1
      }
    },
    {
      "type": "Feature",
      "geometry": {
        "type": "Point",
        "coordinates": [
          120.620755,
          24.174371
        ]
      },
      "properties": {
        "routeId": "taichung-kel-2316-4d731b-d1",
        "city": "taichung",
        "route_name": "KEL-2316",
        "car_seq": "KEL-2316",
        "arrival_time": "1621",
        "departure_time": "1622",
        "district": "西屯區",
        "village": "福和里",
        "location": "朝馬路633號",
        "type": "沿街",
        "collection_type": "recycling",
        "day_of_week": 1
      }
    },
    {
      "type": "Feature",
      "geometry": {
        "type": "Point",
        "coordinates": [
          120.62849,
          24.175965
        ]
      },
      "properties": {
        "routeId": "taichung-kel-2316-4d731b-d1",
        "city": "taichung",
        "route_name": "KEL-2316",
        "car_seq": "KEL-2316",
        "arrival_time": "1630",
        "departure_time": "1631",
        "district": "西屯區",
        "village": "福和里",
        "location": "臺灣大道四段297號",
        "type": "沿街",
        "collection_type": "garbage",
        "day_of_week": 1
      }
    },
    {
      "type": "Feature",
      "geometry": {
        "type": "Point",
        "coordinates": [
          120.62849,
          24.175965
        ]
      },
      "properties": {
        "routeId": "taichung-kel-2316-4d731b-d1",
        "city": "taichung",
        "route_name": "KEL-2316",
        "car_seq": "KEL-2316",
        "arrival_time": "1630",
        "departure_time": "1631",
        "district": "西屯區",
        "village": "福和里",
        "location": "臺灣大道四段297號",
        "type": "沿街",
        "collection_type": "recycling",
        "day_of_week": 1
      }
    },
    {
      "type": "Feature",
      "geometry": {
        "type": "Point",
        "coordinates": [
          120.6282,
          24.176365
        ]
      },
      "properties": {
        "routeId": "taichung-kel-2316-4d731b-d1",
        "city": "taichung",
        "route_name": "KEL-2316",
        "car_seq": "KEL-2316",
        "arrival_time": "1631",
        "departure_time": "1632",
        "district": "西屯區",
        "village": "福和里",
        "location": "臺灣大道四段307之1號",
        "type": "沿街",
        "collection_type": "garbage",
        "day_of_week": 1
      }
    },
    {
      "type": "Feature",
      "geometry": {
        "type": "Point",
        "coordinates": [
          120.6282,
          24.176365
        ]
      },
      "properties": {
        "routeId": "taichung-kel-2316-4d731b-d1",
        "city": "taichung",
        "route_name": "KEL-2316",
        "car_seq": "KEL-2316",
        "arrival_time": "1631",
        "departure_time": "1632",
        "district": "西屯區",
        "village": "福和里",
        "location": "臺灣大道四段307之1號",
        "type": "沿街",
        "collection_type": "recycling",
        "day_of_week": 1
      }
    },
    {
      "type": "Feature",
      "geometry": {
        "type": "Point",
        "coordinates": [
          120.627312,
          24.171859
        ]
      },
      "properties": {
        "routeId": "taichung-kel-2316-4d731b-d1",
        "city": "taichung",
        "route_name": "KEL-2316",
        "car_seq": "KEL-2316",
        "arrival_time": "1632",
        "departure_time": "1633",
        "district": "西屯區",
        "village": "福和里",
        "location": "朝馬路489號",
        "type": "沿街",
        "collection_type": "garbage",
        "day_of_week": 1
      }
    },
    {
      "type": "Feature",
      "geometry": {
        "type": "Point",
        "coordinates": [
          120.627312,
          24.171859
        ]
      },
      "properties": {
        "routeId": "taichung-kel-2316-4d731b-d1",
        "city": "taichung",
        "route_name": "KEL-2316",
        "car_seq": "KEL-2316",
        "arrival_time": "1632",
        "departure_time": "1633",
        "district": "西屯區",
        "village": "福和里",
        "location": "朝馬路489號",
        "type": "沿街",
        "collection_type": "recycling",
        "day_of_week": 1
      }
    },
    {
      "type": "Feature",
      "geometry": {
        "type": "Point",
        "coordinates": [
          120.627726,
          24.170939
        ]
      },
      "properties": {
        "routeId": "taichung-kel-2316-4d731b-d1",
        "city": "taichung",
        "route_name": "KEL-2316",
        "car_seq": "KEL-2316",
        "arrival_time": "1634",
        "departure_time": "1635",
        "district": "西屯區",
        "village": "龍潭里",
        "location": "龍洋巷48之6號",
        "type": "沿街",
        "collection_type": "garbage",
        "day_of_week": 1
      }
    },
    {
      "type": "Feature",
      "geometry": {
        "type": "Point",
        "coordinates": [
          120.627726,
          24.170939
        ]
      },
      "properties": {
        "routeId": "taichung-kel-2316-4d731b-d1",
        "city": "taichung",
        "route_name": "KEL-2316",
        "car_seq": "KEL-2316",
        "arrival_time": "1634",
        "departure_time": "1635",
        "district": "西屯區",
        "village": "龍潭里",
        "location": "龍洋巷48之6號",
        "type": "沿街",
        "collection_type": "recycling",
        "day_of_week": 1
      }
    },
    {
      "type": "Feature",
      "geometry": {
        "type": "Point",
        "coordinates": [
          120.628753,
          24.17005
        ]
      },
      "properties": {
        "routeId": "taichung-kel-2316-4d731b-d1",
        "city": "taichung",
        "route_name": "KEL-2316",
        "car_seq": "KEL-2316",
        "arrival_time": "1637",
        "departure_time": "1638",
        "district": "西屯區",
        "village": "龍潭里",
        "location": "龍洋巷47之10號",
        "type": "沿街",
        "collection_type": "garbage",
        "day_of_week": 1
      }
    },
    {
      "type": "Feature",
      "geometry": {
        "type": "Point",
        "coordinates": [
          120.628753,
          24.17005
        ]
      },
      "properties": {
        "routeId": "taichung-kel-2316-4d731b-d1",
        "city": "taichung",
        "route_name": "KEL-2316",
        "car_seq": "KEL-2316",
        "arrival_time": "1637",
        "departure_time": "1638",
        "district": "西屯區",
        "village": "龍潭里",
        "location": "龍洋巷47之10號",
        "type": "沿街",
        "collection_type": "recycling",
        "day_of_week": 1
      }
    },
    {
      "type": "Feature",
      "geometry": {
        "type": "Point",
        "coordinates": [
          120.629048,
          24.171081
        ]
      },
      "properties": {
        "routeId": "taichung-kel-2316-4d731b-d1",
        "city": "taichung",
        "route_name": "KEL-2316",
        "car_seq": "KEL-2316",
        "arrival_time": "1638",
        "departure_time": "1639",
        "district": "西屯區",
        "village": "龍潭里",
        "location": "龍洋巷48號",
        "type": "沿街",
        "collection_type": "garbage",
        "day_of_week": 1
      }
    },
    {
      "type": "Feature",
      "geometry": {
        "type": "Point",
        "coordinates": [
          120.629048,
          24.171081
        ]
      },
      "properties": {
        "routeId": "taichung-kel-2316-4d731b-d1",
        "city": "taichung",
        "route_name": "KEL-2316",
        "car_seq": "KEL-2316",
        "arrival_time": "1638",
        "departure_time": "1639",
        "district": "西屯區",
        "village": "龍潭里",
        "location": "龍洋巷48號",
        "type": "沿街",
        "collection_type": "recycling",
        "day_of_week": 1
      }
    },
    {
      "type": "Feature",
      "geometry": {
        "type": "Point",
        "coordinates": [
          120.629223,
          24.171865
        ]
      },
      "properties": {
        "routeId": "taichung-kel-2316-4d731b-d1",
        "city": "taichung",
        "route_name": "KEL-2316",
        "car_seq": "KEL-2316",
        "arrival_time": "1639",
        "departure_time": "1640",
        "district": "西屯區",
        "village": "龍潭里",
        "location": "龍洋巷48之1號",
        "type": "沿街",
        "collection_type": "garbage",
        "day_of_week": 1
      }
    },
    {
      "type": "Feature",
      "geometry": {
        "type": "Point",
        "coordinates": [
          120.629223,
          24.171865
        ]
      },
      "properties": {
        "routeId": "taichung-kel-2316-4d731b-d1",
        "city": "taichung",
        "route_name": "KEL-2316",
        "car_seq": "KEL-2316",
        "arrival_time": "1639",
        "departure_time": "1640",
        "district": "西屯區",
        "village": "龍潭里",
        "location": "龍洋巷48之1號",
        "type": "沿街",
        "collection_type": "recycling",
        "day_of_week": 1
      }
    },
    {
      "type": "Feature",
      "geometry": {
        "type": "Point",
        "coordinates": [
          120.632017,
          24.173172
        ]
      },
      "properties": {
        "routeId": "taichung-kel-2316-4d731b-d1",
        "city": "taichung",
        "route_name": "KEL-2316",
        "car_seq": "KEL-2316",
        "arrival_time": "1643",
        "departure_time": "1644",
        "district": "西屯區",
        "village": "龍潭里",
        "location": "臺灣大道四段5巷55號",
        "type": "沿街",
        "collection_type": "garbage",
        "day_of_week": 1
      }
    },
    {
      "type": "Feature",
      "geometry": {
        "type": "Point",
        "coordinates": [
          120.632017,
          24.173172
        ]
      },
      "properties": {
        "routeId": "taichung-kel-2316-4d731b-d1",
        "city": "taichung",
        "route_name": "KEL-2316",
        "car_seq": "KEL-2316",
        "arrival_time": "1643",
        "departure_time": "1644",
        "district": "西屯區",
        "village": "龍潭里",
        "location": "臺灣大道四段5巷55號",
        "type": "沿街",
        "collection_type": "recycling",
        "day_of_week": 1
      }
    },
    {
      "type": "Feature",
      "geometry": {
        "type": "Point",
        "coordinates": [
          120.624067,
          24.175193
        ]
      },
      "properties": {
        "routeId": "taichung-kel-2316-4d731b-d1",
        "city": "taichung",
        "route_name": "KEL-2316",
        "car_seq": "KEL-2316",
        "arrival_time": "1835",
        "departure_time": "1836",
        "district": "西屯區",
        "village": "協和里",
        "location": "安和東路63號",
        "type": "沿街",
        "collection_type": "garbage",
        "day_of_week": 1
      }
    },
    {
      "type": "Feature",
      "geometry": {
        "type": "Point",
        "coordinates": [
          120.624067,
          24.175193
        ]
      },
      "properties": {
        "routeId": "taichung-kel-2316-4d731b-d1",
        "city": "taichung",
        "route_name": "KEL-2316",
        "car_seq": "KEL-2316",
        "arrival_time": "1835",
        "departure_time": "1836",
        "district": "西屯區",
        "village": "協和里",
        "location": "安和東路63號",
        "type": "沿街",
        "collection_type": "recycling",
        "day_of_week": 1
      }
    },
    {
      "type": "Feature",
      "geometry": {
        "type": "Point",
        "coordinates": [
          120.621723,
          24.175141
        ]
      },
      "properties": {
        "routeId": "taichung-kel-2316-4d731b-d1",
        "city": "taichung",
        "route_name": "KEL-2316",
        "car_seq": "KEL-2316",
        "arrival_time": "1838",
        "departure_time": "1839",
        "district": "西屯區",
        "village": "協和里",
        "location": "安和一街69號",
        "type": "沿街",
        "collection_type": "garbage",
        "day_of_week": 1
      }
    },
    {
      "type": "Feature",
      "geometry": {
        "type": "Point",
        "coordinates": [
          120.621723,
          24.175141
        ]
      },
      "properties": {
        "routeId": "taichung-kel-2316-4d731b-d1",
        "city": "taichung",
        "route_name": "KEL-2316",
        "car_seq": "KEL-2316",
        "arrival_time": "1838",
        "departure_time": "1839",
        "district": "西屯區",
        "village": "協和里",
        "location": "安和一街69號",
        "type": "沿街",
        "collection_type": "recycling",
        "day_of_week": 1
      }
    },
    {
      "type": "Feature",
      "geometry": {
        "type": "Point",
        "coordinates": [
          120.621364,
          24.176531
        ]
      },
      "properties": {
        "routeId": "taichung-kel-2316-4d731b-d1",
        "city": "taichung",
        "route_name": "KEL-2316",
        "car_seq": "KEL-2316",
        "arrival_time": "1840",
        "departure_time": "1841",
        "district": "西屯區",
        "village": "協和里",
        "location": "安和西路91號",
        "type": "沿街",
        "collection_type": "garbage",
        "day_of_week": 1
      }
    },
    {
      "type": "Feature",
      "geometry": {
        "type": "Point",
        "coordinates": [
          120.621364,
          24.176531
        ]
      },
      "properties": {
        "routeId": "taichung-kel-2316-4d731b-d1",
        "city": "taichung",
        "route_name": "KEL-2316",
        "car_seq": "KEL-2316",
        "arrival_time": "1840",
        "departure_time": "1841",
        "district": "西屯區",
        "village": "協和里",
        "location": "安和西路91號",
        "type": "沿街",
        "collection_type": "recycling",
        "day_of_week": 1
      }
    },
    {
      "type": "Feature",
      "geometry": {
        "type": "Point",
        "coordinates": [
          120.622801,
          24.177754
        ]
      },
      "properties": {
        "routeId": "taichung-kel-2316-4d731b-d1",
        "city": "taichung",
        "route_name": "KEL-2316",
        "car_seq": "KEL-2316",
        "arrival_time": "1842",
        "departure_time": "1843",
        "district": "西屯區",
        "village": "福和里",
        "location": "安和三街117號",
        "type": "沿街",
        "collection_type": "garbage",
        "day_of_week": 1
      }
    },
    {
      "type": "Feature",
      "geometry": {
        "type": "Point",
        "coordinates": [
          120.622801,
          24.177754
        ]
      },
      "properties": {
        "routeId": "taichung-kel-2316-4d731b-d1",
        "city": "taichung",
        "route_name": "KEL-2316",
        "car_seq": "KEL-2316",
        "arrival_time": "1842",
        "departure_time": "1843",
        "district": "西屯區",
        "village": "福和里",
        "location": "安和三街117號",
        "type": "沿街",
        "collection_type": "recycling",
        "day_of_week": 1
      }
    },
    {
      "type": "Feature",
      "geometry": {
        "type": "Point",
        "coordinates": [
          120.62439,
          24.178923
        ]
      },
      "properties": {
        "routeId": "taichung-kel-2316-4d731b-d1",
        "city": "taichung",
        "route_name": "KEL-2316",
        "car_seq": "KEL-2316",
        "arrival_time": "1850",
        "departure_time": "1851",
        "district": "西屯區",
        "village": "福安里",
        "location": "臺灣大道四段562號",
        "type": "沿街",
        "collection_type": "garbage",
        "day_of_week": 1
      }
    },
    {
      "type": "Feature",
      "geometry": {
        "type": "Point",
        "coordinates": [
          120.62439,
          24.178923
        ]
      },
      "properties": {
        "routeId": "taichung-kel-2316-4d731b-d1",
        "city": "taichung",
        "route_name": "KEL-2316",
        "car_seq": "KEL-2316",
        "arrival_time": "1850",
        "departure_time": "1851",
        "district": "西屯區",
        "village": "福安里",
        "location": "臺灣大道四段562號",
        "type": "沿街",
        "collection_type": "recycling",
        "day_of_week": 1
      }
    },
    {
      "type": "Feature",
      "geometry": {
        "type": "Point",
        "coordinates": [
          120.623102,
          24.179569
        ]
      },
      "properties": {
        "routeId": "taichung-kel-2316-4d731b-d1",
        "city": "taichung",
        "route_name": "KEL-2316",
        "car_seq": "KEL-2316",
        "arrival_time": "1851",
        "departure_time": "1852",
        "district": "西屯區",
        "village": "福安里",
        "location": "臺灣大道四段638號",
        "type": "沿街",
        "collection_type": "garbage",
        "day_of_week": 1
      }
    },
    {
      "type": "Feature",
      "geometry": {
        "type": "Point",
        "coordinates": [
          120.623102,
          24.179569
        ]
      },
      "properties": {
        "routeId": "taichung-kel-2316-4d731b-d1",
        "city": "taichung",
        "route_name": "KEL-2316",
        "car_seq": "KEL-2316",
        "arrival_time": "1851",
        "departure_time": "1852",
        "district": "西屯區",
        "village": "福安里",
        "location": "臺灣大道四段638號",
        "type": "沿街",
        "collection_type": "recycling",
        "day_of_week": 1
      }
    },
    {
      "type": "Feature",
      "geometry": {
        "type": "Point",
        "coordinates": [
          120.622365,
          24.179953
        ]
      },
      "properties": {
        "routeId": "taichung-kel-2316-4d731b-d1",
        "city": "taichung",
        "route_name": "KEL-2316",
        "car_seq": "KEL-2316",
        "arrival_time": "1853",
        "departure_time": "1854",
        "district": "西屯區",
        "village": "福安里",
        "location": "臺灣大道四段680號",
        "type": "沿街",
        "collection_type": "garbage",
        "day_of_week": 1
      }
    },
    {
      "type": "Feature",
      "geometry": {
        "type": "Point",
        "coordinates": [
          120.622365,
          24.179953
        ]
      },
      "properties": {
        "routeId": "taichung-kel-2316-4d731b-d1",
        "city": "taichung",
        "route_name": "KEL-2316",
        "car_seq": "KEL-2316",
        "arrival_time": "1853",
        "departure_time": "1854",
        "district": "西屯區",
        "village": "福安里",
        "location": "臺灣大道四段680號",
        "type": "沿街",
        "collection_type": "recycling",
        "day_of_week": 1
      }
    },
    {
      "type": "Feature",
      "geometry": {
        "type": "Point",
        "coordinates": [
          120.621345,
          24.179604
        ]
      },
      "properties": {
        "routeId": "taichung-kel-2316-4d731b-d1",
        "city": "taichung",
        "route_name": "KEL-2316",
        "car_seq": "KEL-2316",
        "arrival_time": "1900",
        "departure_time": "1901",
        "district": "西屯區",
        "village": "福和里",
        "location": "臺灣大道四段671巷1號",
        "type": "沿街",
        "collection_type": "garbage",
        "day_of_week": 1
      }
    },
    {
      "type": "Feature",
      "geometry": {
        "type": "Point",
        "coordinates": [
          120.621345,
          24.179604
        ]
      },
      "properties": {
        "routeId": "taichung-kel-2316-4d731b-d1",
        "city": "taichung",
        "route_name": "KEL-2316",
        "car_seq": "KEL-2316",
        "arrival_time": "1900",
        "departure_time": "1901",
        "district": "西屯區",
        "village": "福和里",
        "location": "臺灣大道四段671巷1號",
        "type": "沿街",
        "collection_type": "recycling",
        "day_of_week": 1
      }
    },
    {
      "type": "Feature",
      "geometry": {
        "type": "Point",
        "coordinates": [
          120.620897,
          24.179414
        ]
      },
      "properties": {
        "routeId": "taichung-kel-2316-4d731b-d1",
        "city": "taichung",
        "route_name": "KEL-2316",
        "car_seq": "KEL-2316",
        "arrival_time": "1901",
        "departure_time": "1902",
        "district": "西屯區",
        "village": "福和里",
        "location": "臺灣大道四段671巷4號",
        "type": "沿街",
        "collection_type": "garbage",
        "day_of_week": 1
      }
    },
    {
      "type": "Feature",
      "geometry": {
        "type": "Point",
        "coordinates": [
          120.620897,
          24.179414
        ]
      },
      "properties": {
        "routeId": "taichung-kel-2316-4d731b-d1",
        "city": "taichung",
        "route_name": "KEL-2316",
        "car_seq": "KEL-2316",
        "arrival_time": "1901",
        "departure_time": "1902",
        "district": "西屯區",
        "village": "福和里",
        "location": "臺灣大道四段671巷4號",
        "type": "沿街",
        "collection_type": "recycling",
        "day_of_week": 1
      }
    },
    {
      "type": "Feature",
      "geometry": {
        "type": "Point",
        "coordinates": [
          120.620563,
          24.179133
        ]
      },
      "properties": {
        "routeId": "taichung-kel-2316-4d731b-d1",
        "city": "taichung",
        "route_name": "KEL-2316",
        "car_seq": "KEL-2316",
        "arrival_time": "1902",
        "departure_time": "1903",
        "district": "西屯區",
        "village": "福和里",
        "location": "臺灣大道四段671巷16號",
        "type": "沿街",
        "collection_type": "garbage",
        "day_of_week": 1
      }
    },
    {
      "type": "Feature",
      "geometry": {
        "type": "Point",
        "coordinates": [
          120.620563,
          24.179133
        ]
      },
      "properties": {
        "routeId": "taichung-kel-2316-4d731b-d1",
        "city": "taichung",
        "route_name": "KEL-2316",
        "car_seq": "KEL-2316",
        "arrival_time": "1902",
        "departure_time": "1903",
        "district": "西屯區",
        "village": "福和里",
        "location": "臺灣大道四段671巷16號",
        "type": "沿街",
        "collection_type": "recycling",
        "day_of_week": 1
      }
    },
    {
      "type": "Feature",
      "geometry": {
        "type": "Point",
        "coordinates": [
          120.62017,
          24.178737
        ]
      },
      "properties": {
        "routeId": "taichung-kel-2316-4d731b-d1",
        "city": "taichung",
        "route_name": "KEL-2316",
        "car_seq": "KEL-2316",
        "arrival_time": "1904",
        "departure_time": "1905",
        "district": "西屯區",
        "village": "福和里",
        "location": "臺灣大道四段671巷32號",
        "type": "沿街",
        "collection_type": "garbage",
        "day_of_week": 1
      }
    },
    {
      "type": "Feature",
      "geometry": {
        "type": "Point",
        "coordinates": [
          120.62017,
          24.178737
        ]
      },
      "properties": {
        "routeId": "taichung-kel-2316-4d731b-d1",
        "city": "taichung",
        "route_name": "KEL-2316",
        "car_seq": "KEL-2316",
        "arrival_time": "1904",
        "departure_time": "1905",
        "district": "西屯區",
        "village": "福和里",
        "location": "臺灣大道四段671巷32號",
        "type": "沿街",
        "collection_type": "recycling",
        "day_of_week": 1
      }
    },
    {
      "type": "Feature",
      "geometry": {
        "type": "Point",
        "coordinates": [
          120.619643,
          24.178241
        ]
      },
      "properties": {
        "routeId": "taichung-kel-2316-4d731b-d1",
        "city": "taichung",
        "route_name": "KEL-2316",
        "car_seq": "KEL-2316",
        "arrival_time": "1906",
        "departure_time": "1907",
        "district": "西屯區",
        "village": "福和里",
        "location": "臺灣大道四段671巷50號",
        "type": "沿街",
        "collection_type": "garbage",
        "day_of_week": 1
      }
    },
    {
      "type": "Feature",
      "geometry": {
        "type": "Point",
        "coordinates": [
          120.619643,
          24.178241
        ]
      },
      "properties": {
        "routeId": "taichung-kel-2316-4d731b-d1",
        "city": "taichung",
        "route_name": "KEL-2316",
        "car_seq": "KEL-2316",
        "arrival_time": "1906",
        "departure_time": "1907",
        "district": "西屯區",
        "village": "福和里",
        "location": "臺灣大道四段671巷50號",
        "type": "沿街",
        "collection_type": "recycling",
        "day_of_week": 1
      }
    },
    {
      "type": "Feature",
      "geometry": {
        "type": "Point",
        "coordinates": [
          120.619386,
          24.17798
        ]
      },
      "properties": {
        "routeId": "taichung-kel-2316-4d731b-d1",
        "city": "taichung",
        "route_name": "KEL-2316",
        "car_seq": "KEL-2316",
        "arrival_time": "1908",
        "departure_time": "1909",
        "district": "西屯區",
        "village": "福和里",
        "location": "臺灣大道四段671巷62號",
        "type": "沿街",
        "collection_type": "garbage",
        "day_of_week": 1
      }
    },
    {
      "type": "Feature",
      "geometry": {
        "type": "Point",
        "coordinates": [
          120.619386,
          24.17798
        ]
      },
      "properties": {
        "routeId": "taichung-kel-2316-4d731b-d1",
        "city": "taichung",
        "route_name": "KEL-2316",
        "car_seq": "KEL-2316",
        "arrival_time": "1908",
        "departure_time": "1909",
        "district": "西屯區",
        "village": "福和里",
        "location": "臺灣大道四段671巷62號",
        "type": "沿街",
        "collection_type": "recycling",
        "day_of_week": 1
      }
    },
    {
      "type": "Feature",
      "geometry": {
        "type": "Point",
        "coordinates": [
          120.618999,
          24.17762
        ]
      },
      "properties": {
        "routeId": "taichung-kel-2316-4d731b-d1",
        "city": "taichung",
        "route_name": "KEL-2316",
        "car_seq": "KEL-2316",
        "arrival_time": "1910",
        "departure_time": "1911",
        "district": "西屯區",
        "village": "福和里",
        "location": "臺灣大道四段671巷72號",
        "type": "沿街",
        "collection_type": "garbage",
        "day_of_week": 1
      }
    },
    {
      "type": "Feature",
      "geometry": {
        "type": "Point",
        "coordinates": [
          120.618999,
          24.17762
        ]
      },
      "properties": {
        "routeId": "taichung-kel-2316-4d731b-d1",
        "city": "taichung",
        "route_name": "KEL-2316",
        "car_seq": "KEL-2316",
        "arrival_time": "1910",
        "departure_time": "1911",
        "district": "西屯區",
        "village": "福和里",
        "location": "臺灣大道四段671巷72號",
        "type": "沿街",
        "collection_type": "recycling",
        "day_of_week": 1
      }
    },
    {
      "type": "Feature",
      "geometry": {
        "type": "Point",
        "coordinates": [
          120.619455,
          24.178581
        ]
      },
      "properties": {
        "routeId": "taichung-kel-2316-4d731b-d1",
        "city": "taichung",
        "route_name": "KEL-2316",
        "car_seq": "KEL-2316",
        "arrival_time": "1912",
        "departure_time": "1913",
        "district": "西屯區",
        "village": "福和里",
        "location": "臺灣大道四段671巷1弄66號",
        "type": "沿街",
        "collection_type": "garbage",
        "day_of_week": 1
      }
    },
    {
      "type": "Feature",
      "geometry": {
        "type": "Point",
        "coordinates": [
          120.619455,
          24.178581
        ]
      },
      "properties": {
        "routeId": "taichung-kel-2316-4d731b-d1",
        "city": "taichung",
        "route_name": "KEL-2316",
        "car_seq": "KEL-2316",
        "arrival_time": "1912",
        "departure_time": "1913",
        "district": "西屯區",
        "village": "福和里",
        "location": "臺灣大道四段671巷1弄66號",
        "type": "沿街",
        "collection_type": "recycling",
        "day_of_week": 1
      }
    },
    {
      "type": "Feature",
      "geometry": {
        "type": "Point",
        "coordinates": [
          120.619716,
          24.178836
        ]
      },
      "properties": {
        "routeId": "taichung-kel-2316-4d731b-d1",
        "city": "taichung",
        "route_name": "KEL-2316",
        "car_seq": "KEL-2316",
        "arrival_time": "1914",
        "departure_time": "1915",
        "district": "西屯區",
        "village": "福和里",
        "location": "臺灣大道四段671巷1弄52號",
        "type": "沿街",
        "collection_type": "garbage",
        "day_of_week": 1
      }
    },
    {
      "type": "Feature",
      "geometry": {
        "type": "Point",
        "coordinates": [
          120.619716,
          24.178836
        ]
      },
      "properties": {
        "routeId": "taichung-kel-2316-4d731b-d1",
        "city": "taichung",
        "route_name": "KEL-2316",
        "car_seq": "KEL-2316",
        "arrival_time": "1914",
        "departure_time": "1915",
        "district": "西屯區",
        "village": "福和里",
        "location": "臺灣大道四段671巷1弄52號",
        "type": "沿街",
        "collection_type": "recycling",
        "day_of_week": 1
      }
    },
    {
      "type": "Feature",
      "geometry": {
        "type": "Point",
        "coordinates": [
          120.620294,
          24.179359
        ]
      },
      "properties": {
        "routeId": "taichung-kel-2316-4d731b-d1",
        "city": "taichung",
        "route_name": "KEL-2316",
        "car_seq": "KEL-2316",
        "arrival_time": "1916",
        "departure_time": "1917",
        "district": "西屯區",
        "village": "福和里",
        "location": "臺灣大道四段671巷1弄30號",
        "type": "沿街",
        "collection_type": "garbage",
        "day_of_week": 1
      }
    },
    {
      "type": "Feature",
      "geometry": {
        "type": "Point",
        "coordinates": [
          120.620294,
          24.179359
        ]
      },
      "properties": {
        "routeId": "taichung-kel-2316-4d731b-d1",
        "city": "taichung",
        "route_name": "KEL-2316",
        "car_seq": "KEL-2316",
        "arrival_time": "1916",
        "departure_time": "1917",
        "district": "西屯區",
        "village": "福和里",
        "location": "臺灣大道四段671巷1弄30號",
        "type": "沿街",
        "collection_type": "recycling",
        "day_of_week": 1
      }
    },
    {
      "type": "Feature",
      "geometry": {
        "type": "Point",
        "coordinates": [
          120.620802,
          24.17976
        ]
      },
      "properties": {
        "routeId": "taichung-kel-2316-4d731b-d1",
        "city": "taichung",
        "route_name": "KEL-2316",
        "car_seq": "KEL-2316",
        "arrival_time": "1918",
        "departure_time": "1919",
        "district": "西屯區",
        "village": "福和里",
        "location": "臺灣大道四段671巷1弄12號",
        "type": "沿街",
        "collection_type": "garbage",
        "day_of_week": 1
      }
    },
    {
      "type": "Feature",
      "geometry": {
        "type": "Point",
        "coordinates": [
          120.620802,
          24.17976
        ]
      },
      "properties": {
        "routeId": "taichung-kel-2316-4d731b-d1",
        "city": "taichung",
        "route_name": "KEL-2316",
        "car_seq": "KEL-2316",
        "arrival_time": "1918",
        "departure_time": "1919",
        "district": "西屯區",
        "village": "福和里",
        "location": "臺灣大道四段671巷1弄12號",
        "type": "沿街",
        "collection_type": "recycling",
        "day_of_week": 1
      }
    },
    {
      "type": "Feature",
      "geometry": {
        "type": "Point",
        "coordinates": [
          120.620517,
          24.182127
        ]
      },
      "properties": {
        "routeId": "taichung-kel-2316-4d731b-d1",
        "city": "taichung",
        "route_name": "KEL-2316",
        "car_seq": "KEL-2316",
        "arrival_time": "1930",
        "departure_time": "1931",
        "district": "西屯區",
        "village": "福雅里",
        "location": "福順路255巷1號",
        "type": "沿街",
        "collection_type": "garbage",
        "day_of_week": 1
      }
    },
    {
      "type": "Feature",
      "geometry": {
        "type": "Point",
        "coordinates": [
          120.620517,
          24.182127
        ]
      },
      "properties": {
        "routeId": "taichung-kel-2316-4d731b-d1",
        "city": "taichung",
        "route_name": "KEL-2316",
        "car_seq": "KEL-2316",
        "arrival_time": "1930",
        "departure_time": "1931",
        "district": "西屯區",
        "village": "福雅里",
        "location": "福順路255巷1號",
        "type": "沿街",
        "collection_type": "recycling",
        "day_of_week": 1
      }
    },
    {
      "type": "Feature",
      "geometry": {
        "type": "Point",
        "coordinates": [
          120.620151,
          24.181605
        ]
      },
      "properties": {
        "routeId": "taichung-kel-2316-4d731b-d1",
        "city": "taichung",
        "route_name": "KEL-2316",
        "car_seq": "KEL-2316",
        "arrival_time": "1934",
        "departure_time": "1935",
        "district": "西屯區",
        "village": "福雅里",
        "location": "永福路22巷88號",
        "type": "沿街",
        "collection_type": "garbage",
        "day_of_week": 1
      }
    },
    {
      "type": "Feature",
      "geometry": {
        "type": "Point",
        "coordinates": [
          120.620151,
          24.181605
        ]
      },
      "properties": {
        "routeId": "taichung-kel-2316-4d731b-d1",
        "city": "taichung",
        "route_name": "KEL-2316",
        "car_seq": "KEL-2316",
        "arrival_time": "1934",
        "departure_time": "1935",
        "district": "西屯區",
        "village": "福雅里",
        "location": "永福路22巷88號",
        "type": "沿街",
        "collection_type": "recycling",
        "day_of_week": 1
      }
    },
    {
      "type": "Feature",
      "geometry": {
        "type": "Point",
        "coordinates": [
          120.620662,
          24.180958
        ]
      },
      "properties": {
        "routeId": "taichung-kel-2316-4d731b-d1",
        "city": "taichung",
        "route_name": "KEL-2316",
        "car_seq": "KEL-2316",
        "arrival_time": "1936",
        "departure_time": "1937",
        "district": "西屯區",
        "village": "福雅里",
        "location": "臺灣大道四段786巷2號",
        "type": "沿街",
        "collection_type": "garbage",
        "day_of_week": 1
      }
    },
    {
      "type": "Feature",
      "geometry": {
        "type": "Point",
        "coordinates": [
          120.620662,
          24.180958
        ]
      },
      "properties": {
        "routeId": "taichung-kel-2316-4d731b-d1",
        "city": "taichung",
        "route_name": "KEL-2316",
        "car_seq": "KEL-2316",
        "arrival_time": "1936",
        "departure_time": "1937",
        "district": "西屯區",
        "village": "福雅里",
        "location": "臺灣大道四段786巷2號",
        "type": "沿街",
        "collection_type": "recycling",
        "day_of_week": 1
      }
    },
    {
      "type": "Feature",
      "geometry": {
        "type": "Point",
        "coordinates": [
          120.620489,
          24.18118
        ]
      },
      "properties": {
        "routeId": "taichung-kel-2316-4d731b-d1",
        "city": "taichung",
        "route_name": "KEL-2316",
        "car_seq": "KEL-2316",
        "arrival_time": "1938",
        "departure_time": "1939",
        "district": "西屯區",
        "village": "福雅里",
        "location": "臺灣大道四段786巷7號",
        "type": "沿街",
        "collection_type": "garbage",
        "day_of_week": 1
      }
    },
    {
      "type": "Feature",
      "geometry": {
        "type": "Point",
        "coordinates": [
          120.620489,
          24.18118
        ]
      },
      "properties": {
        "routeId": "taichung-kel-2316-4d731b-d1",
        "city": "taichung",
        "route_name": "KEL-2316",
        "car_seq": "KEL-2316",
        "arrival_time": "1938",
        "departure_time": "1939",
        "district": "西屯區",
        "village": "福雅里",
        "location": "臺灣大道四段786巷7號",
        "type": "沿街",
        "collection_type": "recycling",
        "day_of_week": 1
      }
    },
    {
      "type": "Feature",
      "geometry": {
        "type": "Point",
        "coordinates": [
          120.619629,
          24.181281
        ]
      },
      "properties": {
        "routeId": "taichung-kel-2316-4d731b-d1",
        "city": "taichung",
        "route_name": "KEL-2316",
        "car_seq": "KEL-2316",
        "arrival_time": "1941",
        "departure_time": "1942",
        "district": "西屯區",
        "village": "福雅里",
        "location": "臺灣大道四段838號",
        "type": "沿街",
        "collection_type": "garbage",
        "day_of_week": 1
      }
    },
    {
      "type": "Feature",
      "geometry": {
        "type": "Point",
        "coordinates": [
          120.619629,
          24.181281
        ]
      },
      "properties": {
        "routeId": "taichung-kel-2316-4d731b-d1",
        "city": "taichung",
        "route_name": "KEL-2316",
        "car_seq": "KEL-2316",
        "arrival_time": "1941",
        "departure_time": "1942",
        "district": "西屯區",
        "village": "福雅里",
        "location": "臺灣大道四段838號",
        "type": "沿街",
        "collection_type": "recycling",
        "day_of_week": 1
      }
    },
    {
      "type": "Feature",
      "geometry": {
        "type": "Point",
        "coordinates": [
          120.61953,
          24.181692
        ]
      },
      "properties": {
        "routeId": "taichung-kel-2316-4d731b-d1",
        "city": "taichung",
        "route_name": "KEL-2316",
        "car_seq": "KEL-2316",
        "arrival_time": "1943",
        "departure_time": "1944",
        "district": "西屯區",
        "village": "福雅里",
        "location": "永福路10號",
        "type": "沿街",
        "collection_type": "garbage",
        "day_of_week": 1
      }
    },
    {
      "type": "Feature",
      "geometry": {
        "type": "Point",
        "coordinates": [
          120.61953,
          24.181692
        ]
      },
      "properties": {
        "routeId": "taichung-kel-2316-4d731b-d1",
        "city": "taichung",
        "route_name": "KEL-2316",
        "car_seq": "KEL-2316",
        "arrival_time": "1943",
        "departure_time": "1944",
        "district": "西屯區",
        "village": "福雅里",
        "location": "永福路10號",
        "type": "沿街",
        "collection_type": "recycling",
        "day_of_week": 1
      }
    },
    {
      "type": "Feature",
      "geometry": {
        "type": "Point",
        "coordinates": [
          120.620812,
          24.18215
        ]
      },
      "properties": {
        "routeId": "taichung-kel-2316-4d731b-d1",
        "city": "taichung",
        "route_name": "KEL-2316",
        "car_seq": "KEL-2316",
        "arrival_time": "1945",
        "departure_time": "2000",
        "district": "西屯區",
        "village": "福雅里",
        "location": "福順路247號",
        "type": "定點",
        "collection_type": "garbage",
        "day_of_week": 1
      }
    },
    {
      "type": "Feature",
      "geometry": {
        "type": "Point",
        "coordinates": [
          120.620812,
          24.18215
        ]
      },
      "properties": {
        "routeId": "taichung-kel-2316-4d731b-d1",
        "city": "taichung",
        "route_name": "KEL-2316",
        "car_seq": "KEL-2316",
        "arrival_time": "1945",
        "departure_time": "2000",
        "district": "西屯區",
        "village": "福雅里",
        "location": "福順路247號",
        "type": "定點",
        "collection_type": "recycling",
        "day_of_week": 1
      }
    }
  ]
}