{
  "type": "FeatureCollection",
  "features": [
    {
      "type": "Feature",
      "geometry": {
        "type": "Point",
        "coordinates": [
          120.67687598718847,
          24.094735460429476
        ]
      },
      "properties": {
        "routeId": "taichung-kel-6516-c562f1-d5",
        "city": "taichung",
        "route_name": "KEL-6516",
        "car_seq": "KEL-6516",
        "arrival_time": "1406",
        "departure_time": "1408",
        "district": "大里區",
        "village": "新里里",
        "location": "爽文路50號",
        "type": "沿街",
        "collection_type": "garbage",
        "day_of_week": 5
      }
    },
    {
      "type": "Feature",
      "geometry": {
        "type": "Point",
        "coordinates": [
          120.67687598718847,
          24.094735460429476
        ]
      },
      "properties": {
        "routeId": "taichung-kel-6516-c562f1-d5",
        "city": "taichung",
        "route_name": "KEL-6516",
        "car_seq": "KEL-6516",
        "arrival_time": "1406",
        "departure_time": "1408",
        "district": "大里區",
        "village": "新里里",
        "location": "爽文路50號",
        "type": "沿街",
        "collection_type": "recycling",
        "day_of_week": 5
      }
    },
    {
      "type": "Feature",
      "geometry": {
        "type": "Point",
        "coordinates": [
          120.67663495686485,
          24.09498660837424
        ]
      },
      "properties": {
        "routeId": "taichung-kel-6516-c562f1-d5",
        "city": "taichung",
        "route_name": "KEL-6516",
        "car_seq": "KEL-6516",
        "arrival_time": "1406",
        "departure_time": "1408",
        "district": "大里區",
        "village": "新里里",
        "location": "爽文路72號",
        "type": "沿街",
        "collection_type": "garbage",
        "day_of_week": 5
      }
    },
    {
      "type": "Feature",
      "geometry": {
        "type": "Point",
        "coordinates": [
          120.67663495686485,
          24.09498660837424
        ]
      },
      "properties": {
        "routeId": "taichung-kel-6516-c562f1-d5",
        "city": "taichung",
        "route_name": "KEL-6516",
        "car_seq": "KEL-6516",
        "arrival_time": "1406",
        "departure_time": "1408",
        "district": "大里區",
        "village": "新里里",
        "location": "爽文路72號",
        "type": "沿街",
        "collection_type": "recycling",
        "day_of_week": 5
      }
    },
    {
      "type": "Feature",
      "geometry": {
        "type": "Point",
        "coordinates": [
          120.67646179033795,
          24.095168626236614
        ]
      },
      "properties": {
        "routeId": "taichung-kel-6516-c562f1-d5",
        "city": "taichung",
        "route_name": "KEL-6516",
        "car_seq": "KEL-6516",
        "arrival_time": "1406",
        "departure_time": "1408",
        "district": "大里區",
        "village": "新里里",
        "location": "爽文路88號",
        "type": "沿街",
        "collection_type": "garbage",
        "day_of_week": 5
      }
    },
    {
      "type": "Feature",
      "geometry": {
        "type": "Point",
        "coordinates": [
          120.67646179033795,
          24.095168626236614
        ]
      },
      "properties": {
        "routeId": "taichung-kel-6516-c562f1-d5",
        "city": "taichung",
        "route_name": "KEL-6516",
        "car_seq": "KEL-6516",
        "arrival_time": "1406",
        "departure_time": "1408",
        "district": "大里區",
        "village": "新里里",
        "location": "爽文路88號",
        "type": "沿街",
        "collection_type": "recycling",
        "day_of_week": 5
      }
    },
    {
      "type": "Feature",
      "geometry": {
        "type": "Point",
        "coordinates": [
          120.67621394802475,
          24.095429140587473
        ]
      },
      "properties": {
        "routeId": "taichung-kel-6516-c562f1-d5",
        "city": "taichung",
        "route_name": "KEL-6516",
        "car_seq": "KEL-6516",
        "arrival_time": "1406",
        "departure_time": "1408",
        "district": "大里區",
        "village": "新里里",
        "location": "爽文路110號",
        "type": "沿街",
        "collection_type": "garbage",
        "day_of_week": 5
      }
    },
    {
      "type": "Feature",
      "geometry": {
        "type": "Point",
        "coordinates": [
          120.67621394802475,
          24.095429140587473
        ]
      },
      "properties": {
        "routeId": "taichung-kel-6516-c562f1-d5",
        "city": "taichung",
        "route_name": "KEL-6516",
        "car_seq": "KEL-6516",
        "arrival_time": "1406",
        "departure_time": "1408",
        "district": "大里區",
        "village": "新里里",
        "location": "爽文路110號",
        "type": "沿街",
        "collection_type": "recycling",
        "day_of_week": 5
      }
    },
    {
      "type": "Feature",
      "geometry": {
        "type": "Point",
        "coordinates": [
          120.6760441216845,
          24.09560838398486
        ]
      },
      "properties": {
        "routeId": "taichung-kel-6516-c562f1-d5",
        "city": "taichung",
        "route_name": "KEL-6516",
        "car_seq": "KEL-6516",
        "arrival_time": "1408",
        "departure_time": "1410",
        "district": "大里區",
        "village": "新里里",
        "location": "爽文路126號",
        "type": "沿街",
        "collection_type": "garbage",
        "day_of_week": 5
      }
    },
    {
      "type": "Feature",
      "geometry": {
        "type": "Point",
        "coordinates": [
          120.6760441216845,
          24.09560838398486
        ]
      },
      "properties": {
        "routeId": "taichung-kel-6516-c562f1-d5",
        "city": "taichung",
        "route_name": "KEL-6516",
        "car_seq": "KEL-6516",
        "arrival_time": "1408",
        "departure_time": "1410",
        "district": "大里區",
        "village": "新里里",
        "location": "爽文路126號",
        "type": "沿街",
        "collection_type": "recycling",
        "day_of_week": 5
      }
    },
    {
      "type": "Feature",
      "geometry": {
        "type": "Point",
        "coordinates": [
          120.67579754346667,
          24.09587792967819
        ]
      },
      "properties": {
        "routeId": "taichung-kel-6516-c562f1-d5",
        "city": "taichung",
        "route_name": "KEL-6516",
        "car_seq": "KEL-6516",
        "arrival_time": "1408",
        "departure_time": "1410",
        "district": "大里區",
        "village": "新里里",
        "location": "爽文路148號",
        "type": "沿街",
        "collection_type": "garbage",
        "day_of_week": 5
      }
    },
    {
      "type": "Feature",
      "geometry": {
        "type": "Point",
        "coordinates": [
          120.67579754346667,
          24.09587792967819
        ]
      },
      "properties": {
        "routeId": "taichung-kel-6516-c562f1-d5",
        "city": "taichung",
        "route_name": "KEL-6516",
        "car_seq": "KEL-6516",
        "arrival_time": "1408",
        "departure_time": "1410",
        "district": "大里區",
        "village": "新里里",
        "location": "爽文路148號",
        "type": "沿街",
        "collection_type": "recycling",
        "day_of_week": 5
      }
    },
    {
      "type": "Feature",
      "geometry": {
        "type": "Point",
        "coordinates": [
          120.67552310296466,
          24.09616141134003
        ]
      },
      "properties": {
        "routeId": "taichung-kel-6516-c562f1-d5",
        "city": "taichung",
        "route_name": "KEL-6516",
        "car_seq": "KEL-6516",
        "arrival_time": "1408",
        "departure_time": "1410",
        "district": "大里區",
        "village": "新里里",
        "location": "爽文路176號",
        "type": "沿街",
        "collection_type": "garbage",
        "day_of_week": 5
      }
    },
    {
      "type": "Feature",
      "geometry": {
        "type": "Point",
        "coordinates": [
          120.67552310296466,
          24.09616141134003
        ]
      },
      "properties": {
        "routeId": "taichung-kel-6516-c562f1-d5",
        "city": "taichung",
        "route_name": "KEL-6516",
        "car_seq": "KEL-6516",
        "arrival_time": "1408",
        "departure_time": "1410",
        "district": "大里區",
        "village": "新里里",
        "location": "爽文路176號",
        "type": "沿街",
        "collection_type": "recycling",
        "day_of_week": 5
      }
    },
    {
      "type": "Feature",
      "geometry": {
        "type": "Point",
        "coordinates": [
          120.67535958360747,
          24.096331258729133
        ]
      },
      "properties": {
        "routeId": "taichung-kel-6516-c562f1-d5",
        "city": "taichung",
        "route_name": "KEL-6516",
        "car_seq": "KEL-6516",
        "arrival_time": "1408",
        "departure_time": "1410",
        "district": "大里區",
        "village": "新里里",
        "location": "爽文路190號",
        "type": "沿街",
        "collection_type": "garbage",
        "day_of_week": 5
      }
    },
    {
      "type": "Feature",
      "geometry": {
        "type": "Point",
        "coordinates": [
          120.67535958360747,
          24.096331258729133
        ]
      },
      "properties": {
        "routeId": "taichung-kel-6516-c562f1-d5",
        "city": "taichung",
        "route_name": "KEL-6516",
        "car_seq": "KEL-6516",
        "arrival_time": "1408",
        "departure_time": "1410",
        "district": "大里區",
        "village": "新里里",
        "location": "爽文路190號",
        "type": "沿街",
        "collection_type": "recycling",
        "day_of_week": 5
      }
    },
    {
      "type": "Feature",
      "geometry": {
        "type": "Point",
        "coordinates": [
          120.67487223063434,
          24.097066396308453
        ]
      },
      "properties": {
        "routeId": "taichung-kel-6516-c562f1-d5",
        "city": "taichung",
        "route_name": "KEL-6516",
        "car_seq": "KEL-6516",
        "arrival_time": "1410",
        "departure_time": "1413",
        "district": "大里區",
        "village": "新里里",
        "location": "爽文路238號",
        "type": "沿街",
        "collection_type": "garbage",
        "day_of_week": 5
      }
    },
    {
      "type": "Feature",
      "geometry": {
        "type": "Point",
        "coordinates": [
          120.67487223063434,
          24.097066396308453
        ]
      },
      "properties": {
        "routeId": "taichung-kel-6516-c562f1-d5",
        "city": "taichung",
        "route_name": "KEL-6516",
        "car_seq": "KEL-6516",
        "arrival_time": "1410",
        "departure_time": "1413",
        "district": "大里區",
        "village": "新里里",
        "location": "爽文路238號",
        "type": "沿街",
        "collection_type": "recycling",
        "day_of_week": 5
      }
    },
    {
      "type": "Feature",
      "geometry": {
        "type": "Point",
        "coordinates": [
          120.67477957111362,
          24.097297612832065
        ]
      },
      "properties": {
        "routeId": "taichung-kel-6516-c562f1-d5",
        "city": "taichung",
        "route_name": "KEL-6516",
        "car_seq": "KEL-6516",
        "arrival_time": "1410",
        "departure_time": "1413",
        "district": "大里區",
        "village": "新里里",
        "location": "爽文路252號",
        "type": "沿街",
        "collection_type": "garbage",
        "day_of_week": 5
      }
    },
    {
      "type": "Feature",
      "geometry": {
        "type": "Point",
        "coordinates": [
          120.67477957111362,
          24.097297612832065
        ]
      },
      "properties": {
        "routeId": "taichung-kel-6516-c562f1-d5",
        "city": "taichung",
        "route_name": "KEL-6516",
        "car_seq": "KEL-6516",
        "arrival_time": "1410",
        "departure_time": "1413",
        "district": "大里區",
        "village": "新里里",
        "location": "爽文路252號",
        "type": "沿街",
        "collection_type": "recycling",
        "day_of_week": 5
      }
    },
    {
      "type": "Feature",
      "geometry": {
        "type": "Point",
        "coordinates": [
          120.67469157660335,
          24.098801275369155
        ]
      },
      "properties": {
        "routeId": "taichung-kel-6516-c562f1-d5",
        "city": "taichung",
        "route_name": "KEL-6516",
        "car_seq": "KEL-6516",
        "arrival_time": "1410",
        "departure_time": "1413",
        "district": "大里區",
        "village": "新里里",
        "location": "爽文路358號",
        "type": "沿街",
        "collection_type": "garbage",
        "day_of_week": 5
      }
    },
    {
      "type": "Feature",
      "geometry": {
        "type": "Point",
        "coordinates": [
          120.67469157660335,
          24.098801275369155
        ]
      },
      "properties": {
        "routeId": "taichung-kel-6516-c562f1-d5",
        "city": "taichung",
        "route_name": "KEL-6516",
        "car_seq": "KEL-6516",
        "arrival_time": "1410",
        "departure_time": "1413",
        "district": "大里區",
        "village": "新里里",
        "location": "爽文路358號",
        "type": "沿街",
        "collection_type": "recycling",
        "day_of_week": 5
      }
    },
    {
      "type": "Feature",
      "geometry": {
        "type": "Point",
        "coordinates": [
          120.67468431687092,
          24.09918708463712
        ]
      },
      "properties": {
        "routeId": "taichung-kel-6516-c562f1-d5",
        "city": "taichung",
        "route_name": "KEL-6516",
        "car_seq": "KEL-6516",
        "arrival_time": "1410",
        "departure_time": "1413",
        "district": "大里區",
        "village": "新里里",
        "location": "爽文路388號",
        "type": "沿街",
        "collection_type": "garbage",
        "day_of_week": 5
      }
    },
    {
      "type": "Feature",
      "geometry": {
        "type": "Point",
        "coordinates": [
          120.67468431687092,
          24.09918708463712
        ]
      },
      "properties": {
        "routeId": "taichung-kel-6516-c562f1-d5",
        "city": "taichung",
        "route_name": "KEL-6516",
        "car_seq": "KEL-6516",
        "arrival_time": "1410",
        "departure_time": "1413",
        "district": "大里區",
        "village": "新里里",
        "location": "爽文路388號",
        "type": "沿街",
        "collection_type": "recycling",
        "day_of_week": 5
      }
    },
    {
      "type": "Feature",
      "geometry": {
        "type": "Point",
        "coordinates": [
          120.67469584163517,
          24.099492202325617
        ]
      },
      "properties": {
        "routeId": "taichung-kel-6516-c562f1-d5",
        "city": "taichung",
        "route_name": "KEL-6516",
        "car_seq": "KEL-6516",
        "arrival_time": "1410",
        "departure_time": "1413",
        "district": "大里區",
        "village": "新里里",
        "location": "爽文路408號",
        "type": "沿街",
        "collection_type": "garbage",
        "day_of_week": 5
      }
    },
    {
      "type": "Feature",
      "geometry": {
        "type": "Point",
        "coordinates": [
          120.67469584163517,
          24.099492202325617
        ]
      },
      "properties": {
        "routeId": "taichung-kel-6516-c562f1-d5",
        "city": "taichung",
        "route_name": "KEL-6516",
        "car_seq": "KEL-6516",
        "arrival_time": "1410",
        "departure_time": "1413",
        "district": "大里區",
        "village": "新里里",
        "location": "爽文路408號",
        "type": "沿街",
        "collection_type": "recycling",
        "day_of_week": 5
      }
    },
    {
      "type": "Feature",
      "geometry": {
        "type": "Point",
        "coordinates": [
          120.67469959973009,
          24.09983469406501
        ]
      },
      "properties": {
        "routeId": "taichung-kel-6516-c562f1-d5",
        "city": "taichung",
        "route_name": "KEL-6516",
        "car_seq": "KEL-6516",
        "arrival_time": "1413",
        "departure_time": "1418",
        "district": "大里區",
        "village": "新里里",
        "location": "爽文路428號",
        "type": "沿街",
        "collection_type": "garbage",
        "day_of_week": 5
      }
    },
    {
      "type": "Feature",
      "geometry": {
        "type": "Point",
        "coordinates": [
          120.67469959973009,
          24.09983469406501
        ]
      },
      "properties": {
        "routeId": "taichung-kel-6516-c562f1-d5",
        "city": "taichung",
        "route_name": "KEL-6516",
        "car_seq": "KEL-6516",
        "arrival_time": "1413",
        "departure_time": "1418",
        "district": "大里區",
        "village": "新里里",
        "location": "爽文路428號",
        "type": "沿街",
        "collection_type": "recycling",
        "day_of_week": 5
      }
    },
    {
      "type": "Feature",
      "geometry": {
        "type": "Point",
        "coordinates": [
          120.67470877369053,
          24.100404655981723
        ]
      },
      "properties": {
        "routeId": "taichung-kel-6516-c562f1-d5",
        "city": "taichung",
        "route_name": "KEL-6516",
        "car_seq": "KEL-6516",
        "arrival_time": "1413",
        "departure_time": "1418",
        "district": "大里區",
        "village": "新里里",
        "location": "爽文路472號",
        "type": "沿街",
        "collection_type": "garbage",
        "day_of_week": 5
      }
    },
    {
      "type": "Feature",
      "geometry": {
        "type": "Point",
        "coordinates": [
          120.67470877369053,
          24.100404655981723
        ]
      },
      "properties": {
        "routeId": "taichung-kel-6516-c562f1-d5",
        "city": "taichung",
        "route_name": "KEL-6516",
        "car_seq": "KEL-6516",
        "arrival_time": "1413",
        "departure_time": "1418",
        "district": "大里區",
        "village": "新里里",
        "location": "爽文路472號",
        "type": "沿街",
        "collection_type": "recycling",
        "day_of_week": 5
      }
    },
    {
      "type": "Feature",
      "geometry": {
        "type": "Point",
        "coordinates": [
          120.67478489349725,
          24.101465767946856
        ]
      },
      "properties": {
        "routeId": "taichung-kel-6516-c562f1-d5",
        "city": "taichung",
        "route_name": "KEL-6516",
        "car_seq": "KEL-6516",
        "arrival_time": "1413",
        "departure_time": "1418",
        "district": "大里區",
        "village": "新里里",
        "location": "爽文路508號",
        "type": "沿街",
        "collection_type": "garbage",
        "day_of_week": 5
      }
    },
    {
      "type": "Feature",
      "geometry": {
        "type": "Point",
        "coordinates": [
          120.67478489349725,
          24.101465767946856
        ]
      },
      "properties": {
        "routeId": "taichung-kel-6516-c562f1-d5",
        "city": "taichung",
        "route_name": "KEL-6516",
        "car_seq": "KEL-6516",
        "arrival_time": "1413",
        "departure_time": "1418",
        "district": "大里區",
        "village": "新里里",
        "location": "爽文路508號",
        "type": "沿街",
        "collection_type": "recycling",
        "day_of_week": 5
      }
    },
    {
      "type": "Feature",
      "geometry": {
        "type": "Point",
        "coordinates": [
          120.68028463173142,
          24.10480789617602
        ]
      },
      "properties": {
        "routeId": "taichung-kel-6516-c562f1-d5",
        "city": "taichung",
        "route_name": "KEL-6516",
        "car_seq": "KEL-6516",
        "arrival_time": "1418",
        "departure_time": "1423",
        "district": "大里區",
        "village": "新里里",
        "location": "德芳路二段16號",
        "type": "沿街",
        "collection_type": "garbage",
        "day_of_week": 5
      }
    },
    {
      "type": "Feature",
      "geometry": {
        "type": "Point",
        "coordinates": [
          120.68028463173142,
          24.10480789617602
        ]
      },
      "properties": {
        "routeId": "taichung-kel-6516-c562f1-d5",
        "city": "taichung",
        "route_name": "KEL-6516",
        "car_seq": "KEL-6516",
        "arrival_time": "1418",
        "departure_time": "1423",
        "district": "大里區",
        "village": "新里里",
        "location": "德芳路二段16號",
        "type": "沿街",
        "collection_type": "recycling",
        "day_of_week": 5
      }
    },
    {
      "type": "Feature",
      "geometry": {
        "type": "Point",
        "coordinates": [
          120.67973809192374,
          24.10583343519159
        ]
      },
      "properties": {
        "routeId": "taichung-kel-6516-c562f1-d5",
        "city": "taichung",
        "route_name": "KEL-6516",
        "car_seq": "KEL-6516",
        "arrival_time": "1418",
        "departure_time": "1423",
        "district": "大里區",
        "village": "永隆里",
        "location": "永大街70號",
        "type": "沿街",
        "collection_type": "garbage",
        "day_of_week": 5
      }
    },
    {
      "type": "Feature",
      "geometry": {
        "type": "Point",
        "coordinates": [
          120.67973809192374,
          24.10583343519159
        ]
      },
      "properties": {
        "routeId": "taichung-kel-6516-c562f1-d5",
        "city": "taichung",
        "route_name": "KEL-6516",
        "car_seq": "KEL-6516",
        "arrival_time": "1418",
        "departure_time": "1423",
        "district": "大里區",
        "village": "永隆里",
        "location": "永大街70號",
        "type": "沿街",
        "collection_type": "recycling",
        "day_of_week": 5
      }
    },
    {
      "type": "Feature",
      "geometry": {
        "type": "Point",
        "coordinates": [
          120.67959953642514,
          24.10632939831644
        ]
      },
      "properties": {
        "routeId": "taichung-kel-6516-c562f1-d5",
        "city": "taichung",
        "route_name": "KEL-6516",
        "car_seq": "KEL-6516",
        "arrival_time": "1418",
        "departure_time": "1423",
        "district": "大里區",
        "village": "永隆里",
        "location": "永大街112號",
        "type": "沿街",
        "collection_type": "garbage",
        "day_of_week": 5
      }
    },
    {
      "type": "Feature",
      "geometry": {
        "type": "Point",
        "coordinates": [
          120.67959953642514,
          24.10632939831644
        ]
      },
      "properties": {
        "routeId": "taichung-kel-6516-c562f1-d5",
        "city": "taichung",
        "route_name": "KEL-6516",
        "car_seq": "KEL-6516",
        "arrival_time": "1418",
        "departure_time": "1423",
        "district": "大里區",
        "village": "永隆里",
        "location": "永大街112號",
        "type": "沿街",
        "collection_type": "recycling",
        "day_of_week": 5
      }
    },
    {
      "type": "Feature",
      "geometry": {
        "type": "Point",
        "coordinates": [
          120.67948821899363,
          24.1067459600561
        ]
      },
      "properties": {
        "routeId": "taichung-kel-6516-c562f1-d5",
        "city": "taichung",
        "route_name": "KEL-6516",
        "car_seq": "KEL-6516",
        "arrival_time": "1418",
        "departure_time": "1423",
        "district": "大里區",
        "village": "永隆里",
        "location": "永大街126號",
        "type": "沿街",
        "collection_type": "garbage",
        "day_of_week": 5
      }
    },
    {
      "type": "Feature",
      "geometry": {
        "type": "Point",
        "coordinates": [
          120.67948821899363,
          24.1067459600561
        ]
      },
      "properties": {
        "routeId": "taichung-kel-6516-c562f1-d5",
        "city": "taichung",
        "route_name": "KEL-6516",
        "car_seq": "KEL-6516",
        "arrival_time": "1418",
        "departure_time": "1423",
        "district": "大里區",
        "village": "永隆里",
        "location": "永大街126號",
        "type": "沿街",
        "collection_type": "recycling",
        "day_of_week": 5
      }
    },
    {
      "type": "Feature",
      "geometry": {
        "type": "Point",
        "coordinates": [
          120.67927573887823,
          24.107462445231462
        ]
      },
      "properties": {
        "routeId": "taichung-kel-6516-c562f1-d5",
        "city": "taichung",
        "route_name": "KEL-6516",
        "car_seq": "KEL-6516",
        "arrival_time": "1418",
        "departure_time": "1423",
        "district": "大里區",
        "village": "永隆里",
        "location": "永大街180號",
        "type": "沿街",
        "collection_type": "garbage",
        "day_of_week": 5
      }
    },
    {
      "type": "Feature",
      "geometry": {
        "type": "Point",
        "coordinates": [
          120.67927573887823,
          24.107462445231462
        ]
      },
      "properties": {
        "routeId": "taichung-kel-6516-c562f1-d5",
        "city": "taichung",
        "route_name": "KEL-6516",
        "car_seq": "KEL-6516",
        "arrival_time": "1418",
        "departure_time": "1423",
        "district": "大里區",
        "village": "永隆里",
        "location": "永大街180號",
        "type": "沿街",
        "collection_type": "recycling",
        "day_of_week": 5
      }
    },
    {
      "type": "Feature",
      "geometry": {
        "type": "Point",
        "coordinates": [
          120.67917883671642,
          24.107777808808454
        ]
      },
      "properties": {
        "routeId": "taichung-kel-6516-c562f1-d5",
        "city": "taichung",
        "route_name": "KEL-6516",
        "car_seq": "KEL-6516",
        "arrival_time": "1418",
        "departure_time": "1423",
        "district": "大里區",
        "village": "永隆里",
        "location": "永大街200號",
        "type": "沿街",
        "collection_type": "garbage",
        "day_of_week": 5
      }
    },
    {
      "type": "Feature",
      "geometry": {
        "type": "Point",
        "coordinates": [
          120.67917883671642,
          24.107777808808454
        ]
      },
      "properties": {
        "routeId": "taichung-kel-6516-c562f1-d5",
        "city": "taichung",
        "route_name": "KEL-6516",
        "car_seq": "KEL-6516",
        "arrival_time": "1418",
        "departure_time": "1423",
        "district": "大里區",
        "village": "永隆里",
        "location": "永大街200號",
        "type": "沿街",
        "collection_type": "recycling",
        "day_of_week": 5
      }
    },
    {
      "type": "Feature",
      "geometry": {
        "type": "Point",
        "coordinates": [
          120.67910495901269,
          24.108414223277602
        ]
      },
      "properties": {
        "routeId": "taichung-kel-6516-c562f1-d5",
        "city": "taichung",
        "route_name": "KEL-6516",
        "car_seq": "KEL-6516",
        "arrival_time": "1423",
        "departure_time": "1427",
        "district": "大里區",
        "village": "永隆里",
        "location": "永大街240號",
        "type": "沿街",
        "collection_type": "garbage",
        "day_of_week": 5
      }
    },
    {
      "type": "Feature",
      "geometry": {
        "type": "Point",
        "coordinates": [
          120.67910495901269,
          24.108414223277602
        ]
      },
      "properties": {
        "routeId": "taichung-kel-6516-c562f1-d5",
        "city": "taichung",
        "route_name": "KEL-6516",
        "car_seq": "KEL-6516",
        "arrival_time": "1423",
        "departure_time": "1427",
        "district": "大里區",
        "village": "永隆里",
        "location": "永大街240號",
        "type": "沿街",
        "collection_type": "recycling",
        "day_of_week": 5
      }
    },
    {
      "type": "Feature",
      "geometry": {
        "type": "Point",
        "coordinates": [
          120.67910277675645,
          24.10881223267101
        ]
      },
      "properties": {
        "routeId": "taichung-kel-6516-c562f1-d5",
        "city": "taichung",
        "route_name": "KEL-6516",
        "car_seq": "KEL-6516",
        "arrival_time": "1423",
        "departure_time": "1427",
        "district": "大里區",
        "village": "永隆里",
        "location": "永大街262號",
        "type": "沿街",
        "collection_type": "garbage",
        "day_of_week": 5
      }
    },
    {
      "type": "Feature",
      "geometry": {
        "type": "Point",
        "coordinates": [
          120.67910277675645,
          24.10881223267101
        ]
      },
      "properties": {
        "routeId": "taichung-kel-6516-c562f1-d5",
        "city": "taichung",
        "route_name": "KEL-6516",
        "car_seq": "KEL-6516",
        "arrival_time": "1423",
        "departure_time": "1427",
        "district": "大里區",
        "village": "永隆里",
        "location": "永大街262號",
        "type": "沿街",
        "collection_type": "recycling",
        "day_of_week": 5
      }
    },
    {
      "type": "Feature",
      "geometry": {
        "type": "Point",
        "coordinates": [
          120.67889990585437,
          24.10989388432846
        ]
      },
      "properties": {
        "routeId": "taichung-kel-6516-c562f1-d5",
        "city": "taichung",
        "route_name": "KEL-6516",
        "car_seq": "KEL-6516",
        "arrival_time": "1423",
        "departure_time": "1427",
        "district": "大里區",
        "village": "永隆里",
        "location": "永大街290號",
        "type": "沿街",
        "collection_type": "garbage",
        "day_of_week": 5
      }
    },
    {
      "type": "Feature",
      "geometry": {
        "type": "Point",
        "coordinates": [
          120.67889990585437,
          24.10989388432846
        ]
      },
      "properties": {
        "routeId": "taichung-kel-6516-c562f1-d5",
        "city": "taichung",
        "route_name": "KEL-6516",
        "car_seq": "KEL-6516",
        "arrival_time": "1423",
        "departure_time": "1427",
        "district": "大里區",
        "village": "永隆里",
        "location": "永大街290號",
        "type": "沿街",
        "collection_type": "recycling",
        "day_of_week": 5
      }
    },
    {
      "type": "Feature",
      "geometry": {
        "type": "Point",
        "coordinates": [
          120.67877366241555,
          24.110325258199648
        ]
      },
      "properties": {
        "routeId": "taichung-kel-6516-c562f1-d5",
        "city": "taichung",
        "route_name": "KEL-6516",
        "car_seq": "KEL-6516",
        "arrival_time": "1423",
        "departure_time": "1427",
        "district": "大里區",
        "village": "永隆里",
        "location": "永大街320號",
        "type": "沿街",
        "collection_type": "garbage",
        "day_of_week": 5
      }
    },
    {
      "type": "Feature",
      "geometry": {
        "type": "Point",
        "coordinates": [
          120.67877366241555,
          24.110325258199648
        ]
      },
      "properties": {
        "routeId": "taichung-kel-6516-c562f1-d5",
        "city": "taichung",
        "route_name": "KEL-6516",
        "car_seq": "KEL-6516",
        "arrival_time": "1423",
        "departure_time": "1427",
        "district": "大里區",
        "village": "永隆里",
        "location": "永大街320號",
        "type": "沿街",
        "collection_type": "recycling",
        "day_of_week": 5
      }
    },
    {
      "type": "Feature",
      "geometry": {
        "type": "Point",
        "coordinates": [
          120.67863203553819,
          24.110645195432237
        ]
      },
      "properties": {
        "routeId": "taichung-kel-6516-c562f1-d5",
        "city": "taichung",
        "route_name": "KEL-6516",
        "car_seq": "KEL-6516",
        "arrival_time": "1423",
        "departure_time": "1427",
        "district": "大里區",
        "village": "永隆里",
        "location": "永大街352號",
        "type": "沿街",
        "collection_type": "garbage",
        "day_of_week": 5
      }
    },
    {
      "type": "Feature",
      "geometry": {
        "type": "Point",
        "coordinates": [
          120.67863203553819,
          24.110645195432237
        ]
      },
      "properties": {
        "routeId": "taichung-kel-6516-c562f1-d5",
        "city": "taichung",
        "route_name": "KEL-6516",
        "car_seq": "KEL-6516",
        "arrival_time": "1423",
        "departure_time": "1427",
        "district": "大里區",
        "village": "永隆里",
        "location": "永大街352號",
        "type": "沿街",
        "collection_type": "recycling",
        "day_of_week": 5
      }
    },
    {
      "type": "Feature",
      "geometry": {
        "type": "Point",
        "coordinates": [
          120.67850338355532,
          24.110992554867828
        ]
      },
      "properties": {
        "routeId": "taichung-kel-6516-c562f1-d5",
        "city": "taichung",
        "route_name": "KEL-6516",
        "car_seq": "KEL-6516",
        "arrival_time": "1423",
        "departure_time": "1427",
        "district": "大里區",
        "village": "永隆里",
        "location": "永大街376號",
        "type": "沿街",
        "collection_type": "garbage",
        "day_of_week": 5
      }
    },
    {
      "type": "Feature",
      "geometry": {
        "type": "Point",
        "coordinates": [
          120.67850338355532,
          24.110992554867828
        ]
      },
      "properties": {
        "routeId": "taichung-kel-6516-c562f1-d5",
        "city": "taichung",
        "route_name": "KEL-6516",
        "car_seq": "KEL-6516",
        "arrival_time": "1423",
        "departure_time": "1427",
        "district": "大里區",
        "village": "永隆里",
        "location": "永大街376號",
        "type": "沿街",
        "collection_type": "recycling",
        "day_of_week": 5
      }
    },
    {
      "type": "Feature",
      "geometry": {
        "type": "Point",
        "coordinates": [
          120.6782945246676,
          24.111628684570853
        ]
      },
      "properties": {
        "routeId": "taichung-kel-6516-c562f1-d5",
        "city": "taichung",
        "route_name": "KEL-6516",
        "car_seq": "KEL-6516",
        "arrival_time": "1427",
        "departure_time": "1429",
        "district": "大里區",
        "village": "永隆里",
        "location": "永大街400號",
        "type": "沿街",
        "collection_type": "garbage",
        "day_of_week": 5
      }
    },
    {
      "type": "Feature",
      "geometry": {
        "type": "Point",
        "coordinates": [
          120.6782945246676,
          24.111628684570853
        ]
      },
      "properties": {
        "routeId": "taichung-kel-6516-c562f1-d5",
        "city": "taichung",
        "route_name": "KEL-6516",
        "car_seq": "KEL-6516",
        "arrival_time": "1427",
        "departure_time": "1429",
        "district": "大里區",
        "village": "永隆里",
        "location": "永大街400號",
        "type": "沿街",
        "collection_type": "recycling",
        "day_of_week": 5
      }
    },
    {
      "type": "Feature",
      "geometry": {
        "type": "Point",
        "coordinates": [
          120.6782116718322,
          24.111834830780186
        ]
      },
      "properties": {
        "routeId": "taichung-kel-6516-c562f1-d5",
        "city": "taichung",
        "route_name": "KEL-6516",
        "car_seq": "KEL-6516",
        "arrival_time": "1427",
        "departure_time": "1429",
        "district": "大里區",
        "village": "永隆里",
        "location": "永大街412號",
        "type": "沿街",
        "collection_type": "garbage",
        "day_of_week": 5
      }
    },
    {
      "type": "Feature",
      "geometry": {
        "type": "Point",
        "coordinates": [
          120.6782116718322,
          24.111834830780186
        ]
      },
      "properties": {
        "routeId": "taichung-kel-6516-c562f1-d5",
        "city": "taichung",
        "route_name": "KEL-6516",
        "car_seq": "KEL-6516",
        "arrival_time": "1427",
        "departure_time": "1429",
        "district": "大里區",
        "village": "永隆里",
        "location": "永大街412號",
        "type": "沿街",
        "collection_type": "recycling",
        "day_of_week": 5
      }
    },
    {
      "type": "Feature",
      "geometry": {
        "type": "Point",
        "coordinates": [
          120.67806413497664,
          24.112416190757717
        ]
      },
      "properties": {
        "routeId": "taichung-kel-6516-c562f1-d5",
        "city": "taichung",
        "route_name": "KEL-6516",
        "car_seq": "KEL-6516",
        "arrival_time": "1427",
        "departure_time": "1429",
        "district": "大里區",
        "village": "永隆里",
        "location": "永大街422號",
        "type": "沿街",
        "collection_type": "garbage",
        "day_of_week": 5
      }
    },
    {
      "type": "Feature",
      "geometry": {
        "type": "Point",
        "coordinates": [
          120.67806413497664,
          24.112416190757717
        ]
      },
      "properties": {
        "routeId": "taichung-kel-6516-c562f1-d5",
        "city": "taichung",
        "route_name": "KEL-6516",
        "car_seq": "KEL-6516",
        "arrival_time": "1427",
        "departure_time": "1429",
        "district": "大里區",
        "village": "永隆里",
        "location": "永大街422號",
        "type": "沿街",
        "collection_type": "recycling",
        "day_of_week": 5
      }
    },
    {
      "type": "Feature",
      "geometry": {
        "type": "Point",
        "coordinates": [
          120.67802457427786,
          24.112693498057983
        ]
      },
      "properties": {
        "routeId": "taichung-kel-6516-c562f1-d5",
        "city": "taichung",
        "route_name": "KEL-6516",
        "car_seq": "KEL-6516",
        "arrival_time": "1427",
        "departure_time": "1429",
        "district": "大里區",
        "village": "永隆里",
        "location": "永大街440號",
        "type": "沿街",
        "collection_type": "garbage",
        "day_of_week": 5
      }
    },
    {
      "type": "Feature",
      "geometry": {
        "type": "Point",
        "coordinates": [
          120.67802457427786,
          24.112693498057983
        ]
      },
      "properties": {
        "routeId": "taichung-kel-6516-c562f1-d5",
        "city": "taichung",
        "route_name": "KEL-6516",
        "car_seq": "KEL-6516",
        "arrival_time": "1427",
        "departure_time": "1429",
        "district": "大里區",
        "village": "永隆里",
        "location": "永大街440號",
        "type": "沿街",
        "collection_type": "recycling",
        "day_of_week": 5
      }
    },
    {
      "type": "Feature",
      "geometry": {
        "type": "Point",
        "coordinates": [
          120.67795380793234,
          24.11310508725511
        ]
      },
      "properties": {
        "routeId": "taichung-kel-6516-c562f1-d5",
        "city": "taichung",
        "route_name": "KEL-6516",
        "car_seq": "KEL-6516",
        "arrival_time": "1429",
        "departure_time": "1434",
        "district": "大里區",
        "village": "永隆里",
        "location": "永大街462號",
        "type": "沿街",
        "collection_type": "garbage",
        "day_of_week": 5
      }
    },
    {
      "type": "Feature",
      "geometry": {
        "type": "Point",
        "coordinates": [
          120.67795380793234,
          24.11310508725511
        ]
      },
      "properties": {
        "routeId": "taichung-kel-6516-c562f1-d5",
        "city": "taichung",
        "route_name": "KEL-6516",
        "car_seq": "KEL-6516",
        "arrival_time": "1429",
        "departure_time": "1434",
        "district": "大里區",
        "village": "永隆里",
        "location": "永大街462號",
        "type": "沿街",
        "collection_type": "recycling",
        "day_of_week": 5
      }
    },
    {
      "type": "Feature",
      "geometry": {
        "type": "Point",
        "coordinates": [
          120.67790216267703,
          24.113454685077922
        ]
      },
      "properties": {
        "routeId": "taichung-kel-6516-c562f1-d5",
        "city": "taichung",
        "route_name": "KEL-6516",
        "car_seq": "KEL-6516",
        "arrival_time": "1429",
        "departure_time": "1434",
        "district": "大里區",
        "village": "永隆里",
        "location": "永大街478號",
        "type": "沿街",
        "collection_type": "garbage",
        "day_of_week": 5
      }
    },
    {
      "type": "Feature",
      "geometry": {
        "type": "Point",
        "coordinates": [
          120.67790216267703,
          24.113454685077922
        ]
      },
      "properties": {
        "routeId": "taichung-kel-6516-c562f1-d5",
        "city": "taichung",
        "route_name": "KEL-6516",
        "car_seq": "KEL-6516",
        "arrival_time": "1429",
        "departure_time": "1434",
        "district": "大里區",
        "village": "永隆里",
        "location": "永大街478號",
        "type": "沿街",
        "collection_type": "recycling",
        "day_of_week": 5
      }
    },
    {
      "type": "Feature",
      "geometry": {
        "type": "Point",
        "coordinates": [
          120.67787306839219,
          24.113802696098666
        ]
      },
      "properties": {
        "routeId": "taichung-kel-6516-c562f1-d5",
        "city": "taichung",
        "route_name": "KEL-6516",
        "car_seq": "KEL-6516",
        "arrival_time": "1429",
        "departure_time": "1434",
        "district": "大里區",
        "village": "永隆里",
        "location": "永大街580號",
        "type": "沿街",
        "collection_type": "garbage",
        "day_of_week": 5
      }
    },
    {
      "type": "Feature",
      "geometry": {
        "type": "Point",
        "coordinates": [
          120.67787306839219,
          24.113802696098666
        ]
      },
      "properties": {
        "routeId": "taichung-kel-6516-c562f1-d5",
        "city": "taichung",
        "route_name": "KEL-6516",
        "car_seq": "KEL-6516",
        "arrival_time": "1429",
        "departure_time": "1434",
        "district": "大里區",
        "village": "永隆里",
        "location": "永大街580號",
        "type": "沿街",
        "collection_type": "recycling",
        "day_of_week": 5
      }
    },
    {
      "type": "Feature",
      "geometry": {
        "type": "Point",
        "coordinates": [
          120.6779396117182,
          24.114414755291588
        ]
      },
      "properties": {
        "routeId": "taichung-kel-6516-c562f1-d5",
        "city": "taichung",
        "route_name": "KEL-6516",
        "car_seq": "KEL-6516",
        "arrival_time": "1429",
        "departure_time": "1434",
        "district": "大里區",
        "village": "永隆里",
        "location": "永大街592號",
        "type": "沿街",
        "collection_type": "garbage",
        "day_of_week": 5
      }
    },
    {
      "type": "Feature",
      "geometry": {
        "type": "Point",
        "coordinates": [
          120.6779396117182,
          24.114414755291588
        ]
      },
      "properties": {
        "routeId": "taichung-kel-6516-c562f1-d5",
        "city": "taichung",
        "route_name": "KEL-6516",
        "car_seq": "KEL-6516",
        "arrival_time": "1429",
        "departure_time": "1434",
        "district": "大里區",
        "village": "永隆里",
        "location": "永大街592號",
        "type": "沿街",
        "collection_type": "recycling",
        "day_of_week": 5
      }
    },
    {
      "type": "Feature",
      "geometry": {
        "type": "Point",
        "coordinates": [
          120.67814869945882,
          24.116246889154386
        ]
      },
      "properties": {
        "routeId": "taichung-kel-6516-c562f1-d5",
        "city": "taichung",
        "route_name": "KEL-6516",
        "car_seq": "KEL-6516",
        "arrival_time": "1434",
        "departure_time": "1437",
        "district": "大里區",
        "village": "永隆里",
        "location": "永大街630號",
        "type": "沿街",
        "collection_type": "garbage",
        "day_of_week": 5
      }
    },
    {
      "type": "Feature",
      "geometry": {
        "type": "Point",
        "coordinates": [
          120.67814869945882,
          24.116246889154386
        ]
      },
      "properties": {
        "routeId": "taichung-kel-6516-c562f1-d5",
        "city": "taichung",
        "route_name": "KEL-6516",
        "car_seq": "KEL-6516",
        "arrival_time": "1434",
        "departure_time": "1437",
        "district": "大里區",
        "village": "永隆里",
        "location": "永大街630號",
        "type": "沿街",
        "collection_type": "recycling",
        "day_of_week": 5
      }
    },
    {
      "type": "Feature",
      "geometry": {
        "type": "Point",
        "coordinates": [
          120.67763118402063,
          24.116427567801928
        ]
      },
      "properties": {
        "routeId": "taichung-kel-6516-c562f1-d5",
        "city": "taichung",
        "route_name": "KEL-6516",
        "car_seq": "KEL-6516",
        "arrival_time": "1434",
        "departure_time": "1437",
        "district": "大里區",
        "village": "永隆里",
        "location": "興大南街29號",
        "type": "沿街",
        "collection_type": "garbage",
        "day_of_week": 5
      }
    },
    {
      "type": "Feature",
      "geometry": {
        "type": "Point",
        "coordinates": [
          120.67763118402063,
          24.116427567801928
        ]
      },
      "properties": {
        "routeId": "taichung-kel-6516-c562f1-d5",
        "city": "taichung",
        "route_name": "KEL-6516",
        "car_seq": "KEL-6516",
        "arrival_time": "1434",
        "departure_time": "1437",
        "district": "大里區",
        "village": "永隆里",
        "location": "興大南街29號",
        "type": "沿街",
        "collection_type": "recycling",
        "day_of_week": 5
      }
    },
    {
      "type": "Feature",
      "geometry": {
        "type": "Point",
        "coordinates": [
          120.67719926383226,
          24.11640831721888
        ]
      },
      "properties": {
        "routeId": "taichung-kel-6516-c562f1-d5",
        "city": "taichung",
        "route_name": "KEL-6516",
        "car_seq": "KEL-6516",
        "arrival_time": "1434",
        "departure_time": "1437",
        "district": "大里區",
        "village": "永隆里",
        "location": "興大南街43號",
        "type": "沿街",
        "collection_type": "garbage",
        "day_of_week": 5
      }
    },
    {
      "type": "Feature",
      "geometry": {
        "type": "Point",
        "coordinates": [
          120.67719926383226,
          24.11640831721888
        ]
      },
      "properties": {
        "routeId": "taichung-kel-6516-c562f1-d5",
        "city": "taichung",
        "route_name": "KEL-6516",
        "car_seq": "KEL-6516",
        "arrival_time": "1434",
        "departure_time": "1437",
        "district": "大里區",
        "village": "永隆里",
        "location": "興大南街43號",
        "type": "沿街",
        "collection_type": "recycling",
        "day_of_week": 5
      }
    },
    {
      "type": "Feature",
      "geometry": {
        "type": "Point",
        "coordinates": [
          120.67656352142912,
          24.116384137439226
        ]
      },
      "properties": {
        "routeId": "taichung-kel-6516-c562f1-d5",
        "city": "taichung",
        "route_name": "KEL-6516",
        "car_seq": "KEL-6516",
        "arrival_time": "1434",
        "departure_time": "1437",
        "district": "大里區",
        "village": "永隆里",
        "location": "興大南街67號",
        "type": "沿街",
        "collection_type": "garbage",
        "day_of_week": 5
      }
    },
    {
      "type": "Feature",
      "geometry": {
        "type": "Point",
        "coordinates": [
          120.67656352142912,
          24.116384137439226
        ]
      },
      "properties": {
        "routeId": "taichung-kel-6516-c562f1-d5",
        "city": "taichung",
        "route_name": "KEL-6516",
        "car_seq": "KEL-6516",
        "arrival_time": "1434",
        "departure_time": "1437",
        "district": "大里區",
        "village": "永隆里",
        "location": "興大南街67號",
        "type": "沿街",
        "collection_type": "recycling",
        "day_of_week": 5
      }
    },
    {
      "type": "Feature",
      "geometry": {
        "type": "Point",
        "coordinates": [
          120.67599484625003,
          24.11621371353439
        ]
      },
      "properties": {
        "routeId": "taichung-kel-6516-c562f1-d5",
        "city": "taichung",
        "route_name": "KEL-6516",
        "car_seq": "KEL-6516",
        "arrival_time": "1437",
        "departure_time": "1442",
        "district": "大里區",
        "village": "永隆里",
        "location": "永隆路587號",
        "type": "沿街",
        "collection_type": "garbage",
        "day_of_week": 5
      }
    },
    {
      "type": "Feature",
      "geometry": {
        "type": "Point",
        "coordinates": [
          120.67599484625003,
          24.11621371353439
        ]
      },
      "properties": {
        "routeId": "taichung-kel-6516-c562f1-d5",
        "city": "taichung",
        "route_name": "KEL-6516",
        "car_seq": "KEL-6516",
        "arrival_time": "1437",
        "departure_time": "1442",
        "district": "大里區",
        "village": "永隆里",
        "location": "永隆路587號",
        "type": "沿街",
        "collection_type": "recycling",
        "day_of_week": 5
      }
    },
    {
      "type": "Feature",
      "geometry": {
        "type": "Point",
        "coordinates": [
          120.67602357912331,
          24.115855219192845
        ]
      },
      "properties": {
        "routeId": "taichung-kel-6516-c562f1-d5",
        "city": "taichung",
        "route_name": "KEL-6516",
        "car_seq": "KEL-6516",
        "arrival_time": "1437",
        "departure_time": "1442",
        "district": "大里區",
        "village": "永隆里",
        "location": "永隆路571號",
        "type": "沿街",
        "collection_type": "garbage",
        "day_of_week": 5
      }
    },
    {
      "type": "Feature",
      "geometry": {
        "type": "Point",
        "coordinates": [
          120.67602357912331,
          24.115855219192845
        ]
      },
      "properties": {
        "routeId": "taichung-kel-6516-c562f1-d5",
        "city": "taichung",
        "route_name": "KEL-6516",
        "car_seq": "KEL-6516",
        "arrival_time": "1437",
        "departure_time": "1442",
        "district": "大里區",
        "village": "永隆里",
        "location": "永隆路571號",
        "type": "沿街",
        "collection_type": "recycling",
        "day_of_week": 5
      }
    },
    {
      "type": "Feature",
      "geometry": {
        "type": "Point",
        "coordinates": [
          120.67611367441569,
          24.114376231827762
        ]
      },
      "properties": {
        "routeId": "taichung-kel-6516-c562f1-d5",
        "city": "taichung",
        "route_name": "KEL-6516",
        "car_seq": "KEL-6516",
        "arrival_time": "1437",
        "departure_time": "1442",
        "district": "大里區",
        "village": "永隆里",
        "location": "永隆路527號",
        "type": "沿街",
        "collection_type": "garbage",
        "day_of_week": 5
      }
    },
    {
      "type": "Feature",
      "geometry": {
        "type": "Point",
        "coordinates": [
          120.67611367441569,
          24.114376231827762
        ]
      },
      "properties": {
        "routeId": "taichung-kel-6516-c562f1-d5",
        "city": "taichung",
        "route_name": "KEL-6516",
        "car_seq": "KEL-6516",
        "arrival_time": "1437",
        "departure_time": "1442",
        "district": "大里區",
        "village": "永隆里",
        "location": "永隆路527號",
        "type": "沿街",
        "collection_type": "recycling",
        "day_of_week": 5
      }
    },
    {
      "type": "Feature",
      "geometry": {
        "type": "Point",
        "coordinates": [
          120.6764699197181,
          24.112293004040357
        ]
      },
      "properties": {
        "routeId": "taichung-kel-6516-c562f1-d5",
        "city": "taichung",
        "route_name": "KEL-6516",
        "car_seq": "KEL-6516",
        "arrival_time": "1437",
        "departure_time": "1442",
        "district": "大里區",
        "village": "永隆里",
        "location": "永隆路376號",
        "type": "沿街",
        "collection_type": "garbage",
        "day_of_week": 5
      }
    },
    {
      "type": "Feature",
      "geometry": {
        "type": "Point",
        "coordinates": [
          120.6764699197181,
          24.112293004040357
        ]
      },
      "properties": {
        "routeId": "taichung-kel-6516-c562f1-d5",
        "city": "taichung",
        "route_name": "KEL-6516",
        "car_seq": "KEL-6516",
        "arrival_time": "1437",
        "departure_time": "1442",
        "district": "大里區",
        "village": "永隆里",
        "location": "永隆路376號",
        "type": "沿街",
        "collection_type": "recycling",
        "day_of_week": 5
      }
    },
    {
      "type": "Feature",
      "geometry": {
        "type": "Point",
        "coordinates": [
          120.67629390906339,
          24.111636649012773
        ]
      },
      "properties": {
        "routeId": "taichung-kel-6516-c562f1-d5",
        "city": "taichung",
        "route_name": "KEL-6516",
        "car_seq": "KEL-6516",
        "arrival_time": "1442",
        "departure_time": "1446",
        "district": "大里區",
        "village": "永隆里",
        "location": "永隆路401號",
        "type": "沿街",
        "collection_type": "garbage",
        "day_of_week": 5
      }
    },
    {
      "type": "Feature",
      "geometry": {
        "type": "Point",
        "coordinates": [
          120.67629390906339,
          24.111636649012773
        ]
      },
      "properties": {
        "routeId": "taichung-kel-6516-c562f1-d5",
        "city": "taichung",
        "route_name": "KEL-6516",
        "car_seq": "KEL-6516",
        "arrival_time": "1442",
        "departure_time": "1446",
        "district": "大里區",
        "village": "永隆里",
        "location": "永隆路401號",
        "type": "沿街",
        "collection_type": "recycling",
        "day_of_week": 5
      }
    },
    {
      "type": "Feature",
      "geometry": {
        "type": "Point",
        "coordinates": [
          120.67630369184073,
          24.111306195522054
        ]
      },
      "properties": {
        "routeId": "taichung-kel-6516-c562f1-d5",
        "city": "taichung",
        "route_name": "KEL-6516",
        "car_seq": "KEL-6516",
        "arrival_time": "1442",
        "departure_time": "1446",
        "district": "大里區",
        "village": "永隆里",
        "location": "永隆路385號",
        "type": "沿街",
        "collection_type": "garbage",
        "day_of_week": 5
      }
    },
    {
      "type": "Feature",
      "geometry": {
        "type": "Point",
        "coordinates": [
          120.67630369184073,
          24.111306195522054
        ]
      },
      "properties": {
        "routeId": "taichung-kel-6516-c562f1-d5",
        "city": "taichung",
        "route_name": "KEL-6516",
        "car_seq": "KEL-6516",
        "arrival_time": "1442",
        "departure_time": "1446",
        "district": "大里區",
        "village": "永隆里",
        "location": "永隆路385號",
        "type": "沿街",
        "collection_type": "recycling",
        "day_of_week": 5
      }
    },
    {
      "type": "Feature",
      "geometry": {
        "type": "Point",
        "coordinates": [
          120.67636316062774,
          24.11097241610534
        ]
      },
      "properties": {
        "routeId": "taichung-kel-6516-c562f1-d5",
        "city": "taichung",
        "route_name": "KEL-6516",
        "car_seq": "KEL-6516",
        "arrival_time": "1442",
        "departure_time": "1446",
        "district": "大里區",
        "village": "永隆里",
        "location": "永隆路371號",
        "type": "沿街",
        "collection_type": "garbage",
        "day_of_week": 5
      }
    },
    {
      "type": "Feature",
      "geometry": {
        "type": "Point",
        "coordinates": [
          120.67636316062774,
          24.11097241610534
        ]
      },
      "properties": {
        "routeId": "taichung-kel-6516-c562f1-d5",
        "city": "taichung",
        "route_name": "KEL-6516",
        "car_seq": "KEL-6516",
        "arrival_time": "1442",
        "departure_time": "1446",
        "district": "大里區",
        "village": "永隆里",
        "location": "永隆路371號",
        "type": "沿街",
        "collection_type": "recycling",
        "day_of_week": 5
      }
    },
    {
      "type": "Feature",
      "geometry": {
        "type": "Point",
        "coordinates": [
          120.67638992615845,
          24.110417267022022
        ]
      },
      "properties": {
        "routeId": "taichung-kel-6516-c562f1-d5",
        "city": "taichung",
        "route_name": "KEL-6516",
        "car_seq": "KEL-6516",
        "arrival_time": "1442",
        "departure_time": "1446",
        "district": "大里區",
        "village": "永隆里",
        "location": "永隆路331號",
        "type": "沿街",
        "collection_type": "garbage",
        "day_of_week": 5
      }
    },
    {
      "type": "Feature",
      "geometry": {
        "type": "Point",
        "coordinates": [
          120.67638992615845,
          24.110417267022022
        ]
      },
      "properties": {
        "routeId": "taichung-kel-6516-c562f1-d5",
        "city": "taichung",
        "route_name": "KEL-6516",
        "car_seq": "KEL-6516",
        "arrival_time": "1442",
        "departure_time": "1446",
        "district": "大里區",
        "village": "永隆里",
        "location": "永隆路331號",
        "type": "沿街",
        "collection_type": "recycling",
        "day_of_week": 5
      }
    },
    {
      "type": "Feature",
      "geometry": {
        "type": "Point",
        "coordinates": [
          120.67644185446088,
          24.11011271763209
        ]
      },
      "properties": {
        "routeId": "taichung-kel-6516-c562f1-d5",
        "city": "taichung",
        "route_name": "KEL-6516",
        "car_seq": "KEL-6516",
        "arrival_time": "1442",
        "departure_time": "1446",
        "district": "大里區",
        "village": "永隆里",
        "location": "永隆路315號",
        "type": "沿街",
        "collection_type": "garbage",
        "day_of_week": 5
      }
    },
    {
      "type": "Feature",
      "geometry": {
        "type": "Point",
        "coordinates": [
          120.67644185446088,
          24.11011271763209
        ]
      },
      "properties": {
        "routeId": "taichung-kel-6516-c562f1-d5",
        "city": "taichung",
        "route_name": "KEL-6516",
        "car_seq": "KEL-6516",
        "arrival_time": "1442",
        "departure_time": "1446",
        "district": "大里區",
        "village": "永隆里",
        "location": "永隆路315號",
        "type": "沿街",
        "collection_type": "recycling",
        "day_of_week": 5
      }
    },
    {
      "type": "Feature",
      "geometry": {
        "type": "Point",
        "coordinates": [
          120.67645779803024,
          24.109600877418078
        ]
      },
      "properties": {
        "routeId": "taichung-kel-6516-c562f1-d5",
        "city": "taichung",
        "route_name": "KEL-6516",
        "car_seq": "KEL-6516",
        "arrival_time": "1446",
        "departure_time": "1449",
        "district": "大里區",
        "village": "永隆里",
        "location": "永隆路295號",
        "type": "沿街",
        "collection_type": "garbage",
        "day_of_week": 5
      }
    },
    {
      "type": "Feature",
      "geometry": {
        "type": "Point",
        "coordinates": [
          120.67645779803024,
          24.109600877418078
        ]
      },
      "properties": {
        "routeId": "taichung-kel-6516-c562f1-d5",
        "city": "taichung",
        "route_name": "KEL-6516",
        "car_seq": "KEL-6516",
        "arrival_time": "1446",
        "departure_time": "1449",
        "district": "大里區",
        "village": "永隆里",
        "location": "永隆路295號",
        "type": "沿街",
        "collection_type": "recycling",
        "day_of_week": 5
      }
    },
    {
      "type": "Feature",
      "geometry": {
        "type": "Point",
        "coordinates": [
          120.67652660646664,
          24.108916426583505
        ]
      },
      "properties": {
        "routeId": "taichung-kel-6516-c562f1-d5",
        "city": "taichung",
        "route_name": "KEL-6516",
        "car_seq": "KEL-6516",
        "arrival_time": "1446",
        "departure_time": "1449",
        "district": "大里區",
        "village": "永隆里",
        "location": "永隆路243號",
        "type": "沿街",
        "collection_type": "garbage",
        "day_of_week": 5
      }
    },
    {
      "type": "Feature",
      "geometry": {
        "type": "Point",
        "coordinates": [
          120.67652660646664,
          24.108916426583505
        ]
      },
      "properties": {
        "routeId": "taichung-kel-6516-c562f1-d5",
        "city": "taichung",
        "route_name": "KEL-6516",
        "car_seq": "KEL-6516",
        "arrival_time": "1446",
        "departure_time": "1449",
        "district": "大里區",
        "village": "永隆里",
        "location": "永隆路243號",
        "type": "沿街",
        "collection_type": "recycling",
        "day_of_week": 5
      }
    },
    {
      "type": "Feature",
      "geometry": {
        "type": "Point",
        "coordinates": [
          120.67676909649984,
          24.108482356897817
        ]
      },
      "properties": {
        "routeId": "taichung-kel-6516-c562f1-d5",
        "city": "taichung",
        "route_name": "KEL-6516",
        "car_seq": "KEL-6516",
        "arrival_time": "1446",
        "departure_time": "1449",
        "district": "大里區",
        "village": "永隆里",
        "location": "永隆路238號",
        "type": "沿街",
        "collection_type": "garbage",
        "day_of_week": 5
      }
    },
    {
      "type": "Feature",
      "geometry": {
        "type": "Point",
        "coordinates": [
          120.67676909649984,
          24.108482356897817
        ]
      },
      "properties": {
        "routeId": "taichung-kel-6516-c562f1-d5",
        "city": "taichung",
        "route_name": "KEL-6516",
        "car_seq": "KEL-6516",
        "arrival_time": "1446",
        "departure_time": "1449",
        "district": "大里區",
        "village": "永隆里",
        "location": "永隆路238號",
        "type": "沿街",
        "collection_type": "recycling",
        "day_of_week": 5
      }
    },
    {
      "type": "Feature",
      "geometry": {
        "type": "Point",
        "coordinates": [
          120.67657287213088,
          24.108097110654445
        ]
      },
      "properties": {
        "routeId": "taichung-kel-6516-c562f1-d5",
        "city": "taichung",
        "route_name": "KEL-6516",
        "car_seq": "KEL-6516",
        "arrival_time": "1446",
        "departure_time": "1449",
        "district": "大里區",
        "village": "永隆里",
        "location": "永隆路209號",
        "type": "沿街",
        "collection_type": "garbage",
        "day_of_week": 5
      }
    },
    {
      "type": "Feature",
      "geometry": {
        "type": "Point",
        "coordinates": [
          120.67657287213088,
          24.108097110654445
        ]
      },
      "properties": {
        "routeId": "taichung-kel-6516-c562f1-d5",
        "city": "taichung",
        "route_name": "KEL-6516",
        "car_seq": "KEL-6516",
        "arrival_time": "1446",
        "departure_time": "1449",
        "district": "大里區",
        "village": "永隆里",
        "location": "永隆路209號",
        "type": "沿街",
        "collection_type": "recycling",
        "day_of_week": 5
      }
    },
    {
      "type": "Feature",
      "geometry": {
        "type": "Point",
        "coordinates": [
          120.67659919058954,
          24.107550890399366
        ]
      },
      "properties": {
        "routeId": "taichung-kel-6516-c562f1-d5",
        "city": "taichung",
        "route_name": "KEL-6516",
        "car_seq": "KEL-6516",
        "arrival_time": "1449",
        "departure_time": "1452",
        "district": "大里區",
        "village": "永隆里",
        "location": "永隆路179號",
        "type": "沿街",
        "collection_type": "garbage",
        "day_of_week": 5
      }
    },
    {
      "type": "Feature",
      "geometry": {
        "type": "Point",
        "coordinates": [
          120.67659919058954,
          24.107550890399366
        ]
      },
      "properties": {
        "routeId": "taichung-kel-6516-c562f1-d5",
        "city": "taichung",
        "route_name": "KEL-6516",
        "car_seq": "KEL-6516",
        "arrival_time": "1449",
        "departure_time": "1452",
        "district": "大里區",
        "village": "永隆里",
        "location": "永隆路179號",
        "type": "沿街",
        "collection_type": "recycling",
        "day_of_week": 5
      }
    },
    {
      "type": "Feature",
      "geometry": {
        "type": "Point",
        "coordinates": [
          120.67663894322821,
          24.10711151580125
        ]
      },
      "properties": {
        "routeId": "taichung-kel-6516-c562f1-d5",
        "city": "taichung",
        "route_name": "KEL-6516",
        "car_seq": "KEL-6516",
        "arrival_time": "1449",
        "departure_time": "1452",
        "district": "大里區",
        "village": "永隆里",
        "location": "永隆路155號",
        "type": "沿街",
        "collection_type": "garbage",
        "day_of_week": 5
      }
    },
    {
      "type": "Feature",
      "geometry": {
        "type": "Point",
        "coordinates": [
          120.67663894322821,
          24.10711151580125
        ]
      },
      "properties": {
        "routeId": "taichung-kel-6516-c562f1-d5",
        "city": "taichung",
        "route_name": "KEL-6516",
        "car_seq": "KEL-6516",
        "arrival_time": "1449",
        "departure_time": "1452",
        "district": "大里區",
        "village": "永隆里",
        "location": "永隆路155號",
        "type": "沿街",
        "collection_type": "recycling",
        "day_of_week": 5
      }
    },
    {
      "type": "Feature",
      "geometry": {
        "type": "Point",
        "coordinates": [
          120.67678606635025,
          24.106620539781073
        ]
      },
      "properties": {
        "routeId": "taichung-kel-6516-c562f1-d5",
        "city": "taichung",
        "route_name": "KEL-6516",
        "car_seq": "KEL-6516",
        "arrival_time": "1449",
        "departure_time": "1452",
        "district": "大里區",
        "village": "永隆里",
        "location": "永隆路133號",
        "type": "沿街",
        "collection_type": "garbage",
        "day_of_week": 5
      }
    },
    {
      "type": "Feature",
      "geometry": {
        "type": "Point",
        "coordinates": [
          120.67678606635025,
          24.106620539781073
        ]
      },
      "properties": {
        "routeId": "taichung-kel-6516-c562f1-d5",
        "city": "taichung",
        "route_name": "KEL-6516",
        "car_seq": "KEL-6516",
        "arrival_time": "1449",
        "departure_time": "1452",
        "district": "大里區",
        "village": "永隆里",
        "location": "永隆路133號",
        "type": "沿街",
        "collection_type": "recycling",
        "day_of_week": 5
      }
    },
    {
      "type": "Feature",
      "geometry": {
        "type": "Point",
        "coordinates": [
          120.67709921751111,
          24.105739746910558
        ]
      },
      "properties": {
        "routeId": "taichung-kel-6516-c562f1-d5",
        "city": "taichung",
        "route_name": "KEL-6516",
        "car_seq": "KEL-6516",
        "arrival_time": "1449",
        "departure_time": "1452",
        "district": "大里區",
        "village": "永隆里",
        "location": "永隆路119號",
        "type": "沿街",
        "collection_type": "garbage",
        "day_of_week": 5
      }
    },
    {
      "type": "Feature",
      "geometry": {
        "type": "Point",
        "coordinates": [
          120.67709921751111,
          24.105739746910558
        ]
      },
      "properties": {
        "routeId": "taichung-kel-6516-c562f1-d5",
        "city": "taichung",
        "route_name": "KEL-6516",
        "car_seq": "KEL-6516",
        "arrival_time": "1449",
        "departure_time": "1452",
        "district": "大里區",
        "village": "永隆里",
        "location": "永隆路119號",
        "type": "沿街",
        "collection_type": "recycling",
        "day_of_week": 5
      }
    },
    {
      "type": "Feature",
      "geometry": {
        "type": "Point",
        "coordinates": [
          120.67731030361043,
          24.105076814859697
        ]
      },
      "properties": {
        "routeId": "taichung-kel-6516-c562f1-d5",
        "city": "taichung",
        "route_name": "KEL-6516",
        "car_seq": "KEL-6516",
        "arrival_time": "1452",
        "departure_time": "1455",
        "district": "大里區",
        "village": "新里里",
        "location": "永隆路67號",
        "type": "沿街",
        "collection_type": "garbage",
        "day_of_week": 5
      }
    },
    {
      "type": "Feature",
      "geometry": {
        "type": "Point",
        "coordinates": [
          120.67731030361043,
          24.105076814859697
        ]
      },
      "properties": {
        "routeId": "taichung-kel-6516-c562f1-d5",
        "city": "taichung",
        "route_name": "KEL-6516",
        "car_seq": "KEL-6516",
        "arrival_time": "1452",
        "departure_time": "1455",
        "district": "大里區",
        "village": "新里里",
        "location": "永隆路67號",
        "type": "沿街",
        "collection_type": "recycling",
        "day_of_week": 5
      }
    },
    {
      "type": "Feature",
      "geometry": {
        "type": "Point",
        "coordinates": [
          120.67749055438102,
          24.104510142579365
        ]
      },
      "properties": {
        "routeId": "taichung-kel-6516-c562f1-d5",
        "city": "taichung",
        "route_name": "KEL-6516",
        "car_seq": "KEL-6516",
        "arrival_time": "1452",
        "departure_time": "1455",
        "district": "大里區",
        "village": "新里里",
        "location": "永隆路25號",
        "type": "沿街",
        "collection_type": "garbage",
        "day_of_week": 5
      }
    },
    {
      "type": "Feature",
      "geometry": {
        "type": "Point",
        "coordinates": [
          120.67749055438102,
          24.104510142579365
        ]
      },
      "properties": {
        "routeId": "taichung-kel-6516-c562f1-d5",
        "city": "taichung",
        "route_name": "KEL-6516",
        "car_seq": "KEL-6516",
        "arrival_time": "1452",
        "departure_time": "1455",
        "district": "大里區",
        "village": "新里里",
        "location": "永隆路25號",
        "type": "沿街",
        "collection_type": "recycling",
        "day_of_week": 5
      }
    },
    {
      "type": "Feature",
      "geometry": {
        "type": "Point",
        "coordinates": [
          120.67760863177105,
          24.104180919407458
        ]
      },
      "properties": {
        "routeId": "taichung-kel-6516-c562f1-d5",
        "city": "taichung",
        "route_name": "KEL-6516",
        "car_seq": "KEL-6516",
        "arrival_time": "1452",
        "departure_time": "1455",
        "district": "大里區",
        "village": "新里里",
        "location": "永隆路9號",
        "type": "沿街",
        "collection_type": "garbage",
        "day_of_week": 5
      }
    },
    {
      "type": "Feature",
      "geometry": {
        "type": "Point",
        "coordinates": [
          120.67760863177105,
          24.104180919407458
        ]
      },
      "properties": {
        "routeId": "taichung-kel-6516-c562f1-d5",
        "city": "taichung",
        "route_name": "KEL-6516",
        "car_seq": "KEL-6516",
        "arrival_time": "1452",
        "departure_time": "1455",
        "district": "大里區",
        "village": "新里里",
        "location": "永隆路9號",
        "type": "沿街",
        "collection_type": "recycling",
        "day_of_week": 5
      }
    },
    {
      "type": "Feature",
      "geometry": {
        "type": "Point",
        "coordinates": [
          120.67716961528039,
          24.10551769217323
        ]
      },
      "properties": {
        "routeId": "taichung-kel-6516-c562f1-d5",
        "city": "taichung",
        "route_name": "KEL-6516",
        "car_seq": "KEL-6516",
        "arrival_time": "1452",
        "departure_time": "1455",
        "district": "大里區",
        "village": "永隆里",
        "location": "永隆路85號",
        "type": "沿街",
        "collection_type": "garbage",
        "day_of_week": 5
      }
    },
    {
      "type": "Feature",
      "geometry": {
        "type": "Point",
        "coordinates": [
          120.67716961528039,
          24.10551769217323
        ]
      },
      "properties": {
        "routeId": "taichung-kel-6516-c562f1-d5",
        "city": "taichung",
        "route_name": "KEL-6516",
        "car_seq": "KEL-6516",
        "arrival_time": "1452",
        "departure_time": "1455",
        "district": "大里區",
        "village": "永隆里",
        "location": "永隆路85號",
        "type": "沿街",
        "collection_type": "recycling",
        "day_of_week": 5
      }
    },
    {
      "type": "Feature",
      "geometry": {
        "type": "Point",
        "coordinates": [
          120.67713591342097,
          24.10412926682181
        ]
      },
      "properties": {
        "routeId": "taichung-kel-6516-c562f1-d5",
        "city": "taichung",
        "route_name": "KEL-6516",
        "car_seq": "KEL-6516",
        "arrival_time": "1455",
        "departure_time": "1458",
        "district": "大里區",
        "village": "新里里",
        "location": "德芳路二段50號",
        "type": "沿街",
        "collection_type": "garbage",
        "day_of_week": 5
      }
    },
    {
      "type": "Feature",
      "geometry": {
        "type": "Point",
        "coordinates": [
          120.67713591342097,
          24.10412926682181
        ]
      },
      "properties": {
        "routeId": "taichung-kel-6516-c562f1-d5",
        "city": "taichung",
        "route_name": "KEL-6516",
        "car_seq": "KEL-6516",
        "arrival_time": "1455",
        "departure_time": "1458",
        "district": "大里區",
        "village": "新里里",
        "location": "德芳路二段50號",
        "type": "沿街",
        "collection_type": "recycling",
        "day_of_week": 5
      }
    },
    {
      "type": "Feature",
      "geometry": {
        "type": "Point",
        "coordinates": [
          120.67634007744064,
          24.103558643639772
        ]
      },
      "properties": {
        "routeId": "taichung-kel-6516-c562f1-d5",
        "city": "taichung",
        "route_name": "KEL-6516",
        "car_seq": "KEL-6516",
        "arrival_time": "1455",
        "departure_time": "1458",
        "district": "大里區",
        "village": "新里里",
        "location": "德芳路二段116號",
        "type": "沿街",
        "collection_type": "garbage",
        "day_of_week": 5
      }
    },
    {
      "type": "Feature",
      "geometry": {
        "type": "Point",
        "coordinates": [
          120.67634007744064,
          24.103558643639772
        ]
      },
      "properties": {
        "routeId": "taichung-kel-6516-c562f1-d5",
        "city": "taichung",
        "route_name": "KEL-6516",
        "car_seq": "KEL-6516",
        "arrival_time": "1455",
        "departure_time": "1458",
        "district": "大里區",
        "village": "新里里",
        "location": "德芳路二段116號",
        "type": "沿街",
        "collection_type": "recycling",
        "day_of_week": 5
      }
    },
    {
      "type": "Feature",
      "geometry": {
        "type": "Point",
        "coordinates": [
          120.67571743563632,
          24.103361197120446
        ]
      },
      "properties": {
        "routeId": "taichung-kel-6516-c562f1-d5",
        "city": "taichung",
        "route_name": "KEL-6516",
        "car_seq": "KEL-6516",
        "arrival_time": "1455",
        "departure_time": "1458",
        "district": "大里區",
        "village": "新里里",
        "location": "德芳路二段150號",
        "type": "沿街",
        "collection_type": "garbage",
        "day_of_week": 5
      }
    },
    {
      "type": "Feature",
      "geometry": {
        "type": "Point",
        "coordinates": [
          120.67571743563632,
          24.103361197120446
        ]
      },
      "properties": {
        "routeId": "taichung-kel-6516-c562f1-d5",
        "city": "taichung",
        "route_name": "KEL-6516",
        "car_seq": "KEL-6516",
        "arrival_time": "1455",
        "departure_time": "1458",
        "district": "大里區",
        "village": "新里里",
        "location": "德芳路二段150號",
        "type": "沿街",
        "collection_type": "recycling",
        "day_of_week": 5
      }
    },
    {
      "type": "Feature",
      "geometry": {
        "type": "Point",
        "coordinates": [
          120.67549785010935,
          24.1032961711464
        ]
      },
      "properties": {
        "routeId": "taichung-kel-6516-c562f1-d5",
        "city": "taichung",
        "route_name": "KEL-6516",
        "car_seq": "KEL-6516",
        "arrival_time": "1455",
        "departure_time": "1458",
        "district": "大里區",
        "village": "新里里",
        "location": "德芳路二段160號",
        "type": "沿街",
        "collection_type": "garbage",
        "day_of_week": 5
      }
    },
    {
      "type": "Feature",
      "geometry": {
        "type": "Point",
        "coordinates": [
          120.67549785010935,
          24.1032961711464
        ]
      },
      "properties": {
        "routeId": "taichung-kel-6516-c562f1-d5",
        "city": "taichung",
        "route_name": "KEL-6516",
        "car_seq": "KEL-6516",
        "arrival_time": "1455",
        "departure_time": "1458",
        "district": "大里區",
        "village": "新里里",
        "location": "德芳路二段160號",
        "type": "沿街",
        "collection_type": "recycling",
        "day_of_week": 5
      }
    },
    {
      "type": "Feature",
      "geometry": {
        "type": "Point",
        "coordinates": [
          120.6752250054681,
          24.103209370262995
        ]
      },
      "properties": {
        "routeId": "taichung-kel-6516-c562f1-d5",
        "city": "taichung",
        "route_name": "KEL-6516",
        "car_seq": "KEL-6516",
        "arrival_time": "1455",
        "departure_time": "1458",
        "district": "大里區",
        "village": "新里里",
        "location": "德芳路二段178號",
        "type": "沿街",
        "collection_type": "garbage",
        "day_of_week": 5
      }
    },
    {
      "type": "Feature",
      "geometry": {
        "type": "Point",
        "coordinates": [
          120.6752250054681,
          24.103209370262995
        ]
      },
      "properties": {
        "routeId": "taichung-kel-6516-c562f1-d5",
        "city": "taichung",
        "route_name": "KEL-6516",
        "car_seq": "KEL-6516",
        "arrival_time": "1455",
        "departure_time": "1458",
        "district": "大里區",
        "village": "新里里",
        "location": "德芳路二段178號",
        "type": "沿街",
        "collection_type": "recycling",
        "day_of_week": 5
      }
    },
    {
      "type": "Feature",
      "geometry": {
        "type": "Point",
        "coordinates": [
          120.67491843780232,
          24.103424068732014
        ]
      },
      "properties": {
        "routeId": "taichung-kel-6516-c562f1-d5",
        "city": "taichung",
        "route_name": "KEL-6516",
        "car_seq": "KEL-6516",
        "arrival_time": "1458",
        "departure_time": "1501",
        "district": "大里區",
        "village": "新里里",
        "location": "爽文路552號",
        "type": "沿街",
        "collection_type": "garbage",
        "day_of_week": 5
      }
    },
    {
      "type": "Feature",
      "geometry": {
        "type": "Point",
        "coordinates": [
          120.67491843780232,
          24.103424068732014
        ]
      },
      "properties": {
        "routeId": "taichung-kel-6516-c562f1-d5",
        "city": "taichung",
        "route_name": "KEL-6516",
        "car_seq": "KEL-6516",
        "arrival_time": "1458",
        "departure_time": "1501",
        "district": "大里區",
        "village": "新里里",
        "location": "爽文路552號",
        "type": "沿街",
        "collection_type": "recycling",
        "day_of_week": 5
      }
    },
    {
      "type": "Feature",
      "geometry": {
        "type": "Point",
        "coordinates": [
          120.67487157945308,
          24.10375399211514
        ]
      },
      "properties": {
        "routeId": "taichung-kel-6516-c562f1-d5",
        "city": "taichung",
        "route_name": "KEL-6516",
        "car_seq": "KEL-6516",
        "arrival_time": "1458",
        "departure_time": "1501",
        "district": "大里區",
        "village": "新里里",
        "location": "爽文路570號",
        "type": "沿街",
        "collection_type": "garbage",
        "day_of_week": 5
      }
    },
    {
      "type": "Feature",
      "geometry": {
        "type": "Point",
        "coordinates": [
          120.67487157945308,
          24.10375399211514
        ]
      },
      "properties": {
        "routeId": "taichung-kel-6516-c562f1-d5",
        "city": "taichung",
        "route_name": "KEL-6516",
        "car_seq": "KEL-6516",
        "arrival_time": "1458",
        "departure_time": "1501",
        "district": "大里區",
        "village": "新里里",
        "location": "爽文路570號",
        "type": "沿街",
        "collection_type": "recycling",
        "day_of_week": 5
      }
    },
    {
      "type": "Feature",
      "geometry": {
        "type": "Point",
        "coordinates": [
          120.6749358867436,
          24.10438708689911
        ]
      },
      "properties": {
        "routeId": "taichung-kel-6516-c562f1-d5",
        "city": "taichung",
        "route_name": "KEL-6516",
        "car_seq": "KEL-6516",
        "arrival_time": "1458",
        "departure_time": "1501",
        "district": "大里區",
        "village": "新里里",
        "location": "爽文路620號",
        "type": "沿街",
        "collection_type": "garbage",
        "day_of_week": 5
      }
    },
    {
      "type": "Feature",
      "geometry": {
        "type": "Point",
        "coordinates": [
          120.6749358867436,
          24.10438708689911
        ]
      },
      "properties": {
        "routeId": "taichung-kel-6516-c562f1-d5",
        "city": "taichung",
        "route_name": "KEL-6516",
        "car_seq": "KEL-6516",
        "arrival_time": "1458",
        "departure_time": "1501",
        "district": "大里區",
        "village": "新里里",
        "location": "爽文路620號",
        "type": "沿街",
        "collection_type": "recycling",
        "day_of_week": 5
      }
    },
    {
      "type": "Feature",
      "geometry": {
        "type": "Point",
        "coordinates": [
          120.67495824487096,
          24.10472248478762
        ]
      },
      "properties": {
        "routeId": "taichung-kel-6516-c562f1-d5",
        "city": "taichung",
        "route_name": "KEL-6516",
        "car_seq": "KEL-6516",
        "arrival_time": "1458",
        "departure_time": "1501",
        "district": "大里區",
        "village": "新里里",
        "location": "爽文路636號",
        "type": "沿街",
        "collection_type": "garbage",
        "day_of_week": 5
      }
    },
    {
      "type": "Feature",
      "geometry": {
        "type": "Point",
        "coordinates": [
          120.67495824487096,
          24.10472248478762
        ]
      },
      "properties": {
        "routeId": "taichung-kel-6516-c562f1-d5",
        "city": "taichung",
        "route_name": "KEL-6516",
        "car_seq": "KEL-6516",
        "arrival_time": "1458",
        "departure_time": "1501",
        "district": "大里區",
        "village": "新里里",
        "location": "爽文路636號",
        "type": "沿街",
        "collection_type": "recycling",
        "day_of_week": 5
      }
    },
    {
      "type": "Feature",
      "geometry": {
        "type": "Point",
        "coordinates": [
          120.67496824365907,
          24.10512592869604
        ]
      },
      "properties": {
        "routeId": "taichung-kel-6516-c562f1-d5",
        "city": "taichung",
        "route_name": "KEL-6516",
        "car_seq": "KEL-6516",
        "arrival_time": "1458",
        "departure_time": "1501",
        "district": "大里區",
        "village": "新里里",
        "location": "爽文路660號",
        "type": "沿街",
        "collection_type": "garbage",
        "day_of_week": 5
      }
    },
    {
      "type": "Feature",
      "geometry": {
        "type": "Point",
        "coordinates": [
          120.67496824365907,
          24.10512592869604
        ]
      },
      "properties": {
        "routeId": "taichung-kel-6516-c562f1-d5",
        "city": "taichung",
        "route_name": "KEL-6516",
        "car_seq": "KEL-6516",
        "arrival_time": "1458",
        "departure_time": "1501",
        "district": "大里區",
        "village": "新里里",
        "location": "爽文路660號",
        "type": "沿街",
        "collection_type": "recycling",
        "day_of_week": 5
      }
    },
    {
      "type": "Feature",
      "geometry": {
        "type": "Point",
        "coordinates": [
          120.67501487179865,
          24.105596728212117
        ]
      },
      "properties": {
        "routeId": "taichung-kel-6516-c562f1-d5",
        "city": "taichung",
        "route_name": "KEL-6516",
        "car_seq": "KEL-6516",
        "arrival_time": "1501",
        "departure_time": "1504",
        "district": "大里區",
        "village": "新里里",
        "location": "爽文路688號",
        "type": "沿街",
        "collection_type": "garbage",
        "day_of_week": 5
      }
    },
    {
      "type": "Feature",
      "geometry": {
        "type": "Point",
        "coordinates": [
          120.67501487179865,
          24.105596728212117
        ]
      },
      "properties": {
        "routeId": "taichung-kel-6516-c562f1-d5",
        "city": "taichung",
        "route_name": "KEL-6516",
        "car_seq": "KEL-6516",
        "arrival_time": "1501",
        "departure_time": "1504",
        "district": "大里區",
        "village": "新里里",
        "location": "爽文路688號",
        "type": "沿街",
        "collection_type": "recycling",
        "day_of_week": 5
      }
    },
    {
      "type": "Feature",
      "geometry": {
        "type": "Point",
        "coordinates": [
          120.6752974407057,
          24.105574042111694
        ]
      },
      "properties": {
        "routeId": "taichung-kel-6516-c562f1-d5",
        "city": "taichung",
        "route_name": "KEL-6516",
        "car_seq": "KEL-6516",
        "arrival_time": "1501",
        "departure_time": "1504",
        "district": "大里區",
        "village": "新里里",
        "location": "永隆一街317號",
        "type": "沿街",
        "collection_type": "garbage",
        "day_of_week": 5
      }
    },
    {
      "type": "Feature",
      "geometry": {
        "type": "Point",
        "coordinates": [
          120.6752974407057,
          24.105574042111694
        ]
      },
      "properties": {
        "routeId": "taichung-kel-6516-c562f1-d5",
        "city": "taichung",
        "route_name": "KEL-6516",
        "car_seq": "KEL-6516",
        "arrival_time": "1501",
        "departure_time": "1504",
        "district": "大里區",
        "village": "新里里",
        "location": "永隆一街317號",
        "type": "沿街",
        "collection_type": "recycling",
        "day_of_week": 5
      }
    },
    {
      "type": "Feature",
      "geometry": {
        "type": "Point",
        "coordinates": [
          120.67542709816172,
          24.105176303480558
        ]
      },
      "properties": {
        "routeId": "taichung-kel-6516-c562f1-d5",
        "city": "taichung",
        "route_name": "KEL-6516",
        "car_seq": "KEL-6516",
        "arrival_time": "1501",
        "departure_time": "1504",
        "district": "大里區",
        "village": "新里里",
        "location": "永隆一街299號",
        "type": "沿街",
        "collection_type": "garbage",
        "day_of_week": 5
      }
    },
    {
      "type": "Feature",
      "geometry": {
        "type": "Point",
        "coordinates": [
          120.67542709816172,
          24.105176303480558
        ]
      },
      "properties": {
        "routeId": "taichung-kel-6516-c562f1-d5",
        "city": "taichung",
        "route_name": "KEL-6516",
        "car_seq": "KEL-6516",
        "arrival_time": "1501",
        "departure_time": "1504",
        "district": "大里區",
        "village": "新里里",
        "location": "永隆一街299號",
        "type": "沿街",
        "collection_type": "recycling",
        "day_of_week": 5
      }
    },
    {
      "type": "Feature",
      "geometry": {
        "type": "Point",
        "coordinates": [
          120.67552613082803,
          24.10487709125128
        ]
      },
      "properties": {
        "routeId": "taichung-kel-6516-c562f1-d5",
        "city": "taichung",
        "route_name": "KEL-6516",
        "car_seq": "KEL-6516",
        "arrival_time": "1501",
        "departure_time": "1504",
        "district": "大里區",
        "village": "新里里",
        "location": "永隆一街285號",
        "type": "沿街",
        "collection_type": "garbage",
        "day_of_week": 5
      }
    },
    {
      "type": "Feature",
      "geometry": {
        "type": "Point",
        "coordinates": [
          120.67552613082803,
          24.10487709125128
        ]
      },
      "properties": {
        "routeId": "taichung-kel-6516-c562f1-d5",
        "city": "taichung",
        "route_name": "KEL-6516",
        "car_seq": "KEL-6516",
        "arrival_time": "1501",
        "departure_time": "1504",
        "district": "大里區",
        "village": "新里里",
        "location": "永隆一街285號",
        "type": "沿街",
        "collection_type": "recycling",
        "day_of_week": 5
      }
    },
    {
      "type": "Feature",
      "geometry": {
        "type": "Point",
        "coordinates": [
          120.67562399469787,
          24.104530129217107
        ]
      },
      "properties": {
        "routeId": "taichung-kel-6516-c562f1-d5",
        "city": "taichung",
        "route_name": "KEL-6516",
        "car_seq": "KEL-6516",
        "arrival_time": "1501",
        "departure_time": "1504",
        "district": "大里區",
        "village": "新里里",
        "location": "永隆一街265號",
        "type": "沿街",
        "collection_type": "garbage",
        "day_of_week": 5
      }
    },
    {
      "type": "Feature",
      "geometry": {
        "type": "Point",
        "coordinates": [
          120.67562399469787,
          24.104530129217107
        ]
      },
      "properties": {
        "routeId": "taichung-kel-6516-c562f1-d5",
        "city": "taichung",
        "route_name": "KEL-6516",
        "car_seq": "KEL-6516",
        "arrival_time": "1501",
        "departure_time": "1504",
        "district": "大里區",
        "village": "新里里",
        "location": "永隆一街265號",
        "type": "沿街",
        "collection_type": "recycling",
        "day_of_week": 5
      }
    },
    {
      "type": "Feature",
      "geometry": {
        "type": "Point",
        "coordinates": [
          120.67590022511511,
          24.104210886340745
        ]
      },
      "properties": {
        "routeId": "taichung-kel-6516-c562f1-d5",
        "city": "taichung",
        "route_name": "KEL-6516",
        "car_seq": "KEL-6516",
        "arrival_time": "1504",
        "departure_time": "1508",
        "district": "大里區",
        "village": "新里里",
        "location": "永隆一街235號",
        "type": "沿街",
        "collection_type": "garbage",
        "day_of_week": 5
      }
    },
    {
      "type": "Feature",
      "geometry": {
        "type": "Point",
        "coordinates": [
          120.67590022511511,
          24.104210886340745
        ]
      },
      "properties": {
        "routeId": "taichung-kel-6516-c562f1-d5",
        "city": "taichung",
        "route_name": "KEL-6516",
        "car_seq": "KEL-6516",
        "arrival_time": "1504",
        "departure_time": "1508",
        "district": "大里區",
        "village": "新里里",
        "location": "永隆一街235號",
        "type": "沿街",
        "collection_type": "recycling",
        "day_of_week": 5
      }
    },
    {
      "type": "Feature",
      "geometry": {
        "type": "Point",
        "coordinates": [
          120.67658042995389,
          24.10417161387271
        ]
      },
      "properties": {
        "routeId": "taichung-kel-6516-c562f1-d5",
        "city": "taichung",
        "route_name": "KEL-6516",
        "car_seq": "KEL-6516",
        "arrival_time": "1504",
        "departure_time": "1508",
        "district": "大里區",
        "village": "新里里",
        "location": "永隆一街213號",
        "type": "沿街",
        "collection_type": "garbage",
        "day_of_week": 5
      }
    },
    {
      "type": "Feature",
      "geometry": {
        "type": "Point",
        "coordinates": [
          120.67658042995389,
          24.10417161387271
        ]
      },
      "properties": {
        "routeId": "taichung-kel-6516-c562f1-d5",
        "city": "taichung",
        "route_name": "KEL-6516",
        "car_seq": "KEL-6516",
        "arrival_time": "1504",
        "departure_time": "1508",
        "district": "大里區",
        "village": "新里里",
        "location": "永隆一街213號",
        "type": "沿街",
        "collection_type": "recycling",
        "day_of_week": 5
      }
    },
    {
      "type": "Feature",
      "geometry": {
        "type": "Point",
        "coordinates": [
          120.67692096057888,
          24.104530158560834
        ]
      },
      "properties": {
        "routeId": "taichung-kel-6516-c562f1-d5",
        "city": "taichung",
        "route_name": "KEL-6516",
        "car_seq": "KEL-6516",
        "arrival_time": "1504",
        "departure_time": "1508",
        "district": "大里區",
        "village": "新里里",
        "location": "永隆一街189號",
        "type": "沿街",
        "collection_type": "garbage",
        "day_of_week": 5
      }
    },
    {
      "type": "Feature",
      "geometry": {
        "type": "Point",
        "coordinates": [
          120.67692096057888,
          24.104530158560834
        ]
      },
      "properties": {
        "routeId": "taichung-kel-6516-c562f1-d5",
        "city": "taichung",
        "route_name": "KEL-6516",
        "car_seq": "KEL-6516",
        "arrival_time": "1504",
        "departure_time": "1508",
        "district": "大里區",
        "village": "新里里",
        "location": "永隆一街189號",
        "type": "沿街",
        "collection_type": "recycling",
        "day_of_week": 5
      }
    },
    {
      "type": "Feature",
      "geometry": {
        "type": "Point",
        "coordinates": [
          120.67722103591402,
          24.10478226926988
        ]
      },
      "properties": {
        "routeId": "taichung-kel-6516-c562f1-d5",
        "city": "taichung",
        "route_name": "KEL-6516",
        "car_seq": "KEL-6516",
        "arrival_time": "1504",
        "departure_time": "1508",
        "district": "大里區",
        "village": "新里里",
        "location": "永隆一街186號",
        "type": "沿街",
        "collection_type": "garbage",
        "day_of_week": 5
      }
    },
    {
      "type": "Feature",
      "geometry": {
        "type": "Point",
        "coordinates": [
          120.67722103591402,
          24.10478226926988
        ]
      },
      "properties": {
        "routeId": "taichung-kel-6516-c562f1-d5",
        "city": "taichung",
        "route_name": "KEL-6516",
        "car_seq": "KEL-6516",
        "arrival_time": "1504",
        "departure_time": "1508",
        "district": "大里區",
        "village": "新里里",
        "location": "永隆一街186號",
        "type": "沿街",
        "collection_type": "recycling",
        "day_of_week": 5
      }
    },
    {
      "type": "Feature",
      "geometry": {
        "type": "Point",
        "coordinates": [
          120.67803925701942,
          24.105016501129587
        ]
      },
      "properties": {
        "routeId": "taichung-kel-6516-c562f1-d5",
        "city": "taichung",
        "route_name": "KEL-6516",
        "car_seq": "KEL-6516",
        "arrival_time": "1508",
        "departure_time": "1510",
        "district": "大里區",
        "village": "新里里",
        "location": "永隆一街142號",
        "type": "沿街",
        "collection_type": "garbage",
        "day_of_week": 5
      }
    },
    {
      "type": "Feature",
      "geometry": {
        "type": "Point",
        "coordinates": [
          120.67803925701942,
          24.105016501129587
        ]
      },
      "properties": {
        "routeId": "taichung-kel-6516-c562f1-d5",
        "city": "taichung",
        "route_name": "KEL-6516",
        "car_seq": "KEL-6516",
        "arrival_time": "1508",
        "departure_time": "1510",
        "district": "大里區",
        "village": "新里里",
        "location": "永隆一街142號",
        "type": "沿街",
        "collection_type": "recycling",
        "day_of_week": 5
      }
    },
    {
      "type": "Feature",
      "geometry": {
        "type": "Point",
        "coordinates": [
          120.67841660772343,
          24.10512501585452
        ]
      },
      "properties": {
        "routeId": "taichung-kel-6516-c562f1-d5",
        "city": "taichung",
        "route_name": "KEL-6516",
        "car_seq": "KEL-6516",
        "arrival_time": "1508",
        "departure_time": "1510",
        "district": "大里區",
        "village": "新里里",
        "location": "永隆一街124號",
        "type": "沿街",
        "collection_type": "garbage",
        "day_of_week": 5
      }
    },
    {
      "type": "Feature",
      "geometry": {
        "type": "Point",
        "coordinates": [
          120.67841660772343,
          24.10512501585452
        ]
      },
      "properties": {
        "routeId": "taichung-kel-6516-c562f1-d5",
        "city": "taichung",
        "route_name": "KEL-6516",
        "car_seq": "KEL-6516",
        "arrival_time": "1508",
        "departure_time": "1510",
        "district": "大里區",
        "village": "新里里",
        "location": "永隆一街124號",
        "type": "沿街",
        "collection_type": "recycling",
        "day_of_week": 5
      }
    },
    {
      "type": "Feature",
      "geometry": {
        "type": "Point",
        "coordinates": [
          120.67894410814688,
          24.10537903724075
        ]
      },
      "properties": {
        "routeId": "taichung-kel-6516-c562f1-d5",
        "city": "taichung",
        "route_name": "KEL-6516",
        "car_seq": "KEL-6516",
        "arrival_time": "1508",
        "departure_time": "1510",
        "district": "大里區",
        "village": "新里里",
        "location": "永隆一街80號",
        "type": "沿街",
        "collection_type": "garbage",
        "day_of_week": 5
      }
    },
    {
      "type": "Feature",
      "geometry": {
        "type": "Point",
        "coordinates": [
          120.67894410814688,
          24.10537903724075
        ]
      },
      "properties": {
        "routeId": "taichung-kel-6516-c562f1-d5",
        "city": "taichung",
        "route_name": "KEL-6516",
        "car_seq": "KEL-6516",
        "arrival_time": "1508",
        "departure_time": "1510",
        "district": "大里區",
        "village": "新里里",
        "location": "永隆一街80號",
        "type": "沿街",
        "collection_type": "recycling",
        "day_of_week": 5
      }
    },
    {
      "type": "Feature",
      "geometry": {
        "type": "Point",
        "coordinates": [
          120.67901639304203,
          24.106888617828915
        ]
      },
      "properties": {
        "routeId": "taichung-kel-6516-c562f1-d5",
        "city": "taichung",
        "route_name": "KEL-6516",
        "car_seq": "KEL-6516",
        "arrival_time": "1510",
        "departure_time": "1512",
        "district": "大里區",
        "village": "新里里",
        "location": "永隆二街11號",
        "type": "沿街",
        "collection_type": "garbage",
        "day_of_week": 5
      }
    },
    {
      "type": "Feature",
      "geometry": {
        "type": "Point",
        "coordinates": [
          120.67901639304203,
          24.106888617828915
        ]
      },
      "properties": {
        "routeId": "taichung-kel-6516-c562f1-d5",
        "city": "taichung",
        "route_name": "KEL-6516",
        "car_seq": "KEL-6516",
        "arrival_time": "1510",
        "departure_time": "1512",
        "district": "大里區",
        "village": "新里里",
        "location": "永隆二街11號",
        "type": "沿街",
        "collection_type": "recycling",
        "day_of_week": 5
      }
    },
    {
      "type": "Feature",
      "geometry": {
        "type": "Point",
        "coordinates": [
          120.67872193639558,
          24.10682163330631
        ]
      },
      "properties": {
        "routeId": "taichung-kel-6516-c562f1-d5",
        "city": "taichung",
        "route_name": "KEL-6516",
        "car_seq": "KEL-6516",
        "arrival_time": "1510",
        "departure_time": "1512",
        "district": "大里區",
        "village": "新里里",
        "location": "永隆二街23號",
        "type": "沿街",
        "collection_type": "garbage",
        "day_of_week": 5
      }
    },
    {
      "type": "Feature",
      "geometry": {
        "type": "Point",
        "coordinates": [
          120.67872193639558,
          24.10682163330631
        ]
      },
      "properties": {
        "routeId": "taichung-kel-6516-c562f1-d5",
        "city": "taichung",
        "route_name": "KEL-6516",
        "car_seq": "KEL-6516",
        "arrival_time": "1510",
        "departure_time": "1512",
        "district": "大里區",
        "village": "新里里",
        "location": "永隆二街23號",
        "type": "沿街",
        "collection_type": "recycling",
        "day_of_week": 5
      }
    },
    {
      "type": "Feature",
      "geometry": {
        "type": "Point",
        "coordinates": [
          120.67842449675884,
          24.106736050495492
        ]
      },
      "properties": {
        "routeId": "taichung-kel-6516-c562f1-d5",
        "city": "taichung",
        "route_name": "KEL-6516",
        "car_seq": "KEL-6516",
        "arrival_time": "1510",
        "departure_time": "1512",
        "district": "大里區",
        "village": "新里里",
        "location": "永隆二街35號",
        "type": "沿街",
        "collection_type": "garbage",
        "day_of_week": 5
      }
    },
    {
      "type": "Feature",
      "geometry": {
        "type": "Point",
        "coordinates": [
          120.67842449675884,
          24.106736050495492
        ]
      },
      "properties": {
        "routeId": "taichung-kel-6516-c562f1-d5",
        "city": "taichung",
        "route_name": "KEL-6516",
        "car_seq": "KEL-6516",
        "arrival_time": "1510",
        "departure_time": "1512",
        "district": "大里區",
        "village": "新里里",
        "location": "永隆二街35號",
        "type": "沿街",
        "collection_type": "recycling",
        "day_of_week": 5
      }
    },
    {
      "type": "Feature",
      "geometry": {
        "type": "Point",
        "coordinates": [
          120.67810924041294,
          24.106651504075664
        ]
      },
      "properties": {
        "routeId": "taichung-kel-6516-c562f1-d5",
        "city": "taichung",
        "route_name": "KEL-6516",
        "car_seq": "KEL-6516",
        "arrival_time": "1510",
        "departure_time": "1512",
        "district": "大里區",
        "village": "新里里",
        "location": "永隆二街47號",
        "type": "沿街",
        "collection_type": "garbage",
        "day_of_week": 5
      }
    },
    {
      "type": "Feature",
      "geometry": {
        "type": "Point",
        "coordinates": [
          120.67810924041294,
          24.106651504075664
        ]
      },
      "properties": {
        "routeId": "taichung-kel-6516-c562f1-d5",
        "city": "taichung",
        "route_name": "KEL-6516",
        "car_seq": "KEL-6516",
        "arrival_time": "1510",
        "departure_time": "1512",
        "district": "大里區",
        "village": "新里里",
        "location": "永隆二街47號",
        "type": "沿街",
        "collection_type": "recycling",
        "day_of_week": 5
      }
    },
    {
      "type": "Feature",
      "geometry": {
        "type": "Point",
        "coordinates": [
          120.67786535509133,
          24.10619166679878
        ]
      },
      "properties": {
        "routeId": "taichung-kel-6516-c562f1-d5",
        "city": "taichung",
        "route_name": "KEL-6516",
        "car_seq": "KEL-6516",
        "arrival_time": "1512",
        "departure_time": "1515",
        "district": "大里區",
        "village": "新里里",
        "location": "永隆二街89巷18號",
        "type": "沿街",
        "collection_type": "garbage",
        "day_of_week": 5
      }
    },
    {
      "type": "Feature",
      "geometry": {
        "type": "Point",
        "coordinates": [
          120.67786535509133,
          24.10619166679878
        ]
      },
      "properties": {
        "routeId": "taichung-kel-6516-c562f1-d5",
        "city": "taichung",
        "route_name": "KEL-6516",
        "car_seq": "KEL-6516",
        "arrival_time": "1512",
        "departure_time": "1515",
        "district": "大里區",
        "village": "新里里",
        "location": "永隆二街89巷18號",
        "type": "沿街",
        "collection_type": "recycling",
        "day_of_week": 5
      }
    },
    {
      "type": "Feature",
      "geometry": {
        "type": "Point",
        "coordinates": [
          120.6781702512489,
          24.105658583830284
        ]
      },
      "properties": {
        "routeId": "taichung-kel-6516-c562f1-d5",
        "city": "taichung",
        "route_name": "KEL-6516",
        "car_seq": "KEL-6516",
        "arrival_time": "1512",
        "departure_time": "1515",
        "district": "大里區",
        "village": "新里里",
        "location": "永隆一街128巷26號",
        "type": "沿街",
        "collection_type": "garbage",
        "day_of_week": 5
      }
    },
    {
      "type": "Feature",
      "geometry": {
        "type": "Point",
        "coordinates": [
          120.6781702512489,
          24.105658583830284
        ]
      },
      "properties": {
        "routeId": "taichung-kel-6516-c562f1-d5",
        "city": "taichung",
        "route_name": "KEL-6516",
        "car_seq": "KEL-6516",
        "arrival_time": "1512",
        "departure_time": "1515",
        "district": "大里區",
        "village": "新里里",
        "location": "永隆一街128巷26號",
        "type": "沿街",
        "collection_type": "recycling",
        "day_of_week": 5
      }
    },
    {
      "type": "Feature",
      "geometry": {
        "type": "Point",
        "coordinates": [
          120.67823079329361,
          24.105600833122853
        ]
      },
      "properties": {
        "routeId": "taichung-kel-6516-c562f1-d5",
        "city": "taichung",
        "route_name": "KEL-6516",
        "car_seq": "KEL-6516",
        "arrival_time": "1512",
        "departure_time": "1515",
        "district": "大里區",
        "village": "新里里",
        "location": "永隆一街128巷22號",
        "type": "沿街",
        "collection_type": "garbage",
        "day_of_week": 5
      }
    },
    {
      "type": "Feature",
      "geometry": {
        "type": "Point",
        "coordinates": [
          120.67823079329361,
          24.105600833122853
        ]
      },
      "properties": {
        "routeId": "taichung-kel-6516-c562f1-d5",
        "city": "taichung",
        "route_name": "KEL-6516",
        "car_seq": "KEL-6516",
        "arrival_time": "1512",
        "departure_time": "1515",
        "district": "大里區",
        "village": "新里里",
        "location": "永隆一街128巷22號",
        "type": "沿街",
        "collection_type": "recycling",
        "day_of_week": 5
      }
    },
    {
      "type": "Feature",
      "geometry": {
        "type": "Point",
        "coordinates": [
          120.67830105684116,
          24.10535294456579
        ]
      },
      "properties": {
        "routeId": "taichung-kel-6516-c562f1-d5",
        "city": "taichung",
        "route_name": "KEL-6516",
        "car_seq": "KEL-6516",
        "arrival_time": "1512",
        "departure_time": "1515",
        "district": "大里區",
        "village": "新里里",
        "location": "永隆一街128巷8號",
        "type": "沿街",
        "collection_type": "garbage",
        "day_of_week": 5
      }
    },
    {
      "type": "Feature",
      "geometry": {
        "type": "Point",
        "coordinates": [
          120.67830105684116,
          24.10535294456579
        ]
      },
      "properties": {
        "routeId": "taichung-kel-6516-c562f1-d5",
        "city": "taichung",
        "route_name": "KEL-6516",
        "car_seq": "KEL-6516",
        "arrival_time": "1512",
        "departure_time": "1515",
        "district": "大里區",
        "village": "新里里",
        "location": "永隆一街128巷8號",
        "type": "沿街",
        "collection_type": "recycling",
        "day_of_week": 5
      }
    },
    {
      "type": "Feature",
      "geometry": {
        "type": "Point",
        "coordinates": [
          120.6789970750437,
          24.10627242292643
        ]
      },
      "properties": {
        "routeId": "taichung-kel-6516-c562f1-d5",
        "city": "taichung",
        "route_name": "KEL-6516",
        "car_seq": "KEL-6516",
        "arrival_time": "1515",
        "departure_time": "1520",
        "district": "大里區",
        "village": "新里里",
        "location": "永大街77巷20號",
        "type": "沿街",
        "collection_type": "garbage",
        "day_of_week": 5
      }
    },
    {
      "type": "Feature",
      "geometry": {
        "type": "Point",
        "coordinates": [
          120.6789970750437,
          24.10627242292643
        ]
      },
      "properties": {
        "routeId": "taichung-kel-6516-c562f1-d5",
        "city": "taichung",
        "route_name": "KEL-6516",
        "car_seq": "KEL-6516",
        "arrival_time": "1515",
        "departure_time": "1520",
        "district": "大里區",
        "village": "新里里",
        "location": "永大街77巷20號",
        "type": "沿街",
        "collection_type": "recycling",
        "day_of_week": 5
      }
    },
    {
      "type": "Feature",
      "geometry": {
        "type": "Point",
        "coordinates": [
          120.67867329805028,
          24.10605493859728
        ]
      },
      "properties": {
        "routeId": "taichung-kel-6516-c562f1-d5",
        "city": "taichung",
        "route_name": "KEL-6516",
        "car_seq": "KEL-6516",
        "arrival_time": "1515",
        "departure_time": "1520",
        "district": "大里區",
        "village": "新里里",
        "location": "永大街77巷40號",
        "type": "沿街",
        "collection_type": "garbage",
        "day_of_week": 5
      }
    },
    {
      "type": "Feature",
      "geometry": {
        "type": "Point",
        "coordinates": [
          120.67867329805028,
          24.10605493859728
        ]
      },
      "properties": {
        "routeId": "taichung-kel-6516-c562f1-d5",
        "city": "taichung",
        "route_name": "KEL-6516",
        "car_seq": "KEL-6516",
        "arrival_time": "1515",
        "departure_time": "1520",
        "district": "大里區",
        "village": "新里里",
        "location": "永大街77巷40號",
        "type": "沿街",
        "collection_type": "recycling",
        "day_of_week": 5
      }
    },
    {
      "type": "Feature",
      "geometry": {
        "type": "Point",
        "coordinates": [
          120.67833645592181,
          24.105984351798785
        ]
      },
      "properties": {
        "routeId": "taichung-kel-6516-c562f1-d5",
        "city": "taichung",
        "route_name": "KEL-6516",
        "car_seq": "KEL-6516",
        "arrival_time": "1515",
        "departure_time": "1520",
        "district": "大里區",
        "village": "新里里",
        "location": "永大街77巷54號",
        "type": "沿街",
        "collection_type": "garbage",
        "day_of_week": 5
      }
    },
    {
      "type": "Feature",
      "geometry": {
        "type": "Point",
        "coordinates": [
          120.67833645592181,
          24.105984351798785
        ]
      },
      "properties": {
        "routeId": "taichung-kel-6516-c562f1-d5",
        "city": "taichung",
        "route_name": "KEL-6516",
        "car_seq": "KEL-6516",
        "arrival_time": "1515",
        "departure_time": "1520",
        "district": "大里區",
        "village": "新里里",
        "location": "永大街77巷54號",
        "type": "沿街",
        "collection_type": "recycling",
        "day_of_week": 5
      }
    },
    {
      "type": "Feature",
      "geometry": {
        "type": "Point",
        "coordinates": [
          120.67752996207972,
          24.10648910883922
        ]
      },
      "properties": {
        "routeId": "taichung-kel-6516-c562f1-d5",
        "city": "taichung",
        "route_name": "KEL-6516",
        "car_seq": "KEL-6516",
        "arrival_time": "1515",
        "departure_time": "1520",
        "district": "大里區",
        "village": "新里里",
        "location": "永隆二街101號",
        "type": "沿街",
        "collection_type": "garbage",
        "day_of_week": 5
      }
    },
    {
      "type": "Feature",
      "geometry": {
        "type": "Point",
        "coordinates": [
          120.67752996207972,
          24.10648910883922
        ]
      },
      "properties": {
        "routeId": "taichung-kel-6516-c562f1-d5",
        "city": "taichung",
        "route_name": "KEL-6516",
        "car_seq": "KEL-6516",
        "arrival_time": "1515",
        "departure_time": "1520",
        "district": "大里區",
        "village": "新里里",
        "location": "永隆二街101號",
        "type": "沿街",
        "collection_type": "recycling",
        "day_of_week": 5
      }
    },
    {
      "type": "Feature",
      "geometry": {
        "type": "Point",
        "coordinates": [
          120.67646243122145,
          24.10630860403547
        ]
      },
      "properties": {
        "routeId": "taichung-kel-6516-c562f1-d5",
        "city": "taichung",
        "route_name": "KEL-6516",
        "car_seq": "KEL-6516",
        "arrival_time": "1515",
        "departure_time": "1520",
        "district": "大里區",
        "village": "新里里",
        "location": "永隆二街150號",
        "type": "沿街",
        "collection_type": "garbage",
        "day_of_week": 5
      }
    },
    {
      "type": "Feature",
      "geometry": {
        "type": "Point",
        "coordinates": [
          120.67646243122145,
          24.10630860403547
        ]
      },
      "properties": {
        "routeId": "taichung-kel-6516-c562f1-d5",
        "city": "taichung",
        "route_name": "KEL-6516",
        "car_seq": "KEL-6516",
        "arrival_time": "1515",
        "departure_time": "1520",
        "district": "大里區",
        "village": "新里里",
        "location": "永隆二街150號",
        "type": "沿街",
        "collection_type": "recycling",
        "day_of_week": 5
      }
    },
    {
      "type": "Feature",
      "geometry": {
        "type": "Point",
        "coordinates": [
          120.67591062397068,
          24.10621534444247
        ]
      },
      "properties": {
        "routeId": "taichung-kel-6516-c562f1-d5",
        "city": "taichung",
        "route_name": "KEL-6516",
        "car_seq": "KEL-6516",
        "arrival_time": "1520",
        "departure_time": "1523",
        "district": "大里區",
        "village": "新里里",
        "location": "永隆二街172號",
        "type": "沿街",
        "collection_type": "garbage",
        "day_of_week": 5
      }
    },
    {
      "type": "Feature",
      "geometry": {
        "type": "Point",
        "coordinates": [
          120.67591062397068,
          24.10621534444247
        ]
      },
      "properties": {
        "routeId": "taichung-kel-6516-c562f1-d5",
        "city": "taichung",
        "route_name": "KEL-6516",
        "car_seq": "KEL-6516",
        "arrival_time": "1520",
        "departure_time": "1523",
        "district": "大里區",
        "village": "新里里",
        "location": "永隆二街172號",
        "type": "沿街",
        "collection_type": "recycling",
        "day_of_week": 5
      }
    },
    {
      "type": "Feature",
      "geometry": {
        "type": "Point",
        "coordinates": [
          120.67541242585695,
          24.106001997945345
        ]
      },
      "properties": {
        "routeId": "taichung-kel-6516-c562f1-d5",
        "city": "taichung",
        "route_name": "KEL-6516",
        "car_seq": "KEL-6516",
        "arrival_time": "1520",
        "departure_time": "1523",
        "district": "大里區",
        "village": "新里里",
        "location": "永隆二街202號",
        "type": "沿街",
        "collection_type": "garbage",
        "day_of_week": 5
      }
    },
    {
      "type": "Feature",
      "geometry": {
        "type": "Point",
        "coordinates": [
          120.67541242585695,
          24.106001997945345
        ]
      },
      "properties": {
        "routeId": "taichung-kel-6516-c562f1-d5",
        "city": "taichung",
        "route_name": "KEL-6516",
        "car_seq": "KEL-6516",
        "arrival_time": "1520",
        "departure_time": "1523",
        "district": "大里區",
        "village": "新里里",
        "location": "永隆二街202號",
        "type": "沿街",
        "collection_type": "recycling",
        "day_of_week": 5
      }
    },
    {
      "type": "Feature",
      "geometry": {
        "type": "Point",
        "coordinates": [
          120.6752459128871,
          24.10595352676238
        ]
      },
      "properties": {
        "routeId": "taichung-kel-6516-c562f1-d5",
        "city": "taichung",
        "route_name": "KEL-6516",
        "car_seq": "KEL-6516",
        "arrival_time": "1520",
        "departure_time": "1523",
        "district": "大里區",
        "village": "新里里",
        "location": "永隆二街210號",
        "type": "沿街",
        "collection_type": "garbage",
        "day_of_week": 5
      }
    },
    {
      "type": "Feature",
      "geometry": {
        "type": "Point",
        "coordinates": [
          120.6752459128871,
          24.10595352676238
        ]
      },
      "properties": {
        "routeId": "taichung-kel-6516-c562f1-d5",
        "city": "taichung",
        "route_name": "KEL-6516",
        "car_seq": "KEL-6516",
        "arrival_time": "1520",
        "departure_time": "1523",
        "district": "大里區",
        "village": "新里里",
        "location": "永隆二街210號",
        "type": "沿街",
        "collection_type": "recycling",
        "day_of_week": 5
      }
    },
    {
      "type": "Feature",
      "geometry": {
        "type": "Point",
        "coordinates": [
          120.6750251527951,
          24.106278204592293
        ]
      },
      "properties": {
        "routeId": "taichung-kel-6516-c562f1-d5",
        "city": "taichung",
        "route_name": "KEL-6516",
        "car_seq": "KEL-6516",
        "arrival_time": "1520",
        "departure_time": "1523",
        "district": "大里區",
        "village": "永隆里",
        "location": "爽文路716號",
        "type": "沿街",
        "collection_type": "garbage",
        "day_of_week": 5
      }
    },
    {
      "type": "Feature",
      "geometry": {
        "type": "Point",
        "coordinates": [
          120.6750251527951,
          24.106278204592293
        ]
      },
      "properties": {
        "routeId": "taichung-kel-6516-c562f1-d5",
        "city": "taichung",
        "route_name": "KEL-6516",
        "car_seq": "KEL-6516",
        "arrival_time": "1520",
        "departure_time": "1523",
        "district": "大里區",
        "village": "永隆里",
        "location": "爽文路716號",
        "type": "沿街",
        "collection_type": "recycling",
        "day_of_week": 5
      }
    },
    {
      "type": "Feature",
      "geometry": {
        "type": "Point",
        "coordinates": [
          120.67502260318905,
          24.10662193769705
        ]
      },
      "properties": {
        "routeId": "taichung-kel-6516-c562f1-d5",
        "city": "taichung",
        "route_name": "KEL-6516",
        "car_seq": "KEL-6516",
        "arrival_time": "1520",
        "departure_time": "1523",
        "district": "大里區",
        "village": "永隆里",
        "location": "爽文路730號",
        "type": "沿街",
        "collection_type": "garbage",
        "day_of_week": 5
      }
    },
    {
      "type": "Feature",
      "geometry": {
        "type": "Point",
        "coordinates": [
          120.67502260318905,
          24.10662193769705
        ]
      },
      "properties": {
        "routeId": "taichung-kel-6516-c562f1-d5",
        "city": "taichung",
        "route_name": "KEL-6516",
        "car_seq": "KEL-6516",
        "arrival_time": "1520",
        "departure_time": "1523",
        "district": "大里區",
        "village": "永隆里",
        "location": "爽文路730號",
        "type": "沿街",
        "collection_type": "recycling",
        "day_of_week": 5
      }
    },
    {
      "type": "Feature",
      "geometry": {
        "type": "Point",
        "coordinates": [
          120.67502118912084,
          24.10687431418981
        ]
      },
      "properties": {
        "routeId": "taichung-kel-6516-c562f1-d5",
        "city": "taichung",
        "route_name": "KEL-6516",
        "car_seq": "KEL-6516",
        "arrival_time": "1520",
        "departure_time": "1523",
        "district": "大里區",
        "village": "永隆里",
        "location": "爽文路752號",
        "type": "沿街",
        "collection_type": "garbage",
        "day_of_week": 5
      }
    },
    {
      "type": "Feature",
      "geometry": {
        "type": "Point",
        "coordinates": [
          120.67502118912084,
          24.10687431418981
        ]
      },
      "properties": {
        "routeId": "taichung-kel-6516-c562f1-d5",
        "city": "taichung",
        "route_name": "KEL-6516",
        "car_seq": "KEL-6516",
        "arrival_time": "1520",
        "departure_time": "1523",
        "district": "大里區",
        "village": "永隆里",
        "location": "爽文路752號",
        "type": "沿街",
        "collection_type": "recycling",
        "day_of_week": 5
      }
    },
    {
      "type": "Feature",
      "geometry": {
        "type": "Point",
        "coordinates": [
          120.67509745114067,
          24.107300481291187
        ]
      },
      "properties": {
        "routeId": "taichung-kel-6516-c562f1-d5",
        "city": "taichung",
        "route_name": "KEL-6516",
        "car_seq": "KEL-6516",
        "arrival_time": "1520",
        "departure_time": "1523",
        "district": "大里區",
        "village": "永隆里",
        "location": "爽文路770號",
        "type": "沿街",
        "collection_type": "garbage",
        "day_of_week": 5
      }
    },
    {
      "type": "Feature",
      "geometry": {
        "type": "Point",
        "coordinates": [
          120.67509745114067,
          24.107300481291187
        ]
      },
      "properties": {
        "routeId": "taichung-kel-6516-c562f1-d5",
        "city": "taichung",
        "route_name": "KEL-6516",
        "car_seq": "KEL-6516",
        "arrival_time": "1520",
        "departure_time": "1523",
        "district": "大里區",
        "village": "永隆里",
        "location": "爽文路770號",
        "type": "沿街",
        "collection_type": "recycling",
        "day_of_week": 5
      }
    },
    {
      "type": "Feature",
      "geometry": {
        "type": "Point",
        "coordinates": [
          120.6750169450398,
          24.10769841433141
        ]
      },
      "properties": {
        "routeId": "taichung-kel-6516-c562f1-d5",
        "city": "taichung",
        "route_name": "KEL-6516",
        "car_seq": "KEL-6516",
        "arrival_time": "1520",
        "departure_time": "1523",
        "district": "大里區",
        "village": "永隆里",
        "location": "爽文路792號",
        "type": "沿街",
        "collection_type": "garbage",
        "day_of_week": 5
      }
    },
    {
      "type": "Feature",
      "geometry": {
        "type": "Point",
        "coordinates": [
          120.6750169450398,
          24.10769841433141
        ]
      },
      "properties": {
        "routeId": "taichung-kel-6516-c562f1-d5",
        "city": "taichung",
        "route_name": "KEL-6516",
        "car_seq": "KEL-6516",
        "arrival_time": "1520",
        "departure_time": "1523",
        "district": "大里區",
        "village": "永隆里",
        "location": "爽文路792號",
        "type": "沿街",
        "collection_type": "recycling",
        "day_of_week": 5
      }
    },
    {
      "type": "Feature",
      "geometry": {
        "type": "Point",
        "coordinates": [
          120.6750091254036,
          24.108224258220456
        ]
      },
      "properties": {
        "routeId": "taichung-kel-6516-c562f1-d5",
        "city": "taichung",
        "route_name": "KEL-6516",
        "car_seq": "KEL-6516",
        "arrival_time": "1520",
        "departure_time": "1523",
        "district": "大里區",
        "village": "永隆里",
        "location": "爽文路816號",
        "type": "沿街",
        "collection_type": "garbage",
        "day_of_week": 5
      }
    },
    {
      "type": "Feature",
      "geometry": {
        "type": "Point",
        "coordinates": [
          120.6750091254036,
          24.108224258220456
        ]
      },
      "properties": {
        "routeId": "taichung-kel-6516-c562f1-d5",
        "city": "taichung",
        "route_name": "KEL-6516",
        "car_seq": "KEL-6516",
        "arrival_time": "1520",
        "departure_time": "1523",
        "district": "大里區",
        "village": "永隆里",
        "location": "爽文路816號",
        "type": "沿街",
        "collection_type": "recycling",
        "day_of_week": 5
      }
    },
    {
      "type": "Feature",
      "geometry": {
        "type": "Point",
        "coordinates": [
          120.67500466660144,
          24.10854877271396
        ]
      },
      "properties": {
        "routeId": "taichung-kel-6516-c562f1-d5",
        "city": "taichung",
        "route_name": "KEL-6516",
        "car_seq": "KEL-6516",
        "arrival_time": "1523",
        "departure_time": "1526",
        "district": "大里區",
        "village": "永隆里",
        "location": "爽文路836號",
        "type": "沿街",
        "collection_type": "garbage",
        "day_of_week": 5
      }
    },
    {
      "type": "Feature",
      "geometry": {
        "type": "Point",
        "coordinates": [
          120.67500466660144,
          24.10854877271396
        ]
      },
      "properties": {
        "routeId": "taichung-kel-6516-c562f1-d5",
        "city": "taichung",
        "route_name": "KEL-6516",
        "car_seq": "KEL-6516",
        "arrival_time": "1523",
        "departure_time": "1526",
        "district": "大里區",
        "village": "永隆里",
        "location": "爽文路836號",
        "type": "沿街",
        "collection_type": "recycling",
        "day_of_week": 5
      }
    },
    {
      "type": "Feature",
      "geometry": {
        "type": "Point",
        "coordinates": [
          120.67504445980259,
          24.10926488498357
        ]
      },
      "properties": {
        "routeId": "taichung-kel-6516-c562f1-d5",
        "city": "taichung",
        "route_name": "KEL-6516",
        "car_seq": "KEL-6516",
        "arrival_time": "1523",
        "departure_time": "1526",
        "district": "大里區",
        "village": "永隆里",
        "location": "爽文路870號",
        "type": "沿街",
        "collection_type": "garbage",
        "day_of_week": 5
      }
    },
    {
      "type": "Feature",
      "geometry": {
        "type": "Point",
        "coordinates": [
          120.67504445980259,
          24.10926488498357
        ]
      },
      "properties": {
        "routeId": "taichung-kel-6516-c562f1-d5",
        "city": "taichung",
        "route_name": "KEL-6516",
        "car_seq": "KEL-6516",
        "arrival_time": "1523",
        "departure_time": "1526",
        "district": "大里區",
        "village": "永隆里",
        "location": "爽文路870號",
        "type": "沿街",
        "collection_type": "recycling",
        "day_of_week": 5
      }
    },
    {
      "type": "Feature",
      "geometry": {
        "type": "Point",
        "coordinates": [
          120.67494643526999,
          24.10979415768082
        ]
      },
      "properties": {
        "routeId": "taichung-kel-6516-c562f1-d5",
        "city": "taichung",
        "route_name": "KEL-6516",
        "car_seq": "KEL-6516",
        "arrival_time": "1523",
        "departure_time": "1526",
        "district": "大里區",
        "village": "永隆里",
        "location": "爽文路880號",
        "type": "沿街",
        "collection_type": "garbage",
        "day_of_week": 5
      }
    },
    {
      "type": "Feature",
      "geometry": {
        "type": "Point",
        "coordinates": [
          120.67494643526999,
          24.10979415768082
        ]
      },
      "properties": {
        "routeId": "taichung-kel-6516-c562f1-d5",
        "city": "taichung",
        "route_name": "KEL-6516",
        "car_seq": "KEL-6516",
        "arrival_time": "1523",
        "departure_time": "1526",
        "district": "大里區",
        "village": "永隆里",
        "location": "爽文路880號",
        "type": "沿街",
        "collection_type": "recycling",
        "day_of_week": 5
      }
    },
    {
      "type": "Feature",
      "geometry": {
        "type": "Point",
        "coordinates": [
          120.6749013390894,
          24.110356319429563
        ]
      },
      "properties": {
        "routeId": "taichung-kel-6516-c562f1-d5",
        "city": "taichung",
        "route_name": "KEL-6516",
        "car_seq": "KEL-6516",
        "arrival_time": "1523",
        "departure_time": "1526",
        "district": "大里區",
        "village": "永隆里",
        "location": "爽文路916號",
        "type": "沿街",
        "collection_type": "garbage",
        "day_of_week": 5
      }
    },
    {
      "type": "Feature",
      "geometry": {
        "type": "Point",
        "coordinates": [
          120.6749013390894,
          24.110356319429563
        ]
      },
      "properties": {
        "routeId": "taichung-kel-6516-c562f1-d5",
        "city": "taichung",
        "route_name": "KEL-6516",
        "car_seq": "KEL-6516",
        "arrival_time": "1523",
        "departure_time": "1526",
        "district": "大里區",
        "village": "永隆里",
        "location": "爽文路916號",
        "type": "沿街",
        "collection_type": "recycling",
        "day_of_week": 5
      }
    },
    {
      "type": "Feature",
      "geometry": {
        "type": "Point",
        "coordinates": [
          120.67477693660517,
          24.111973202192132
        ]
      },
      "properties": {
        "routeId": "taichung-kel-6516-c562f1-d5",
        "city": "taichung",
        "route_name": "KEL-6516",
        "car_seq": "KEL-6516",
        "arrival_time": "1526",
        "departure_time": "1531",
        "district": "大里區",
        "village": "永隆里",
        "location": "爽文路1016號",
        "type": "沿街",
        "collection_type": "garbage",
        "day_of_week": 5
      }
    },
    {
      "type": "Feature",
      "geometry": {
        "type": "Point",
        "coordinates": [
          120.67477693660517,
          24.111973202192132
        ]
      },
      "properties": {
        "routeId": "taichung-kel-6516-c562f1-d5",
        "city": "taichung",
        "route_name": "KEL-6516",
        "car_seq": "KEL-6516",
        "arrival_time": "1526",
        "departure_time": "1531",
        "district": "大里區",
        "village": "永隆里",
        "location": "爽文路1016號",
        "type": "沿街",
        "collection_type": "recycling",
        "day_of_week": 5
      }
    },
    {
      "type": "Feature",
      "geometry": {
        "type": "Point",
        "coordinates": [
          120.67470750918166,
          24.11262958734183
        ]
      },
      "properties": {
        "routeId": "taichung-kel-6516-c562f1-d5",
        "city": "taichung",
        "route_name": "KEL-6516",
        "car_seq": "KEL-6516",
        "arrival_time": "1526",
        "departure_time": "1531",
        "district": "大里區",
        "village": "永隆里",
        "location": "爽文路1040號",
        "type": "沿街",
        "collection_type": "garbage",
        "day_of_week": 5
      }
    },
    {
      "type": "Feature",
      "geometry": {
        "type": "Point",
        "coordinates": [
          120.67470750918166,
          24.11262958734183
        ]
      },
      "properties": {
        "routeId": "taichung-kel-6516-c562f1-d5",
        "city": "taichung",
        "route_name": "KEL-6516",
        "car_seq": "KEL-6516",
        "arrival_time": "1526",
        "departure_time": "1531",
        "district": "大里區",
        "village": "永隆里",
        "location": "爽文路1040號",
        "type": "沿街",
        "collection_type": "recycling",
        "day_of_week": 5
      }
    },
    {
      "type": "Feature",
      "geometry": {
        "type": "Point",
        "coordinates": [
          120.67471069597244,
          24.112964573893773
        ]
      },
      "properties": {
        "routeId": "taichung-kel-6516-c562f1-d5",
        "city": "taichung",
        "route_name": "KEL-6516",
        "car_seq": "KEL-6516",
        "arrival_time": "1526",
        "departure_time": "1531",
        "district": "大里區",
        "village": "永隆里",
        "location": "爽文路1060號",
        "type": "沿街",
        "collection_type": "garbage",
        "day_of_week": 5
      }
    },
    {
      "type": "Feature",
      "geometry": {
        "type": "Point",
        "coordinates": [
          120.67471069597244,
          24.112964573893773
        ]
      },
      "properties": {
        "routeId": "taichung-kel-6516-c562f1-d5",
        "city": "taichung",
        "route_name": "KEL-6516",
        "car_seq": "KEL-6516",
        "arrival_time": "1526",
        "departure_time": "1531",
        "district": "大里區",
        "village": "永隆里",
        "location": "爽文路1060號",
        "type": "沿街",
        "collection_type": "recycling",
        "day_of_week": 5
      }
    },
    {
      "type": "Feature",
      "geometry": {
        "type": "Point",
        "coordinates": [
          120.6745592630538,
          24.114379782078853
        ]
      },
      "properties": {
        "routeId": "taichung-kel-6516-c562f1-d5",
        "city": "taichung",
        "route_name": "KEL-6516",
        "car_seq": "KEL-6516",
        "arrival_time": "1526",
        "departure_time": "1531",
        "district": "大里區",
        "village": "永隆里",
        "location": "爽文路1128號",
        "type": "沿街",
        "collection_type": "garbage",
        "day_of_week": 5
      }
    },
    {
      "type": "Feature",
      "geometry": {
        "type": "Point",
        "coordinates": [
          120.6745592630538,
          24.114379782078853
        ]
      },
      "properties": {
        "routeId": "taichung-kel-6516-c562f1-d5",
        "city": "taichung",
        "route_name": "KEL-6516",
        "car_seq": "KEL-6516",
        "arrival_time": "1526",
        "departure_time": "1531",
        "district": "大里區",
        "village": "永隆里",
        "location": "爽文路1128號",
        "type": "沿街",
        "collection_type": "recycling",
        "day_of_week": 5
      }
    },
    {
      "type": "Feature",
      "geometry": {
        "type": "Point",
        "coordinates": [
          120.67447054727162,
          24.1156135523885
        ]
      },
      "properties": {
        "routeId": "taichung-kel-6516-c562f1-d5",
        "city": "taichung",
        "route_name": "KEL-6516",
        "car_seq": "KEL-6516",
        "arrival_time": "1526",
        "departure_time": "1531",
        "district": "大里區",
        "village": "永隆里",
        "location": "爽文路1208號",
        "type": "沿街",
        "collection_type": "garbage",
        "day_of_week": 5
      }
    },
    {
      "type": "Feature",
      "geometry": {
        "type": "Point",
        "coordinates": [
          120.67447054727162,
          24.1156135523885
        ]
      },
      "properties": {
        "routeId": "taichung-kel-6516-c562f1-d5",
        "city": "taichung",
        "route_name": "KEL-6516",
        "car_seq": "KEL-6516",
        "arrival_time": "1526",
        "departure_time": "1531",
        "district": "大里區",
        "village": "永隆里",
        "location": "爽文路1208號",
        "type": "沿街",
        "collection_type": "recycling",
        "day_of_week": 5
      }
    },
    {
      "type": "Feature",
      "geometry": {
        "type": "Point",
        "coordinates": [
          120.67445447562808,
          24.1160363623191
        ]
      },
      "properties": {
        "routeId": "taichung-kel-6516-c562f1-d5",
        "city": "taichung",
        "route_name": "KEL-6516",
        "car_seq": "KEL-6516",
        "arrival_time": "1526",
        "departure_time": "1531",
        "district": "大里區",
        "village": "永隆里",
        "location": "爽文路1220號",
        "type": "沿街",
        "collection_type": "garbage",
        "day_of_week": 5
      }
    },
    {
      "type": "Feature",
      "geometry": {
        "type": "Point",
        "coordinates": [
          120.67445447562808,
          24.1160363623191
        ]
      },
      "properties": {
        "routeId": "taichung-kel-6516-c562f1-d5",
        "city": "taichung",
        "route_name": "KEL-6516",
        "car_seq": "KEL-6516",
        "arrival_time": "1526",
        "departure_time": "1531",
        "district": "大里區",
        "village": "永隆里",
        "location": "爽文路1220號",
        "type": "沿街",
        "collection_type": "recycling",
        "day_of_week": 5
      }
    },
    {
      "type": "Feature",
      "geometry": {
        "type": "Point",
        "coordinates": [
          120.67316593012822,
          24.11595224782103
        ]
      },
      "properties": {
        "routeId": "taichung-kel-6516-c562f1-d5",
        "city": "taichung",
        "route_name": "KEL-6516",
        "car_seq": "KEL-6516",
        "arrival_time": "1531",
        "departure_time": "1533",
        "district": "大里區",
        "village": "永隆里",
        "location": "環河路155號",
        "type": "沿街",
        "collection_type": "garbage",
        "day_of_week": 5
      }
    },
    {
      "type": "Feature",
      "geometry": {
        "type": "Point",
        "coordinates": [
          120.67316593012822,
          24.11595224782103
        ]
      },
      "properties": {
        "routeId": "taichung-kel-6516-c562f1-d5",
        "city": "taichung",
        "route_name": "KEL-6516",
        "car_seq": "KEL-6516",
        "arrival_time": "1531",
        "departure_time": "1533",
        "district": "大里區",
        "village": "永隆里",
        "location": "環河路155號",
        "type": "沿街",
        "collection_type": "recycling",
        "day_of_week": 5
      }
    },
    {
      "type": "Feature",
      "geometry": {
        "type": "Point",
        "coordinates": [
          120.67377161745942,
          24.116111655164236
        ]
      },
      "properties": {
        "routeId": "taichung-kel-6516-c562f1-d5",
        "city": "taichung",
        "route_name": "KEL-6516",
        "car_seq": "KEL-6516",
        "arrival_time": "1531",
        "departure_time": "1533",
        "district": "大里區",
        "village": "永隆里",
        "location": "環河路133號",
        "type": "沿街",
        "collection_type": "garbage",
        "day_of_week": 5
      }
    },
    {
      "type": "Feature",
      "geometry": {
        "type": "Point",
        "coordinates": [
          120.67377161745942,
          24.116111655164236
        ]
      },
      "properties": {
        "routeId": "taichung-kel-6516-c562f1-d5",
        "city": "taichung",
        "route_name": "KEL-6516",
        "car_seq": "KEL-6516",
        "arrival_time": "1531",
        "departure_time": "1533",
        "district": "大里區",
        "village": "永隆里",
        "location": "環河路133號",
        "type": "沿街",
        "collection_type": "recycling",
        "day_of_week": 5
      }
    },
    {
      "type": "Feature",
      "geometry": {
        "type": "Point",
        "coordinates": [
          120.67397991140636,
          24.11617638871454
        ]
      },
      "properties": {
        "routeId": "taichung-kel-6516-c562f1-d5",
        "city": "taichung",
        "route_name": "KEL-6516",
        "car_seq": "KEL-6516",
        "arrival_time": "1531",
        "departure_time": "1533",
        "district": "大里區",
        "village": "永隆里",
        "location": "環河路123號",
        "type": "沿街",
        "collection_type": "garbage",
        "day_of_week": 5
      }
    },
    {
      "type": "Feature",
      "geometry": {
        "type": "Point",
        "coordinates": [
          120.67397991140636,
          24.11617638871454
        ]
      },
      "properties": {
        "routeId": "taichung-kel-6516-c562f1-d5",
        "city": "taichung",
        "route_name": "KEL-6516",
        "car_seq": "KEL-6516",
        "arrival_time": "1531",
        "departure_time": "1533",
        "district": "大里區",
        "village": "永隆里",
        "location": "環河路123號",
        "type": "沿街",
        "collection_type": "recycling",
        "day_of_week": 5
      }
    },
    {
      "type": "Feature",
      "geometry": {
        "type": "Point",
        "coordinates": [
          120.67417217367083,
          24.115851200741297
        ]
      },
      "properties": {
        "routeId": "taichung-kel-6516-c562f1-d5",
        "city": "taichung",
        "route_name": "KEL-6516",
        "car_seq": "KEL-6516",
        "arrival_time": "1533",
        "departure_time": "1537",
        "district": "大里區",
        "village": "永隆里",
        "location": "爽文路1169號",
        "type": "沿街",
        "collection_type": "garbage",
        "day_of_week": 5
      }
    },
    {
      "type": "Feature",
      "geometry": {
        "type": "Point",
        "coordinates": [
          120.67417217367083,
          24.115851200741297
        ]
      },
      "properties": {
        "routeId": "taichung-kel-6516-c562f1-d5",
        "city": "taichung",
        "route_name": "KEL-6516",
        "car_seq": "KEL-6516",
        "arrival_time": "1533",
        "departure_time": "1537",
        "district": "大里區",
        "village": "永隆里",
        "location": "爽文路1169號",
        "type": "沿街",
        "collection_type": "recycling",
        "day_of_week": 5
      }
    },
    {
      "type": "Feature",
      "geometry": {
        "type": "Point",
        "coordinates": [
          120.67428766222756,
          24.114371708965
        ]
      },
      "properties": {
        "routeId": "taichung-kel-6516-c562f1-d5",
        "city": "taichung",
        "route_name": "KEL-6516",
        "car_seq": "KEL-6516",
        "arrival_time": "1533",
        "departure_time": "1537",
        "district": "大里區",
        "village": "永隆里",
        "location": "爽文路1123號",
        "type": "沿街",
        "collection_type": "garbage",
        "day_of_week": 5
      }
    },
    {
      "type": "Feature",
      "geometry": {
        "type": "Point",
        "coordinates": [
          120.67428766222756,
          24.114371708965
        ]
      },
      "properties": {
        "routeId": "taichung-kel-6516-c562f1-d5",
        "city": "taichung",
        "route_name": "KEL-6516",
        "car_seq": "KEL-6516",
        "arrival_time": "1533",
        "departure_time": "1537",
        "district": "大里區",
        "village": "永隆里",
        "location": "爽文路1123號",
        "type": "沿街",
        "collection_type": "recycling",
        "day_of_week": 5
      }
    },
    {
      "type": "Feature",
      "geometry": {
        "type": "Point",
        "coordinates": [
          120.67438163464624,
          24.113661850527095
        ]
      },
      "properties": {
        "routeId": "taichung-kel-6516-c562f1-d5",
        "city": "taichung",
        "route_name": "KEL-6516",
        "car_seq": "KEL-6516",
        "arrival_time": "1533",
        "departure_time": "1537",
        "district": "大里區",
        "village": "永隆里",
        "location": "爽文路1107號",
        "type": "沿街",
        "collection_type": "garbage",
        "day_of_week": 5
      }
    },
    {
      "type": "Feature",
      "geometry": {
        "type": "Point",
        "coordinates": [
          120.67438163464624,
          24.113661850527095
        ]
      },
      "properties": {
        "routeId": "taichung-kel-6516-c562f1-d5",
        "city": "taichung",
        "route_name": "KEL-6516",
        "car_seq": "KEL-6516",
        "arrival_time": "1533",
        "departure_time": "1537",
        "district": "大里區",
        "village": "永隆里",
        "location": "爽文路1107號",
        "type": "沿街",
        "collection_type": "recycling",
        "day_of_week": 5
      }
    },
    {
      "type": "Feature",
      "geometry": {
        "type": "Point",
        "coordinates": [
          120.67440487642718,
          24.113033358197193
        ]
      },
      "properties": {
        "routeId": "taichung-kel-6516-c562f1-d5",
        "city": "taichung",
        "route_name": "KEL-6516",
        "car_seq": "KEL-6516",
        "arrival_time": "1533",
        "departure_time": "1537",
        "district": "大里區",
        "village": "永隆里",
        "location": "爽文路1063號",
        "type": "沿街",
        "collection_type": "garbage",
        "day_of_week": 5
      }
    },
    {
      "type": "Feature",
      "geometry": {
        "type": "Point",
        "coordinates": [
          120.67440487642718,
          24.113033358197193
        ]
      },
      "properties": {
        "routeId": "taichung-kel-6516-c562f1-d5",
        "city": "taichung",
        "route_name": "KEL-6516",
        "car_seq": "KEL-6516",
        "arrival_time": "1533",
        "departure_time": "1537",
        "district": "大里區",
        "village": "永隆里",
        "location": "爽文路1063號",
        "type": "沿街",
        "collection_type": "recycling",
        "day_of_week": 5
      }
    },
    {
      "type": "Feature",
      "geometry": {
        "type": "Point",
        "coordinates": [
          120.67442162295566,
          24.11243692421412
        ]
      },
      "properties": {
        "routeId": "taichung-kel-6516-c562f1-d5",
        "city": "taichung",
        "route_name": "KEL-6516",
        "car_seq": "KEL-6516",
        "arrival_time": "1537",
        "departure_time": "1539",
        "district": "大里區",
        "village": "永隆里",
        "location": "爽文路1041號",
        "type": "沿街",
        "collection_type": "garbage",
        "day_of_week": 5
      }
    },
    {
      "type": "Feature",
      "geometry": {
        "type": "Point",
        "coordinates": [
          120.67442162295566,
          24.11243692421412
        ]
      },
      "properties": {
        "routeId": "taichung-kel-6516-c562f1-d5",
        "city": "taichung",
        "route_name": "KEL-6516",
        "car_seq": "KEL-6516",
        "arrival_time": "1537",
        "departure_time": "1539",
        "district": "大里區",
        "village": "永隆里",
        "location": "爽文路1041號",
        "type": "沿街",
        "collection_type": "recycling",
        "day_of_week": 5
      }
    },
    {
      "type": "Feature",
      "geometry": {
        "type": "Point",
        "coordinates": [
          120.6745085887509,
          24.111933362158176
        ]
      },
      "properties": {
        "routeId": "taichung-kel-6516-c562f1-d5",
        "city": "taichung",
        "route_name": "KEL-6516",
        "car_seq": "KEL-6516",
        "arrival_time": "1537",
        "departure_time": "1539",
        "district": "大里區",
        "village": "永隆里",
        "location": "爽文路1015號",
        "type": "沿街",
        "collection_type": "garbage",
        "day_of_week": 5
      }
    },
    {
      "type": "Feature",
      "geometry": {
        "type": "Point",
        "coordinates": [
          120.6745085887509,
          24.111933362158176
        ]
      },
      "properties": {
        "routeId": "taichung-kel-6516-c562f1-d5",
        "city": "taichung",
        "route_name": "KEL-6516",
        "car_seq": "KEL-6516",
        "arrival_time": "1537",
        "departure_time": "1539",
        "district": "大里區",
        "village": "永隆里",
        "location": "爽文路1015號",
        "type": "沿街",
        "collection_type": "recycling",
        "day_of_week": 5
      }
    },
    {
      "type": "Feature",
      "geometry": {
        "type": "Point",
        "coordinates": [
          120.67454218713759,
          24.11156204758168
        ]
      },
      "properties": {
        "routeId": "taichung-kel-6516-c562f1-d5",
        "city": "taichung",
        "route_name": "KEL-6516",
        "car_seq": "KEL-6516",
        "arrival_time": "1537",
        "departure_time": "1539",
        "district": "大里區",
        "village": "永隆里",
        "location": "爽文路997號",
        "type": "沿街",
        "collection_type": "garbage",
        "day_of_week": 5
      }
    },
    {
      "type": "Feature",
      "geometry": {
        "type": "Point",
        "coordinates": [
          120.67454218713759,
          24.11156204758168
        ]
      },
      "properties": {
        "routeId": "taichung-kel-6516-c562f1-d5",
        "city": "taichung",
        "route_name": "KEL-6516",
        "car_seq": "KEL-6516",
        "arrival_time": "1537",
        "departure_time": "1539",
        "district": "大里區",
        "village": "永隆里",
        "location": "爽文路997號",
        "type": "沿街",
        "collection_type": "recycling",
        "day_of_week": 5
      }
    },
    {
      "type": "Feature",
      "geometry": {
        "type": "Point",
        "coordinates": [
          120.67458530811571,
          24.111077714831662
        ]
      },
      "properties": {
        "routeId": "taichung-kel-6516-c562f1-d5",
        "city": "taichung",
        "route_name": "KEL-6516",
        "car_seq": "KEL-6516",
        "arrival_time": "1537",
        "departure_time": "1539",
        "district": "大里區",
        "village": "永隆里",
        "location": "爽文路967號",
        "type": "沿街",
        "collection_type": "garbage",
        "day_of_week": 5
      }
    },
    {
      "type": "Feature",
      "geometry": {
        "type": "Point",
        "coordinates": [
          120.67458530811571,
          24.111077714831662
        ]
      },
      "properties": {
        "routeId": "taichung-kel-6516-c562f1-d5",
        "city": "taichung",
        "route_name": "KEL-6516",
        "car_seq": "KEL-6516",
        "arrival_time": "1537",
        "departure_time": "1539",
        "district": "大里區",
        "village": "永隆里",
        "location": "爽文路967號",
        "type": "沿街",
        "collection_type": "recycling",
        "day_of_week": 5
      }
    },
    {
      "type": "Feature",
      "geometry": {
        "type": "Point",
        "coordinates": [
          120.67448757997371,
          24.110243465615294
        ]
      },
      "properties": {
        "routeId": "taichung-kel-6516-c562f1-d5",
        "city": "taichung",
        "route_name": "KEL-6516",
        "car_seq": "KEL-6516",
        "arrival_time": "1537",
        "departure_time": "1539",
        "district": "大里區",
        "village": "永隆里",
        "location": "爽文路925號",
        "type": "沿街",
        "collection_type": "garbage",
        "day_of_week": 5
      }
    },
    {
      "type": "Feature",
      "geometry": {
        "type": "Point",
        "coordinates": [
          120.67448757997371,
          24.110243465615294
        ]
      },
      "properties": {
        "routeId": "taichung-kel-6516-c562f1-d5",
        "city": "taichung",
        "route_name": "KEL-6516",
        "car_seq": "KEL-6516",
        "arrival_time": "1537",
        "departure_time": "1539",
        "district": "大里區",
        "village": "永隆里",
        "location": "爽文路925號",
        "type": "沿街",
        "collection_type": "recycling",
        "day_of_week": 5
      }
    },
    {
      "type": "Feature",
      "geometry": {
        "type": "Point",
        "coordinates": [
          120.67468717879272,
          24.10985265793086
        ]
      },
      "properties": {
        "routeId": "taichung-kel-6516-c562f1-d5",
        "city": "taichung",
        "route_name": "KEL-6516",
        "car_seq": "KEL-6516",
        "arrival_time": "1539",
        "departure_time": "1542",
        "district": "大里區",
        "village": "永隆里",
        "location": "爽文路909號",
        "type": "沿街",
        "collection_type": "garbage",
        "day_of_week": 5
      }
    },
    {
      "type": "Feature",
      "geometry": {
        "type": "Point",
        "coordinates": [
          120.67468717879272,
          24.10985265793086
        ]
      },
      "properties": {
        "routeId": "taichung-kel-6516-c562f1-d5",
        "city": "taichung",
        "route_name": "KEL-6516",
        "car_seq": "KEL-6516",
        "arrival_time": "1539",
        "departure_time": "1542",
        "district": "大里區",
        "village": "永隆里",
        "location": "爽文路909號",
        "type": "沿街",
        "collection_type": "recycling",
        "day_of_week": 5
      }
    },
    {
      "type": "Feature",
      "geometry": {
        "type": "Point",
        "coordinates": [
          120.67471598543611,
          24.109547518151746
        ]
      },
      "properties": {
        "routeId": "taichung-kel-6516-c562f1-d5",
        "city": "taichung",
        "route_name": "KEL-6516",
        "car_seq": "KEL-6516",
        "arrival_time": "1539",
        "departure_time": "1542",
        "district": "大里區",
        "village": "永隆里",
        "location": "爽文路897號",
        "type": "沿街",
        "collection_type": "garbage",
        "day_of_week": 5
      }
    },
    {
      "type": "Feature",
      "geometry": {
        "type": "Point",
        "coordinates": [
          120.67471598543611,
          24.109547518151746
        ]
      },
      "properties": {
        "routeId": "taichung-kel-6516-c562f1-d5",
        "city": "taichung",
        "route_name": "KEL-6516",
        "car_seq": "KEL-6516",
        "arrival_time": "1539",
        "departure_time": "1542",
        "district": "大里區",
        "village": "永隆里",
        "location": "爽文路897號",
        "type": "沿街",
        "collection_type": "recycling",
        "day_of_week": 5
      }
    },
    {
      "type": "Feature",
      "geometry": {
        "type": "Point",
        "coordinates": [
          120.67473429953844,
          24.108839845564304
        ]
      },
      "properties": {
        "routeId": "taichung-kel-6516-c562f1-d5",
        "city": "taichung",
        "route_name": "KEL-6516",
        "car_seq": "KEL-6516",
        "arrival_time": "1539",
        "departure_time": "1542",
        "district": "大里區",
        "village": "永隆里",
        "location": "爽文路873號",
        "type": "沿街",
        "collection_type": "garbage",
        "day_of_week": 5
      }
    },
    {
      "type": "Feature",
      "geometry": {
        "type": "Point",
        "coordinates": [
          120.67473429953844,
          24.108839845564304
        ]
      },
      "properties": {
        "routeId": "taichung-kel-6516-c562f1-d5",
        "city": "taichung",
        "route_name": "KEL-6516",
        "car_seq": "KEL-6516",
        "arrival_time": "1539",
        "departure_time": "1542",
        "district": "大里區",
        "village": "永隆里",
        "location": "爽文路873號",
        "type": "沿街",
        "collection_type": "recycling",
        "day_of_week": 5
      }
    },
    {
      "type": "Feature",
      "geometry": {
        "type": "Point",
        "coordinates": [
          120.67468645517694,
          24.108383210625934
        ]
      },
      "properties": {
        "routeId": "taichung-kel-6516-c562f1-d5",
        "city": "taichung",
        "route_name": "KEL-6516",
        "car_seq": "KEL-6516",
        "arrival_time": "1539",
        "departure_time": "1542",
        "district": "大里區",
        "village": "永隆里",
        "location": "爽文路853號",
        "type": "沿街",
        "collection_type": "garbage",
        "day_of_week": 5
      }
    },
    {
      "type": "Feature",
      "geometry": {
        "type": "Point",
        "coordinates": [
          120.67468645517694,
          24.108383210625934
        ]
      },
      "properties": {
        "routeId": "taichung-kel-6516-c562f1-d5",
        "city": "taichung",
        "route_name": "KEL-6516",
        "car_seq": "KEL-6516",
        "arrival_time": "1539",
        "departure_time": "1542",
        "district": "大里區",
        "village": "永隆里",
        "location": "爽文路853號",
        "type": "沿街",
        "collection_type": "recycling",
        "day_of_week": 5
      }
    },
    {
      "type": "Feature",
      "geometry": {
        "type": "Point",
        "coordinates": [
          120.6746859800212,
          24.107991164134877
        ]
      },
      "properties": {
        "routeId": "taichung-kel-6516-c562f1-d5",
        "city": "taichung",
        "route_name": "KEL-6516",
        "car_seq": "KEL-6516",
        "arrival_time": "1539",
        "departure_time": "1542",
        "district": "大里區",
        "village": "永隆里",
        "location": "爽文路835號",
        "type": "沿街",
        "collection_type": "garbage",
        "day_of_week": 5
      }
    },
    {
      "type": "Feature",
      "geometry": {
        "type": "Point",
        "coordinates": [
          120.6746859800212,
          24.107991164134877
        ]
      },
      "properties": {
        "routeId": "taichung-kel-6516-c562f1-d5",
        "city": "taichung",
        "route_name": "KEL-6516",
        "car_seq": "KEL-6516",
        "arrival_time": "1539",
        "departure_time": "1542",
        "district": "大里區",
        "village": "永隆里",
        "location": "爽文路835號",
        "type": "沿街",
        "collection_type": "recycling",
        "day_of_week": 5
      }
    },
    {
      "type": "Feature",
      "geometry": {
        "type": "Point",
        "coordinates": [
          120.67472279164254,
          24.10716495730039
        ]
      },
      "properties": {
        "routeId": "taichung-kel-6516-c562f1-d5",
        "city": "taichung",
        "route_name": "KEL-6516",
        "car_seq": "KEL-6516",
        "arrival_time": "1542",
        "departure_time": "1547",
        "district": "大里區",
        "village": "新里里",
        "location": "爽文路791號",
        "type": "沿街",
        "collection_type": "garbage",
        "day_of_week": 5
      }
    },
    {
      "type": "Feature",
      "geometry": {
        "type": "Point",
        "coordinates": [
          120.67472279164254,
          24.10716495730039
        ]
      },
      "properties": {
        "routeId": "taichung-kel-6516-c562f1-d5",
        "city": "taichung",
        "route_name": "KEL-6516",
        "car_seq": "KEL-6516",
        "arrival_time": "1542",
        "departure_time": "1547",
        "district": "大里區",
        "village": "新里里",
        "location": "爽文路791號",
        "type": "沿街",
        "collection_type": "recycling",
        "day_of_week": 5
      }
    },
    {
      "type": "Feature",
      "geometry": {
        "type": "Point",
        "coordinates": [
          120.6747563304433,
          24.106543818112645
        ]
      },
      "properties": {
        "routeId": "taichung-kel-6516-c562f1-d5",
        "city": "taichung",
        "route_name": "KEL-6516",
        "car_seq": "KEL-6516",
        "arrival_time": "1542",
        "departure_time": "1547",
        "district": "大里區",
        "village": "新里里",
        "location": "爽文路761號",
        "type": "沿街",
        "collection_type": "garbage",
        "day_of_week": 5
      }
    },
    {
      "type": "Feature",
      "geometry": {
        "type": "Point",
        "coordinates": [
          120.6747563304433,
          24.106543818112645
        ]
      },
      "properties": {
        "routeId": "taichung-kel-6516-c562f1-d5",
        "city": "taichung",
        "route_name": "KEL-6516",
        "car_seq": "KEL-6516",
        "arrival_time": "1542",
        "departure_time": "1547",
        "district": "大里區",
        "village": "新里里",
        "location": "爽文路761號",
        "type": "沿街",
        "collection_type": "recycling",
        "day_of_week": 5
      }
    },
    {
      "type": "Feature",
      "geometry": {
        "type": "Point",
        "coordinates": [
          120.67473178755831,
          24.105979160289216
        ]
      },
      "properties": {
        "routeId": "taichung-kel-6516-c562f1-d5",
        "city": "taichung",
        "route_name": "KEL-6516",
        "car_seq": "KEL-6516",
        "arrival_time": "1542",
        "departure_time": "1547",
        "district": "大里區",
        "village": "新里里",
        "location": "爽文路735號",
        "type": "沿街",
        "collection_type": "garbage",
        "day_of_week": 5
      }
    },
    {
      "type": "Feature",
      "geometry": {
        "type": "Point",
        "coordinates": [
          120.67473178755831,
          24.105979160289216
        ]
      },
      "properties": {
        "routeId": "taichung-kel-6516-c562f1-d5",
        "city": "taichung",
        "route_name": "KEL-6516",
        "car_seq": "KEL-6516",
        "arrival_time": "1542",
        "departure_time": "1547",
        "district": "大里區",
        "village": "新里里",
        "location": "爽文路735號",
        "type": "沿街",
        "collection_type": "recycling",
        "day_of_week": 5
      }
    },
    {
      "type": "Feature",
      "geometry": {
        "type": "Point",
        "coordinates": [
          120.67260670990841,
          24.10282084005498
        ]
      },
      "properties": {
        "routeId": "taichung-kel-6516-c562f1-d5",
        "city": "taichung",
        "route_name": "KEL-6516",
        "car_seq": "KEL-6516",
        "arrival_time": "1542",
        "departure_time": "1547",
        "district": "大里區",
        "village": "新里里",
        "location": "德芳路三段60號",
        "type": "沿街",
        "collection_type": "garbage",
        "day_of_week": 5
      }
    },
    {
      "type": "Feature",
      "geometry": {
        "type": "Point",
        "coordinates": [
          120.67260670990841,
          24.10282084005498
        ]
      },
      "properties": {
        "routeId": "taichung-kel-6516-c562f1-d5",
        "city": "taichung",
        "route_name": "KEL-6516",
        "car_seq": "KEL-6516",
        "arrival_time": "1542",
        "departure_time": "1547",
        "district": "大里區",
        "village": "新里里",
        "location": "德芳路三段60號",
        "type": "沿街",
        "collection_type": "recycling",
        "day_of_week": 5
      }
    },
    {
      "type": "Feature",
      "geometry": {
        "type": "Point",
        "coordinates": [
          120.67294176857362,
          24.10242328141806
        ]
      },
      "properties": {
        "routeId": "taichung-kel-6516-c562f1-d5",
        "city": "taichung",
        "route_name": "KEL-6516",
        "car_seq": "KEL-6516",
        "arrival_time": "1542",
        "departure_time": "1547",
        "district": "大里區",
        "village": "新里里",
        "location": "德芳路三段66號",
        "type": "沿街",
        "collection_type": "garbage",
        "day_of_week": 5
      }
    },
    {
      "type": "Feature",
      "geometry": {
        "type": "Point",
        "coordinates": [
          120.67294176857362,
          24.10242328141806
        ]
      },
      "properties": {
        "routeId": "taichung-kel-6516-c562f1-d5",
        "city": "taichung",
        "route_name": "KEL-6516",
        "car_seq": "KEL-6516",
        "arrival_time": "1542",
        "departure_time": "1547",
        "district": "大里區",
        "village": "新里里",
        "location": "德芳路三段66號",
        "type": "沿街",
        "collection_type": "recycling",
        "day_of_week": 5
      }
    },
    {
      "type": "Feature",
      "geometry": {
        "type": "Point",
        "coordinates": [
          120.67471098585577,
          24.10751600248645
        ]
      },
      "properties": {
        "routeId": "taichung-kel-6516-c562f1-d5",
        "city": "taichung",
        "route_name": "KEL-6516",
        "car_seq": "KEL-6516",
        "arrival_time": "1542",
        "departure_time": "1547",
        "district": "大里區",
        "village": "永隆里",
        "location": "爽文路809號",
        "type": "沿街",
        "collection_type": "garbage",
        "day_of_week": 5
      }
    },
    {
      "type": "Feature",
      "geometry": {
        "type": "Point",
        "coordinates": [
          120.67471098585577,
          24.10751600248645
        ]
      },
      "properties": {
        "routeId": "taichung-kel-6516-c562f1-d5",
        "city": "taichung",
        "route_name": "KEL-6516",
        "car_seq": "KEL-6516",
        "arrival_time": "1542",
        "departure_time": "1547",
        "district": "大里區",
        "village": "永隆里",
        "location": "爽文路809號",
        "type": "沿街",
        "collection_type": "recycling",
        "day_of_week": 5
      }
    },
    {
      "type": "Feature",
      "geometry": {
        "type": "Point",
        "coordinates": [
          120.6712718053147,
          24.102673225189882
        ]
      },
      "properties": {
        "routeId": "taichung-kel-6516-c562f1-d5",
        "city": "taichung",
        "route_name": "KEL-6516",
        "car_seq": "KEL-6516",
        "arrival_time": "1547",
        "departure_time": "1552",
        "district": "大里區",
        "village": "樹王里",
        "location": "文心南路1368號",
        "type": "沿街",
        "collection_type": "garbage",
        "day_of_week": 5
      }
    },
    {
      "type": "Feature",
      "geometry": {
        "type": "Point",
        "coordinates": [
          120.6712718053147,
          24.102673225189882
        ]
      },
      "properties": {
        "routeId": "taichung-kel-6516-c562f1-d5",
        "city": "taichung",
        "route_name": "KEL-6516",
        "car_seq": "KEL-6516",
        "arrival_time": "1547",
        "departure_time": "1552",
        "district": "大里區",
        "village": "樹王里",
        "location": "文心南路1368號",
        "type": "沿街",
        "collection_type": "recycling",
        "day_of_week": 5
      }
    },
    {
      "type": "Feature",
      "geometry": {
        "type": "Point",
        "coordinates": [
          120.67015145676436,
          24.103394099050245
        ]
      },
      "properties": {
        "routeId": "taichung-kel-6516-c562f1-d5",
        "city": "taichung",
        "route_name": "KEL-6516",
        "car_seq": "KEL-6516",
        "arrival_time": "1547",
        "departure_time": "1552",
        "district": "大里區",
        "village": "樹王里",
        "location": "文心南路1336號",
        "type": "沿街",
        "collection_type": "garbage",
        "day_of_week": 5
      }
    },
    {
      "type": "Feature",
      "geometry": {
        "type": "Point",
        "coordinates": [
          120.67015145676436,
          24.103394099050245
        ]
      },
      "properties": {
        "routeId": "taichung-kel-6516-c562f1-d5",
        "city": "taichung",
        "route_name": "KEL-6516",
        "car_seq": "KEL-6516",
        "arrival_time": "1547",
        "departure_time": "1552",
        "district": "大里區",
        "village": "樹王里",
        "location": "文心南路1336號",
        "type": "沿街",
        "collection_type": "recycling",
        "day_of_week": 5
      }
    },
    {
      "type": "Feature",
      "geometry": {
        "type": "Point",
        "coordinates": [
          120.66914334436042,
          24.1042823679664
        ]
      },
      "properties": {
        "routeId": "taichung-kel-6516-c562f1-d5",
        "city": "taichung",
        "route_name": "KEL-6516",
        "car_seq": "KEL-6516",
        "arrival_time": "1547",
        "departure_time": "1552",
        "district": "大里區",
        "village": "樹王里",
        "location": "文心南路1306號",
        "type": "沿街",
        "collection_type": "garbage",
        "day_of_week": 5
      }
    },
    {
      "type": "Feature",
      "geometry": {
        "type": "Point",
        "coordinates": [
          120.66914334436042,
          24.1042823679664
        ]
      },
      "properties": {
        "routeId": "taichung-kel-6516-c562f1-d5",
        "city": "taichung",
        "route_name": "KEL-6516",
        "car_seq": "KEL-6516",
        "arrival_time": "1547",
        "departure_time": "1552",
        "district": "大里區",
        "village": "樹王里",
        "location": "文心南路1306號",
        "type": "沿街",
        "collection_type": "recycling",
        "day_of_week": 5
      }
    },
    {
      "type": "Feature",
      "geometry": {
        "type": "Point",
        "coordinates": [
          120.66833067196121,
          24.104690087723895
        ]
      },
      "properties": {
        "routeId": "taichung-kel-6516-c562f1-d5",
        "city": "taichung",
        "route_name": "KEL-6516",
        "car_seq": "KEL-6516",
        "arrival_time": "1547",
        "departure_time": "1552",
        "district": "大里區",
        "village": "樹王里",
        "location": "文心南路1286號",
        "type": "沿街",
        "collection_type": "garbage",
        "day_of_week": 5
      }
    },
    {
      "type": "Feature",
      "geometry": {
        "type": "Point",
        "coordinates": [
          120.66833067196121,
          24.104690087723895
        ]
      },
      "properties": {
        "routeId": "taichung-kel-6516-c562f1-d5",
        "city": "taichung",
        "route_name": "KEL-6516",
        "car_seq": "KEL-6516",
        "arrival_time": "1547",
        "departure_time": "1552",
        "district": "大里區",
        "village": "樹王里",
        "location": "文心南路1286號",
        "type": "沿街",
        "collection_type": "recycling",
        "day_of_week": 5
      }
    },
    {
      "type": "Feature",
      "geometry": {
        "type": "Point",
        "coordinates": [
          120.66726603966124,
          24.10556876750772
        ]
      },
      "properties": {
        "routeId": "taichung-kel-6516-c562f1-d5",
        "city": "taichung",
        "route_name": "KEL-6516",
        "car_seq": "KEL-6516",
        "arrival_time": "1547",
        "departure_time": "1552",
        "district": "大里區",
        "village": "樹王里",
        "location": "文心南路1246號",
        "type": "沿街",
        "collection_type": "garbage",
        "day_of_week": 5
      }
    },
    {
      "type": "Feature",
      "geometry": {
        "type": "Point",
        "coordinates": [
          120.66726603966124,
          24.10556876750772
        ]
      },
      "properties": {
        "routeId": "taichung-kel-6516-c562f1-d5",
        "city": "taichung",
        "route_name": "KEL-6516",
        "car_seq": "KEL-6516",
        "arrival_time": "1547",
        "departure_time": "1552",
        "district": "大里區",
        "village": "樹王里",
        "location": "文心南路1246號",
        "type": "沿街",
        "collection_type": "recycling",
        "day_of_week": 5
      }
    },
    {
      "type": "Feature",
      "geometry": {
        "type": "Point",
        "coordinates": [
          120.66545289856356,
          24.106728006214013
        ]
      },
      "properties": {
        "routeId": "taichung-kel-6516-c562f1-d5",
        "city": "taichung",
        "route_name": "KEL-6516",
        "car_seq": "KEL-6516",
        "arrival_time": "1547",
        "departure_time": "1552",
        "district": "大里區",
        "village": "樹王里",
        "location": "文心南路1202號",
        "type": "沿街",
        "collection_type": "garbage",
        "day_of_week": 5
      }
    },
    {
      "type": "Feature",
      "geometry": {
        "type": "Point",
        "coordinates": [
          120.66545289856356,
          24.106728006214013
        ]
      },
      "properties": {
        "routeId": "taichung-kel-6516-c562f1-d5",
        "city": "taichung",
        "route_name": "KEL-6516",
        "car_seq": "KEL-6516",
        "arrival_time": "1547",
        "departure_time": "1552",
        "district": "大里區",
        "village": "樹王里",
        "location": "文心南路1202號",
        "type": "沿街",
        "collection_type": "recycling",
        "day_of_week": 5
      }
    },
    {
      "type": "Feature",
      "geometry": {
        "type": "Point",
        "coordinates": [
          120.66440084668714,
          24.107487397283972
        ]
      },
      "properties": {
        "routeId": "taichung-kel-6516-c562f1-d5",
        "city": "taichung",
        "route_name": "KEL-6516",
        "car_seq": "KEL-6516",
        "arrival_time": "1547",
        "departure_time": "1552",
        "district": "大里區",
        "village": "樹王里",
        "location": "文心南路1162號",
        "type": "沿街",
        "collection_type": "garbage",
        "day_of_week": 5
      }
    },
    {
      "type": "Feature",
      "geometry": {
        "type": "Point",
        "coordinates": [
          120.66440084668714,
          24.107487397283972
        ]
      },
      "properties": {
        "routeId": "taichung-kel-6516-c562f1-d5",
        "city": "taichung",
        "route_name": "KEL-6516",
        "car_seq": "KEL-6516",
        "arrival_time": "1547",
        "departure_time": "1552",
        "district": "大里區",
        "village": "樹王里",
        "location": "文心南路1162號",
        "type": "沿街",
        "collection_type": "recycling",
        "day_of_week": 5
      }
    },
    {
      "type": "Feature",
      "geometry": {
        "type": "Point",
        "coordinates": [
          120.66296228798824,
          24.108483743878192
        ]
      },
      "properties": {
        "routeId": "taichung-kel-6516-c562f1-d5",
        "city": "taichung",
        "route_name": "KEL-6516",
        "car_seq": "KEL-6516",
        "arrival_time": "1552",
        "departure_time": "1555",
        "district": "大里區",
        "village": "樹王里",
        "location": "文心南路1132號",
        "type": "沿街",
        "collection_type": "garbage",
        "day_of_week": 5
      }
    },
    {
      "type": "Feature",
      "geometry": {
        "type": "Point",
        "coordinates": [
          120.66296228798824,
          24.108483743878192
        ]
      },
      "properties": {
        "routeId": "taichung-kel-6516-c562f1-d5",
        "city": "taichung",
        "route_name": "KEL-6516",
        "car_seq": "KEL-6516",
        "arrival_time": "1552",
        "departure_time": "1555",
        "district": "大里區",
        "village": "樹王里",
        "location": "文心南路1132號",
        "type": "沿街",
        "collection_type": "recycling",
        "day_of_week": 5
      }
    },
    {
      "type": "Feature",
      "geometry": {
        "type": "Point",
        "coordinates": [
          120.66175967239137,
          24.10873339372821
        ]
      },
      "properties": {
        "routeId": "taichung-kel-6516-c562f1-d5",
        "city": "taichung",
        "route_name": "KEL-6516",
        "car_seq": "KEL-6516",
        "arrival_time": "1552",
        "departure_time": "1555",
        "district": "大里區",
        "village": "樹王里",
        "location": "文心南路1123號",
        "type": "沿街",
        "collection_type": "garbage",
        "day_of_week": 5
      }
    },
    {
      "type": "Feature",
      "geometry": {
        "type": "Point",
        "coordinates": [
          120.66175967239137,
          24.10873339372821
        ]
      },
      "properties": {
        "routeId": "taichung-kel-6516-c562f1-d5",
        "city": "taichung",
        "route_name": "KEL-6516",
        "car_seq": "KEL-6516",
        "arrival_time": "1552",
        "departure_time": "1555",
        "district": "大里區",
        "village": "樹王里",
        "location": "文心南路1123號",
        "type": "沿街",
        "collection_type": "recycling",
        "day_of_week": 5
      }
    },
    {
      "type": "Feature",
      "geometry": {
        "type": "Point",
        "coordinates": [
          120.66253514496965,
          24.108233076602147
        ]
      },
      "properties": {
        "routeId": "taichung-kel-6516-c562f1-d5",
        "city": "taichung",
        "route_name": "KEL-6516",
        "car_seq": "KEL-6516",
        "arrival_time": "1552",
        "departure_time": "1555",
        "district": "大里區",
        "village": "樹王里",
        "location": "文心南路1151號",
        "type": "沿街",
        "collection_type": "garbage",
        "day_of_week": 5
      }
    },
    {
      "type": "Feature",
      "geometry": {
        "type": "Point",
        "coordinates": [
          120.66253514496965,
          24.108233076602147
        ]
      },
      "properties": {
        "routeId": "taichung-kel-6516-c562f1-d5",
        "city": "taichung",
        "route_name": "KEL-6516",
        "car_seq": "KEL-6516",
        "arrival_time": "1552",
        "departure_time": "1555",
        "district": "大里區",
        "village": "樹王里",
        "location": "文心南路1151號",
        "type": "沿街",
        "collection_type": "recycling",
        "day_of_week": 5
      }
    },
    {
      "type": "Feature",
      "geometry": {
        "type": "Point",
        "coordinates": [
          120.66448534325181,
          24.106718183037984
        ]
      },
      "properties": {
        "routeId": "taichung-kel-6516-c562f1-d5",
        "city": "taichung",
        "route_name": "KEL-6516",
        "car_seq": "KEL-6516",
        "arrival_time": "1555",
        "departure_time": "1558",
        "district": "大里區",
        "village": "樹王里",
        "location": "文心南路1197號",
        "type": "沿街",
        "collection_type": "garbage",
        "day_of_week": 5
      }
    },
    {
      "type": "Feature",
      "geometry": {
        "type": "Point",
        "coordinates": [
          120.66448534325181,
          24.106718183037984
        ]
      },
      "properties": {
        "routeId": "taichung-kel-6516-c562f1-d5",
        "city": "taichung",
        "route_name": "KEL-6516",
        "car_seq": "KEL-6516",
        "arrival_time": "1555",
        "departure_time": "1558",
        "district": "大里區",
        "village": "樹王里",
        "location": "文心南路1197號",
        "type": "沿街",
        "collection_type": "recycling",
        "day_of_week": 5
      }
    },
    {
      "type": "Feature",
      "geometry": {
        "type": "Point",
        "coordinates": [
          120.66511145836897,
          24.10641543884256
        ]
      },
      "properties": {
        "routeId": "taichung-kel-6516-c562f1-d5",
        "city": "taichung",
        "route_name": "KEL-6516",
        "car_seq": "KEL-6516",
        "arrival_time": "1555",
        "departure_time": "1558",
        "district": "大里區",
        "village": "樹王里",
        "location": "文心南路1211號",
        "type": "沿街",
        "collection_type": "garbage",
        "day_of_week": 5
      }
    },
    {
      "type": "Feature",
      "geometry": {
        "type": "Point",
        "coordinates": [
          120.66511145836897,
          24.10641543884256
        ]
      },
      "properties": {
        "routeId": "taichung-kel-6516-c562f1-d5",
        "city": "taichung",
        "route_name": "KEL-6516",
        "car_seq": "KEL-6516",
        "arrival_time": "1555",
        "departure_time": "1558",
        "district": "大里區",
        "village": "樹王里",
        "location": "文心南路1211號",
        "type": "沿街",
        "collection_type": "recycling",
        "day_of_week": 5
      }
    },
    {
      "type": "Feature",
      "geometry": {
        "type": "Point",
        "coordinates": [
          120.66584099204913,
          24.10594688651455
        ]
      },
      "properties": {
        "routeId": "taichung-kel-6516-c562f1-d5",
        "city": "taichung",
        "route_name": "KEL-6516",
        "car_seq": "KEL-6516",
        "arrival_time": "1555",
        "departure_time": "1558",
        "district": "大里區",
        "village": "樹王里",
        "location": "文心南路1231號",
        "type": "沿街",
        "collection_type": "garbage",
        "day_of_week": 5
      }
    },
    {
      "type": "Feature",
      "geometry": {
        "type": "Point",
        "coordinates": [
          120.66584099204913,
          24.10594688651455
        ]
      },
      "properties": {
        "routeId": "taichung-kel-6516-c562f1-d5",
        "city": "taichung",
        "route_name": "KEL-6516",
        "car_seq": "KEL-6516",
        "arrival_time": "1555",
        "departure_time": "1558",
        "district": "大里區",
        "village": "樹王里",
        "location": "文心南路1231號",
        "type": "沿街",
        "collection_type": "recycling",
        "day_of_week": 5
      }
    },
    {
      "type": "Feature",
      "geometry": {
        "type": "Point",
        "coordinates": [
          120.6671129986177,
          24.104975494757557
        ]
      },
      "properties": {
        "routeId": "taichung-kel-6516-c562f1-d5",
        "city": "taichung",
        "route_name": "KEL-6516",
        "car_seq": "KEL-6516",
        "arrival_time": "1555",
        "departure_time": "1558",
        "district": "大里區",
        "village": "樹王里",
        "location": "文心南路1265號",
        "type": "沿街",
        "collection_type": "garbage",
        "day_of_week": 5
      }
    },
    {
      "type": "Feature",
      "geometry": {
        "type": "Point",
        "coordinates": [
          120.6671129986177,
          24.104975494757557
        ]
      },
      "properties": {
        "routeId": "taichung-kel-6516-c562f1-d5",
        "city": "taichung",
        "route_name": "KEL-6516",
        "car_seq": "KEL-6516",
        "arrival_time": "1555",
        "departure_time": "1558",
        "district": "大里區",
        "village": "樹王里",
        "location": "文心南路1265號",
        "type": "沿街",
        "collection_type": "recycling",
        "day_of_week": 5
      }
    },
    {
      "type": "Feature",
      "geometry": {
        "type": "Point",
        "coordinates": [
          120.67199531999829,
          24.101951627301208
        ]
      },
      "properties": {
        "routeId": "taichung-kel-6516-c562f1-d5",
        "city": "taichung",
        "route_name": "KEL-6516",
        "car_seq": "KEL-6516",
        "arrival_time": "1558",
        "departure_time": "1603",
        "district": "大里區",
        "village": "樹王里",
        "location": "文心南路1365號",
        "type": "沿街",
        "collection_type": "garbage",
        "day_of_week": 5
      }
    },
    {
      "type": "Feature",
      "geometry": {
        "type": "Point",
        "coordinates": [
          120.67199531999829,
          24.101951627301208
        ]
      },
      "properties": {
        "routeId": "taichung-kel-6516-c562f1-d5",
        "city": "taichung",
        "route_name": "KEL-6516",
        "car_seq": "KEL-6516",
        "arrival_time": "1558",
        "departure_time": "1603",
        "district": "大里區",
        "village": "樹王里",
        "location": "文心南路1365號",
        "type": "沿街",
        "collection_type": "recycling",
        "day_of_week": 5
      }
    },
    {
      "type": "Feature",
      "geometry": {
        "type": "Point",
        "coordinates": [
          120.66800482850248,
          24.104367041369073
        ]
      },
      "properties": {
        "routeId": "taichung-kel-6516-c562f1-d5",
        "city": "taichung",
        "route_name": "KEL-6516",
        "car_seq": "KEL-6516",
        "arrival_time": "1558",
        "departure_time": "1603",
        "district": "大里區",
        "village": "樹王里",
        "location": "文心南路1275號",
        "type": "沿街",
        "collection_type": "garbage",
        "day_of_week": 5
      }
    },
    {
      "type": "Feature",
      "geometry": {
        "type": "Point",
        "coordinates": [
          120.66800482850248,
          24.104367041369073
        ]
      },
      "properties": {
        "routeId": "taichung-kel-6516-c562f1-d5",
        "city": "taichung",
        "route_name": "KEL-6516",
        "car_seq": "KEL-6516",
        "arrival_time": "1558",
        "departure_time": "1603",
        "district": "大里區",
        "village": "樹王里",
        "location": "文心南路1275號",
        "type": "沿街",
        "collection_type": "recycling",
        "day_of_week": 5
      }
    },
    {
      "type": "Feature",
      "geometry": {
        "type": "Point",
        "coordinates": [
          120.66867891625635,
          24.10395368660793
        ]
      },
      "properties": {
        "routeId": "taichung-kel-6516-c562f1-d5",
        "city": "taichung",
        "route_name": "KEL-6516",
        "car_seq": "KEL-6516",
        "arrival_time": "1558",
        "departure_time": "1603",
        "district": "大里區",
        "village": "樹王里",
        "location": "文心南路1289號",
        "type": "沿街",
        "collection_type": "garbage",
        "day_of_week": 5
      }
    },
    {
      "type": "Feature",
      "geometry": {
        "type": "Point",
        "coordinates": [
          120.66867891625635,
          24.10395368660793
        ]
      },
      "properties": {
        "routeId": "taichung-kel-6516-c562f1-d5",
        "city": "taichung",
        "route_name": "KEL-6516",
        "car_seq": "KEL-6516",
        "arrival_time": "1558",
        "departure_time": "1603",
        "district": "大里區",
        "village": "樹王里",
        "location": "文心南路1289號",
        "type": "沿街",
        "collection_type": "recycling",
        "day_of_week": 5
      }
    },
    {
      "type": "Feature",
      "geometry": {
        "type": "Point",
        "coordinates": [
          120.6693916471252,
          24.103387283569845
        ]
      },
      "properties": {
        "routeId": "taichung-kel-6516-c562f1-d5",
        "city": "taichung",
        "route_name": "KEL-6516",
        "car_seq": "KEL-6516",
        "arrival_time": "1558",
        "departure_time": "1603",
        "district": "大里區",
        "village": "樹王里",
        "location": "文心南路1315號",
        "type": "沿街",
        "collection_type": "garbage",
        "day_of_week": 5
      }
    },
    {
      "type": "Feature",
      "geometry": {
        "type": "Point",
        "coordinates": [
          120.6693916471252,
          24.103387283569845
        ]
      },
      "properties": {
        "routeId": "taichung-kel-6516-c562f1-d5",
        "city": "taichung",
        "route_name": "KEL-6516",
        "car_seq": "KEL-6516",
        "arrival_time": "1558",
        "departure_time": "1603",
        "district": "大里區",
        "village": "樹王里",
        "location": "文心南路1315號",
        "type": "沿街",
        "collection_type": "recycling",
        "day_of_week": 5
      }
    },
    {
      "type": "Feature",
      "geometry": {
        "type": "Point",
        "coordinates": [
          120.67022458230856,
          24.10282158798156
        ]
      },
      "properties": {
        "routeId": "taichung-kel-6516-c562f1-d5",
        "city": "taichung",
        "route_name": "KEL-6516",
        "car_seq": "KEL-6516",
        "arrival_time": "1558",
        "departure_time": "1603",
        "district": "大里區",
        "village": "樹王里",
        "location": "文心南路1333號",
        "type": "沿街",
        "collection_type": "garbage",
        "day_of_week": 5
      }
    },
    {
      "type": "Feature",
      "geometry": {
        "type": "Point",
        "coordinates": [
          120.67022458230856,
          24.10282158798156
        ]
      },
      "properties": {
        "routeId": "taichung-kel-6516-c562f1-d5",
        "city": "taichung",
        "route_name": "KEL-6516",
        "car_seq": "KEL-6516",
        "arrival_time": "1558",
        "departure_time": "1603",
        "district": "大里區",
        "village": "樹王里",
        "location": "文心南路1333號",
        "type": "沿街",
        "collection_type": "recycling",
        "day_of_week": 5
      }
    },
    {
      "type": "Feature",
      "geometry": {
        "type": "Point",
        "coordinates": [
          120.67441995915907,
          24.098742719546188
        ]
      },
      "properties": {
        "routeId": "taichung-kel-6516-c562f1-d5",
        "city": "taichung",
        "route_name": "KEL-6516",
        "car_seq": "KEL-6516",
        "arrival_time": "1603",
        "departure_time": "1605",
        "district": "大里區",
        "village": "新里里",
        "location": "爽文路361號",
        "type": "沿街",
        "collection_type": "garbage",
        "day_of_week": 5
      }
    },
    {
      "type": "Feature",
      "geometry": {
        "type": "Point",
        "coordinates": [
          120.67441995915907,
          24.098742719546188
        ]
      },
      "properties": {
        "routeId": "taichung-kel-6516-c562f1-d5",
        "city": "taichung",
        "route_name": "KEL-6516",
        "car_seq": "KEL-6516",
        "arrival_time": "1603",
        "departure_time": "1605",
        "district": "大里區",
        "village": "新里里",
        "location": "爽文路361號",
        "type": "沿街",
        "collection_type": "recycling",
        "day_of_week": 5
      }
    },
    {
      "type": "Feature",
      "geometry": {
        "type": "Point",
        "coordinates": [
          120.67441732526547,
          24.10171092715888
        ]
      },
      "properties": {
        "routeId": "taichung-kel-6516-c562f1-d5",
        "city": "taichung",
        "route_name": "KEL-6516",
        "car_seq": "KEL-6516",
        "arrival_time": "1603",
        "departure_time": "1605",
        "district": "大里區",
        "village": "樹王里",
        "location": "德芳路三段67號",
        "type": "沿街",
        "collection_type": "garbage",
        "day_of_week": 5
      }
    },
    {
      "type": "Feature",
      "geometry": {
        "type": "Point",
        "coordinates": [
          120.67441732526547,
          24.10171092715888
        ]
      },
      "properties": {
        "routeId": "taichung-kel-6516-c562f1-d5",
        "city": "taichung",
        "route_name": "KEL-6516",
        "car_seq": "KEL-6516",
        "arrival_time": "1603",
        "departure_time": "1605",
        "district": "大里區",
        "village": "樹王里",
        "location": "德芳路三段67號",
        "type": "沿街",
        "collection_type": "recycling",
        "day_of_week": 5
      }
    },
    {
      "type": "Feature",
      "geometry": {
        "type": "Point",
        "coordinates": [
          120.67419680606629,
          24.10226911280447
        ]
      },
      "properties": {
        "routeId": "taichung-kel-6516-c562f1-d5",
        "city": "taichung",
        "route_name": "KEL-6516",
        "car_seq": "KEL-6516",
        "arrival_time": "1603",
        "departure_time": "1605",
        "district": "大里區",
        "village": "樹王里",
        "location": "德芳路三段61號",
        "type": "沿街",
        "collection_type": "garbage",
        "day_of_week": 5
      }
    },
    {
      "type": "Feature",
      "geometry": {
        "type": "Point",
        "coordinates": [
          120.67419680606629,
          24.10226911280447
        ]
      },
      "properties": {
        "routeId": "taichung-kel-6516-c562f1-d5",
        "city": "taichung",
        "route_name": "KEL-6516",
        "car_seq": "KEL-6516",
        "arrival_time": "1603",
        "departure_time": "1605",
        "district": "大里區",
        "village": "樹王里",
        "location": "德芳路三段61號",
        "type": "沿街",
        "collection_type": "recycling",
        "day_of_week": 5
      }
    },
    {
      "type": "Feature",
      "geometry": {
        "type": "Point",
        "coordinates": [
          120.67671161138075,
          24.104849535744187
        ]
      },
      "properties": {
        "routeId": "taichung-kel-6516-c562f1-d5",
        "city": "taichung",
        "route_name": "KEL-6516",
        "car_seq": "KEL-6516",
        "arrival_time": "1730",
        "departure_time": "1734",
        "district": "大里區",
        "village": "新里里",
        "location": "永明街6號",
        "type": "沿街",
        "collection_type": "garbage",
        "day_of_week": 5
      }
    },
    {
      "type": "Feature",
      "geometry": {
        "type": "Point",
        "coordinates": [
          120.67671161138075,
          24.104849535744187
        ]
      },
      "properties": {
        "routeId": "taichung-kel-6516-c562f1-d5",
        "city": "taichung",
        "route_name": "KEL-6516",
        "car_seq": "KEL-6516",
        "arrival_time": "1730",
        "departure_time": "1734",
        "district": "大里區",
        "village": "新里里",
        "location": "永明街6號",
        "type": "沿街",
        "collection_type": "recycling",
        "day_of_week": 5
      }
    },
    {
      "type": "Feature",
      "geometry": {
        "type": "Point",
        "coordinates": [
          120.67665848451753,
          24.105091960940715
        ]
      },
      "properties": {
        "routeId": "taichung-kel-6516-c562f1-d5",
        "city": "taichung",
        "route_name": "KEL-6516",
        "car_seq": "KEL-6516",
        "arrival_time": "1730",
        "departure_time": "1734",
        "district": "大里區",
        "village": "新里里",
        "location": "永明街18號",
        "type": "沿街",
        "collection_type": "garbage",
        "day_of_week": 5
      }
    },
    {
      "type": "Feature",
      "geometry": {
        "type": "Point",
        "coordinates": [
          120.67665848451753,
          24.105091960940715
        ]
      },
      "properties": {
        "routeId": "taichung-kel-6516-c562f1-d5",
        "city": "taichung",
        "route_name": "KEL-6516",
        "car_seq": "KEL-6516",
        "arrival_time": "1730",
        "departure_time": "1734",
        "district": "大里區",
        "village": "新里里",
        "location": "永明街18號",
        "type": "沿街",
        "collection_type": "recycling",
        "day_of_week": 5
      }
    },
    {
      "type": "Feature",
      "geometry": {
        "type": "Point",
        "coordinates": [
          120.67633761937135,
          24.105597277916793
        ]
      },
      "properties": {
        "routeId": "taichung-kel-6516-c562f1-d5",
        "city": "taichung",
        "route_name": "KEL-6516",
        "car_seq": "KEL-6516",
        "arrival_time": "1730",
        "departure_time": "1734",
        "district": "大里區",
        "village": "新里里",
        "location": "永明街55號",
        "type": "沿街",
        "collection_type": "garbage",
        "day_of_week": 5
      }
    },
    {
      "type": "Feature",
      "geometry": {
        "type": "Point",
        "coordinates": [
          120.67633761937135,
          24.105597277916793
        ]
      },
      "properties": {
        "routeId": "taichung-kel-6516-c562f1-d5",
        "city": "taichung",
        "route_name": "KEL-6516",
        "car_seq": "KEL-6516",
        "arrival_time": "1730",
        "departure_time": "1734",
        "district": "大里區",
        "village": "新里里",
        "location": "永明街55號",
        "type": "沿街",
        "collection_type": "recycling",
        "day_of_week": 5
      }
    },
    {
      "type": "Feature",
      "geometry": {
        "type": "Point",
        "coordinates": [
          120.67636419619565,
          24.105942535542205
        ]
      },
      "properties": {
        "routeId": "taichung-kel-6516-c562f1-d5",
        "city": "taichung",
        "route_name": "KEL-6516",
        "car_seq": "KEL-6516",
        "arrival_time": "1730",
        "departure_time": "1734",
        "district": "大里區",
        "village": "永隆里",
        "location": "永明街76號",
        "type": "沿街",
        "collection_type": "garbage",
        "day_of_week": 5
      }
    },
    {
      "type": "Feature",
      "geometry": {
        "type": "Point",
        "coordinates": [
          120.67636419619565,
          24.105942535542205
        ]
      },
      "properties": {
        "routeId": "taichung-kel-6516-c562f1-d5",
        "city": "taichung",
        "route_name": "KEL-6516",
        "car_seq": "KEL-6516",
        "arrival_time": "1730",
        "departure_time": "1734",
        "district": "大里區",
        "village": "永隆里",
        "location": "永明街76號",
        "type": "沿街",
        "collection_type": "recycling",
        "day_of_week": 5
      }
    },
    {
      "type": "Feature",
      "geometry": {
        "type": "Point",
        "coordinates": [
          120.67599394417121,
          24.106448929964518
        ]
      },
      "properties": {
        "routeId": "taichung-kel-6516-c562f1-d5",
        "city": "taichung",
        "route_name": "KEL-6516",
        "car_seq": "KEL-6516",
        "arrival_time": "1730",
        "departure_time": "1734",
        "district": "大里區",
        "village": "永隆里",
        "location": "永明街115號",
        "type": "沿街",
        "collection_type": "garbage",
        "day_of_week": 5
      }
    },
    {
      "type": "Feature",
      "geometry": {
        "type": "Point",
        "coordinates": [
          120.67599394417121,
          24.106448929964518
        ]
      },
      "properties": {
        "routeId": "taichung-kel-6516-c562f1-d5",
        "city": "taichung",
        "route_name": "KEL-6516",
        "car_seq": "KEL-6516",
        "arrival_time": "1730",
        "departure_time": "1734",
        "district": "大里區",
        "village": "永隆里",
        "location": "永明街115號",
        "type": "沿街",
        "collection_type": "recycling",
        "day_of_week": 5
      }
    },
    {
      "type": "Feature",
      "geometry": {
        "type": "Point",
        "coordinates": [
          120.67596507451339,
          24.10732786746737
        ]
      },
      "properties": {
        "routeId": "taichung-kel-6516-c562f1-d5",
        "city": "taichung",
        "route_name": "KEL-6516",
        "car_seq": "KEL-6516",
        "arrival_time": "1734",
        "departure_time": "1739",
        "district": "大里區",
        "village": "永隆里",
        "location": "永明街166號",
        "type": "沿街",
        "collection_type": "garbage",
        "day_of_week": 5
      }
    },
    {
      "type": "Feature",
      "geometry": {
        "type": "Point",
        "coordinates": [
          120.67596507451339,
          24.10732786746737
        ]
      },
      "properties": {
        "routeId": "taichung-kel-6516-c562f1-d5",
        "city": "taichung",
        "route_name": "KEL-6516",
        "car_seq": "KEL-6516",
        "arrival_time": "1734",
        "departure_time": "1739",
        "district": "大里區",
        "village": "永隆里",
        "location": "永明街166號",
        "type": "沿街",
        "collection_type": "recycling",
        "day_of_week": 5
      }
    },
    {
      "type": "Feature",
      "geometry": {
        "type": "Point",
        "coordinates": [
          120.67601674758504,
          24.107468654371136
        ]
      },
      "properties": {
        "routeId": "taichung-kel-6516-c562f1-d5",
        "city": "taichung",
        "route_name": "KEL-6516",
        "car_seq": "KEL-6516",
        "arrival_time": "1734",
        "departure_time": "1739",
        "district": "大里區",
        "village": "永隆里",
        "location": "永明街240號",
        "type": "沿街",
        "collection_type": "garbage",
        "day_of_week": 5
      }
    },
    {
      "type": "Feature",
      "geometry": {
        "type": "Point",
        "coordinates": [
          120.67601674758504,
          24.107468654371136
        ]
      },
      "properties": {
        "routeId": "taichung-kel-6516-c562f1-d5",
        "city": "taichung",
        "route_name": "KEL-6516",
        "car_seq": "KEL-6516",
        "arrival_time": "1734",
        "departure_time": "1739",
        "district": "大里區",
        "village": "永隆里",
        "location": "永明街240號",
        "type": "沿街",
        "collection_type": "recycling",
        "day_of_week": 5
      }
    },
    {
      "type": "Feature",
      "geometry": {
        "type": "Point",
        "coordinates": [
          120.67589807633158,
          24.10665532737176
        ]
      },
      "properties": {
        "routeId": "taichung-kel-6516-c562f1-d5",
        "city": "taichung",
        "route_name": "KEL-6516",
        "car_seq": "KEL-6516",
        "arrival_time": "1734",
        "departure_time": "1739",
        "district": "大里區",
        "village": "永隆里",
        "location": "永明街131號",
        "type": "沿街",
        "collection_type": "garbage",
        "day_of_week": 5
      }
    },
    {
      "type": "Feature",
      "geometry": {
        "type": "Point",
        "coordinates": [
          120.67589807633158,
          24.10665532737176
        ]
      },
      "properties": {
        "routeId": "taichung-kel-6516-c562f1-d5",
        "city": "taichung",
        "route_name": "KEL-6516",
        "car_seq": "KEL-6516",
        "arrival_time": "1734",
        "departure_time": "1739",
        "district": "大里區",
        "village": "永隆里",
        "location": "永明街131號",
        "type": "沿街",
        "collection_type": "recycling",
        "day_of_week": 5
      }
    },
    {
      "type": "Feature",
      "geometry": {
        "type": "Point",
        "coordinates": [
          120.67589539501085,
          24.108549039165084
        ]
      },
      "properties": {
        "routeId": "taichung-kel-6516-c562f1-d5",
        "city": "taichung",
        "route_name": "KEL-6516",
        "car_seq": "KEL-6516",
        "arrival_time": "1734",
        "departure_time": "1739",
        "district": "大里區",
        "village": "永隆里",
        "location": "永明街256號",
        "type": "沿街",
        "collection_type": "garbage",
        "day_of_week": 5
      }
    },
    {
      "type": "Feature",
      "geometry": {
        "type": "Point",
        "coordinates": [
          120.67589539501085,
          24.108549039165084
        ]
      },
      "properties": {
        "routeId": "taichung-kel-6516-c562f1-d5",
        "city": "taichung",
        "route_name": "KEL-6516",
        "car_seq": "KEL-6516",
        "arrival_time": "1734",
        "departure_time": "1739",
        "district": "大里區",
        "village": "永隆里",
        "location": "永明街256號",
        "type": "沿街",
        "collection_type": "recycling",
        "day_of_week": 5
      }
    },
    {
      "type": "Feature",
      "geometry": {
        "type": "Point",
        "coordinates": [
          120.67588279792632,
          24.10886783890694
        ]
      },
      "properties": {
        "routeId": "taichung-kel-6516-c562f1-d5",
        "city": "taichung",
        "route_name": "KEL-6516",
        "car_seq": "KEL-6516",
        "arrival_time": "1734",
        "departure_time": "1739",
        "district": "大里區",
        "village": "永隆里",
        "location": "永明街276號",
        "type": "沿街",
        "collection_type": "garbage",
        "day_of_week": 5
      }
    },
    {
      "type": "Feature",
      "geometry": {
        "type": "Point",
        "coordinates": [
          120.67588279792632,
          24.10886783890694
        ]
      },
      "properties": {
        "routeId": "taichung-kel-6516-c562f1-d5",
        "city": "taichung",
        "route_name": "KEL-6516",
        "car_seq": "KEL-6516",
        "arrival_time": "1734",
        "departure_time": "1739",
        "district": "大里區",
        "village": "永隆里",
        "location": "永明街276號",
        "type": "沿街",
        "collection_type": "recycling",
        "day_of_week": 5
      }
    },
    {
      "type": "Feature",
      "geometry": {
        "type": "Point",
        "coordinates": [
          120.67562905156724,
          24.109785675919937
        ]
      },
      "properties": {
        "routeId": "taichung-kel-6516-c562f1-d5",
        "city": "taichung",
        "route_name": "KEL-6516",
        "car_seq": "KEL-6516",
        "arrival_time": "1734",
        "departure_time": "1739",
        "district": "大里區",
        "village": "永隆里",
        "location": "永明街257號",
        "type": "沿街",
        "collection_type": "garbage",
        "day_of_week": 5
      }
    },
    {
      "type": "Feature",
      "geometry": {
        "type": "Point",
        "coordinates": [
          120.67562905156724,
          24.109785675919937
        ]
      },
      "properties": {
        "routeId": "taichung-kel-6516-c562f1-d5",
        "city": "taichung",
        "route_name": "KEL-6516",
        "car_seq": "KEL-6516",
        "arrival_time": "1734",
        "departure_time": "1739",
        "district": "大里區",
        "village": "永隆里",
        "location": "永明街257號",
        "type": "沿街",
        "collection_type": "recycling",
        "day_of_week": 5
      }
    },
    {
      "type": "Feature",
      "geometry": {
        "type": "Point",
        "coordinates": [
          120.6757418753186,
          24.11010113003558
        ]
      },
      "properties": {
        "routeId": "taichung-kel-6516-c562f1-d5",
        "city": "taichung",
        "route_name": "KEL-6516",
        "car_seq": "KEL-6516",
        "arrival_time": "1734",
        "departure_time": "1739",
        "district": "大里區",
        "village": "永隆里",
        "location": "永明街330號",
        "type": "沿街",
        "collection_type": "garbage",
        "day_of_week": 5
      }
    },
    {
      "type": "Feature",
      "geometry": {
        "type": "Point",
        "coordinates": [
          120.6757418753186,
          24.11010113003558
        ]
      },
      "properties": {
        "routeId": "taichung-kel-6516-c562f1-d5",
        "city": "taichung",
        "route_name": "KEL-6516",
        "car_seq": "KEL-6516",
        "arrival_time": "1734",
        "departure_time": "1739",
        "district": "大里區",
        "village": "永隆里",
        "location": "永明街330號",
        "type": "沿街",
        "collection_type": "recycling",
        "day_of_week": 5
      }
    },
    {
      "type": "Feature",
      "geometry": {
        "type": "Point",
        "coordinates": [
          120.67576383170848,
          24.110288625958837
        ]
      },
      "properties": {
        "routeId": "taichung-kel-6516-c562f1-d5",
        "city": "taichung",
        "route_name": "KEL-6516",
        "car_seq": "KEL-6516",
        "arrival_time": "1739",
        "departure_time": "1744",
        "district": "大里區",
        "village": "永隆里",
        "location": "永明街342號",
        "type": "沿街",
        "collection_type": "garbage",
        "day_of_week": 5
      }
    },
    {
      "type": "Feature",
      "geometry": {
        "type": "Point",
        "coordinates": [
          120.67576383170848,
          24.110288625958837
        ]
      },
      "properties": {
        "routeId": "taichung-kel-6516-c562f1-d5",
        "city": "taichung",
        "route_name": "KEL-6516",
        "car_seq": "KEL-6516",
        "arrival_time": "1739",
        "departure_time": "1744",
        "district": "大里區",
        "village": "永隆里",
        "location": "永明街342號",
        "type": "沿街",
        "collection_type": "recycling",
        "day_of_week": 5
      }
    },
    {
      "type": "Feature",
      "geometry": {
        "type": "Point",
        "coordinates": [
          120.67574000508051,
          24.110499979596646
        ]
      },
      "properties": {
        "routeId": "taichung-kel-6516-c562f1-d5",
        "city": "taichung",
        "route_name": "KEL-6516",
        "car_seq": "KEL-6516",
        "arrival_time": "1739",
        "departure_time": "1744",
        "district": "大里區",
        "village": "永隆里",
        "location": "永明街356號",
        "type": "沿街",
        "collection_type": "garbage",
        "day_of_week": 5
      }
    },
    {
      "type": "Feature",
      "geometry": {
        "type": "Point",
        "coordinates": [
          120.67574000508051,
          24.110499979596646
        ]
      },
      "properties": {
        "routeId": "taichung-kel-6516-c562f1-d5",
        "city": "taichung",
        "route_name": "KEL-6516",
        "car_seq": "KEL-6516",
        "arrival_time": "1739",
        "departure_time": "1744",
        "district": "大里區",
        "village": "永隆里",
        "location": "永明街356號",
        "type": "沿街",
        "collection_type": "recycling",
        "day_of_week": 5
      }
    },
    {
      "type": "Feature",
      "geometry": {
        "type": "Point",
        "coordinates": [
          120.67555770169892,
          24.11132033349243
        ]
      },
      "properties": {
        "routeId": "taichung-kel-6516-c562f1-d5",
        "city": "taichung",
        "route_name": "KEL-6516",
        "car_seq": "KEL-6516",
        "arrival_time": "1739",
        "departure_time": "1744",
        "district": "大里區",
        "village": "永隆里",
        "location": "永明街329號",
        "type": "沿街",
        "collection_type": "garbage",
        "day_of_week": 5
      }
    },
    {
      "type": "Feature",
      "geometry": {
        "type": "Point",
        "coordinates": [
          120.67555770169892,
          24.11132033349243
        ]
      },
      "properties": {
        "routeId": "taichung-kel-6516-c562f1-d5",
        "city": "taichung",
        "route_name": "KEL-6516",
        "car_seq": "KEL-6516",
        "arrival_time": "1739",
        "departure_time": "1744",
        "district": "大里區",
        "village": "永隆里",
        "location": "永明街329號",
        "type": "沿街",
        "collection_type": "recycling",
        "day_of_week": 5
      }
    },
    {
      "type": "Feature",
      "geometry": {
        "type": "Point",
        "coordinates": [
          120.67563922248436,
          24.111640506717002
        ]
      },
      "properties": {
        "routeId": "taichung-kel-6516-c562f1-d5",
        "city": "taichung",
        "route_name": "KEL-6516",
        "car_seq": "KEL-6516",
        "arrival_time": "1739",
        "departure_time": "1744",
        "district": "大里區",
        "village": "永隆里",
        "location": "永明街398號",
        "type": "沿街",
        "collection_type": "garbage",
        "day_of_week": 5
      }
    },
    {
      "type": "Feature",
      "geometry": {
        "type": "Point",
        "coordinates": [
          120.67563922248436,
          24.111640506717002
        ]
      },
      "properties": {
        "routeId": "taichung-kel-6516-c562f1-d5",
        "city": "taichung",
        "route_name": "KEL-6516",
        "car_seq": "KEL-6516",
        "arrival_time": "1739",
        "departure_time": "1744",
        "district": "大里區",
        "village": "永隆里",
        "location": "永明街398號",
        "type": "沿街",
        "collection_type": "recycling",
        "day_of_week": 5
      }
    },
    {
      "type": "Feature",
      "geometry": {
        "type": "Point",
        "coordinates": [
          120.67607969607316,
          24.1120071297657
        ]
      },
      "properties": {
        "routeId": "taichung-kel-6516-c562f1-d5",
        "city": "taichung",
        "route_name": "KEL-6516",
        "car_seq": "KEL-6516",
        "arrival_time": "1739",
        "departure_time": "1744",
        "district": "大里區",
        "village": "永隆里",
        "location": "東明街489號",
        "type": "沿街",
        "collection_type": "garbage",
        "day_of_week": 5
      }
    },
    {
      "type": "Feature",
      "geometry": {
        "type": "Point",
        "coordinates": [
          120.67607969607316,
          24.1120071297657
        ]
      },
      "properties": {
        "routeId": "taichung-kel-6516-c562f1-d5",
        "city": "taichung",
        "route_name": "KEL-6516",
        "car_seq": "KEL-6516",
        "arrival_time": "1739",
        "departure_time": "1744",
        "district": "大里區",
        "village": "永隆里",
        "location": "東明街489號",
        "type": "沿街",
        "collection_type": "recycling",
        "day_of_week": 5
      }
    },
    {
      "type": "Feature",
      "geometry": {
        "type": "Point",
        "coordinates": [
          120.67567681521254,
          24.112849065534398
        ]
      },
      "properties": {
        "routeId": "taichung-kel-6516-c562f1-d5",
        "city": "taichung",
        "route_name": "KEL-6516",
        "car_seq": "KEL-6516",
        "arrival_time": "1745",
        "departure_time": "1749",
        "district": "大里區",
        "village": "永隆里",
        "location": "永隆路453巷30號",
        "type": "沿街",
        "collection_type": "garbage",
        "day_of_week": 5
      }
    },
    {
      "type": "Feature",
      "geometry": {
        "type": "Point",
        "coordinates": [
          120.67567681521254,
          24.112849065534398
        ]
      },
      "properties": {
        "routeId": "taichung-kel-6516-c562f1-d5",
        "city": "taichung",
        "route_name": "KEL-6516",
        "car_seq": "KEL-6516",
        "arrival_time": "1745",
        "departure_time": "1749",
        "district": "大里區",
        "village": "永隆里",
        "location": "永隆路453巷30號",
        "type": "沿街",
        "collection_type": "recycling",
        "day_of_week": 5
      }
    },
    {
      "type": "Feature",
      "geometry": {
        "type": "Point",
        "coordinates": [
          120.6755073173252,
          24.11284555442066
        ]
      },
      "properties": {
        "routeId": "taichung-kel-6516-c562f1-d5",
        "city": "taichung",
        "route_name": "KEL-6516",
        "car_seq": "KEL-6516",
        "arrival_time": "1745",
        "departure_time": "1749",
        "district": "大里區",
        "village": "永隆里",
        "location": "永隆路453巷40號",
        "type": "沿街",
        "collection_type": "garbage",
        "day_of_week": 5
      }
    },
    {
      "type": "Feature",
      "geometry": {
        "type": "Point",
        "coordinates": [
          120.6755073173252,
          24.11284555442066
        ]
      },
      "properties": {
        "routeId": "taichung-kel-6516-c562f1-d5",
        "city": "taichung",
        "route_name": "KEL-6516",
        "car_seq": "KEL-6516",
        "arrival_time": "1745",
        "departure_time": "1749",
        "district": "大里區",
        "village": "永隆里",
        "location": "永隆路453巷40號",
        "type": "沿街",
        "collection_type": "recycling",
        "day_of_week": 5
      }
    },
    {
      "type": "Feature",
      "geometry": {
        "type": "Point",
        "coordinates": [
          120.67516523364377,
          24.113064249728122
        ]
      },
      "properties": {
        "routeId": "taichung-kel-6516-c562f1-d5",
        "city": "taichung",
        "route_name": "KEL-6516",
        "car_seq": "KEL-6516",
        "arrival_time": "1745",
        "departure_time": "1749",
        "district": "大里區",
        "village": "永隆里",
        "location": "永隆路453巷58號",
        "type": "沿街",
        "collection_type": "garbage",
        "day_of_week": 5
      }
    },
    {
      "type": "Feature",
      "geometry": {
        "type": "Point",
        "coordinates": [
          120.67516523364377,
          24.113064249728122
        ]
      },
      "properties": {
        "routeId": "taichung-kel-6516-c562f1-d5",
        "city": "taichung",
        "route_name": "KEL-6516",
        "car_seq": "KEL-6516",
        "arrival_time": "1745",
        "departure_time": "1749",
        "district": "大里區",
        "village": "永隆里",
        "location": "永隆路453巷58號",
        "type": "沿街",
        "collection_type": "recycling",
        "day_of_week": 5
      }
    },
    {
      "type": "Feature",
      "geometry": {
        "type": "Point",
        "coordinates": [
          120.67540479188803,
          24.107828448683517
        ]
      },
      "properties": {
        "routeId": "taichung-kel-6516-c562f1-d5",
        "city": "taichung",
        "route_name": "KEL-6516",
        "car_seq": "KEL-6516",
        "arrival_time": "1745",
        "departure_time": "1749",
        "district": "大里區",
        "village": "永隆里",
        "location": "永隆三街165號",
        "type": "沿街",
        "collection_type": "garbage",
        "day_of_week": 5
      }
    },
    {
      "type": "Feature",
      "geometry": {
        "type": "Point",
        "coordinates": [
          120.67540479188803,
          24.107828448683517
        ]
      },
      "properties": {
        "routeId": "taichung-kel-6516-c562f1-d5",
        "city": "taichung",
        "route_name": "KEL-6516",
        "car_seq": "KEL-6516",
        "arrival_time": "1745",
        "departure_time": "1749",
        "district": "大里區",
        "village": "永隆里",
        "location": "永隆三街165號",
        "type": "沿街",
        "collection_type": "recycling",
        "day_of_week": 5
      }
    },
    {
      "type": "Feature",
      "geometry": {
        "type": "Point",
        "coordinates": [
          120.6757455146536,
          24.107835844710184
        ]
      },
      "properties": {
        "routeId": "taichung-kel-6516-c562f1-d5",
        "city": "taichung",
        "route_name": "KEL-6516",
        "car_seq": "KEL-6516",
        "arrival_time": "1749",
        "departure_time": "1752",
        "district": "大里區",
        "village": "永隆里",
        "location": "永隆三街149號",
        "type": "沿街",
        "collection_type": "garbage",
        "day_of_week": 5
      }
    },
    {
      "type": "Feature",
      "geometry": {
        "type": "Point",
        "coordinates": [
          120.6757455146536,
          24.107835844710184
        ]
      },
      "properties": {
        "routeId": "taichung-kel-6516-c562f1-d5",
        "city": "taichung",
        "route_name": "KEL-6516",
        "car_seq": "KEL-6516",
        "arrival_time": "1749",
        "departure_time": "1752",
        "district": "大里區",
        "village": "永隆里",
        "location": "永隆三街149號",
        "type": "沿街",
        "collection_type": "recycling",
        "day_of_week": 5
      }
    },
    {
      "type": "Feature",
      "geometry": {
        "type": "Point",
        "coordinates": [
          120.67640176498942,
          24.107824414066563
        ]
      },
      "properties": {
        "routeId": "taichung-kel-6516-c562f1-d5",
        "city": "taichung",
        "route_name": "KEL-6516",
        "car_seq": "KEL-6516",
        "arrival_time": "1749",
        "departure_time": "1752",
        "district": "大里區",
        "village": "永隆里",
        "location": "永隆三街123號",
        "type": "沿街",
        "collection_type": "garbage",
        "day_of_week": 5
      }
    },
    {
      "type": "Feature",
      "geometry": {
        "type": "Point",
        "coordinates": [
          120.67640176498942,
          24.107824414066563
        ]
      },
      "properties": {
        "routeId": "taichung-kel-6516-c562f1-d5",
        "city": "taichung",
        "route_name": "KEL-6516",
        "car_seq": "KEL-6516",
        "arrival_time": "1749",
        "departure_time": "1752",
        "district": "大里區",
        "village": "永隆里",
        "location": "永隆三街123號",
        "type": "沿街",
        "collection_type": "recycling",
        "day_of_week": 5
      }
    },
    {
      "type": "Feature",
      "geometry": {
        "type": "Point",
        "coordinates": [
          120.67758054770557,
          24.107972196981645
        ]
      },
      "properties": {
        "routeId": "taichung-kel-6516-c562f1-d5",
        "city": "taichung",
        "route_name": "KEL-6516",
        "car_seq": "KEL-6516",
        "arrival_time": "1749",
        "departure_time": "1752",
        "district": "大里區",
        "village": "永隆里",
        "location": "永隆三街82號",
        "type": "沿街",
        "collection_type": "garbage",
        "day_of_week": 5
      }
    },
    {
      "type": "Feature",
      "geometry": {
        "type": "Point",
        "coordinates": [
          120.67758054770557,
          24.107972196981645
        ]
      },
      "properties": {
        "routeId": "taichung-kel-6516-c562f1-d5",
        "city": "taichung",
        "route_name": "KEL-6516",
        "car_seq": "KEL-6516",
        "arrival_time": "1749",
        "departure_time": "1752",
        "district": "大里區",
        "village": "永隆里",
        "location": "永隆三街82號",
        "type": "沿街",
        "collection_type": "recycling",
        "day_of_week": 5
      }
    },
    {
      "type": "Feature",
      "geometry": {
        "type": "Point",
        "coordinates": [
          120.67795146236281,
          24.107947426021695
        ]
      },
      "properties": {
        "routeId": "taichung-kel-6516-c562f1-d5",
        "city": "taichung",
        "route_name": "KEL-6516",
        "car_seq": "KEL-6516",
        "arrival_time": "1752",
        "departure_time": "1756",
        "district": "大里區",
        "village": "永隆里",
        "location": "永隆三街62號",
        "type": "沿街",
        "collection_type": "garbage",
        "day_of_week": 5
      }
    },
    {
      "type": "Feature",
      "geometry": {
        "type": "Point",
        "coordinates": [
          120.67795146236281,
          24.107947426021695
        ]
      },
      "properties": {
        "routeId": "taichung-kel-6516-c562f1-d5",
        "city": "taichung",
        "route_name": "KEL-6516",
        "car_seq": "KEL-6516",
        "arrival_time": "1752",
        "departure_time": "1756",
        "district": "大里區",
        "village": "永隆里",
        "location": "永隆三街62號",
        "type": "沿街",
        "collection_type": "recycling",
        "day_of_week": 5
      }
    },
    {
      "type": "Feature",
      "geometry": {
        "type": "Point",
        "coordinates": [
          120.67827921154887,
          24.107950554294057
        ]
      },
      "properties": {
        "routeId": "taichung-kel-6516-c562f1-d5",
        "city": "taichung",
        "route_name": "KEL-6516",
        "car_seq": "KEL-6516",
        "arrival_time": "1752",
        "departure_time": "1756",
        "district": "大里區",
        "village": "永隆里",
        "location": "永隆三街48號",
        "type": "沿街",
        "collection_type": "garbage",
        "day_of_week": 5
      }
    },
    {
      "type": "Feature",
      "geometry": {
        "type": "Point",
        "coordinates": [
          120.67827921154887,
          24.107950554294057
        ]
      },
      "properties": {
        "routeId": "taichung-kel-6516-c562f1-d5",
        "city": "taichung",
        "route_name": "KEL-6516",
        "car_seq": "KEL-6516",
        "arrival_time": "1752",
        "departure_time": "1756",
        "district": "大里區",
        "village": "永隆里",
        "location": "永隆三街48號",
        "type": "沿街",
        "collection_type": "recycling",
        "day_of_week": 5
      }
    },
    {
      "type": "Feature",
      "geometry": {
        "type": "Point",
        "coordinates": [
          120.67852907950855,
          24.10795061962794
        ]
      },
      "properties": {
        "routeId": "taichung-kel-6516-c562f1-d5",
        "city": "taichung",
        "route_name": "KEL-6516",
        "car_seq": "KEL-6516",
        "arrival_time": "1752",
        "departure_time": "1756",
        "district": "大里區",
        "village": "永隆里",
        "location": "永隆三街22號",
        "type": "沿街",
        "collection_type": "garbage",
        "day_of_week": 5
      }
    },
    {
      "type": "Feature",
      "geometry": {
        "type": "Point",
        "coordinates": [
          120.67852907950855,
          24.10795061962794
        ]
      },
      "properties": {
        "routeId": "taichung-kel-6516-c562f1-d5",
        "city": "taichung",
        "route_name": "KEL-6516",
        "car_seq": "KEL-6516",
        "arrival_time": "1752",
        "departure_time": "1756",
        "district": "大里區",
        "village": "永隆里",
        "location": "永隆三街22號",
        "type": "沿街",
        "collection_type": "recycling",
        "day_of_week": 5
      }
    },
    {
      "type": "Feature",
      "geometry": {
        "type": "Point",
        "coordinates": [
          120.67841516600188,
          24.109447907454882
        ]
      },
      "properties": {
        "routeId": "taichung-kel-6516-c562f1-d5",
        "city": "taichung",
        "route_name": "KEL-6516",
        "car_seq": "KEL-6516",
        "arrival_time": "1752",
        "departure_time": "1756",
        "district": "大里區",
        "village": "永隆里",
        "location": "東榮路582號",
        "type": "沿街",
        "collection_type": "garbage",
        "day_of_week": 5
      }
    },
    {
      "type": "Feature",
      "geometry": {
        "type": "Point",
        "coordinates": [
          120.67841516600188,
          24.109447907454882
        ]
      },
      "properties": {
        "routeId": "taichung-kel-6516-c562f1-d5",
        "city": "taichung",
        "route_name": "KEL-6516",
        "car_seq": "KEL-6516",
        "arrival_time": "1752",
        "departure_time": "1756",
        "district": "大里區",
        "village": "永隆里",
        "location": "東榮路582號",
        "type": "沿街",
        "collection_type": "recycling",
        "day_of_week": 5
      }
    },
    {
      "type": "Feature",
      "geometry": {
        "type": "Point",
        "coordinates": [
          120.67791002019754,
          24.109449191192006
        ]
      },
      "properties": {
        "routeId": "taichung-kel-6516-c562f1-d5",
        "city": "taichung",
        "route_name": "KEL-6516",
        "car_seq": "KEL-6516",
        "arrival_time": "1756",
        "departure_time": "1758",
        "district": "大里區",
        "village": "永隆里",
        "location": "東榮路610號",
        "type": "沿街",
        "collection_type": "garbage",
        "day_of_week": 5
      }
    },
    {
      "type": "Feature",
      "geometry": {
        "type": "Point",
        "coordinates": [
          120.67791002019754,
          24.109449191192006
        ]
      },
      "properties": {
        "routeId": "taichung-kel-6516-c562f1-d5",
        "city": "taichung",
        "route_name": "KEL-6516",
        "car_seq": "KEL-6516",
        "arrival_time": "1756",
        "departure_time": "1758",
        "district": "大里區",
        "village": "永隆里",
        "location": "東榮路610號",
        "type": "沿街",
        "collection_type": "recycling",
        "day_of_week": 5
      }
    },
    {
      "type": "Feature",
      "geometry": {
        "type": "Point",
        "coordinates": [
          120.67746290049747,
          24.10946332713346
        ]
      },
      "properties": {
        "routeId": "taichung-kel-6516-c562f1-d5",
        "city": "taichung",
        "route_name": "KEL-6516",
        "car_seq": "KEL-6516",
        "arrival_time": "1756",
        "departure_time": "1758",
        "district": "大里區",
        "village": "永隆里",
        "location": "東榮路632號",
        "type": "沿街",
        "collection_type": "garbage",
        "day_of_week": 5
      }
    },
    {
      "type": "Feature",
      "geometry": {
        "type": "Point",
        "coordinates": [
          120.67746290049747,
          24.10946332713346
        ]
      },
      "properties": {
        "routeId": "taichung-kel-6516-c562f1-d5",
        "city": "taichung",
        "route_name": "KEL-6516",
        "car_seq": "KEL-6516",
        "arrival_time": "1756",
        "departure_time": "1758",
        "district": "大里區",
        "village": "永隆里",
        "location": "東榮路632號",
        "type": "沿街",
        "collection_type": "recycling",
        "day_of_week": 5
      }
    },
    {
      "type": "Feature",
      "geometry": {
        "type": "Point",
        "coordinates": [
          120.67735898157217,
          24.108968831921235
        ]
      },
      "properties": {
        "routeId": "taichung-kel-6516-c562f1-d5",
        "city": "taichung",
        "route_name": "KEL-6516",
        "car_seq": "KEL-6516",
        "arrival_time": "1758",
        "departure_time": "1803",
        "district": "大里區",
        "village": "永隆里",
        "location": "東榮路567巷10號",
        "type": "沿街",
        "collection_type": "garbage",
        "day_of_week": 5
      }
    },
    {
      "type": "Feature",
      "geometry": {
        "type": "Point",
        "coordinates": [
          120.67735898157217,
          24.108968831921235
        ]
      },
      "properties": {
        "routeId": "taichung-kel-6516-c562f1-d5",
        "city": "taichung",
        "route_name": "KEL-6516",
        "car_seq": "KEL-6516",
        "arrival_time": "1758",
        "departure_time": "1803",
        "district": "大里區",
        "village": "永隆里",
        "location": "東榮路567巷10號",
        "type": "沿街",
        "collection_type": "recycling",
        "day_of_week": 5
      }
    },
    {
      "type": "Feature",
      "geometry": {
        "type": "Point",
        "coordinates": [
          120.67739830212159,
          24.108508697790764
        ]
      },
      "properties": {
        "routeId": "taichung-kel-6516-c562f1-d5",
        "city": "taichung",
        "route_name": "KEL-6516",
        "car_seq": "KEL-6516",
        "arrival_time": "1758",
        "departure_time": "1803",
        "district": "大里區",
        "village": "永隆里",
        "location": "東榮路567巷26號",
        "type": "沿街",
        "collection_type": "garbage",
        "day_of_week": 5
      }
    },
    {
      "type": "Feature",
      "geometry": {
        "type": "Point",
        "coordinates": [
          120.67739830212159,
          24.108508697790764
        ]
      },
      "properties": {
        "routeId": "taichung-kel-6516-c562f1-d5",
        "city": "taichung",
        "route_name": "KEL-6516",
        "car_seq": "KEL-6516",
        "arrival_time": "1758",
        "departure_time": "1803",
        "district": "大里區",
        "village": "永隆里",
        "location": "東榮路567巷26號",
        "type": "沿街",
        "collection_type": "recycling",
        "day_of_week": 5
      }
    },
    {
      "type": "Feature",
      "geometry": {
        "type": "Point",
        "coordinates": [
          120.67741742814346,
          24.10817772203013
        ]
      },
      "properties": {
        "routeId": "taichung-kel-6516-c562f1-d5",
        "city": "taichung",
        "route_name": "KEL-6516",
        "car_seq": "KEL-6516",
        "arrival_time": "1758",
        "departure_time": "1803",
        "district": "大里區",
        "village": "永隆里",
        "location": "東榮路567巷62號",
        "type": "沿街",
        "collection_type": "garbage",
        "day_of_week": 5
      }
    },
    {
      "type": "Feature",
      "geometry": {
        "type": "Point",
        "coordinates": [
          120.67741742814346,
          24.10817772203013
        ]
      },
      "properties": {
        "routeId": "taichung-kel-6516-c562f1-d5",
        "city": "taichung",
        "route_name": "KEL-6516",
        "car_seq": "KEL-6516",
        "arrival_time": "1758",
        "departure_time": "1803",
        "district": "大里區",
        "village": "永隆里",
        "location": "東榮路567巷62號",
        "type": "沿街",
        "collection_type": "recycling",
        "day_of_week": 5
      }
    },
    {
      "type": "Feature",
      "geometry": {
        "type": "Point",
        "coordinates": [
          120.67839522370403,
          24.10857074498128
        ]
      },
      "properties": {
        "routeId": "taichung-kel-6516-c562f1-d5",
        "city": "taichung",
        "route_name": "KEL-6516",
        "car_seq": "KEL-6516",
        "arrival_time": "1758",
        "departure_time": "1803",
        "district": "大里區",
        "village": "永隆里",
        "location": "永大街201巷27號",
        "type": "沿街",
        "collection_type": "garbage",
        "day_of_week": 5
      }
    },
    {
      "type": "Feature",
      "geometry": {
        "type": "Point",
        "coordinates": [
          120.67839522370403,
          24.10857074498128
        ]
      },
      "properties": {
        "routeId": "taichung-kel-6516-c562f1-d5",
        "city": "taichung",
        "route_name": "KEL-6516",
        "car_seq": "KEL-6516",
        "arrival_time": "1758",
        "departure_time": "1803",
        "district": "大里區",
        "village": "永隆里",
        "location": "永大街201巷27號",
        "type": "沿街",
        "collection_type": "recycling",
        "day_of_week": 5
      }
    },
    {
      "type": "Feature",
      "geometry": {
        "type": "Point",
        "coordinates": [
          120.6781635648698,
          24.108530501022994
        ]
      },
      "properties": {
        "routeId": "taichung-kel-6516-c562f1-d5",
        "city": "taichung",
        "route_name": "KEL-6516",
        "car_seq": "KEL-6516",
        "arrival_time": "1758",
        "departure_time": "1803",
        "district": "大里區",
        "village": "永隆里",
        "location": "永大街201巷53號",
        "type": "沿街",
        "collection_type": "garbage",
        "day_of_week": 5
      }
    },
    {
      "type": "Feature",
      "geometry": {
        "type": "Point",
        "coordinates": [
          120.6781635648698,
          24.108530501022994
        ]
      },
      "properties": {
        "routeId": "taichung-kel-6516-c562f1-d5",
        "city": "taichung",
        "route_name": "KEL-6516",
        "car_seq": "KEL-6516",
        "arrival_time": "1758",
        "departure_time": "1803",
        "district": "大里區",
        "village": "永隆里",
        "location": "永大街201巷53號",
        "type": "沿街",
        "collection_type": "recycling",
        "day_of_week": 5
      }
    },
    {
      "type": "Feature",
      "geometry": {
        "type": "Point",
        "coordinates": [
          120.67777801610771,
          24.10873802284562
        ]
      },
      "properties": {
        "routeId": "taichung-kel-6516-c562f1-d5",
        "city": "taichung",
        "route_name": "KEL-6516",
        "car_seq": "KEL-6516",
        "arrival_time": "1803",
        "departure_time": "1810",
        "district": "大里區",
        "village": "永隆里",
        "location": "永大街201巷82號",
        "type": "沿街",
        "collection_type": "garbage",
        "day_of_week": 5
      }
    },
    {
      "type": "Feature",
      "geometry": {
        "type": "Point",
        "coordinates": [
          120.67777801610771,
          24.10873802284562
        ]
      },
      "properties": {
        "routeId": "taichung-kel-6516-c562f1-d5",
        "city": "taichung",
        "route_name": "KEL-6516",
        "car_seq": "KEL-6516",
        "arrival_time": "1803",
        "departure_time": "1810",
        "district": "大里區",
        "village": "永隆里",
        "location": "永大街201巷82號",
        "type": "沿街",
        "collection_type": "recycling",
        "day_of_week": 5
      }
    },
    {
      "type": "Feature",
      "geometry": {
        "type": "Point",
        "coordinates": [
          120.67688413533786,
          24.109248551213888
        ]
      },
      "properties": {
        "routeId": "taichung-kel-6516-c562f1-d5",
        "city": "taichung",
        "route_name": "KEL-6516",
        "car_seq": "KEL-6516",
        "arrival_time": "1803",
        "departure_time": "1810",
        "district": "大里區",
        "village": "永隆里",
        "location": "東榮路589號",
        "type": "沿街",
        "collection_type": "garbage",
        "day_of_week": 5
      }
    },
    {
      "type": "Feature",
      "geometry": {
        "type": "Point",
        "coordinates": [
          120.67688413533786,
          24.109248551213888
        ]
      },
      "properties": {
        "routeId": "taichung-kel-6516-c562f1-d5",
        "city": "taichung",
        "route_name": "KEL-6516",
        "car_seq": "KEL-6516",
        "arrival_time": "1803",
        "departure_time": "1810",
        "district": "大里區",
        "village": "永隆里",
        "location": "東榮路589號",
        "type": "沿街",
        "collection_type": "recycling",
        "day_of_week": 5
      }
    },
    {
      "type": "Feature",
      "geometry": {
        "type": "Point",
        "coordinates": [
          120.67551506862853,
          24.10946200254093
        ]
      },
      "properties": {
        "routeId": "taichung-kel-6516-c562f1-d5",
        "city": "taichung",
        "route_name": "KEL-6516",
        "car_seq": "KEL-6516",
        "arrival_time": "1803",
        "departure_time": "1810",
        "district": "大里區",
        "village": "永隆里",
        "location": "東榮路732號",
        "type": "沿街",
        "collection_type": "garbage",
        "day_of_week": 5
      }
    },
    {
      "type": "Feature",
      "geometry": {
        "type": "Point",
        "coordinates": [
          120.67551506862853,
          24.10946200254093
        ]
      },
      "properties": {
        "routeId": "taichung-kel-6516-c562f1-d5",
        "city": "taichung",
        "route_name": "KEL-6516",
        "car_seq": "KEL-6516",
        "arrival_time": "1803",
        "departure_time": "1810",
        "district": "大里區",
        "village": "永隆里",
        "location": "東榮路732號",
        "type": "沿街",
        "collection_type": "recycling",
        "day_of_week": 5
      }
    },
    {
      "type": "Feature",
      "geometry": {
        "type": "Point",
        "coordinates": [
          120.67517649064817,
          24.10945278659537
        ]
      },
      "properties": {
        "routeId": "taichung-kel-6516-c562f1-d5",
        "city": "taichung",
        "route_name": "KEL-6516",
        "car_seq": "KEL-6516",
        "arrival_time": "1803",
        "departure_time": "1810",
        "district": "大里區",
        "village": "永隆里",
        "location": "東榮路752號",
        "type": "沿街",
        "collection_type": "garbage",
        "day_of_week": 5
      }
    },
    {
      "type": "Feature",
      "geometry": {
        "type": "Point",
        "coordinates": [
          120.67517649064817,
          24.10945278659537
        ]
      },
      "properties": {
        "routeId": "taichung-kel-6516-c562f1-d5",
        "city": "taichung",
        "route_name": "KEL-6516",
        "car_seq": "KEL-6516",
        "arrival_time": "1803",
        "departure_time": "1810",
        "district": "大里區",
        "village": "永隆里",
        "location": "東榮路752號",
        "type": "沿街",
        "collection_type": "recycling",
        "day_of_week": 5
      }
    },
    {
      "type": "Feature",
      "geometry": {
        "type": "Point",
        "coordinates": [
          120.67548898968676,
          24.110750245970006
        ]
      },
      "properties": {
        "routeId": "taichung-kel-6516-c562f1-d5",
        "city": "taichung",
        "route_name": "KEL-6516",
        "car_seq": "KEL-6516",
        "arrival_time": "1803",
        "departure_time": "1810",
        "district": "大里區",
        "village": "永隆里",
        "location": "永隆五街119號",
        "type": "沿街",
        "collection_type": "garbage",
        "day_of_week": 5
      }
    },
    {
      "type": "Feature",
      "geometry": {
        "type": "Point",
        "coordinates": [
          120.67548898968676,
          24.110750245970006
        ]
      },
      "properties": {
        "routeId": "taichung-kel-6516-c562f1-d5",
        "city": "taichung",
        "route_name": "KEL-6516",
        "car_seq": "KEL-6516",
        "arrival_time": "1803",
        "departure_time": "1810",
        "district": "大里區",
        "village": "永隆里",
        "location": "永隆五街119號",
        "type": "沿街",
        "collection_type": "recycling",
        "day_of_week": 5
      }
    },
    {
      "type": "Feature",
      "geometry": {
        "type": "Point",
        "coordinates": [
          120.6761715259221,
          24.110740407257058
        ]
      },
      "properties": {
        "routeId": "taichung-kel-6516-c562f1-d5",
        "city": "taichung",
        "route_name": "KEL-6516",
        "car_seq": "KEL-6516",
        "arrival_time": "1803",
        "departure_time": "1810",
        "district": "大里區",
        "village": "永隆里",
        "location": "永隆五街97號",
        "type": "沿街",
        "collection_type": "garbage",
        "day_of_week": 5
      }
    },
    {
      "type": "Feature",
      "geometry": {
        "type": "Point",
        "coordinates": [
          120.6761715259221,
          24.110740407257058
        ]
      },
      "properties": {
        "routeId": "taichung-kel-6516-c562f1-d5",
        "city": "taichung",
        "route_name": "KEL-6516",
        "car_seq": "KEL-6516",
        "arrival_time": "1803",
        "departure_time": "1810",
        "district": "大里區",
        "village": "永隆里",
        "location": "永隆五街97號",
        "type": "沿街",
        "collection_type": "recycling",
        "day_of_week": 5
      }
    },
    {
      "type": "Feature",
      "geometry": {
        "type": "Point",
        "coordinates": [
          120.67686060867226,
          24.110783491337244
        ]
      },
      "properties": {
        "routeId": "taichung-kel-6516-c562f1-d5",
        "city": "taichung",
        "route_name": "KEL-6516",
        "car_seq": "KEL-6516",
        "arrival_time": "1803",
        "departure_time": "1810",
        "district": "大里區",
        "village": "永隆里",
        "location": "永隆五街71號",
        "type": "沿街",
        "collection_type": "garbage",
        "day_of_week": 5
      }
    },
    {
      "type": "Feature",
      "geometry": {
        "type": "Point",
        "coordinates": [
          120.67686060867226,
          24.110783491337244
        ]
      },
      "properties": {
        "routeId": "taichung-kel-6516-c562f1-d5",
        "city": "taichung",
        "route_name": "KEL-6516",
        "car_seq": "KEL-6516",
        "arrival_time": "1803",
        "departure_time": "1810",
        "district": "大里區",
        "village": "永隆里",
        "location": "永隆五街71號",
        "type": "沿街",
        "collection_type": "recycling",
        "day_of_week": 5
      }
    },
    {
      "type": "Feature",
      "geometry": {
        "type": "Point",
        "coordinates": [
          120.67722577906923,
          24.110773518206692
        ]
      },
      "properties": {
        "routeId": "taichung-kel-6516-c562f1-d5",
        "city": "taichung",
        "route_name": "KEL-6516",
        "car_seq": "KEL-6516",
        "arrival_time": "1803",
        "departure_time": "1810",
        "district": "大里區",
        "village": "永隆里",
        "location": "永隆五街55號",
        "type": "沿街",
        "collection_type": "garbage",
        "day_of_week": 5
      }
    },
    {
      "type": "Feature",
      "geometry": {
        "type": "Point",
        "coordinates": [
          120.67722577906923,
          24.110773518206692
        ]
      },
      "properties": {
        "routeId": "taichung-kel-6516-c562f1-d5",
        "city": "taichung",
        "route_name": "KEL-6516",
        "car_seq": "KEL-6516",
        "arrival_time": "1803",
        "departure_time": "1810",
        "district": "大里區",
        "village": "永隆里",
        "location": "永隆五街55號",
        "type": "沿街",
        "collection_type": "recycling",
        "day_of_week": 5
      }
    },
    {
      "type": "Feature",
      "geometry": {
        "type": "Point",
        "coordinates": [
          120.67723480336161,
          24.110352236744745
        ]
      },
      "properties": {
        "routeId": "taichung-kel-6516-c562f1-d5",
        "city": "taichung",
        "route_name": "KEL-6516",
        "car_seq": "KEL-6516",
        "arrival_time": "1810",
        "departure_time": "1813",
        "district": "大里區",
        "village": "永隆里",
        "location": "東榮路640巷45號",
        "type": "沿街",
        "collection_type": "garbage",
        "day_of_week": 5
      }
    },
    {
      "type": "Feature",
      "geometry": {
        "type": "Point",
        "coordinates": [
          120.67723480336161,
          24.110352236744745
        ]
      },
      "properties": {
        "routeId": "taichung-kel-6516-c562f1-d5",
        "city": "taichung",
        "route_name": "KEL-6516",
        "car_seq": "KEL-6516",
        "arrival_time": "1810",
        "departure_time": "1813",
        "district": "大里區",
        "village": "永隆里",
        "location": "東榮路640巷45號",
        "type": "沿街",
        "collection_type": "recycling",
        "day_of_week": 5
      }
    },
    {
      "type": "Feature",
      "geometry": {
        "type": "Point",
        "coordinates": [
          120.67719193027115,
          24.10999638067434
        ]
      },
      "properties": {
        "routeId": "taichung-kel-6516-c562f1-d5",
        "city": "taichung",
        "route_name": "KEL-6516",
        "car_seq": "KEL-6516",
        "arrival_time": "1810",
        "departure_time": "1813",
        "district": "大里區",
        "village": "永隆里",
        "location": "東榮路640巷23號",
        "type": "沿街",
        "collection_type": "garbage",
        "day_of_week": 5
      }
    },
    {
      "type": "Feature",
      "geometry": {
        "type": "Point",
        "coordinates": [
          120.67719193027115,
          24.10999638067434
        ]
      },
      "properties": {
        "routeId": "taichung-kel-6516-c562f1-d5",
        "city": "taichung",
        "route_name": "KEL-6516",
        "car_seq": "KEL-6516",
        "arrival_time": "1810",
        "departure_time": "1813",
        "district": "大里區",
        "village": "永隆里",
        "location": "東榮路640巷23號",
        "type": "沿街",
        "collection_type": "recycling",
        "day_of_week": 5
      }
    },
    {
      "type": "Feature",
      "geometry": {
        "type": "Point",
        "coordinates": [
          120.67728260935091,
          24.109686061799188
        ]
      },
      "properties": {
        "routeId": "taichung-kel-6516-c562f1-d5",
        "city": "taichung",
        "route_name": "KEL-6516",
        "car_seq": "KEL-6516",
        "arrival_time": "1810",
        "departure_time": "1813",
        "district": "大里區",
        "village": "永隆里",
        "location": "東榮路640巷9號",
        "type": "沿街",
        "collection_type": "garbage",
        "day_of_week": 5
      }
    },
    {
      "type": "Feature",
      "geometry": {
        "type": "Point",
        "coordinates": [
          120.67728260935091,
          24.109686061799188
        ]
      },
      "properties": {
        "routeId": "taichung-kel-6516-c562f1-d5",
        "city": "taichung",
        "route_name": "KEL-6516",
        "car_seq": "KEL-6516",
        "arrival_time": "1810",
        "departure_time": "1813",
        "district": "大里區",
        "village": "永隆里",
        "location": "東榮路640巷9號",
        "type": "沿街",
        "collection_type": "recycling",
        "day_of_week": 5
      }
    },
    {
      "type": "Feature",
      "geometry": {
        "type": "Point",
        "coordinates": [
          120.67849167545843,
          24.109969143409078
        ]
      },
      "properties": {
        "routeId": "taichung-kel-6516-c562f1-d5",
        "city": "taichung",
        "route_name": "KEL-6516",
        "car_seq": "KEL-6516",
        "arrival_time": "1810",
        "departure_time": "1813",
        "district": "大里區",
        "village": "永隆里",
        "location": "永大街265巷11號",
        "type": "沿街",
        "collection_type": "garbage",
        "day_of_week": 5
      }
    },
    {
      "type": "Feature",
      "geometry": {
        "type": "Point",
        "coordinates": [
          120.67849167545843,
          24.109969143409078
        ]
      },
      "properties": {
        "routeId": "taichung-kel-6516-c562f1-d5",
        "city": "taichung",
        "route_name": "KEL-6516",
        "car_seq": "KEL-6516",
        "arrival_time": "1810",
        "departure_time": "1813",
        "district": "大里區",
        "village": "永隆里",
        "location": "永大街265巷11號",
        "type": "沿街",
        "collection_type": "recycling",
        "day_of_week": 5
      }
    },
    {
      "type": "Feature",
      "geometry": {
        "type": "Point",
        "coordinates": [
          120.67817535816076,
          24.11002644599793
        ]
      },
      "properties": {
        "routeId": "taichung-kel-6516-c562f1-d5",
        "city": "taichung",
        "route_name": "KEL-6516",
        "car_seq": "KEL-6516",
        "arrival_time": "1813",
        "departure_time": "1818",
        "district": "大里區",
        "village": "永隆里",
        "location": "永大街265巷23號",
        "type": "沿街",
        "collection_type": "garbage",
        "day_of_week": 5
      }
    },
    {
      "type": "Feature",
      "geometry": {
        "type": "Point",
        "coordinates": [
          120.67817535816076,
          24.11002644599793
        ]
      },
      "properties": {
        "routeId": "taichung-kel-6516-c562f1-d5",
        "city": "taichung",
        "route_name": "KEL-6516",
        "car_seq": "KEL-6516",
        "arrival_time": "1813",
        "departure_time": "1818",
        "district": "大里區",
        "village": "永隆里",
        "location": "永大街265巷23號",
        "type": "沿街",
        "collection_type": "recycling",
        "day_of_week": 5
      }
    },
    {
      "type": "Feature",
      "geometry": {
        "type": "Point",
        "coordinates": [
          120.67798107558,
          24.110026397876087
        ]
      },
      "properties": {
        "routeId": "taichung-kel-6516-c562f1-d5",
        "city": "taichung",
        "route_name": "KEL-6516",
        "car_seq": "KEL-6516",
        "arrival_time": "1813",
        "departure_time": "1818",
        "district": "大里區",
        "village": "永隆里",
        "location": "永大街265巷33號",
        "type": "沿街",
        "collection_type": "garbage",
        "day_of_week": 5
      }
    },
    {
      "type": "Feature",
      "geometry": {
        "type": "Point",
        "coordinates": [
          120.67798107558,
          24.110026397876087
        ]
      },
      "properties": {
        "routeId": "taichung-kel-6516-c562f1-d5",
        "city": "taichung",
        "route_name": "KEL-6516",
        "car_seq": "KEL-6516",
        "arrival_time": "1813",
        "departure_time": "1818",
        "district": "大里區",
        "village": "永隆里",
        "location": "永大街265巷33號",
        "type": "沿街",
        "collection_type": "recycling",
        "day_of_week": 5
      }
    },
    {
      "type": "Feature",
      "geometry": {
        "type": "Point",
        "coordinates": [
          120.67760862954901,
          24.11015355847729
        ]
      },
      "properties": {
        "routeId": "taichung-kel-6516-c562f1-d5",
        "city": "taichung",
        "route_name": "KEL-6516",
        "car_seq": "KEL-6516",
        "arrival_time": "1813",
        "departure_time": "1818",
        "district": "大里區",
        "village": "永隆里",
        "location": "永大街265巷62號",
        "type": "沿街",
        "collection_type": "garbage",
        "day_of_week": 5
      }
    },
    {
      "type": "Feature",
      "geometry": {
        "type": "Point",
        "coordinates": [
          120.67760862954901,
          24.11015355847729
        ]
      },
      "properties": {
        "routeId": "taichung-kel-6516-c562f1-d5",
        "city": "taichung",
        "route_name": "KEL-6516",
        "car_seq": "KEL-6516",
        "arrival_time": "1813",
        "departure_time": "1818",
        "district": "大里區",
        "village": "永隆里",
        "location": "永大街265巷62號",
        "type": "沿街",
        "collection_type": "recycling",
        "day_of_week": 5
      }
    },
    {
      "type": "Feature",
      "geometry": {
        "type": "Point",
        "coordinates": [
          120.67788811273292,
          24.110778256700076
        ]
      },
      "properties": {
        "routeId": "taichung-kel-6516-c562f1-d5",
        "city": "taichung",
        "route_name": "KEL-6516",
        "car_seq": "KEL-6516",
        "arrival_time": "1813",
        "departure_time": "1818",
        "district": "大里區",
        "village": "永隆里",
        "location": "永隆五街21號",
        "type": "沿街",
        "collection_type": "garbage",
        "day_of_week": 5
      }
    },
    {
      "type": "Feature",
      "geometry": {
        "type": "Point",
        "coordinates": [
          120.67788811273292,
          24.110778256700076
        ]
      },
      "properties": {
        "routeId": "taichung-kel-6516-c562f1-d5",
        "city": "taichung",
        "route_name": "KEL-6516",
        "car_seq": "KEL-6516",
        "arrival_time": "1813",
        "departure_time": "1818",
        "district": "大里區",
        "village": "永隆里",
        "location": "永隆五街21號",
        "type": "沿街",
        "collection_type": "recycling",
        "day_of_week": 5
      }
    },
    {
      "type": "Feature",
      "geometry": {
        "type": "Point",
        "coordinates": [
          120.67835482817169,
          24.10989571766112
        ]
      },
      "properties": {
        "routeId": "taichung-kel-6516-c562f1-d5",
        "city": "taichung",
        "route_name": "KEL-6516",
        "car_seq": "KEL-6516",
        "arrival_time": "1813",
        "departure_time": "1818",
        "district": "大里區",
        "village": "永隆里",
        "location": "永大街265巷19號",
        "type": "沿街",
        "collection_type": "garbage",
        "day_of_week": 5
      }
    },
    {
      "type": "Feature",
      "geometry": {
        "type": "Point",
        "coordinates": [
          120.67835482817169,
          24.10989571766112
        ]
      },
      "properties": {
        "routeId": "taichung-kel-6516-c562f1-d5",
        "city": "taichung",
        "route_name": "KEL-6516",
        "car_seq": "KEL-6516",
        "arrival_time": "1813",
        "departure_time": "1818",
        "district": "大里區",
        "village": "永隆里",
        "location": "永大街265巷19號",
        "type": "沿街",
        "collection_type": "recycling",
        "day_of_week": 5
      }
    },
    {
      "type": "Feature",
      "geometry": {
        "type": "Point",
        "coordinates": [
          120.6772801079204,
          24.112135891103925
        ]
      },
      "properties": {
        "routeId": "taichung-kel-6516-c562f1-d5",
        "city": "taichung",
        "route_name": "KEL-6516",
        "car_seq": "KEL-6516",
        "arrival_time": "1818",
        "departure_time": "1822",
        "district": "大里區",
        "village": "永隆里",
        "location": "東明路536號",
        "type": "沿街",
        "collection_type": "garbage",
        "day_of_week": 5
      }
    },
    {
      "type": "Feature",
      "geometry": {
        "type": "Point",
        "coordinates": [
          120.6772801079204,
          24.112135891103925
        ]
      },
      "properties": {
        "routeId": "taichung-kel-6516-c562f1-d5",
        "city": "taichung",
        "route_name": "KEL-6516",
        "car_seq": "KEL-6516",
        "arrival_time": "1818",
        "departure_time": "1822",
        "district": "大里區",
        "village": "永隆里",
        "location": "東明路536號",
        "type": "沿街",
        "collection_type": "recycling",
        "day_of_week": 5
      }
    },
    {
      "type": "Feature",
      "geometry": {
        "type": "Point",
        "coordinates": [
          120.67694678147174,
          24.113171042694596
        ]
      },
      "properties": {
        "routeId": "taichung-kel-6516-c562f1-d5",
        "city": "taichung",
        "route_name": "KEL-6516",
        "car_seq": "KEL-6516",
        "arrival_time": "1818",
        "departure_time": "1822",
        "district": "大里區",
        "village": "永隆里",
        "location": "東明路540巷53號",
        "type": "沿街",
        "collection_type": "garbage",
        "day_of_week": 5
      }
    },
    {
      "type": "Feature",
      "geometry": {
        "type": "Point",
        "coordinates": [
          120.67694678147174,
          24.113171042694596
        ]
      },
      "properties": {
        "routeId": "taichung-kel-6516-c562f1-d5",
        "city": "taichung",
        "route_name": "KEL-6516",
        "car_seq": "KEL-6516",
        "arrival_time": "1818",
        "departure_time": "1822",
        "district": "大里區",
        "village": "永隆里",
        "location": "東明路540巷53號",
        "type": "沿街",
        "collection_type": "recycling",
        "day_of_week": 5
      }
    },
    {
      "type": "Feature",
      "geometry": {
        "type": "Point",
        "coordinates": [
          120.67723638400427,
          24.1127076364879
        ]
      },
      "properties": {
        "routeId": "taichung-kel-6516-c562f1-d5",
        "city": "taichung",
        "route_name": "KEL-6516",
        "car_seq": "KEL-6516",
        "arrival_time": "1818",
        "departure_time": "1822",
        "district": "大里區",
        "village": "永隆里",
        "location": "東明路540巷20號",
        "type": "沿街",
        "collection_type": "garbage",
        "day_of_week": 5
      }
    },
    {
      "type": "Feature",
      "geometry": {
        "type": "Point",
        "coordinates": [
          120.67723638400427,
          24.1127076364879
        ]
      },
      "properties": {
        "routeId": "taichung-kel-6516-c562f1-d5",
        "city": "taichung",
        "route_name": "KEL-6516",
        "car_seq": "KEL-6516",
        "arrival_time": "1818",
        "departure_time": "1822",
        "district": "大里區",
        "village": "永隆里",
        "location": "東明路540巷20號",
        "type": "沿街",
        "collection_type": "recycling",
        "day_of_week": 5
      }
    },
    {
      "type": "Feature",
      "geometry": {
        "type": "Point",
        "coordinates": [
          120.67722791128452,
          24.11235565454873
        ]
      },
      "properties": {
        "routeId": "taichung-kel-6516-c562f1-d5",
        "city": "taichung",
        "route_name": "KEL-6516",
        "car_seq": "KEL-6516",
        "arrival_time": "1822",
        "departure_time": "1825",
        "district": "大里區",
        "village": "永隆里",
        "location": "東明路540巷8號",
        "type": "沿街",
        "collection_type": "garbage",
        "day_of_week": 5
      }
    },
    {
      "type": "Feature",
      "geometry": {
        "type": "Point",
        "coordinates": [
          120.67722791128452,
          24.11235565454873
        ]
      },
      "properties": {
        "routeId": "taichung-kel-6516-c562f1-d5",
        "city": "taichung",
        "route_name": "KEL-6516",
        "car_seq": "KEL-6516",
        "arrival_time": "1822",
        "departure_time": "1825",
        "district": "大里區",
        "village": "永隆里",
        "location": "東明路540巷8號",
        "type": "沿街",
        "collection_type": "recycling",
        "day_of_week": 5
      }
    },
    {
      "type": "Feature",
      "geometry": {
        "type": "Point",
        "coordinates": [
          120.67669057906892,
          24.1121286854721
        ]
      },
      "properties": {
        "routeId": "taichung-kel-6516-c562f1-d5",
        "city": "taichung",
        "route_name": "KEL-6516",
        "car_seq": "KEL-6516",
        "arrival_time": "1822",
        "departure_time": "1825",
        "district": "大里區",
        "village": "永隆里",
        "location": "東明路568號",
        "type": "沿街",
        "collection_type": "garbage",
        "day_of_week": 5
      }
    },
    {
      "type": "Feature",
      "geometry": {
        "type": "Point",
        "coordinates": [
          120.67669057906892,
          24.1121286854721
        ]
      },
      "properties": {
        "routeId": "taichung-kel-6516-c562f1-d5",
        "city": "taichung",
        "route_name": "KEL-6516",
        "car_seq": "KEL-6516",
        "arrival_time": "1822",
        "departure_time": "1825",
        "district": "大里區",
        "village": "永隆里",
        "location": "東明路568號",
        "type": "沿街",
        "collection_type": "recycling",
        "day_of_week": 5
      }
    },
    {
      "type": "Feature",
      "geometry": {
        "type": "Point",
        "coordinates": [
          120.67736334234287,
          24.11213534452985
        ]
      },
      "properties": {
        "routeId": "taichung-kel-6516-c562f1-d5",
        "city": "taichung",
        "route_name": "KEL-6516",
        "car_seq": "KEL-6516",
        "arrival_time": "1822",
        "departure_time": "1825",
        "district": "大里區",
        "village": "永隆里",
        "location": "東明路530號",
        "type": "沿街",
        "collection_type": "garbage",
        "day_of_week": 5
      }
    },
    {
      "type": "Feature",
      "geometry": {
        "type": "Point",
        "coordinates": [
          120.67736334234287,
          24.11213534452985
        ]
      },
      "properties": {
        "routeId": "taichung-kel-6516-c562f1-d5",
        "city": "taichung",
        "route_name": "KEL-6516",
        "car_seq": "KEL-6516",
        "arrival_time": "1822",
        "departure_time": "1825",
        "district": "大里區",
        "village": "永隆里",
        "location": "東明路530號",
        "type": "沿街",
        "collection_type": "recycling",
        "day_of_week": 5
      }
    },
    {
      "type": "Feature",
      "geometry": {
        "type": "Point",
        "coordinates": [
          120.67423468278402,
          24.112838232410873
        ]
      },
      "properties": {
        "routeId": "taichung-kel-6516-c562f1-d5",
        "city": "taichung",
        "route_name": "KEL-6516",
        "car_seq": "KEL-6516",
        "arrival_time": "1822",
        "departure_time": "1825",
        "district": "大里區",
        "village": "永隆里",
        "location": "永隆六街2號",
        "type": "沿街",
        "collection_type": "garbage",
        "day_of_week": 5
      }
    },
    {
      "type": "Feature",
      "geometry": {
        "type": "Point",
        "coordinates": [
          120.67423468278402,
          24.112838232410873
        ]
      },
      "properties": {
        "routeId": "taichung-kel-6516-c562f1-d5",
        "city": "taichung",
        "route_name": "KEL-6516",
        "car_seq": "KEL-6516",
        "arrival_time": "1822",
        "departure_time": "1825",
        "district": "大里區",
        "village": "永隆里",
        "location": "永隆六街2號",
        "type": "沿街",
        "collection_type": "recycling",
        "day_of_week": 5
      }
    },
    {
      "type": "Feature",
      "geometry": {
        "type": "Point",
        "coordinates": [
          120.6740984374236,
          24.11283768001796
        ]
      },
      "properties": {
        "routeId": "taichung-kel-6516-c562f1-d5",
        "city": "taichung",
        "route_name": "KEL-6516",
        "car_seq": "KEL-6516",
        "arrival_time": "1825",
        "departure_time": "1829",
        "district": "大里區",
        "village": "永隆里",
        "location": "永隆六街10號",
        "type": "沿街",
        "collection_type": "garbage",
        "day_of_week": 5
      }
    },
    {
      "type": "Feature",
      "geometry": {
        "type": "Point",
        "coordinates": [
          120.6740984374236,
          24.11283768001796
        ]
      },
      "properties": {
        "routeId": "taichung-kel-6516-c562f1-d5",
        "city": "taichung",
        "route_name": "KEL-6516",
        "car_seq": "KEL-6516",
        "arrival_time": "1825",
        "departure_time": "1829",
        "district": "大里區",
        "village": "永隆里",
        "location": "永隆六街10號",
        "type": "沿街",
        "collection_type": "recycling",
        "day_of_week": 5
      }
    },
    {
      "type": "Feature",
      "geometry": {
        "type": "Point",
        "coordinates": [
          120.67369065012124,
          24.112822651673664
        ]
      },
      "properties": {
        "routeId": "taichung-kel-6516-c562f1-d5",
        "city": "taichung",
        "route_name": "KEL-6516",
        "car_seq": "KEL-6516",
        "arrival_time": "1825",
        "departure_time": "1829",
        "district": "大里區",
        "village": "永隆里",
        "location": "永隆六街36號",
        "type": "沿街",
        "collection_type": "garbage",
        "day_of_week": 5
      }
    },
    {
      "type": "Feature",
      "geometry": {
        "type": "Point",
        "coordinates": [
          120.67369065012124,
          24.112822651673664
        ]
      },
      "properties": {
        "routeId": "taichung-kel-6516-c562f1-d5",
        "city": "taichung",
        "route_name": "KEL-6516",
        "car_seq": "KEL-6516",
        "arrival_time": "1825",
        "departure_time": "1829",
        "district": "大里區",
        "village": "永隆里",
        "location": "永隆六街36號",
        "type": "沿街",
        "collection_type": "recycling",
        "day_of_week": 5
      }
    },
    {
      "type": "Feature",
      "geometry": {
        "type": "Point",
        "coordinates": [
          120.67328683712427,
          24.112846411784084
        ]
      },
      "properties": {
        "routeId": "taichung-kel-6516-c562f1-d5",
        "city": "taichung",
        "route_name": "KEL-6516",
        "car_seq": "KEL-6516",
        "arrival_time": "1825",
        "departure_time": "1829",
        "district": "大里區",
        "village": "永隆里",
        "location": "永隆六街56號",
        "type": "沿街",
        "collection_type": "garbage",
        "day_of_week": 5
      }
    },
    {
      "type": "Feature",
      "geometry": {
        "type": "Point",
        "coordinates": [
          120.67328683712427,
          24.112846411784084
        ]
      },
      "properties": {
        "routeId": "taichung-kel-6516-c562f1-d5",
        "city": "taichung",
        "route_name": "KEL-6516",
        "car_seq": "KEL-6516",
        "arrival_time": "1825",
        "departure_time": "1829",
        "district": "大里區",
        "village": "永隆里",
        "location": "永隆六街56號",
        "type": "沿街",
        "collection_type": "recycling",
        "day_of_week": 5
      }
    },
    {
      "type": "Feature",
      "geometry": {
        "type": "Point",
        "coordinates": [
          120.6728966164685,
          24.112840258612152
        ]
      },
      "properties": {
        "routeId": "taichung-kel-6516-c562f1-d5",
        "city": "taichung",
        "route_name": "KEL-6516",
        "car_seq": "KEL-6516",
        "arrival_time": "1825",
        "departure_time": "1829",
        "district": "大里區",
        "village": "永隆里",
        "location": "永隆六街78號",
        "type": "沿街",
        "collection_type": "garbage",
        "day_of_week": 5
      }
    },
    {
      "type": "Feature",
      "geometry": {
        "type": "Point",
        "coordinates": [
          120.6728966164685,
          24.112840258612152
        ]
      },
      "properties": {
        "routeId": "taichung-kel-6516-c562f1-d5",
        "city": "taichung",
        "route_name": "KEL-6516",
        "car_seq": "KEL-6516",
        "arrival_time": "1825",
        "departure_time": "1829",
        "district": "大里區",
        "village": "永隆里",
        "location": "永隆六街78號",
        "type": "沿街",
        "collection_type": "recycling",
        "day_of_week": 5
      }
    },
    {
      "type": "Feature",
      "geometry": {
        "type": "Point",
        "coordinates": [
          120.67281476727834,
          24.112841347475857
        ]
      },
      "properties": {
        "routeId": "taichung-kel-6516-c562f1-d5",
        "city": "taichung",
        "route_name": "KEL-6516",
        "car_seq": "KEL-6516",
        "arrival_time": "1825",
        "departure_time": "1829",
        "district": "大里區",
        "village": "永隆里",
        "location": "永隆六街84號",
        "type": "沿街",
        "collection_type": "garbage",
        "day_of_week": 5
      }
    },
    {
      "type": "Feature",
      "geometry": {
        "type": "Point",
        "coordinates": [
          120.67281476727834,
          24.112841347475857
        ]
      },
      "properties": {
        "routeId": "taichung-kel-6516-c562f1-d5",
        "city": "taichung",
        "route_name": "KEL-6516",
        "car_seq": "KEL-6516",
        "arrival_time": "1825",
        "departure_time": "1829",
        "district": "大里區",
        "village": "永隆里",
        "location": "永隆六街84號",
        "type": "沿街",
        "collection_type": "recycling",
        "day_of_week": 5
      }
    },
    {
      "type": "Feature",
      "geometry": {
        "type": "Point",
        "coordinates": [
          120.67248631405668,
          24.11295161445807
        ]
      },
      "properties": {
        "routeId": "taichung-kel-6516-c562f1-d5",
        "city": "taichung",
        "route_name": "KEL-6516",
        "car_seq": "KEL-6516",
        "arrival_time": "1829",
        "departure_time": "1834",
        "district": "大里區",
        "village": "永隆里",
        "location": "環河路261號",
        "type": "沿街",
        "collection_type": "garbage",
        "day_of_week": 5
      }
    },
    {
      "type": "Feature",
      "geometry": {
        "type": "Point",
        "coordinates": [
          120.67248631405668,
          24.11295161445807
        ]
      },
      "properties": {
        "routeId": "taichung-kel-6516-c562f1-d5",
        "city": "taichung",
        "route_name": "KEL-6516",
        "car_seq": "KEL-6516",
        "arrival_time": "1829",
        "departure_time": "1834",
        "district": "大里區",
        "village": "永隆里",
        "location": "環河路261號",
        "type": "沿街",
        "collection_type": "recycling",
        "day_of_week": 5
      }
    },
    {
      "type": "Feature",
      "geometry": {
        "type": "Point",
        "coordinates": [
          120.67244189636008,
          24.11440216481648
        ]
      },
      "properties": {
        "routeId": "taichung-kel-6516-c562f1-d5",
        "city": "taichung",
        "route_name": "KEL-6516",
        "car_seq": "KEL-6516",
        "arrival_time": "1829",
        "departure_time": "1834",
        "district": "大里區",
        "village": "永隆里",
        "location": "環河路201號",
        "type": "沿街",
        "collection_type": "garbage",
        "day_of_week": 5
      }
    },
    {
      "type": "Feature",
      "geometry": {
        "type": "Point",
        "coordinates": [
          120.67244189636008,
          24.11440216481648
        ]
      },
      "properties": {
        "routeId": "taichung-kel-6516-c562f1-d5",
        "city": "taichung",
        "route_name": "KEL-6516",
        "car_seq": "KEL-6516",
        "arrival_time": "1829",
        "departure_time": "1834",
        "district": "大里區",
        "village": "永隆里",
        "location": "環河路201號",
        "type": "沿街",
        "collection_type": "recycling",
        "day_of_week": 5
      }
    },
    {
      "type": "Feature",
      "geometry": {
        "type": "Point",
        "coordinates": [
          120.67784592481577,
          24.115489781445522
        ]
      },
      "properties": {
        "routeId": "taichung-kel-6516-c562f1-d5",
        "city": "taichung",
        "route_name": "KEL-6516",
        "car_seq": "KEL-6516",
        "arrival_time": "2030",
        "departure_time": "2100",
        "district": "大里區",
        "village": "永隆里",
        "location": "永大街469號",
        "type": "定點",
        "collection_type": "garbage",
        "day_of_week": 5
      }
    },
    {
      "type": "Feature",
      "geometry": {
        "type": "Point",
        "coordinates": [
          120.67784592481577,
          24.115489781445522
        ]
      },
      "properties": {
        "routeId": "taichung-kel-6516-c562f1-d5",
        "city": "taichung",
        "route_name": "KEL-6516",
        "car_seq": "KEL-6516",
        "arrival_time": "2030",
        "departure_time": "2100",
        "district": "大里區",
        "village": "永隆里",
        "location": "永大街469號",
        "type": "定點",
        "collection_type": "recycling",
        "day_of_week": 5
      }
    }
  ]
}