{
  "type": "FeatureCollection",
  "features": [
    {
      "type": "Feature",
      "geometry": {
        "type": "Point",
        "coordinates": [
          120.66534310050415,
          24.190123273922232
        ]
      },
      "properties": {
        "routeId": "taichung-197-q3-3e7f7a-d6",
        "city": "taichung",
        "route_name": "197-Q3",
        "car_seq": "197-Q3",
        "arrival_time": "1407",
        "departure_time": "1413",
        "district": "北屯區",
        "village": "后庄里",
        "location": "后庄路170號",
        "type": "沿街",
        "collection_type": "garbage",
        "day_of_week": 6
      }
    },
    {
      "type": "Feature",
      "geometry": {
        "type": "Point",
        "coordinates": [
          120.66534310050415,
          24.190123273922232
        ]
      },
      "properties": {
        "routeId": "taichung-197-q3-3e7f7a-d6",
        "city": "taichung",
        "route_name": "197-Q3",
        "car_seq": "197-Q3",
        "arrival_time": "1407",
        "departure_time": "1413",
        "district": "北屯區",
        "village": "后庄里",
        "location": "后庄路170號",
        "type": "沿街",
        "collection_type": "recycling",
        "day_of_week": 6
      }
    },
    {
      "type": "Feature",
      "geometry": {
        "type": "Point",
        "coordinates": [
          120.67170511530297,
          24.193363784612465
        ]
      },
      "properties": {
        "routeId": "taichung-197-q3-3e7f7a-d6",
        "city": "taichung",
        "route_name": "197-Q3",
        "car_seq": "197-Q3",
        "arrival_time": "1409",
        "departure_time": "1415",
        "district": "北屯區",
        "village": "后庄里",
        "location": "后庄路491號",
        "type": "沿街",
        "collection_type": "garbage",
        "day_of_week": 6
      }
    },
    {
      "type": "Feature",
      "geometry": {
        "type": "Point",
        "coordinates": [
          120.67170511530297,
          24.193363784612465
        ]
      },
      "properties": {
        "routeId": "taichung-197-q3-3e7f7a-d6",
        "city": "taichung",
        "route_name": "197-Q3",
        "car_seq": "197-Q3",
        "arrival_time": "1409",
        "departure_time": "1415",
        "district": "北屯區",
        "village": "后庄里",
        "location": "后庄路491號",
        "type": "沿街",
        "collection_type": "recycling",
        "day_of_week": 6
      }
    },
    {
      "type": "Feature",
      "geometry": {
        "type": "Point",
        "coordinates": [
          120.67134657534872,
          24.193460256934422
        ]
      },
      "properties": {
        "routeId": "taichung-197-q3-3e7f7a-d6",
        "city": "taichung",
        "route_name": "197-Q3",
        "car_seq": "197-Q3",
        "arrival_time": "1410",
        "departure_time": "1416",
        "district": "北屯區",
        "village": "后庄里",
        "location": "松竹路三段790號",
        "type": "沿街",
        "collection_type": "garbage",
        "day_of_week": 6
      }
    },
    {
      "type": "Feature",
      "geometry": {
        "type": "Point",
        "coordinates": [
          120.67134657534872,
          24.193460256934422
        ]
      },
      "properties": {
        "routeId": "taichung-197-q3-3e7f7a-d6",
        "city": "taichung",
        "route_name": "197-Q3",
        "car_seq": "197-Q3",
        "arrival_time": "1410",
        "departure_time": "1416",
        "district": "北屯區",
        "village": "后庄里",
        "location": "松竹路三段790號",
        "type": "沿街",
        "collection_type": "recycling",
        "day_of_week": 6
      }
    },
    {
      "type": "Feature",
      "geometry": {
        "type": "Point",
        "coordinates": [
          120.67401516061398,
          24.193171101573217
        ]
      },
      "properties": {
        "routeId": "taichung-197-q3-3e7f7a-d6",
        "city": "taichung",
        "route_name": "197-Q3",
        "car_seq": "197-Q3",
        "arrival_time": "1411",
        "departure_time": "1417",
        "district": "北屯區",
        "village": "后庄里",
        "location": "后庄路720號",
        "type": "沿街",
        "collection_type": "garbage",
        "day_of_week": 6
      }
    },
    {
      "type": "Feature",
      "geometry": {
        "type": "Point",
        "coordinates": [
          120.67401516061398,
          24.193171101573217
        ]
      },
      "properties": {
        "routeId": "taichung-197-q3-3e7f7a-d6",
        "city": "taichung",
        "route_name": "197-Q3",
        "car_seq": "197-Q3",
        "arrival_time": "1411",
        "departure_time": "1417",
        "district": "北屯區",
        "village": "后庄里",
        "location": "后庄路720號",
        "type": "沿街",
        "collection_type": "recycling",
        "day_of_week": 6
      }
    },
    {
      "type": "Feature",
      "geometry": {
        "type": "Point",
        "coordinates": [
          120.67491580979627,
          24.193189828661808
        ]
      },
      "properties": {
        "routeId": "taichung-197-q3-3e7f7a-d6",
        "city": "taichung",
        "route_name": "197-Q3",
        "car_seq": "197-Q3",
        "arrival_time": "1412",
        "departure_time": "1418",
        "district": "北屯區",
        "village": "后庄里",
        "location": "后庄路752號",
        "type": "沿街",
        "collection_type": "garbage",
        "day_of_week": 6
      }
    },
    {
      "type": "Feature",
      "geometry": {
        "type": "Point",
        "coordinates": [
          120.67491580979627,
          24.193189828661808
        ]
      },
      "properties": {
        "routeId": "taichung-197-q3-3e7f7a-d6",
        "city": "taichung",
        "route_name": "197-Q3",
        "car_seq": "197-Q3",
        "arrival_time": "1412",
        "departure_time": "1418",
        "district": "北屯區",
        "village": "后庄里",
        "location": "后庄路752號",
        "type": "沿街",
        "collection_type": "recycling",
        "day_of_week": 6
      }
    },
    {
      "type": "Feature",
      "geometry": {
        "type": "Point",
        "coordinates": [
          120.67701501205963,
          24.193149045987592
        ]
      },
      "properties": {
        "routeId": "taichung-197-q3-3e7f7a-d6",
        "city": "taichung",
        "route_name": "197-Q3",
        "car_seq": "197-Q3",
        "arrival_time": "1413",
        "departure_time": "1419",
        "district": "北屯區",
        "village": "后庄里",
        "location": "后庄路858號",
        "type": "沿街",
        "collection_type": "garbage",
        "day_of_week": 6
      }
    },
    {
      "type": "Feature",
      "geometry": {
        "type": "Point",
        "coordinates": [
          120.67701501205963,
          24.193149045987592
        ]
      },
      "properties": {
        "routeId": "taichung-197-q3-3e7f7a-d6",
        "city": "taichung",
        "route_name": "197-Q3",
        "car_seq": "197-Q3",
        "arrival_time": "1413",
        "departure_time": "1419",
        "district": "北屯區",
        "village": "后庄里",
        "location": "后庄路858號",
        "type": "沿街",
        "collection_type": "recycling",
        "day_of_week": 6
      }
    },
    {
      "type": "Feature",
      "geometry": {
        "type": "Point",
        "coordinates": [
          120.67903743051811,
          24.193035035064884
        ]
      },
      "properties": {
        "routeId": "taichung-197-q3-3e7f7a-d6",
        "city": "taichung",
        "route_name": "197-Q3",
        "car_seq": "197-Q3",
        "arrival_time": "1414",
        "departure_time": "1420",
        "district": "北屯區",
        "village": "后庄里",
        "location": "后庄路970號",
        "type": "沿街",
        "collection_type": "garbage",
        "day_of_week": 6
      }
    },
    {
      "type": "Feature",
      "geometry": {
        "type": "Point",
        "coordinates": [
          120.67903743051811,
          24.193035035064884
        ]
      },
      "properties": {
        "routeId": "taichung-197-q3-3e7f7a-d6",
        "city": "taichung",
        "route_name": "197-Q3",
        "car_seq": "197-Q3",
        "arrival_time": "1414",
        "departure_time": "1420",
        "district": "北屯區",
        "village": "后庄里",
        "location": "后庄路970號",
        "type": "沿街",
        "collection_type": "recycling",
        "day_of_week": 6
      }
    },
    {
      "type": "Feature",
      "geometry": {
        "type": "Point",
        "coordinates": [
          120.67960126295729,
          24.192885622402375
        ]
      },
      "properties": {
        "routeId": "taichung-197-q3-3e7f7a-d6",
        "city": "taichung",
        "route_name": "197-Q3",
        "car_seq": "197-Q3",
        "arrival_time": "1415",
        "departure_time": "1421",
        "district": "北屯區",
        "village": "后庄里",
        "location": "后庄路1000號",
        "type": "沿街",
        "collection_type": "garbage",
        "day_of_week": 6
      }
    },
    {
      "type": "Feature",
      "geometry": {
        "type": "Point",
        "coordinates": [
          120.67960126295729,
          24.192885622402375
        ]
      },
      "properties": {
        "routeId": "taichung-197-q3-3e7f7a-d6",
        "city": "taichung",
        "route_name": "197-Q3",
        "car_seq": "197-Q3",
        "arrival_time": "1415",
        "departure_time": "1421",
        "district": "北屯區",
        "village": "后庄里",
        "location": "后庄路1000號",
        "type": "沿街",
        "collection_type": "recycling",
        "day_of_week": 6
      }
    },
    {
      "type": "Feature",
      "geometry": {
        "type": "Point",
        "coordinates": [
          120.68016225981204,
          24.192755695854775
        ]
      },
      "properties": {
        "routeId": "taichung-197-q3-3e7f7a-d6",
        "city": "taichung",
        "route_name": "197-Q3",
        "car_seq": "197-Q3",
        "arrival_time": "1416",
        "departure_time": "1422",
        "district": "北屯區",
        "village": "后庄里",
        "location": "后庄路1036號",
        "type": "沿街",
        "collection_type": "garbage",
        "day_of_week": 6
      }
    },
    {
      "type": "Feature",
      "geometry": {
        "type": "Point",
        "coordinates": [
          120.68016225981204,
          24.192755695854775
        ]
      },
      "properties": {
        "routeId": "taichung-197-q3-3e7f7a-d6",
        "city": "taichung",
        "route_name": "197-Q3",
        "car_seq": "197-Q3",
        "arrival_time": "1416",
        "departure_time": "1422",
        "district": "北屯區",
        "village": "后庄里",
        "location": "后庄路1036號",
        "type": "沿街",
        "collection_type": "recycling",
        "day_of_week": 6
      }
    },
    {
      "type": "Feature",
      "geometry": {
        "type": "Point",
        "coordinates": [
          120.68113085336164,
          24.192557980085724
        ]
      },
      "properties": {
        "routeId": "taichung-197-q3-3e7f7a-d6",
        "city": "taichung",
        "route_name": "197-Q3",
        "car_seq": "197-Q3",
        "arrival_time": "1417",
        "departure_time": "1423",
        "district": "北屯區",
        "village": "后庄里",
        "location": "后庄路1092號",
        "type": "沿街",
        "collection_type": "garbage",
        "day_of_week": 6
      }
    },
    {
      "type": "Feature",
      "geometry": {
        "type": "Point",
        "coordinates": [
          120.68113085336164,
          24.192557980085724
        ]
      },
      "properties": {
        "routeId": "taichung-197-q3-3e7f7a-d6",
        "city": "taichung",
        "route_name": "197-Q3",
        "car_seq": "197-Q3",
        "arrival_time": "1417",
        "departure_time": "1423",
        "district": "北屯區",
        "village": "后庄里",
        "location": "后庄路1092號",
        "type": "沿街",
        "collection_type": "recycling",
        "day_of_week": 6
      }
    },
    {
      "type": "Feature",
      "geometry": {
        "type": "Point",
        "coordinates": [
          120.6792685618048,
          24.198116941256018
        ]
      },
      "properties": {
        "routeId": "taichung-197-q3-3e7f7a-d6",
        "city": "taichung",
        "route_name": "197-Q3",
        "car_seq": "197-Q3",
        "arrival_time": "1418",
        "departure_time": "1424",
        "district": "北屯區",
        "village": "四民里",
        "location": "昌平路二段164號",
        "type": "沿街",
        "collection_type": "garbage",
        "day_of_week": 6
      }
    },
    {
      "type": "Feature",
      "geometry": {
        "type": "Point",
        "coordinates": [
          120.6792685618048,
          24.198116941256018
        ]
      },
      "properties": {
        "routeId": "taichung-197-q3-3e7f7a-d6",
        "city": "taichung",
        "route_name": "197-Q3",
        "car_seq": "197-Q3",
        "arrival_time": "1418",
        "departure_time": "1424",
        "district": "北屯區",
        "village": "四民里",
        "location": "昌平路二段164號",
        "type": "沿街",
        "collection_type": "recycling",
        "day_of_week": 6
      }
    },
    {
      "type": "Feature",
      "geometry": {
        "type": "Point",
        "coordinates": [
          120.67778107051983,
          24.199052077676676
        ]
      },
      "properties": {
        "routeId": "taichung-197-q3-3e7f7a-d6",
        "city": "taichung",
        "route_name": "197-Q3",
        "car_seq": "197-Q3",
        "arrival_time": "1419",
        "departure_time": "1425",
        "district": "北屯區",
        "village": "四民里",
        "location": "昌平路二段180-1號",
        "type": "沿街",
        "collection_type": "garbage",
        "day_of_week": 6
      }
    },
    {
      "type": "Feature",
      "geometry": {
        "type": "Point",
        "coordinates": [
          120.67778107051983,
          24.199052077676676
        ]
      },
      "properties": {
        "routeId": "taichung-197-q3-3e7f7a-d6",
        "city": "taichung",
        "route_name": "197-Q3",
        "car_seq": "197-Q3",
        "arrival_time": "1419",
        "departure_time": "1425",
        "district": "北屯區",
        "village": "四民里",
        "location": "昌平路二段180-1號",
        "type": "沿街",
        "collection_type": "recycling",
        "day_of_week": 6
      }
    },
    {
      "type": "Feature",
      "geometry": {
        "type": "Point",
        "coordinates": [
          120.67886403976613,
          24.19938988157513
        ]
      },
      "properties": {
        "routeId": "taichung-197-q3-3e7f7a-d6",
        "city": "taichung",
        "route_name": "197-Q3",
        "car_seq": "197-Q3",
        "arrival_time": "1422",
        "departure_time": "1428",
        "district": "北屯區",
        "village": "四民里",
        "location": "同樂巷7號",
        "type": "沿街",
        "collection_type": "garbage",
        "day_of_week": 6
      }
    },
    {
      "type": "Feature",
      "geometry": {
        "type": "Point",
        "coordinates": [
          120.67886403976613,
          24.19938988157513
        ]
      },
      "properties": {
        "routeId": "taichung-197-q3-3e7f7a-d6",
        "city": "taichung",
        "route_name": "197-Q3",
        "car_seq": "197-Q3",
        "arrival_time": "1422",
        "departure_time": "1428",
        "district": "北屯區",
        "village": "四民里",
        "location": "同樂巷7號",
        "type": "沿街",
        "collection_type": "recycling",
        "day_of_week": 6
      }
    },
    {
      "type": "Feature",
      "geometry": {
        "type": "Point",
        "coordinates": [
          120.67690042557551,
          24.200203663156238
        ]
      },
      "properties": {
        "routeId": "taichung-197-q3-3e7f7a-d6",
        "city": "taichung",
        "route_name": "197-Q3",
        "car_seq": "197-Q3",
        "arrival_time": "1423",
        "departure_time": "1429",
        "district": "北屯區",
        "village": "四民里",
        "location": "昌平路二段191-7號",
        "type": "沿街",
        "collection_type": "garbage",
        "day_of_week": 6
      }
    },
    {
      "type": "Feature",
      "geometry": {
        "type": "Point",
        "coordinates": [
          120.67690042557551,
          24.200203663156238
        ]
      },
      "properties": {
        "routeId": "taichung-197-q3-3e7f7a-d6",
        "city": "taichung",
        "route_name": "197-Q3",
        "car_seq": "197-Q3",
        "arrival_time": "1423",
        "departure_time": "1429",
        "district": "北屯區",
        "village": "四民里",
        "location": "昌平路二段191-7號",
        "type": "沿街",
        "collection_type": "recycling",
        "day_of_week": 6
      }
    },
    {
      "type": "Feature",
      "geometry": {
        "type": "Point",
        "coordinates": [
          120.67687335860356,
          24.200225492654752
        ]
      },
      "properties": {
        "routeId": "taichung-197-q3-3e7f7a-d6",
        "city": "taichung",
        "route_name": "197-Q3",
        "car_seq": "197-Q3",
        "arrival_time": "1424",
        "departure_time": "1430",
        "district": "北屯區",
        "village": "四民里",
        "location": "昌平路二段191-8號",
        "type": "沿街",
        "collection_type": "garbage",
        "day_of_week": 6
      }
    },
    {
      "type": "Feature",
      "geometry": {
        "type": "Point",
        "coordinates": [
          120.67687335860356,
          24.200225492654752
        ]
      },
      "properties": {
        "routeId": "taichung-197-q3-3e7f7a-d6",
        "city": "taichung",
        "route_name": "197-Q3",
        "car_seq": "197-Q3",
        "arrival_time": "1424",
        "departure_time": "1430",
        "district": "北屯區",
        "village": "四民里",
        "location": "昌平路二段191-8號",
        "type": "沿街",
        "collection_type": "recycling",
        "day_of_week": 6
      }
    },
    {
      "type": "Feature",
      "geometry": {
        "type": "Point",
        "coordinates": [
          120.67449460647215,
          24.203050618963733
        ]
      },
      "properties": {
        "routeId": "taichung-197-q3-3e7f7a-d6",
        "city": "taichung",
        "route_name": "197-Q3",
        "car_seq": "197-Q3",
        "arrival_time": "1425",
        "departure_time": "1431",
        "district": "北屯區",
        "village": "四民里",
        "location": "昌平路三段101巷2號",
        "type": "沿街",
        "collection_type": "garbage",
        "day_of_week": 6
      }
    },
    {
      "type": "Feature",
      "geometry": {
        "type": "Point",
        "coordinates": [
          120.67449460647215,
          24.203050618963733
        ]
      },
      "properties": {
        "routeId": "taichung-197-q3-3e7f7a-d6",
        "city": "taichung",
        "route_name": "197-Q3",
        "car_seq": "197-Q3",
        "arrival_time": "1425",
        "departure_time": "1431",
        "district": "北屯區",
        "village": "四民里",
        "location": "昌平路三段101巷2號",
        "type": "沿街",
        "collection_type": "recycling",
        "day_of_week": 6
      }
    },
    {
      "type": "Feature",
      "geometry": {
        "type": "Point",
        "coordinates": [
          120.6739412630485,
          24.202969220071914
        ]
      },
      "properties": {
        "routeId": "taichung-197-q3-3e7f7a-d6",
        "city": "taichung",
        "route_name": "197-Q3",
        "car_seq": "197-Q3",
        "arrival_time": "1426",
        "departure_time": "1432",
        "district": "北屯區",
        "village": "四民里",
        "location": "昌平路三段101巷26號",
        "type": "沿街",
        "collection_type": "garbage",
        "day_of_week": 6
      }
    },
    {
      "type": "Feature",
      "geometry": {
        "type": "Point",
        "coordinates": [
          120.6739412630485,
          24.202969220071914
        ]
      },
      "properties": {
        "routeId": "taichung-197-q3-3e7f7a-d6",
        "city": "taichung",
        "route_name": "197-Q3",
        "car_seq": "197-Q3",
        "arrival_time": "1426",
        "departure_time": "1432",
        "district": "北屯區",
        "village": "四民里",
        "location": "昌平路三段101巷26號",
        "type": "沿街",
        "collection_type": "recycling",
        "day_of_week": 6
      }
    },
    {
      "type": "Feature",
      "geometry": {
        "type": "Point",
        "coordinates": [
          120.673032747414,
          24.20277735215712
        ]
      },
      "properties": {
        "routeId": "taichung-197-q3-3e7f7a-d6",
        "city": "taichung",
        "route_name": "197-Q3",
        "car_seq": "197-Q3",
        "arrival_time": "1427",
        "departure_time": "1433",
        "district": "北屯區",
        "village": "四民里",
        "location": "昌平路三段101巷78號",
        "type": "沿街",
        "collection_type": "garbage",
        "day_of_week": 6
      }
    },
    {
      "type": "Feature",
      "geometry": {
        "type": "Point",
        "coordinates": [
          120.673032747414,
          24.20277735215712
        ]
      },
      "properties": {
        "routeId": "taichung-197-q3-3e7f7a-d6",
        "city": "taichung",
        "route_name": "197-Q3",
        "car_seq": "197-Q3",
        "arrival_time": "1427",
        "departure_time": "1433",
        "district": "北屯區",
        "village": "四民里",
        "location": "昌平路三段101巷78號",
        "type": "沿街",
        "collection_type": "recycling",
        "day_of_week": 6
      }
    },
    {
      "type": "Feature",
      "geometry": {
        "type": "Point",
        "coordinates": [
          120.6724613516111,
          24.20269991814905
        ]
      },
      "properties": {
        "routeId": "taichung-197-q3-3e7f7a-d6",
        "city": "taichung",
        "route_name": "197-Q3",
        "car_seq": "197-Q3",
        "arrival_time": "1428",
        "departure_time": "1434",
        "district": "北屯區",
        "village": "四民里",
        "location": "昌平路三段101巷96號",
        "type": "沿街",
        "collection_type": "garbage",
        "day_of_week": 6
      }
    },
    {
      "type": "Feature",
      "geometry": {
        "type": "Point",
        "coordinates": [
          120.6724613516111,
          24.20269991814905
        ]
      },
      "properties": {
        "routeId": "taichung-197-q3-3e7f7a-d6",
        "city": "taichung",
        "route_name": "197-Q3",
        "car_seq": "197-Q3",
        "arrival_time": "1428",
        "departure_time": "1434",
        "district": "北屯區",
        "village": "四民里",
        "location": "昌平路三段101巷96號",
        "type": "沿街",
        "collection_type": "recycling",
        "day_of_week": 6
      }
    },
    {
      "type": "Feature",
      "geometry": {
        "type": "Point",
        "coordinates": [
          120.67008973466318,
          24.203336031021045
        ]
      },
      "properties": {
        "routeId": "taichung-197-q3-3e7f7a-d6",
        "city": "taichung",
        "route_name": "197-Q3",
        "car_seq": "197-Q3",
        "arrival_time": "1429",
        "departure_time": "1435",
        "district": "北屯區",
        "village": "四民里",
        "location": "昌平路三段101巷198號",
        "type": "沿街",
        "collection_type": "garbage",
        "day_of_week": 6
      }
    },
    {
      "type": "Feature",
      "geometry": {
        "type": "Point",
        "coordinates": [
          120.67008973466318,
          24.203336031021045
        ]
      },
      "properties": {
        "routeId": "taichung-197-q3-3e7f7a-d6",
        "city": "taichung",
        "route_name": "197-Q3",
        "car_seq": "197-Q3",
        "arrival_time": "1429",
        "departure_time": "1435",
        "district": "北屯區",
        "village": "四民里",
        "location": "昌平路三段101巷198號",
        "type": "沿街",
        "collection_type": "recycling",
        "day_of_week": 6
      }
    },
    {
      "type": "Feature",
      "geometry": {
        "type": "Point",
        "coordinates": [
          120.67119533094781,
          24.20257642533505
        ]
      },
      "properties": {
        "routeId": "taichung-197-q3-3e7f7a-d6",
        "city": "taichung",
        "route_name": "197-Q3",
        "car_seq": "197-Q3",
        "arrival_time": "1430",
        "departure_time": "1436",
        "district": "北屯區",
        "village": "同榮里",
        "location": "昌平路三段101巷15號",
        "type": "沿街",
        "collection_type": "garbage",
        "day_of_week": 6
      }
    },
    {
      "type": "Feature",
      "geometry": {
        "type": "Point",
        "coordinates": [
          120.67119533094781,
          24.20257642533505
        ]
      },
      "properties": {
        "routeId": "taichung-197-q3-3e7f7a-d6",
        "city": "taichung",
        "route_name": "197-Q3",
        "car_seq": "197-Q3",
        "arrival_time": "1430",
        "departure_time": "1436",
        "district": "北屯區",
        "village": "同榮里",
        "location": "昌平路三段101巷15號",
        "type": "沿街",
        "collection_type": "recycling",
        "day_of_week": 6
      }
    },
    {
      "type": "Feature",
      "geometry": {
        "type": "Point",
        "coordinates": [
          120.67275393268073,
          24.201453680838558
        ]
      },
      "properties": {
        "routeId": "taichung-197-q3-3e7f7a-d6",
        "city": "taichung",
        "route_name": "197-Q3",
        "car_seq": "197-Q3",
        "arrival_time": "1431",
        "departure_time": "1437",
        "district": "北屯區",
        "village": "同榮里",
        "location": "環中路一段1538號",
        "type": "沿街",
        "collection_type": "garbage",
        "day_of_week": 6
      }
    },
    {
      "type": "Feature",
      "geometry": {
        "type": "Point",
        "coordinates": [
          120.67275393268073,
          24.201453680838558
        ]
      },
      "properties": {
        "routeId": "taichung-197-q3-3e7f7a-d6",
        "city": "taichung",
        "route_name": "197-Q3",
        "car_seq": "197-Q3",
        "arrival_time": "1431",
        "departure_time": "1437",
        "district": "北屯區",
        "village": "同榮里",
        "location": "環中路一段1538號",
        "type": "沿街",
        "collection_type": "recycling",
        "day_of_week": 6
      }
    },
    {
      "type": "Feature",
      "geometry": {
        "type": "Point",
        "coordinates": [
          120.67229361965948,
          24.20143943663613
        ]
      },
      "properties": {
        "routeId": "taichung-197-q3-3e7f7a-d6",
        "city": "taichung",
        "route_name": "197-Q3",
        "car_seq": "197-Q3",
        "arrival_time": "1432",
        "departure_time": "1438",
        "district": "北屯區",
        "village": "同榮里",
        "location": "環中路一段1560號",
        "type": "沿街",
        "collection_type": "garbage",
        "day_of_week": 6
      }
    },
    {
      "type": "Feature",
      "geometry": {
        "type": "Point",
        "coordinates": [
          120.67229361965948,
          24.20143943663613
        ]
      },
      "properties": {
        "routeId": "taichung-197-q3-3e7f7a-d6",
        "city": "taichung",
        "route_name": "197-Q3",
        "car_seq": "197-Q3",
        "arrival_time": "1432",
        "departure_time": "1438",
        "district": "北屯區",
        "village": "同榮里",
        "location": "環中路一段1560號",
        "type": "沿街",
        "collection_type": "recycling",
        "day_of_week": 6
      }
    },
    {
      "type": "Feature",
      "geometry": {
        "type": "Point",
        "coordinates": [
          120.67196269551086,
          24.20151062442515
        ]
      },
      "properties": {
        "routeId": "taichung-197-q3-3e7f7a-d6",
        "city": "taichung",
        "route_name": "197-Q3",
        "car_seq": "197-Q3",
        "arrival_time": "1433",
        "departure_time": "1439",
        "district": "北屯區",
        "village": "同榮里",
        "location": "環中路一段1576號",
        "type": "沿街",
        "collection_type": "garbage",
        "day_of_week": 6
      }
    },
    {
      "type": "Feature",
      "geometry": {
        "type": "Point",
        "coordinates": [
          120.67196269551086,
          24.20151062442515
        ]
      },
      "properties": {
        "routeId": "taichung-197-q3-3e7f7a-d6",
        "city": "taichung",
        "route_name": "197-Q3",
        "car_seq": "197-Q3",
        "arrival_time": "1433",
        "departure_time": "1439",
        "district": "北屯區",
        "village": "同榮里",
        "location": "環中路一段1576號",
        "type": "沿街",
        "collection_type": "recycling",
        "day_of_week": 6
      }
    },
    {
      "type": "Feature",
      "geometry": {
        "type": "Point",
        "coordinates": [
          120.66988472932478,
          24.20140904534342
        ]
      },
      "properties": {
        "routeId": "taichung-197-q3-3e7f7a-d6",
        "city": "taichung",
        "route_name": "197-Q3",
        "car_seq": "197-Q3",
        "arrival_time": "1434",
        "departure_time": "1440",
        "district": "北屯區",
        "village": "同榮里",
        "location": "環中路一段1686號",
        "type": "沿街",
        "collection_type": "garbage",
        "day_of_week": 6
      }
    },
    {
      "type": "Feature",
      "geometry": {
        "type": "Point",
        "coordinates": [
          120.66988472932478,
          24.20140904534342
        ]
      },
      "properties": {
        "routeId": "taichung-197-q3-3e7f7a-d6",
        "city": "taichung",
        "route_name": "197-Q3",
        "car_seq": "197-Q3",
        "arrival_time": "1434",
        "departure_time": "1440",
        "district": "北屯區",
        "village": "同榮里",
        "location": "環中路一段1686號",
        "type": "沿街",
        "collection_type": "recycling",
        "day_of_week": 6
      }
    },
    {
      "type": "Feature",
      "geometry": {
        "type": "Point",
        "coordinates": [
          120.66849429232384,
          24.20147687912316
        ]
      },
      "properties": {
        "routeId": "taichung-197-q3-3e7f7a-d6",
        "city": "taichung",
        "route_name": "197-Q3",
        "car_seq": "197-Q3",
        "arrival_time": "1435",
        "departure_time": "1441",
        "district": "北屯區",
        "village": "同榮里",
        "location": "環中路一段1760號",
        "type": "沿街",
        "collection_type": "garbage",
        "day_of_week": 6
      }
    },
    {
      "type": "Feature",
      "geometry": {
        "type": "Point",
        "coordinates": [
          120.66849429232384,
          24.20147687912316
        ]
      },
      "properties": {
        "routeId": "taichung-197-q3-3e7f7a-d6",
        "city": "taichung",
        "route_name": "197-Q3",
        "car_seq": "197-Q3",
        "arrival_time": "1435",
        "departure_time": "1441",
        "district": "北屯區",
        "village": "同榮里",
        "location": "環中路一段1760號",
        "type": "沿街",
        "collection_type": "recycling",
        "day_of_week": 6
      }
    },
    {
      "type": "Feature",
      "geometry": {
        "type": "Point",
        "coordinates": [
          120.66640059249968,
          24.201574529723068
        ]
      },
      "properties": {
        "routeId": "taichung-197-q3-3e7f7a-d6",
        "city": "taichung",
        "route_name": "197-Q3",
        "car_seq": "197-Q3",
        "arrival_time": "1436",
        "departure_time": "1442",
        "district": "北屯區",
        "village": "同榮里",
        "location": "環中路一段1872號",
        "type": "沿街",
        "collection_type": "garbage",
        "day_of_week": 6
      }
    },
    {
      "type": "Feature",
      "geometry": {
        "type": "Point",
        "coordinates": [
          120.66640059249968,
          24.201574529723068
        ]
      },
      "properties": {
        "routeId": "taichung-197-q3-3e7f7a-d6",
        "city": "taichung",
        "route_name": "197-Q3",
        "car_seq": "197-Q3",
        "arrival_time": "1436",
        "departure_time": "1442",
        "district": "北屯區",
        "village": "同榮里",
        "location": "環中路一段1872號",
        "type": "沿街",
        "collection_type": "recycling",
        "day_of_week": 6
      }
    },
    {
      "type": "Feature",
      "geometry": {
        "type": "Point",
        "coordinates": [
          120.66374052108334,
          24.198950321143183
        ]
      },
      "properties": {
        "routeId": "taichung-197-q3-3e7f7a-d6",
        "city": "taichung",
        "route_name": "197-Q3",
        "car_seq": "197-Q3",
        "arrival_time": "1437",
        "departure_time": "1443",
        "district": "北屯區",
        "village": "同榮里",
        "location": "同榮路412號",
        "type": "沿街",
        "collection_type": "garbage",
        "day_of_week": 6
      }
    },
    {
      "type": "Feature",
      "geometry": {
        "type": "Point",
        "coordinates": [
          120.66374052108334,
          24.198950321143183
        ]
      },
      "properties": {
        "routeId": "taichung-197-q3-3e7f7a-d6",
        "city": "taichung",
        "route_name": "197-Q3",
        "car_seq": "197-Q3",
        "arrival_time": "1437",
        "departure_time": "1443",
        "district": "北屯區",
        "village": "同榮里",
        "location": "同榮路412號",
        "type": "沿街",
        "collection_type": "recycling",
        "day_of_week": 6
      }
    },
    {
      "type": "Feature",
      "geometry": {
        "type": "Point",
        "coordinates": [
          120.66323884995259,
          24.19847300221371
        ]
      },
      "properties": {
        "routeId": "taichung-197-q3-3e7f7a-d6",
        "city": "taichung",
        "route_name": "197-Q3",
        "car_seq": "197-Q3",
        "arrival_time": "1442",
        "departure_time": "1448",
        "district": "北屯區",
        "village": "同榮里",
        "location": "同榮路269號",
        "type": "沿街",
        "collection_type": "garbage",
        "day_of_week": 6
      }
    },
    {
      "type": "Feature",
      "geometry": {
        "type": "Point",
        "coordinates": [
          120.66323884995259,
          24.19847300221371
        ]
      },
      "properties": {
        "routeId": "taichung-197-q3-3e7f7a-d6",
        "city": "taichung",
        "route_name": "197-Q3",
        "car_seq": "197-Q3",
        "arrival_time": "1442",
        "departure_time": "1448",
        "district": "北屯區",
        "village": "同榮里",
        "location": "同榮路269號",
        "type": "沿街",
        "collection_type": "recycling",
        "day_of_week": 6
      }
    },
    {
      "type": "Feature",
      "geometry": {
        "type": "Point",
        "coordinates": [
          120.66284232217376,
          24.19735268024513
        ]
      },
      "properties": {
        "routeId": "taichung-197-q3-3e7f7a-d6",
        "city": "taichung",
        "route_name": "197-Q3",
        "car_seq": "197-Q3",
        "arrival_time": "1444",
        "departure_time": "1450",
        "district": "北屯區",
        "village": "同榮里",
        "location": "同榮路318巷6號",
        "type": "沿街",
        "collection_type": "garbage",
        "day_of_week": 6
      }
    },
    {
      "type": "Feature",
      "geometry": {
        "type": "Point",
        "coordinates": [
          120.66284232217376,
          24.19735268024513
        ]
      },
      "properties": {
        "routeId": "taichung-197-q3-3e7f7a-d6",
        "city": "taichung",
        "route_name": "197-Q3",
        "car_seq": "197-Q3",
        "arrival_time": "1444",
        "departure_time": "1450",
        "district": "北屯區",
        "village": "同榮里",
        "location": "同榮路318巷6號",
        "type": "沿街",
        "collection_type": "recycling",
        "day_of_week": 6
      }
    },
    {
      "type": "Feature",
      "geometry": {
        "type": "Point",
        "coordinates": [
          120.66286275257352,
          24.197860087491062
        ]
      },
      "properties": {
        "routeId": "taichung-197-q3-3e7f7a-d6",
        "city": "taichung",
        "route_name": "197-Q3",
        "car_seq": "197-Q3",
        "arrival_time": "1446",
        "departure_time": "1452",
        "district": "北屯區",
        "village": "同榮里",
        "location": "同榮路247號",
        "type": "沿街",
        "collection_type": "garbage",
        "day_of_week": 6
      }
    },
    {
      "type": "Feature",
      "geometry": {
        "type": "Point",
        "coordinates": [
          120.66286275257352,
          24.197860087491062
        ]
      },
      "properties": {
        "routeId": "taichung-197-q3-3e7f7a-d6",
        "city": "taichung",
        "route_name": "197-Q3",
        "car_seq": "197-Q3",
        "arrival_time": "1446",
        "departure_time": "1452",
        "district": "北屯區",
        "village": "同榮里",
        "location": "同榮路247號",
        "type": "沿街",
        "collection_type": "recycling",
        "day_of_week": 6
      }
    },
    {
      "type": "Feature",
      "geometry": {
        "type": "Point",
        "coordinates": [
          120.6623863300247,
          24.197961604922416
        ]
      },
      "properties": {
        "routeId": "taichung-197-q3-3e7f7a-d6",
        "city": "taichung",
        "route_name": "197-Q3",
        "car_seq": "197-Q3",
        "arrival_time": "1448",
        "departure_time": "1454",
        "district": "北屯區",
        "village": "同榮里",
        "location": "同榮路239巷16號",
        "type": "沿街",
        "collection_type": "garbage",
        "day_of_week": 6
      }
    },
    {
      "type": "Feature",
      "geometry": {
        "type": "Point",
        "coordinates": [
          120.6623863300247,
          24.197961604922416
        ]
      },
      "properties": {
        "routeId": "taichung-197-q3-3e7f7a-d6",
        "city": "taichung",
        "route_name": "197-Q3",
        "car_seq": "197-Q3",
        "arrival_time": "1448",
        "departure_time": "1454",
        "district": "北屯區",
        "village": "同榮里",
        "location": "同榮路239巷16號",
        "type": "沿街",
        "collection_type": "recycling",
        "day_of_week": 6
      }
    },
    {
      "type": "Feature",
      "geometry": {
        "type": "Point",
        "coordinates": [
          120.66203627459439,
          24.198155499397938
        ]
      },
      "properties": {
        "routeId": "taichung-197-q3-3e7f7a-d6",
        "city": "taichung",
        "route_name": "197-Q3",
        "car_seq": "197-Q3",
        "arrival_time": "1451",
        "departure_time": "1457",
        "district": "北屯區",
        "village": "同榮里",
        "location": "同榮路239巷30號",
        "type": "沿街",
        "collection_type": "garbage",
        "day_of_week": 6
      }
    },
    {
      "type": "Feature",
      "geometry": {
        "type": "Point",
        "coordinates": [
          120.66203627459439,
          24.198155499397938
        ]
      },
      "properties": {
        "routeId": "taichung-197-q3-3e7f7a-d6",
        "city": "taichung",
        "route_name": "197-Q3",
        "car_seq": "197-Q3",
        "arrival_time": "1451",
        "departure_time": "1457",
        "district": "北屯區",
        "village": "同榮里",
        "location": "同榮路239巷30號",
        "type": "沿街",
        "collection_type": "recycling",
        "day_of_week": 6
      }
    },
    {
      "type": "Feature",
      "geometry": {
        "type": "Point",
        "coordinates": [
          120.66231570371448,
          24.198543473203486
        ]
      },
      "properties": {
        "routeId": "taichung-197-q3-3e7f7a-d6",
        "city": "taichung",
        "route_name": "197-Q3",
        "car_seq": "197-Q3",
        "arrival_time": "1455",
        "departure_time": "1501",
        "district": "北屯區",
        "village": "同榮里",
        "location": "同榮路239巷36弄30號",
        "type": "沿街",
        "collection_type": "garbage",
        "day_of_week": 6
      }
    },
    {
      "type": "Feature",
      "geometry": {
        "type": "Point",
        "coordinates": [
          120.66231570371448,
          24.198543473203486
        ]
      },
      "properties": {
        "routeId": "taichung-197-q3-3e7f7a-d6",
        "city": "taichung",
        "route_name": "197-Q3",
        "car_seq": "197-Q3",
        "arrival_time": "1455",
        "departure_time": "1501",
        "district": "北屯區",
        "village": "同榮里",
        "location": "同榮路239巷36弄30號",
        "type": "沿街",
        "collection_type": "recycling",
        "day_of_week": 6
      }
    },
    {
      "type": "Feature",
      "geometry": {
        "type": "Point",
        "coordinates": [
          120.66228809147034,
          24.199589936852046
        ]
      },
      "properties": {
        "routeId": "taichung-197-q3-3e7f7a-d6",
        "city": "taichung",
        "route_name": "197-Q3",
        "car_seq": "197-Q3",
        "arrival_time": "1458",
        "departure_time": "1504",
        "district": "北屯區",
        "village": "同榮里",
        "location": "中康街259巷50號",
        "type": "沿街",
        "collection_type": "garbage",
        "day_of_week": 6
      }
    },
    {
      "type": "Feature",
      "geometry": {
        "type": "Point",
        "coordinates": [
          120.66228809147034,
          24.199589936852046
        ]
      },
      "properties": {
        "routeId": "taichung-197-q3-3e7f7a-d6",
        "city": "taichung",
        "route_name": "197-Q3",
        "car_seq": "197-Q3",
        "arrival_time": "1458",
        "departure_time": "1504",
        "district": "北屯區",
        "village": "同榮里",
        "location": "中康街259巷50號",
        "type": "沿街",
        "collection_type": "recycling",
        "day_of_week": 6
      }
    },
    {
      "type": "Feature",
      "geometry": {
        "type": "Point",
        "coordinates": [
          120.66283248444113,
          24.200198945489326
        ]
      },
      "properties": {
        "routeId": "taichung-197-q3-3e7f7a-d6",
        "city": "taichung",
        "route_name": "197-Q3",
        "car_seq": "197-Q3",
        "arrival_time": "1501",
        "departure_time": "1507",
        "district": "北屯區",
        "village": "同榮里",
        "location": "更生巷238號",
        "type": "沿街",
        "collection_type": "garbage",
        "day_of_week": 6
      }
    },
    {
      "type": "Feature",
      "geometry": {
        "type": "Point",
        "coordinates": [
          120.66283248444113,
          24.200198945489326
        ]
      },
      "properties": {
        "routeId": "taichung-197-q3-3e7f7a-d6",
        "city": "taichung",
        "route_name": "197-Q3",
        "car_seq": "197-Q3",
        "arrival_time": "1501",
        "departure_time": "1507",
        "district": "北屯區",
        "village": "同榮里",
        "location": "更生巷238號",
        "type": "沿街",
        "collection_type": "recycling",
        "day_of_week": 6
      }
    },
    {
      "type": "Feature",
      "geometry": {
        "type": "Point",
        "coordinates": [
          120.6633289216165,
          24.20008104680076
        ]
      },
      "properties": {
        "routeId": "taichung-197-q3-3e7f7a-d6",
        "city": "taichung",
        "route_name": "197-Q3",
        "car_seq": "197-Q3",
        "arrival_time": "1503",
        "departure_time": "1509",
        "district": "北屯區",
        "village": "同榮里",
        "location": "更生巷206號",
        "type": "沿街",
        "collection_type": "garbage",
        "day_of_week": 6
      }
    },
    {
      "type": "Feature",
      "geometry": {
        "type": "Point",
        "coordinates": [
          120.6633289216165,
          24.20008104680076
        ]
      },
      "properties": {
        "routeId": "taichung-197-q3-3e7f7a-d6",
        "city": "taichung",
        "route_name": "197-Q3",
        "car_seq": "197-Q3",
        "arrival_time": "1503",
        "departure_time": "1509",
        "district": "北屯區",
        "village": "同榮里",
        "location": "更生巷206號",
        "type": "沿街",
        "collection_type": "recycling",
        "day_of_week": 6
      }
    },
    {
      "type": "Feature",
      "geometry": {
        "type": "Point",
        "coordinates": [
          120.66249240148713,
          24.198577001958583
        ]
      },
      "properties": {
        "routeId": "taichung-197-q3-3e7f7a-d6",
        "city": "taichung",
        "route_name": "197-Q3",
        "car_seq": "197-Q3",
        "arrival_time": "1505",
        "departure_time": "1511",
        "district": "北屯區",
        "village": "同榮里",
        "location": "同榮北街27號",
        "type": "沿街",
        "collection_type": "garbage",
        "day_of_week": 6
      }
    },
    {
      "type": "Feature",
      "geometry": {
        "type": "Point",
        "coordinates": [
          120.66249240148713,
          24.198577001958583
        ]
      },
      "properties": {
        "routeId": "taichung-197-q3-3e7f7a-d6",
        "city": "taichung",
        "route_name": "197-Q3",
        "car_seq": "197-Q3",
        "arrival_time": "1505",
        "departure_time": "1511",
        "district": "北屯區",
        "village": "同榮里",
        "location": "同榮北街27號",
        "type": "沿街",
        "collection_type": "recycling",
        "day_of_week": 6
      }
    },
    {
      "type": "Feature",
      "geometry": {
        "type": "Point",
        "coordinates": [
          120.66234197796408,
          24.198322576913192
        ]
      },
      "properties": {
        "routeId": "taichung-197-q3-3e7f7a-d6",
        "city": "taichung",
        "route_name": "197-Q3",
        "car_seq": "197-Q3",
        "arrival_time": "1507",
        "departure_time": "1513",
        "district": "北屯區",
        "village": "同榮里",
        "location": "同榮北街13號",
        "type": "沿街",
        "collection_type": "garbage",
        "day_of_week": 6
      }
    },
    {
      "type": "Feature",
      "geometry": {
        "type": "Point",
        "coordinates": [
          120.66234197796408,
          24.198322576913192
        ]
      },
      "properties": {
        "routeId": "taichung-197-q3-3e7f7a-d6",
        "city": "taichung",
        "route_name": "197-Q3",
        "car_seq": "197-Q3",
        "arrival_time": "1507",
        "departure_time": "1513",
        "district": "北屯區",
        "village": "同榮里",
        "location": "同榮北街13號",
        "type": "沿街",
        "collection_type": "recycling",
        "day_of_week": 6
      }
    },
    {
      "type": "Feature",
      "geometry": {
        "type": "Point",
        "coordinates": [
          120.66237207485392,
          24.196986415393493
        ]
      },
      "properties": {
        "routeId": "taichung-197-q3-3e7f7a-d6",
        "city": "taichung",
        "route_name": "197-Q3",
        "car_seq": "197-Q3",
        "arrival_time": "1510",
        "departure_time": "1516",
        "district": "北屯區",
        "village": "同榮里",
        "location": "同榮路215號",
        "type": "沿街",
        "collection_type": "garbage",
        "day_of_week": 6
      }
    },
    {
      "type": "Feature",
      "geometry": {
        "type": "Point",
        "coordinates": [
          120.66237207485392,
          24.196986415393493
        ]
      },
      "properties": {
        "routeId": "taichung-197-q3-3e7f7a-d6",
        "city": "taichung",
        "route_name": "197-Q3",
        "car_seq": "197-Q3",
        "arrival_time": "1510",
        "departure_time": "1516",
        "district": "北屯區",
        "village": "同榮里",
        "location": "同榮路215號",
        "type": "沿街",
        "collection_type": "recycling",
        "day_of_week": 6
      }
    },
    {
      "type": "Feature",
      "geometry": {
        "type": "Point",
        "coordinates": [
          120.66146598205528,
          24.197010779702378
        ]
      },
      "properties": {
        "routeId": "taichung-197-q3-3e7f7a-d6",
        "city": "taichung",
        "route_name": "197-Q3",
        "car_seq": "197-Q3",
        "arrival_time": "1513",
        "departure_time": "1519",
        "district": "北屯區",
        "village": "同榮里",
        "location": "中清路二段1250巷158弄35號",
        "type": "沿街",
        "collection_type": "garbage",
        "day_of_week": 6
      }
    },
    {
      "type": "Feature",
      "geometry": {
        "type": "Point",
        "coordinates": [
          120.66146598205528,
          24.197010779702378
        ]
      },
      "properties": {
        "routeId": "taichung-197-q3-3e7f7a-d6",
        "city": "taichung",
        "route_name": "197-Q3",
        "car_seq": "197-Q3",
        "arrival_time": "1513",
        "departure_time": "1519",
        "district": "北屯區",
        "village": "同榮里",
        "location": "中清路二段1250巷158弄35號",
        "type": "沿街",
        "collection_type": "recycling",
        "day_of_week": 6
      }
    },
    {
      "type": "Feature",
      "geometry": {
        "type": "Point",
        "coordinates": [
          120.66143139631531,
          24.196624829250187
        ]
      },
      "properties": {
        "routeId": "taichung-197-q3-3e7f7a-d6",
        "city": "taichung",
        "route_name": "197-Q3",
        "car_seq": "197-Q3",
        "arrival_time": "1516",
        "departure_time": "1522",
        "district": "北屯區",
        "village": "同榮里",
        "location": "中清路二段1250巷146弄27號",
        "type": "沿街",
        "collection_type": "garbage",
        "day_of_week": 6
      }
    },
    {
      "type": "Feature",
      "geometry": {
        "type": "Point",
        "coordinates": [
          120.66143139631531,
          24.196624829250187
        ]
      },
      "properties": {
        "routeId": "taichung-197-q3-3e7f7a-d6",
        "city": "taichung",
        "route_name": "197-Q3",
        "car_seq": "197-Q3",
        "arrival_time": "1516",
        "departure_time": "1522",
        "district": "北屯區",
        "village": "同榮里",
        "location": "中清路二段1250巷146弄27號",
        "type": "沿街",
        "collection_type": "recycling",
        "day_of_week": 6
      }
    },
    {
      "type": "Feature",
      "geometry": {
        "type": "Point",
        "coordinates": [
          120.66197771510146,
          24.196243147970936
        ]
      },
      "properties": {
        "routeId": "taichung-197-q3-3e7f7a-d6",
        "city": "taichung",
        "route_name": "197-Q3",
        "car_seq": "197-Q3",
        "arrival_time": "1518",
        "departure_time": "1524",
        "district": "北屯區",
        "village": "同榮里",
        "location": "同榮路177號",
        "type": "沿街",
        "collection_type": "garbage",
        "day_of_week": 6
      }
    },
    {
      "type": "Feature",
      "geometry": {
        "type": "Point",
        "coordinates": [
          120.66197771510146,
          24.196243147970936
        ]
      },
      "properties": {
        "routeId": "taichung-197-q3-3e7f7a-d6",
        "city": "taichung",
        "route_name": "197-Q3",
        "car_seq": "197-Q3",
        "arrival_time": "1518",
        "departure_time": "1524",
        "district": "北屯區",
        "village": "同榮里",
        "location": "同榮路177號",
        "type": "沿街",
        "collection_type": "recycling",
        "day_of_week": 6
      }
    },
    {
      "type": "Feature",
      "geometry": {
        "type": "Point",
        "coordinates": [
          120.66121571526095,
          24.196067922971714
        ]
      },
      "properties": {
        "routeId": "taichung-197-q3-3e7f7a-d6",
        "city": "taichung",
        "route_name": "197-Q3",
        "car_seq": "197-Q3",
        "arrival_time": "1520",
        "departure_time": "1526",
        "district": "北屯區",
        "village": "同榮里",
        "location": "中清路二段1250巷130弄30號",
        "type": "沿街",
        "collection_type": "garbage",
        "day_of_week": 6
      }
    },
    {
      "type": "Feature",
      "geometry": {
        "type": "Point",
        "coordinates": [
          120.66121571526095,
          24.196067922971714
        ]
      },
      "properties": {
        "routeId": "taichung-197-q3-3e7f7a-d6",
        "city": "taichung",
        "route_name": "197-Q3",
        "car_seq": "197-Q3",
        "arrival_time": "1520",
        "departure_time": "1526",
        "district": "北屯區",
        "village": "同榮里",
        "location": "中清路二段1250巷130弄30號",
        "type": "沿街",
        "collection_type": "recycling",
        "day_of_week": 6
      }
    },
    {
      "type": "Feature",
      "geometry": {
        "type": "Point",
        "coordinates": [
          120.6610152138331,
          24.195783254673547
        ]
      },
      "properties": {
        "routeId": "taichung-197-q3-3e7f7a-d6",
        "city": "taichung",
        "route_name": "197-Q3",
        "car_seq": "197-Q3",
        "arrival_time": "1522",
        "departure_time": "1528",
        "district": "北屯區",
        "village": "同榮里",
        "location": "中清路二段1250巷118弄26號",
        "type": "沿街",
        "collection_type": "garbage",
        "day_of_week": 6
      }
    },
    {
      "type": "Feature",
      "geometry": {
        "type": "Point",
        "coordinates": [
          120.6610152138331,
          24.195783254673547
        ]
      },
      "properties": {
        "routeId": "taichung-197-q3-3e7f7a-d6",
        "city": "taichung",
        "route_name": "197-Q3",
        "car_seq": "197-Q3",
        "arrival_time": "1522",
        "departure_time": "1528",
        "district": "北屯區",
        "village": "同榮里",
        "location": "中清路二段1250巷118弄26號",
        "type": "沿街",
        "collection_type": "recycling",
        "day_of_week": 6
      }
    },
    {
      "type": "Feature",
      "geometry": {
        "type": "Point",
        "coordinates": [
          120.66152382463774,
          24.19586942251389
        ]
      },
      "properties": {
        "routeId": "taichung-197-q3-3e7f7a-d6",
        "city": "taichung",
        "route_name": "197-Q3",
        "car_seq": "197-Q3",
        "arrival_time": "1523",
        "departure_time": "1529",
        "district": "北屯區",
        "village": "同榮里",
        "location": "中清路二段1250巷118弄39號",
        "type": "沿街",
        "collection_type": "garbage",
        "day_of_week": 6
      }
    },
    {
      "type": "Feature",
      "geometry": {
        "type": "Point",
        "coordinates": [
          120.66152382463774,
          24.19586942251389
        ]
      },
      "properties": {
        "routeId": "taichung-197-q3-3e7f7a-d6",
        "city": "taichung",
        "route_name": "197-Q3",
        "car_seq": "197-Q3",
        "arrival_time": "1523",
        "departure_time": "1529",
        "district": "北屯區",
        "village": "同榮里",
        "location": "中清路二段1250巷118弄39號",
        "type": "沿街",
        "collection_type": "recycling",
        "day_of_week": 6
      }
    },
    {
      "type": "Feature",
      "geometry": {
        "type": "Point",
        "coordinates": [
          120.6615938977802,
          24.19521442535274
        ]
      },
      "properties": {
        "routeId": "taichung-197-q3-3e7f7a-d6",
        "city": "taichung",
        "route_name": "197-Q3",
        "car_seq": "197-Q3",
        "arrival_time": "1527",
        "departure_time": "1533",
        "district": "北屯區",
        "village": "同榮里",
        "location": "同榮路135之1號",
        "type": "沿街",
        "collection_type": "garbage",
        "day_of_week": 6
      }
    },
    {
      "type": "Feature",
      "geometry": {
        "type": "Point",
        "coordinates": [
          120.6615938977802,
          24.19521442535274
        ]
      },
      "properties": {
        "routeId": "taichung-197-q3-3e7f7a-d6",
        "city": "taichung",
        "route_name": "197-Q3",
        "car_seq": "197-Q3",
        "arrival_time": "1527",
        "departure_time": "1533",
        "district": "北屯區",
        "village": "同榮里",
        "location": "同榮路135之1號",
        "type": "沿街",
        "collection_type": "recycling",
        "day_of_week": 6
      }
    },
    {
      "type": "Feature",
      "geometry": {
        "type": "Point",
        "coordinates": [
          120.66117377639038,
          24.195317228881866
        ]
      },
      "properties": {
        "routeId": "taichung-197-q3-3e7f7a-d6",
        "city": "taichung",
        "route_name": "197-Q3",
        "car_seq": "197-Q3",
        "arrival_time": "1528",
        "departure_time": "1534",
        "district": "北屯區",
        "village": "同榮里",
        "location": "中清路二段1250巷96弄25號",
        "type": "沿街",
        "collection_type": "garbage",
        "day_of_week": 6
      }
    },
    {
      "type": "Feature",
      "geometry": {
        "type": "Point",
        "coordinates": [
          120.66117377639038,
          24.195317228881866
        ]
      },
      "properties": {
        "routeId": "taichung-197-q3-3e7f7a-d6",
        "city": "taichung",
        "route_name": "197-Q3",
        "car_seq": "197-Q3",
        "arrival_time": "1528",
        "departure_time": "1534",
        "district": "北屯區",
        "village": "同榮里",
        "location": "中清路二段1250巷96弄25號",
        "type": "沿街",
        "collection_type": "recycling",
        "day_of_week": 6
      }
    },
    {
      "type": "Feature",
      "geometry": {
        "type": "Point",
        "coordinates": [
          120.66008230929847,
          24.193280961530256
        ]
      },
      "properties": {
        "routeId": "taichung-197-q3-3e7f7a-d6",
        "city": "taichung",
        "route_name": "197-Q3",
        "car_seq": "197-Q3",
        "arrival_time": "1529",
        "departure_time": "1535",
        "district": "北屯區",
        "village": "同榮里",
        "location": "中清路二段1226巷8弄1號",
        "type": "沿街",
        "collection_type": "garbage",
        "day_of_week": 6
      }
    },
    {
      "type": "Feature",
      "geometry": {
        "type": "Point",
        "coordinates": [
          120.66008230929847,
          24.193280961530256
        ]
      },
      "properties": {
        "routeId": "taichung-197-q3-3e7f7a-d6",
        "city": "taichung",
        "route_name": "197-Q3",
        "car_seq": "197-Q3",
        "arrival_time": "1529",
        "departure_time": "1535",
        "district": "北屯區",
        "village": "同榮里",
        "location": "中清路二段1226巷8弄1號",
        "type": "沿街",
        "collection_type": "recycling",
        "day_of_week": 6
      }
    },
    {
      "type": "Feature",
      "geometry": {
        "type": "Point",
        "coordinates": [
          120.66028929345684,
          24.194144627708503
        ]
      },
      "properties": {
        "routeId": "taichung-197-q3-3e7f7a-d6",
        "city": "taichung",
        "route_name": "197-Q3",
        "car_seq": "197-Q3",
        "arrival_time": "1531",
        "departure_time": "1537",
        "district": "北屯區",
        "village": "同榮里",
        "location": "中清路二段1226巷36號",
        "type": "沿街",
        "collection_type": "garbage",
        "day_of_week": 6
      }
    },
    {
      "type": "Feature",
      "geometry": {
        "type": "Point",
        "coordinates": [
          120.66028929345684,
          24.194144627708503
        ]
      },
      "properties": {
        "routeId": "taichung-197-q3-3e7f7a-d6",
        "city": "taichung",
        "route_name": "197-Q3",
        "car_seq": "197-Q3",
        "arrival_time": "1531",
        "departure_time": "1537",
        "district": "北屯區",
        "village": "同榮里",
        "location": "中清路二段1226巷36號",
        "type": "沿街",
        "collection_type": "recycling",
        "day_of_week": 6
      }
    },
    {
      "type": "Feature",
      "geometry": {
        "type": "Point",
        "coordinates": [
          120.66040764163121,
          24.194464517616687
        ]
      },
      "properties": {
        "routeId": "taichung-197-q3-3e7f7a-d6",
        "city": "taichung",
        "route_name": "197-Q3",
        "car_seq": "197-Q3",
        "arrival_time": "1532",
        "departure_time": "1538",
        "district": "北屯區",
        "village": "同榮里",
        "location": "中清路二段1226巷58號",
        "type": "沿街",
        "collection_type": "garbage",
        "day_of_week": 6
      }
    },
    {
      "type": "Feature",
      "geometry": {
        "type": "Point",
        "coordinates": [
          120.66040764163121,
          24.194464517616687
        ]
      },
      "properties": {
        "routeId": "taichung-197-q3-3e7f7a-d6",
        "city": "taichung",
        "route_name": "197-Q3",
        "car_seq": "197-Q3",
        "arrival_time": "1532",
        "departure_time": "1538",
        "district": "北屯區",
        "village": "同榮里",
        "location": "中清路二段1226巷58號",
        "type": "沿街",
        "collection_type": "recycling",
        "day_of_week": 6
      }
    },
    {
      "type": "Feature",
      "geometry": {
        "type": "Point",
        "coordinates": [
          120.66046388123928,
          24.194712324067968
        ]
      },
      "properties": {
        "routeId": "taichung-197-q3-3e7f7a-d6",
        "city": "taichung",
        "route_name": "197-Q3",
        "car_seq": "197-Q3",
        "arrival_time": "1533",
        "departure_time": "1539",
        "district": "北屯區",
        "village": "同榮里",
        "location": "中清路二段1226巷70號",
        "type": "沿街",
        "collection_type": "garbage",
        "day_of_week": 6
      }
    },
    {
      "type": "Feature",
      "geometry": {
        "type": "Point",
        "coordinates": [
          120.66046388123928,
          24.194712324067968
        ]
      },
      "properties": {
        "routeId": "taichung-197-q3-3e7f7a-d6",
        "city": "taichung",
        "route_name": "197-Q3",
        "car_seq": "197-Q3",
        "arrival_time": "1533",
        "departure_time": "1539",
        "district": "北屯區",
        "village": "同榮里",
        "location": "中清路二段1226巷70號",
        "type": "沿街",
        "collection_type": "recycling",
        "day_of_week": 6
      }
    },
    {
      "type": "Feature",
      "geometry": {
        "type": "Point",
        "coordinates": [
          120.66059661020532,
          24.19497705009493
        ]
      },
      "properties": {
        "routeId": "taichung-197-q3-3e7f7a-d6",
        "city": "taichung",
        "route_name": "197-Q3",
        "car_seq": "197-Q3",
        "arrival_time": "1534",
        "departure_time": "1540",
        "district": "北屯區",
        "village": "同榮里",
        "location": "中清路二段1226巷86號",
        "type": "沿街",
        "collection_type": "garbage",
        "day_of_week": 6
      }
    },
    {
      "type": "Feature",
      "geometry": {
        "type": "Point",
        "coordinates": [
          120.66059661020532,
          24.19497705009493
        ]
      },
      "properties": {
        "routeId": "taichung-197-q3-3e7f7a-d6",
        "city": "taichung",
        "route_name": "197-Q3",
        "car_seq": "197-Q3",
        "arrival_time": "1534",
        "departure_time": "1540",
        "district": "北屯區",
        "village": "同榮里",
        "location": "中清路二段1226巷86號",
        "type": "沿街",
        "collection_type": "recycling",
        "day_of_week": 6
      }
    },
    {
      "type": "Feature",
      "geometry": {
        "type": "Point",
        "coordinates": [
          120.66122888276179,
          24.19495140522343
        ]
      },
      "properties": {
        "routeId": "taichung-197-q3-3e7f7a-d6",
        "city": "taichung",
        "route_name": "197-Q3",
        "car_seq": "197-Q3",
        "arrival_time": "1535",
        "departure_time": "1541",
        "district": "北屯區",
        "village": "同榮里",
        "location": "同榮路89號",
        "type": "沿街",
        "collection_type": "garbage",
        "day_of_week": 6
      }
    },
    {
      "type": "Feature",
      "geometry": {
        "type": "Point",
        "coordinates": [
          120.66122888276179,
          24.19495140522343
        ]
      },
      "properties": {
        "routeId": "taichung-197-q3-3e7f7a-d6",
        "city": "taichung",
        "route_name": "197-Q3",
        "car_seq": "197-Q3",
        "arrival_time": "1535",
        "departure_time": "1541",
        "district": "北屯區",
        "village": "同榮里",
        "location": "同榮路89號",
        "type": "沿街",
        "collection_type": "recycling",
        "day_of_week": 6
      }
    },
    {
      "type": "Feature",
      "geometry": {
        "type": "Point",
        "coordinates": [
          120.66058060551673,
          24.193715936223658
        ]
      },
      "properties": {
        "routeId": "taichung-197-q3-3e7f7a-d6",
        "city": "taichung",
        "route_name": "197-Q3",
        "car_seq": "197-Q3",
        "arrival_time": "1536",
        "departure_time": "1542",
        "district": "北屯區",
        "village": "后庄里",
        "location": "同榮路45號",
        "type": "沿街",
        "collection_type": "garbage",
        "day_of_week": 6
      }
    },
    {
      "type": "Feature",
      "geometry": {
        "type": "Point",
        "coordinates": [
          120.66058060551673,
          24.193715936223658
        ]
      },
      "properties": {
        "routeId": "taichung-197-q3-3e7f7a-d6",
        "city": "taichung",
        "route_name": "197-Q3",
        "car_seq": "197-Q3",
        "arrival_time": "1536",
        "departure_time": "1542",
        "district": "北屯區",
        "village": "后庄里",
        "location": "同榮路45號",
        "type": "沿街",
        "collection_type": "recycling",
        "day_of_week": 6
      }
    },
    {
      "type": "Feature",
      "geometry": {
        "type": "Point",
        "coordinates": [
          120.66243112350432,
          24.19377593709159
        ]
      },
      "properties": {
        "routeId": "taichung-197-q3-3e7f7a-d6",
        "city": "taichung",
        "route_name": "197-Q3",
        "car_seq": "197-Q3",
        "arrival_time": "1537",
        "departure_time": "1543",
        "district": "北屯區",
        "village": "后庄里",
        "location": "新興路16巷1號",
        "type": "沿街",
        "collection_type": "garbage",
        "day_of_week": 6
      }
    },
    {
      "type": "Feature",
      "geometry": {
        "type": "Point",
        "coordinates": [
          120.66243112350432,
          24.19377593709159
        ]
      },
      "properties": {
        "routeId": "taichung-197-q3-3e7f7a-d6",
        "city": "taichung",
        "route_name": "197-Q3",
        "car_seq": "197-Q3",
        "arrival_time": "1537",
        "departure_time": "1543",
        "district": "北屯區",
        "village": "后庄里",
        "location": "新興路16巷1號",
        "type": "沿街",
        "collection_type": "recycling",
        "day_of_week": 6
      }
    },
    {
      "type": "Feature",
      "geometry": {
        "type": "Point",
        "coordinates": [
          120.66297060246728,
          24.193923549236075
        ]
      },
      "properties": {
        "routeId": "taichung-197-q3-3e7f7a-d6",
        "city": "taichung",
        "route_name": "197-Q3",
        "car_seq": "197-Q3",
        "arrival_time": "1538",
        "departure_time": "1544",
        "district": "北屯區",
        "village": "后庄里",
        "location": "新興路18巷4號",
        "type": "沿街",
        "collection_type": "garbage",
        "day_of_week": 6
      }
    },
    {
      "type": "Feature",
      "geometry": {
        "type": "Point",
        "coordinates": [
          120.66297060246728,
          24.193923549236075
        ]
      },
      "properties": {
        "routeId": "taichung-197-q3-3e7f7a-d6",
        "city": "taichung",
        "route_name": "197-Q3",
        "car_seq": "197-Q3",
        "arrival_time": "1538",
        "departure_time": "1544",
        "district": "北屯區",
        "village": "后庄里",
        "location": "新興路18巷4號",
        "type": "沿街",
        "collection_type": "recycling",
        "day_of_week": 6
      }
    },
    {
      "type": "Feature",
      "geometry": {
        "type": "Point",
        "coordinates": [
          120.66356746532439,
          24.19459839540658
        ]
      },
      "properties": {
        "routeId": "taichung-197-q3-3e7f7a-d6",
        "city": "taichung",
        "route_name": "197-Q3",
        "car_seq": "197-Q3",
        "arrival_time": "1539",
        "departure_time": "1545",
        "district": "北屯區",
        "village": "后庄里",
        "location": "新興路18巷18弄2號",
        "type": "沿街",
        "collection_type": "garbage",
        "day_of_week": 6
      }
    },
    {
      "type": "Feature",
      "geometry": {
        "type": "Point",
        "coordinates": [
          120.66356746532439,
          24.19459839540658
        ]
      },
      "properties": {
        "routeId": "taichung-197-q3-3e7f7a-d6",
        "city": "taichung",
        "route_name": "197-Q3",
        "car_seq": "197-Q3",
        "arrival_time": "1539",
        "departure_time": "1545",
        "district": "北屯區",
        "village": "后庄里",
        "location": "新興路18巷18弄2號",
        "type": "沿街",
        "collection_type": "recycling",
        "day_of_week": 6
      }
    },
    {
      "type": "Feature",
      "geometry": {
        "type": "Point",
        "coordinates": [
          120.66397020391159,
          24.195447761970197
        ]
      },
      "properties": {
        "routeId": "taichung-197-q3-3e7f7a-d6",
        "city": "taichung",
        "route_name": "197-Q3",
        "car_seq": "197-Q3",
        "arrival_time": "1540",
        "departure_time": "1546",
        "district": "北屯區",
        "village": "同榮里",
        "location": "新興路18巷33號",
        "type": "沿街",
        "collection_type": "garbage",
        "day_of_week": 6
      }
    },
    {
      "type": "Feature",
      "geometry": {
        "type": "Point",
        "coordinates": [
          120.66397020391159,
          24.195447761970197
        ]
      },
      "properties": {
        "routeId": "taichung-197-q3-3e7f7a-d6",
        "city": "taichung",
        "route_name": "197-Q3",
        "car_seq": "197-Q3",
        "arrival_time": "1540",
        "departure_time": "1546",
        "district": "北屯區",
        "village": "同榮里",
        "location": "新興路18巷33號",
        "type": "沿街",
        "collection_type": "recycling",
        "day_of_week": 6
      }
    },
    {
      "type": "Feature",
      "geometry": {
        "type": "Point",
        "coordinates": [
          120.66476661008966,
          24.195320785921894
        ]
      },
      "properties": {
        "routeId": "taichung-197-q3-3e7f7a-d6",
        "city": "taichung",
        "route_name": "197-Q3",
        "car_seq": "197-Q3",
        "arrival_time": "1541",
        "departure_time": "1547",
        "district": "北屯區",
        "village": "同榮里",
        "location": "新興路18巷78號",
        "type": "沿街",
        "collection_type": "garbage",
        "day_of_week": 6
      }
    },
    {
      "type": "Feature",
      "geometry": {
        "type": "Point",
        "coordinates": [
          120.66476661008966,
          24.195320785921894
        ]
      },
      "properties": {
        "routeId": "taichung-197-q3-3e7f7a-d6",
        "city": "taichung",
        "route_name": "197-Q3",
        "car_seq": "197-Q3",
        "arrival_time": "1541",
        "departure_time": "1547",
        "district": "北屯區",
        "village": "同榮里",
        "location": "新興路18巷78號",
        "type": "沿街",
        "collection_type": "recycling",
        "day_of_week": 6
      }
    },
    {
      "type": "Feature",
      "geometry": {
        "type": "Point",
        "coordinates": [
          120.66450048384202,
          24.197026546671918
        ]
      },
      "properties": {
        "routeId": "taichung-197-q3-3e7f7a-d6",
        "city": "taichung",
        "route_name": "197-Q3",
        "car_seq": "197-Q3",
        "arrival_time": "1544",
        "departure_time": "1550",
        "district": "北屯區",
        "village": "后庄里",
        "location": "新興路228號",
        "type": "沿街",
        "collection_type": "garbage",
        "day_of_week": 6
      }
    },
    {
      "type": "Feature",
      "geometry": {
        "type": "Point",
        "coordinates": [
          120.66450048384202,
          24.197026546671918
        ]
      },
      "properties": {
        "routeId": "taichung-197-q3-3e7f7a-d6",
        "city": "taichung",
        "route_name": "197-Q3",
        "car_seq": "197-Q3",
        "arrival_time": "1544",
        "departure_time": "1550",
        "district": "北屯區",
        "village": "后庄里",
        "location": "新興路228號",
        "type": "沿街",
        "collection_type": "recycling",
        "day_of_week": 6
      }
    },
    {
      "type": "Feature",
      "geometry": {
        "type": "Point",
        "coordinates": [
          120.66306155559042,
          24.196445139461364
        ]
      },
      "properties": {
        "routeId": "taichung-197-q3-3e7f7a-d6",
        "city": "taichung",
        "route_name": "197-Q3",
        "car_seq": "197-Q3",
        "arrival_time": "1547",
        "departure_time": "1553",
        "district": "北屯區",
        "village": "后庄里",
        "location": "同榮路260巷35號",
        "type": "沿街",
        "collection_type": "garbage",
        "day_of_week": 6
      }
    },
    {
      "type": "Feature",
      "geometry": {
        "type": "Point",
        "coordinates": [
          120.66306155559042,
          24.196445139461364
        ]
      },
      "properties": {
        "routeId": "taichung-197-q3-3e7f7a-d6",
        "city": "taichung",
        "route_name": "197-Q3",
        "car_seq": "197-Q3",
        "arrival_time": "1547",
        "departure_time": "1553",
        "district": "北屯區",
        "village": "后庄里",
        "location": "同榮路260巷35號",
        "type": "沿街",
        "collection_type": "recycling",
        "day_of_week": 6
      }
    },
    {
      "type": "Feature",
      "geometry": {
        "type": "Point",
        "coordinates": [
          120.66329941989453,
          24.196883375722294
        ]
      },
      "properties": {
        "routeId": "taichung-197-q3-3e7f7a-d6",
        "city": "taichung",
        "route_name": "197-Q3",
        "car_seq": "197-Q3",
        "arrival_time": "1553",
        "departure_time": "1559",
        "district": "北屯區",
        "village": "后庄里",
        "location": "同榮路288巷31號",
        "type": "沿街",
        "collection_type": "garbage",
        "day_of_week": 6
      }
    },
    {
      "type": "Feature",
      "geometry": {
        "type": "Point",
        "coordinates": [
          120.66329941989453,
          24.196883375722294
        ]
      },
      "properties": {
        "routeId": "taichung-197-q3-3e7f7a-d6",
        "city": "taichung",
        "route_name": "197-Q3",
        "car_seq": "197-Q3",
        "arrival_time": "1553",
        "departure_time": "1559",
        "district": "北屯區",
        "village": "后庄里",
        "location": "同榮路288巷31號",
        "type": "沿街",
        "collection_type": "recycling",
        "day_of_week": 6
      }
    },
    {
      "type": "Feature",
      "geometry": {
        "type": "Point",
        "coordinates": [
          120.6650949396329,
          24.191187602510517
        ]
      },
      "properties": {
        "routeId": "taichung-197-q3-3e7f7a-d6",
        "city": "taichung",
        "route_name": "197-Q3",
        "car_seq": "197-Q3",
        "arrival_time": "1817",
        "departure_time": "1823",
        "district": "北屯區",
        "village": "后庄里",
        "location": "后庄北路137號",
        "type": "沿街",
        "collection_type": "garbage",
        "day_of_week": 6
      }
    },
    {
      "type": "Feature",
      "geometry": {
        "type": "Point",
        "coordinates": [
          120.6650949396329,
          24.191187602510517
        ]
      },
      "properties": {
        "routeId": "taichung-197-q3-3e7f7a-d6",
        "city": "taichung",
        "route_name": "197-Q3",
        "car_seq": "197-Q3",
        "arrival_time": "1817",
        "departure_time": "1823",
        "district": "北屯區",
        "village": "后庄里",
        "location": "后庄北路137號",
        "type": "沿街",
        "collection_type": "recycling",
        "day_of_week": 6
      }
    },
    {
      "type": "Feature",
      "geometry": {
        "type": "Point",
        "coordinates": [
          120.6636409010647,
          24.190878065451514
        ]
      },
      "properties": {
        "routeId": "taichung-197-q3-3e7f7a-d6",
        "city": "taichung",
        "route_name": "197-Q3",
        "car_seq": "197-Q3",
        "arrival_time": "1822",
        "departure_time": "1828",
        "district": "北屯區",
        "village": "后庄里",
        "location": "后庄三街188巷1號",
        "type": "沿街",
        "collection_type": "garbage",
        "day_of_week": 6
      }
    },
    {
      "type": "Feature",
      "geometry": {
        "type": "Point",
        "coordinates": [
          120.6636409010647,
          24.190878065451514
        ]
      },
      "properties": {
        "routeId": "taichung-197-q3-3e7f7a-d6",
        "city": "taichung",
        "route_name": "197-Q3",
        "car_seq": "197-Q3",
        "arrival_time": "1822",
        "departure_time": "1828",
        "district": "北屯區",
        "village": "后庄里",
        "location": "后庄三街188巷1號",
        "type": "沿街",
        "collection_type": "recycling",
        "day_of_week": 6
      }
    },
    {
      "type": "Feature",
      "geometry": {
        "type": "Point",
        "coordinates": [
          120.66363027017847,
          24.191328502172713
        ]
      },
      "properties": {
        "routeId": "taichung-197-q3-3e7f7a-d6",
        "city": "taichung",
        "route_name": "197-Q3",
        "car_seq": "197-Q3",
        "arrival_time": "1824",
        "departure_time": "1830",
        "district": "北屯區",
        "village": "后庄里",
        "location": "后庄三街206巷2號",
        "type": "沿街",
        "collection_type": "garbage",
        "day_of_week": 6
      }
    },
    {
      "type": "Feature",
      "geometry": {
        "type": "Point",
        "coordinates": [
          120.66363027017847,
          24.191328502172713
        ]
      },
      "properties": {
        "routeId": "taichung-197-q3-3e7f7a-d6",
        "city": "taichung",
        "route_name": "197-Q3",
        "car_seq": "197-Q3",
        "arrival_time": "1824",
        "departure_time": "1830",
        "district": "北屯區",
        "village": "后庄里",
        "location": "后庄三街206巷2號",
        "type": "沿街",
        "collection_type": "recycling",
        "day_of_week": 6
      }
    },
    {
      "type": "Feature",
      "geometry": {
        "type": "Point",
        "coordinates": [
          120.66408533998634,
          24.191665411845115
        ]
      },
      "properties": {
        "routeId": "taichung-197-q3-3e7f7a-d6",
        "city": "taichung",
        "route_name": "197-Q3",
        "car_seq": "197-Q3",
        "arrival_time": "1826",
        "departure_time": "1832",
        "district": "北屯區",
        "village": "后庄里",
        "location": "庄美街116號",
        "type": "沿街",
        "collection_type": "garbage",
        "day_of_week": 6
      }
    },
    {
      "type": "Feature",
      "geometry": {
        "type": "Point",
        "coordinates": [
          120.66408533998634,
          24.191665411845115
        ]
      },
      "properties": {
        "routeId": "taichung-197-q3-3e7f7a-d6",
        "city": "taichung",
        "route_name": "197-Q3",
        "car_seq": "197-Q3",
        "arrival_time": "1826",
        "departure_time": "1832",
        "district": "北屯區",
        "village": "后庄里",
        "location": "庄美街116號",
        "type": "沿街",
        "collection_type": "recycling",
        "day_of_week": 6
      }
    },
    {
      "type": "Feature",
      "geometry": {
        "type": "Point",
        "coordinates": [
          120.66439826995835,
          24.191725486540978
        ]
      },
      "properties": {
        "routeId": "taichung-197-q3-3e7f7a-d6",
        "city": "taichung",
        "route_name": "197-Q3",
        "car_seq": "197-Q3",
        "arrival_time": "1828",
        "departure_time": "1834",
        "district": "北屯區",
        "village": "后庄里",
        "location": "庄美街130號",
        "type": "沿街",
        "collection_type": "garbage",
        "day_of_week": 6
      }
    },
    {
      "type": "Feature",
      "geometry": {
        "type": "Point",
        "coordinates": [
          120.66439826995835,
          24.191725486540978
        ]
      },
      "properties": {
        "routeId": "taichung-197-q3-3e7f7a-d6",
        "city": "taichung",
        "route_name": "197-Q3",
        "car_seq": "197-Q3",
        "arrival_time": "1828",
        "departure_time": "1834",
        "district": "北屯區",
        "village": "后庄里",
        "location": "庄美街130號",
        "type": "沿街",
        "collection_type": "recycling",
        "day_of_week": 6
      }
    },
    {
      "type": "Feature",
      "geometry": {
        "type": "Point",
        "coordinates": [
          120.66504824154117,
          24.19270327594967
        ]
      },
      "properties": {
        "routeId": "taichung-197-q3-3e7f7a-d6",
        "city": "taichung",
        "route_name": "197-Q3",
        "car_seq": "197-Q3",
        "arrival_time": "1830",
        "departure_time": "1836",
        "district": "北屯區",
        "village": "后庄里",
        "location": "后庄七街232號",
        "type": "沿街",
        "collection_type": "garbage",
        "day_of_week": 6
      }
    },
    {
      "type": "Feature",
      "geometry": {
        "type": "Point",
        "coordinates": [
          120.66504824154117,
          24.19270327594967
        ]
      },
      "properties": {
        "routeId": "taichung-197-q3-3e7f7a-d6",
        "city": "taichung",
        "route_name": "197-Q3",
        "car_seq": "197-Q3",
        "arrival_time": "1830",
        "departure_time": "1836",
        "district": "北屯區",
        "village": "后庄里",
        "location": "后庄七街232號",
        "type": "沿街",
        "collection_type": "recycling",
        "day_of_week": 6
      }
    },
    {
      "type": "Feature",
      "geometry": {
        "type": "Point",
        "coordinates": [
          120.66507408227532,
          24.19314358980389
        ]
      },
      "properties": {
        "routeId": "taichung-197-q3-3e7f7a-d6",
        "city": "taichung",
        "route_name": "197-Q3",
        "car_seq": "197-Q3",
        "arrival_time": "1832",
        "departure_time": "1838",
        "district": "北屯區",
        "village": "后庄里",
        "location": "后庄七街260巷口",
        "type": "沿街",
        "collection_type": "garbage",
        "day_of_week": 6
      }
    },
    {
      "type": "Feature",
      "geometry": {
        "type": "Point",
        "coordinates": [
          120.66507408227532,
          24.19314358980389
        ]
      },
      "properties": {
        "routeId": "taichung-197-q3-3e7f7a-d6",
        "city": "taichung",
        "route_name": "197-Q3",
        "car_seq": "197-Q3",
        "arrival_time": "1832",
        "departure_time": "1838",
        "district": "北屯區",
        "village": "后庄里",
        "location": "后庄七街260巷口",
        "type": "沿街",
        "collection_type": "recycling",
        "day_of_week": 6
      }
    },
    {
      "type": "Feature",
      "geometry": {
        "type": "Point",
        "coordinates": [
          120.66504953992177,
          24.193943563231866
        ]
      },
      "properties": {
        "routeId": "taichung-197-q3-3e7f7a-d6",
        "city": "taichung",
        "route_name": "197-Q3",
        "car_seq": "197-Q3",
        "arrival_time": "1833",
        "departure_time": "1839",
        "district": "北屯區",
        "village": "后庄里",
        "location": "后庄七街290巷18號",
        "type": "沿街",
        "collection_type": "garbage",
        "day_of_week": 6
      }
    },
    {
      "type": "Feature",
      "geometry": {
        "type": "Point",
        "coordinates": [
          120.66504953992177,
          24.193943563231866
        ]
      },
      "properties": {
        "routeId": "taichung-197-q3-3e7f7a-d6",
        "city": "taichung",
        "route_name": "197-Q3",
        "car_seq": "197-Q3",
        "arrival_time": "1833",
        "departure_time": "1839",
        "district": "北屯區",
        "village": "后庄里",
        "location": "后庄七街290巷18號",
        "type": "沿街",
        "collection_type": "recycling",
        "day_of_week": 6
      }
    },
    {
      "type": "Feature",
      "geometry": {
        "type": "Point",
        "coordinates": [
          120.66590450970611,
          24.194162231990916
        ]
      },
      "properties": {
        "routeId": "taichung-197-q3-3e7f7a-d6",
        "city": "taichung",
        "route_name": "197-Q3",
        "car_seq": "197-Q3",
        "arrival_time": "1835",
        "departure_time": "1841",
        "district": "北屯區",
        "village": "后庄里",
        "location": "后庄七街282巷60號",
        "type": "沿街",
        "collection_type": "garbage",
        "day_of_week": 6
      }
    },
    {
      "type": "Feature",
      "geometry": {
        "type": "Point",
        "coordinates": [
          120.66590450970611,
          24.194162231990916
        ]
      },
      "properties": {
        "routeId": "taichung-197-q3-3e7f7a-d6",
        "city": "taichung",
        "route_name": "197-Q3",
        "car_seq": "197-Q3",
        "arrival_time": "1835",
        "departure_time": "1841",
        "district": "北屯區",
        "village": "后庄里",
        "location": "后庄七街282巷60號",
        "type": "沿街",
        "collection_type": "recycling",
        "day_of_week": 6
      }
    },
    {
      "type": "Feature",
      "geometry": {
        "type": "Point",
        "coordinates": [
          120.6645880878252,
          24.193920164909255
        ]
      },
      "properties": {
        "routeId": "taichung-197-q3-3e7f7a-d6",
        "city": "taichung",
        "route_name": "197-Q3",
        "car_seq": "197-Q3",
        "arrival_time": "1837",
        "departure_time": "1843",
        "district": "北屯區",
        "village": "后庄里",
        "location": "后庄七街292號",
        "type": "沿街",
        "collection_type": "garbage",
        "day_of_week": 6
      }
    },
    {
      "type": "Feature",
      "geometry": {
        "type": "Point",
        "coordinates": [
          120.6645880878252,
          24.193920164909255
        ]
      },
      "properties": {
        "routeId": "taichung-197-q3-3e7f7a-d6",
        "city": "taichung",
        "route_name": "197-Q3",
        "car_seq": "197-Q3",
        "arrival_time": "1837",
        "departure_time": "1843",
        "district": "北屯區",
        "village": "后庄里",
        "location": "后庄七街292號",
        "type": "沿街",
        "collection_type": "recycling",
        "day_of_week": 6
      }
    },
    {
      "type": "Feature",
      "geometry": {
        "type": "Point",
        "coordinates": [
          120.66438949905243,
          24.194245809916538
        ]
      },
      "properties": {
        "routeId": "taichung-197-q3-3e7f7a-d6",
        "city": "taichung",
        "route_name": "197-Q3",
        "car_seq": "197-Q3",
        "arrival_time": "1839",
        "departure_time": "1845",
        "district": "北屯區",
        "village": "后庄里",
        "location": "后庄七街310號",
        "type": "沿街",
        "collection_type": "garbage",
        "day_of_week": 6
      }
    },
    {
      "type": "Feature",
      "geometry": {
        "type": "Point",
        "coordinates": [
          120.66438949905243,
          24.194245809916538
        ]
      },
      "properties": {
        "routeId": "taichung-197-q3-3e7f7a-d6",
        "city": "taichung",
        "route_name": "197-Q3",
        "car_seq": "197-Q3",
        "arrival_time": "1839",
        "departure_time": "1845",
        "district": "北屯區",
        "village": "后庄里",
        "location": "后庄七街310號",
        "type": "沿街",
        "collection_type": "recycling",
        "day_of_week": 6
      }
    },
    {
      "type": "Feature",
      "geometry": {
        "type": "Point",
        "coordinates": [
          120.66360927112933,
          24.192095327905957
        ]
      },
      "properties": {
        "routeId": "taichung-197-q3-3e7f7a-d6",
        "city": "taichung",
        "route_name": "197-Q3",
        "car_seq": "197-Q3",
        "arrival_time": "1842",
        "departure_time": "1848",
        "district": "北屯區",
        "village": "后庄里",
        "location": "后庄三街210號",
        "type": "沿街",
        "collection_type": "garbage",
        "day_of_week": 6
      }
    },
    {
      "type": "Feature",
      "geometry": {
        "type": "Point",
        "coordinates": [
          120.66360927112933,
          24.192095327905957
        ]
      },
      "properties": {
        "routeId": "taichung-197-q3-3e7f7a-d6",
        "city": "taichung",
        "route_name": "197-Q3",
        "car_seq": "197-Q3",
        "arrival_time": "1842",
        "departure_time": "1848",
        "district": "北屯區",
        "village": "后庄里",
        "location": "后庄三街210號",
        "type": "沿街",
        "collection_type": "recycling",
        "day_of_week": 6
      }
    },
    {
      "type": "Feature",
      "geometry": {
        "type": "Point",
        "coordinates": [
          120.66283000073274,
          24.191934330144875
        ]
      },
      "properties": {
        "routeId": "taichung-197-q3-3e7f7a-d6",
        "city": "taichung",
        "route_name": "197-Q3",
        "car_seq": "197-Q3",
        "arrival_time": "1844",
        "departure_time": "1850",
        "district": "北屯區",
        "village": "后庄里",
        "location": "庄美街61號",
        "type": "沿街",
        "collection_type": "garbage",
        "day_of_week": 6
      }
    },
    {
      "type": "Feature",
      "geometry": {
        "type": "Point",
        "coordinates": [
          120.66283000073274,
          24.191934330144875
        ]
      },
      "properties": {
        "routeId": "taichung-197-q3-3e7f7a-d6",
        "city": "taichung",
        "route_name": "197-Q3",
        "car_seq": "197-Q3",
        "arrival_time": "1844",
        "departure_time": "1850",
        "district": "北屯區",
        "village": "后庄里",
        "location": "庄美街61號",
        "type": "沿街",
        "collection_type": "recycling",
        "day_of_week": 6
      }
    },
    {
      "type": "Feature",
      "geometry": {
        "type": "Point",
        "coordinates": [
          120.6625716239787,
          24.191929966085667
        ]
      },
      "properties": {
        "routeId": "taichung-197-q3-3e7f7a-d6",
        "city": "taichung",
        "route_name": "197-Q3",
        "car_seq": "197-Q3",
        "arrival_time": "1845",
        "departure_time": "1851",
        "district": "北屯區",
        "village": "后庄里",
        "location": "庄美街51號",
        "type": "沿街",
        "collection_type": "garbage",
        "day_of_week": 6
      }
    },
    {
      "type": "Feature",
      "geometry": {
        "type": "Point",
        "coordinates": [
          120.6625716239787,
          24.191929966085667
        ]
      },
      "properties": {
        "routeId": "taichung-197-q3-3e7f7a-d6",
        "city": "taichung",
        "route_name": "197-Q3",
        "car_seq": "197-Q3",
        "arrival_time": "1845",
        "departure_time": "1851",
        "district": "北屯區",
        "village": "后庄里",
        "location": "庄美街51號",
        "type": "沿街",
        "collection_type": "recycling",
        "day_of_week": 6
      }
    },
    {
      "type": "Feature",
      "geometry": {
        "type": "Point",
        "coordinates": [
          120.6624372296,
          24.19256685339747
        ]
      },
      "properties": {
        "routeId": "taichung-197-q3-3e7f7a-d6",
        "city": "taichung",
        "route_name": "197-Q3",
        "car_seq": "197-Q3",
        "arrival_time": "1847",
        "departure_time": "1853",
        "district": "北屯區",
        "village": "后庄里",
        "location": "中清路二段1166巷28弄21號",
        "type": "沿街",
        "collection_type": "garbage",
        "day_of_week": 6
      }
    },
    {
      "type": "Feature",
      "geometry": {
        "type": "Point",
        "coordinates": [
          120.6624372296,
          24.19256685339747
        ]
      },
      "properties": {
        "routeId": "taichung-197-q3-3e7f7a-d6",
        "city": "taichung",
        "route_name": "197-Q3",
        "car_seq": "197-Q3",
        "arrival_time": "1847",
        "departure_time": "1853",
        "district": "北屯區",
        "village": "后庄里",
        "location": "中清路二段1166巷28弄21號",
        "type": "沿街",
        "collection_type": "recycling",
        "day_of_week": 6
      }
    },
    {
      "type": "Feature",
      "geometry": {
        "type": "Point",
        "coordinates": [
          120.66112414833835,
          24.19206021607543
        ]
      },
      "properties": {
        "routeId": "taichung-197-q3-3e7f7a-d6",
        "city": "taichung",
        "route_name": "197-Q3",
        "car_seq": "197-Q3",
        "arrival_time": "1849",
        "departure_time": "1855",
        "district": "北屯區",
        "village": "后庄里",
        "location": "中清路二段1166巷28弄94號",
        "type": "沿街",
        "collection_type": "garbage",
        "day_of_week": 6
      }
    },
    {
      "type": "Feature",
      "geometry": {
        "type": "Point",
        "coordinates": [
          120.66112414833835,
          24.19206021607543
        ]
      },
      "properties": {
        "routeId": "taichung-197-q3-3e7f7a-d6",
        "city": "taichung",
        "route_name": "197-Q3",
        "car_seq": "197-Q3",
        "arrival_time": "1849",
        "departure_time": "1855",
        "district": "北屯區",
        "village": "后庄里",
        "location": "中清路二段1166巷28弄94號",
        "type": "沿街",
        "collection_type": "recycling",
        "day_of_week": 6
      }
    },
    {
      "type": "Feature",
      "geometry": {
        "type": "Point",
        "coordinates": [
          120.66174661230826,
          24.19123586508877
        ]
      },
      "properties": {
        "routeId": "taichung-197-q3-3e7f7a-d6",
        "city": "taichung",
        "route_name": "197-Q3",
        "car_seq": "197-Q3",
        "arrival_time": "1851",
        "departure_time": "1857",
        "district": "北屯區",
        "village": "后庄里",
        "location": "庄美街19號",
        "type": "沿街",
        "collection_type": "garbage",
        "day_of_week": 6
      }
    },
    {
      "type": "Feature",
      "geometry": {
        "type": "Point",
        "coordinates": [
          120.66174661230826,
          24.19123586508877
        ]
      },
      "properties": {
        "routeId": "taichung-197-q3-3e7f7a-d6",
        "city": "taichung",
        "route_name": "197-Q3",
        "car_seq": "197-Q3",
        "arrival_time": "1851",
        "departure_time": "1857",
        "district": "北屯區",
        "village": "后庄里",
        "location": "庄美街19號",
        "type": "沿街",
        "collection_type": "recycling",
        "day_of_week": 6
      }
    },
    {
      "type": "Feature",
      "geometry": {
        "type": "Point",
        "coordinates": [
          120.66151182682545,
          24.190942326748385
        ]
      },
      "properties": {
        "routeId": "taichung-197-q3-3e7f7a-d6",
        "city": "taichung",
        "route_name": "197-Q3",
        "car_seq": "197-Q3",
        "arrival_time": "1852",
        "departure_time": "1858",
        "district": "北屯區",
        "village": "后庄里",
        "location": "庄美街3號",
        "type": "沿街",
        "collection_type": "garbage",
        "day_of_week": 6
      }
    },
    {
      "type": "Feature",
      "geometry": {
        "type": "Point",
        "coordinates": [
          120.66151182682545,
          24.190942326748385
        ]
      },
      "properties": {
        "routeId": "taichung-197-q3-3e7f7a-d6",
        "city": "taichung",
        "route_name": "197-Q3",
        "car_seq": "197-Q3",
        "arrival_time": "1852",
        "departure_time": "1858",
        "district": "北屯區",
        "village": "后庄里",
        "location": "庄美街3號",
        "type": "沿街",
        "collection_type": "recycling",
        "day_of_week": 6
      }
    },
    {
      "type": "Feature",
      "geometry": {
        "type": "Point",
        "coordinates": [
          120.6653029134924,
          24.190925615157646
        ]
      },
      "properties": {
        "routeId": "taichung-197-q3-3e7f7a-d6",
        "city": "taichung",
        "route_name": "197-Q3",
        "car_seq": "197-Q3",
        "arrival_time": "1856",
        "departure_time": "1902",
        "district": "北屯區",
        "village": "后庄里",
        "location": "后庄北路168號",
        "type": "沿街",
        "collection_type": "garbage",
        "day_of_week": 6
      }
    },
    {
      "type": "Feature",
      "geometry": {
        "type": "Point",
        "coordinates": [
          120.6653029134924,
          24.190925615157646
        ]
      },
      "properties": {
        "routeId": "taichung-197-q3-3e7f7a-d6",
        "city": "taichung",
        "route_name": "197-Q3",
        "car_seq": "197-Q3",
        "arrival_time": "1856",
        "departure_time": "1902",
        "district": "北屯區",
        "village": "后庄里",
        "location": "后庄北路168號",
        "type": "沿街",
        "collection_type": "recycling",
        "day_of_week": 6
      }
    },
    {
      "type": "Feature",
      "geometry": {
        "type": "Point",
        "coordinates": [
          120.66594702586364,
          24.191319701197553
        ]
      },
      "properties": {
        "routeId": "taichung-197-q3-3e7f7a-d6",
        "city": "taichung",
        "route_name": "197-Q3",
        "car_seq": "197-Q3",
        "arrival_time": "1900",
        "departure_time": "1920",
        "district": "北屯區",
        "village": "后庄里",
        "location": "后庄北路192號",
        "type": "定點",
        "collection_type": "garbage",
        "day_of_week": 6
      }
    },
    {
      "type": "Feature",
      "geometry": {
        "type": "Point",
        "coordinates": [
          120.66594702586364,
          24.191319701197553
        ]
      },
      "properties": {
        "routeId": "taichung-197-q3-3e7f7a-d6",
        "city": "taichung",
        "route_name": "197-Q3",
        "car_seq": "197-Q3",
        "arrival_time": "1900",
        "departure_time": "1920",
        "district": "北屯區",
        "village": "后庄里",
        "location": "后庄北路192號",
        "type": "定點",
        "collection_type": "recycling",
        "day_of_week": 6
      }
    },
    {
      "type": "Feature",
      "geometry": {
        "type": "Point",
        "coordinates": [
          120.66708524476704,
          24.191525701755214
        ]
      },
      "properties": {
        "routeId": "taichung-197-q3-3e7f7a-d6",
        "city": "taichung",
        "route_name": "197-Q3",
        "car_seq": "197-Q3",
        "arrival_time": "1920",
        "departure_time": "1924",
        "district": "北屯區",
        "village": "同榮里",
        "location": "后庄路217號",
        "type": "沿街",
        "collection_type": "garbage",
        "day_of_week": 6
      }
    },
    {
      "type": "Feature",
      "geometry": {
        "type": "Point",
        "coordinates": [
          120.66708524476704,
          24.191525701755214
        ]
      },
      "properties": {
        "routeId": "taichung-197-q3-3e7f7a-d6",
        "city": "taichung",
        "route_name": "197-Q3",
        "car_seq": "197-Q3",
        "arrival_time": "1920",
        "departure_time": "1924",
        "district": "北屯區",
        "village": "同榮里",
        "location": "后庄路217號",
        "type": "沿街",
        "collection_type": "recycling",
        "day_of_week": 6
      }
    },
    {
      "type": "Feature",
      "geometry": {
        "type": "Point",
        "coordinates": [
          120.66648696928321,
          24.19111222664576
        ]
      },
      "properties": {
        "routeId": "taichung-197-q3-3e7f7a-d6",
        "city": "taichung",
        "route_name": "197-Q3",
        "car_seq": "197-Q3",
        "arrival_time": "1920",
        "departure_time": "1925",
        "district": "北屯區",
        "village": "后庄里",
        "location": "后庄路185號",
        "type": "沿街",
        "collection_type": "garbage",
        "day_of_week": 6
      }
    },
    {
      "type": "Feature",
      "geometry": {
        "type": "Point",
        "coordinates": [
          120.66648696928321,
          24.19111222664576
        ]
      },
      "properties": {
        "routeId": "taichung-197-q3-3e7f7a-d6",
        "city": "taichung",
        "route_name": "197-Q3",
        "car_seq": "197-Q3",
        "arrival_time": "1920",
        "departure_time": "1925",
        "district": "北屯區",
        "village": "后庄里",
        "location": "后庄路185號",
        "type": "沿街",
        "collection_type": "recycling",
        "day_of_week": 6
      }
    },
    {
      "type": "Feature",
      "geometry": {
        "type": "Point",
        "coordinates": [
          120.66609051199849,
          24.190873519179906
        ]
      },
      "properties": {
        "routeId": "taichung-197-q3-3e7f7a-d6",
        "city": "taichung",
        "route_name": "197-Q3",
        "car_seq": "197-Q3",
        "arrival_time": "1920",
        "departure_time": "1926",
        "district": "北屯區",
        "village": "后庄里",
        "location": "后庄路161號",
        "type": "沿街",
        "collection_type": "garbage",
        "day_of_week": 6
      }
    },
    {
      "type": "Feature",
      "geometry": {
        "type": "Point",
        "coordinates": [
          120.66609051199849,
          24.190873519179906
        ]
      },
      "properties": {
        "routeId": "taichung-197-q3-3e7f7a-d6",
        "city": "taichung",
        "route_name": "197-Q3",
        "car_seq": "197-Q3",
        "arrival_time": "1920",
        "departure_time": "1926",
        "district": "北屯區",
        "village": "后庄里",
        "location": "后庄路161號",
        "type": "沿街",
        "collection_type": "recycling",
        "day_of_week": 6
      }
    },
    {
      "type": "Feature",
      "geometry": {
        "type": "Point",
        "coordinates": [
          120.66570882184685,
          24.19100840121298
        ]
      },
      "properties": {
        "routeId": "taichung-197-q3-3e7f7a-d6",
        "city": "taichung",
        "route_name": "197-Q3",
        "car_seq": "197-Q3",
        "arrival_time": "1921",
        "departure_time": "1927",
        "district": "北屯區",
        "village": "后庄里",
        "location": "后庄七街162號",
        "type": "沿街",
        "collection_type": "garbage",
        "day_of_week": 6
      }
    },
    {
      "type": "Feature",
      "geometry": {
        "type": "Point",
        "coordinates": [
          120.66570882184685,
          24.19100840121298
        ]
      },
      "properties": {
        "routeId": "taichung-197-q3-3e7f7a-d6",
        "city": "taichung",
        "route_name": "197-Q3",
        "car_seq": "197-Q3",
        "arrival_time": "1921",
        "departure_time": "1927",
        "district": "北屯區",
        "village": "后庄里",
        "location": "后庄七街162號",
        "type": "沿街",
        "collection_type": "recycling",
        "day_of_week": 6
      }
    },
    {
      "type": "Feature",
      "geometry": {
        "type": "Point",
        "coordinates": [
          120.66492923360116,
          24.190522170891033
        ]
      },
      "properties": {
        "routeId": "taichung-197-q3-3e7f7a-d6",
        "city": "taichung",
        "route_name": "197-Q3",
        "car_seq": "197-Q3",
        "arrival_time": "1923",
        "departure_time": "1929",
        "district": "北屯區",
        "village": "后庄里",
        "location": "后庄六街122號",
        "type": "沿街",
        "collection_type": "garbage",
        "day_of_week": 6
      }
    },
    {
      "type": "Feature",
      "geometry": {
        "type": "Point",
        "coordinates": [
          120.66492923360116,
          24.190522170891033
        ]
      },
      "properties": {
        "routeId": "taichung-197-q3-3e7f7a-d6",
        "city": "taichung",
        "route_name": "197-Q3",
        "car_seq": "197-Q3",
        "arrival_time": "1923",
        "departure_time": "1929",
        "district": "北屯區",
        "village": "后庄里",
        "location": "后庄六街122號",
        "type": "沿街",
        "collection_type": "recycling",
        "day_of_week": 6
      }
    },
    {
      "type": "Feature",
      "geometry": {
        "type": "Point",
        "coordinates": [
          120.66470167023988,
          24.190099372453812
        ]
      },
      "properties": {
        "routeId": "taichung-197-q3-3e7f7a-d6",
        "city": "taichung",
        "route_name": "197-Q3",
        "car_seq": "197-Q3",
        "arrival_time": "1924",
        "departure_time": "1930",
        "district": "北屯區",
        "village": "后庄里",
        "location": "后庄路109號",
        "type": "沿街",
        "collection_type": "garbage",
        "day_of_week": 6
      }
    },
    {
      "type": "Feature",
      "geometry": {
        "type": "Point",
        "coordinates": [
          120.66470167023988,
          24.190099372453812
        ]
      },
      "properties": {
        "routeId": "taichung-197-q3-3e7f7a-d6",
        "city": "taichung",
        "route_name": "197-Q3",
        "car_seq": "197-Q3",
        "arrival_time": "1924",
        "departure_time": "1930",
        "district": "北屯區",
        "village": "后庄里",
        "location": "后庄路109號",
        "type": "沿街",
        "collection_type": "recycling",
        "day_of_week": 6
      }
    },
    {
      "type": "Feature",
      "geometry": {
        "type": "Point",
        "coordinates": [
          120.66414873692486,
          24.18974232143964
        ]
      },
      "properties": {
        "routeId": "taichung-197-q3-3e7f7a-d6",
        "city": "taichung",
        "route_name": "197-Q3",
        "car_seq": "197-Q3",
        "arrival_time": "1925",
        "departure_time": "1931",
        "district": "北屯區",
        "village": "后庄里",
        "location": "后庄路79號",
        "type": "沿街",
        "collection_type": "garbage",
        "day_of_week": 6
      }
    },
    {
      "type": "Feature",
      "geometry": {
        "type": "Point",
        "coordinates": [
          120.66414873692486,
          24.18974232143964
        ]
      },
      "properties": {
        "routeId": "taichung-197-q3-3e7f7a-d6",
        "city": "taichung",
        "route_name": "197-Q3",
        "car_seq": "197-Q3",
        "arrival_time": "1925",
        "departure_time": "1931",
        "district": "北屯區",
        "village": "后庄里",
        "location": "后庄路79號",
        "type": "沿街",
        "collection_type": "recycling",
        "day_of_week": 6
      }
    },
    {
      "type": "Feature",
      "geometry": {
        "type": "Point",
        "coordinates": [
          120.6627396459216,
          24.18889569772677
        ]
      },
      "properties": {
        "routeId": "taichung-197-q3-3e7f7a-d6",
        "city": "taichung",
        "route_name": "197-Q3",
        "car_seq": "197-Q3",
        "arrival_time": "1927",
        "departure_time": "1933",
        "district": "北屯區",
        "village": "后庄里",
        "location": "后庄路11號",
        "type": "沿街",
        "collection_type": "garbage",
        "day_of_week": 6
      }
    },
    {
      "type": "Feature",
      "geometry": {
        "type": "Point",
        "coordinates": [
          120.6627396459216,
          24.18889569772677
        ]
      },
      "properties": {
        "routeId": "taichung-197-q3-3e7f7a-d6",
        "city": "taichung",
        "route_name": "197-Q3",
        "car_seq": "197-Q3",
        "arrival_time": "1927",
        "departure_time": "1933",
        "district": "北屯區",
        "village": "后庄里",
        "location": "后庄路11號",
        "type": "沿街",
        "collection_type": "recycling",
        "day_of_week": 6
      }
    },
    {
      "type": "Feature",
      "geometry": {
        "type": "Point",
        "coordinates": [
          120.66078278847641,
          24.19354940854266
        ]
      },
      "properties": {
        "routeId": "taichung-197-q3-3e7f7a-d6",
        "city": "taichung",
        "route_name": "197-Q3",
        "car_seq": "197-Q3",
        "arrival_time": "1952",
        "departure_time": "2005",
        "district": "北屯區",
        "village": "同榮里",
        "location": "同榮路68號",
        "type": "定點",
        "collection_type": "garbage",
        "day_of_week": 6
      }
    },
    {
      "type": "Feature",
      "geometry": {
        "type": "Point",
        "coordinates": [
          120.66078278847641,
          24.19354940854266
        ]
      },
      "properties": {
        "routeId": "taichung-197-q3-3e7f7a-d6",
        "city": "taichung",
        "route_name": "197-Q3",
        "car_seq": "197-Q3",
        "arrival_time": "1952",
        "departure_time": "2005",
        "district": "北屯區",
        "village": "同榮里",
        "location": "同榮路68號",
        "type": "定點",
        "collection_type": "recycling",
        "day_of_week": 6
      }
    }
  ]
}