{
  "type": "FeatureCollection",
  "features": [
    {
      "type": "Feature",
      "geometry": {
        "type": "Point",
        "coordinates": [
          120.7212726106943,
          24.091900214191384
        ]
      },
      "properties": {
        "routeId": "taichung-ked-9078-bb2816-d4",
        "city": "taichung",
        "route_name": "KED-9078",
        "car_seq": "KED-9078",
        "arrival_time": "1410",
        "departure_time": "1415",
        "district": "大里區",
        "village": "仁化里",
        "location": "仁化路125巷8號",
        "type": "沿街",
        "collection_type": "garbage",
        "day_of_week": 4
      }
    },
    {
      "type": "Feature",
      "geometry": {
        "type": "Point",
        "coordinates": [
          120.7212726106943,
          24.091900214191384
        ]
      },
      "properties": {
        "routeId": "taichung-ked-9078-bb2816-d4",
        "city": "taichung",
        "route_name": "KED-9078",
        "car_seq": "KED-9078",
        "arrival_time": "1410",
        "departure_time": "1415",
        "district": "大里區",
        "village": "仁化里",
        "location": "仁化路125巷8號",
        "type": "沿街",
        "collection_type": "recycling",
        "day_of_week": 4
      }
    },
    {
      "type": "Feature",
      "geometry": {
        "type": "Point",
        "coordinates": [
          120.71607781098587,
          24.092911257355752
        ]
      },
      "properties": {
        "routeId": "taichung-ked-9078-bb2816-d4",
        "city": "taichung",
        "route_name": "KED-9078",
        "car_seq": "KED-9078",
        "arrival_time": "1410",
        "departure_time": "1415",
        "district": "大里區",
        "village": "仁化里",
        "location": "仁化路221巷33號",
        "type": "沿街",
        "collection_type": "garbage",
        "day_of_week": 4
      }
    },
    {
      "type": "Feature",
      "geometry": {
        "type": "Point",
        "coordinates": [
          120.71607781098587,
          24.092911257355752
        ]
      },
      "properties": {
        "routeId": "taichung-ked-9078-bb2816-d4",
        "city": "taichung",
        "route_name": "KED-9078",
        "car_seq": "KED-9078",
        "arrival_time": "1410",
        "departure_time": "1415",
        "district": "大里區",
        "village": "仁化里",
        "location": "仁化路221巷33號",
        "type": "沿街",
        "collection_type": "recycling",
        "day_of_week": 4
      }
    },
    {
      "type": "Feature",
      "geometry": {
        "type": "Point",
        "coordinates": [
          120.71622777160438,
          24.09346331300595
        ]
      },
      "properties": {
        "routeId": "taichung-ked-9078-bb2816-d4",
        "city": "taichung",
        "route_name": "KED-9078",
        "car_seq": "KED-9078",
        "arrival_time": "1410",
        "departure_time": "1415",
        "district": "大里區",
        "village": "仁化里",
        "location": "仁化路221巷21號",
        "type": "沿街",
        "collection_type": "garbage",
        "day_of_week": 4
      }
    },
    {
      "type": "Feature",
      "geometry": {
        "type": "Point",
        "coordinates": [
          120.71622777160438,
          24.09346331300595
        ]
      },
      "properties": {
        "routeId": "taichung-ked-9078-bb2816-d4",
        "city": "taichung",
        "route_name": "KED-9078",
        "car_seq": "KED-9078",
        "arrival_time": "1410",
        "departure_time": "1415",
        "district": "大里區",
        "village": "仁化里",
        "location": "仁化路221巷21號",
        "type": "沿街",
        "collection_type": "recycling",
        "day_of_week": 4
      }
    },
    {
      "type": "Feature",
      "geometry": {
        "type": "Point",
        "coordinates": [
          120.7164098007098,
          24.093831156108784
        ]
      },
      "properties": {
        "routeId": "taichung-ked-9078-bb2816-d4",
        "city": "taichung",
        "route_name": "KED-9078",
        "car_seq": "KED-9078",
        "arrival_time": "1410",
        "departure_time": "1415",
        "district": "大里區",
        "village": "仁化里",
        "location": "仁化路221巷11號",
        "type": "沿街",
        "collection_type": "garbage",
        "day_of_week": 4
      }
    },
    {
      "type": "Feature",
      "geometry": {
        "type": "Point",
        "coordinates": [
          120.7164098007098,
          24.093831156108784
        ]
      },
      "properties": {
        "routeId": "taichung-ked-9078-bb2816-d4",
        "city": "taichung",
        "route_name": "KED-9078",
        "car_seq": "KED-9078",
        "arrival_time": "1410",
        "departure_time": "1415",
        "district": "大里區",
        "village": "仁化里",
        "location": "仁化路221巷11號",
        "type": "沿街",
        "collection_type": "recycling",
        "day_of_week": 4
      }
    },
    {
      "type": "Feature",
      "geometry": {
        "type": "Point",
        "coordinates": [
          120.71639315067937,
          24.0945585331202
        ]
      },
      "properties": {
        "routeId": "taichung-ked-9078-bb2816-d4",
        "city": "taichung",
        "route_name": "KED-9078",
        "car_seq": "KED-9078",
        "arrival_time": "1415",
        "departure_time": "1417",
        "district": "大里區",
        "village": "仁化里",
        "location": "仁化路172號",
        "type": "沿街",
        "collection_type": "garbage",
        "day_of_week": 4
      }
    },
    {
      "type": "Feature",
      "geometry": {
        "type": "Point",
        "coordinates": [
          120.71639315067937,
          24.0945585331202
        ]
      },
      "properties": {
        "routeId": "taichung-ked-9078-bb2816-d4",
        "city": "taichung",
        "route_name": "KED-9078",
        "car_seq": "KED-9078",
        "arrival_time": "1415",
        "departure_time": "1417",
        "district": "大里區",
        "village": "仁化里",
        "location": "仁化路172號",
        "type": "沿街",
        "collection_type": "recycling",
        "day_of_week": 4
      }
    },
    {
      "type": "Feature",
      "geometry": {
        "type": "Point",
        "coordinates": [
          120.71540958513079,
          24.09463914372385
        ]
      },
      "properties": {
        "routeId": "taichung-ked-9078-bb2816-d4",
        "city": "taichung",
        "route_name": "KED-9078",
        "car_seq": "KED-9078",
        "arrival_time": "1415",
        "departure_time": "1417",
        "district": "大里區",
        "village": "仁化里",
        "location": "仁化路198號",
        "type": "沿街",
        "collection_type": "garbage",
        "day_of_week": 4
      }
    },
    {
      "type": "Feature",
      "geometry": {
        "type": "Point",
        "coordinates": [
          120.71540958513079,
          24.09463914372385
        ]
      },
      "properties": {
        "routeId": "taichung-ked-9078-bb2816-d4",
        "city": "taichung",
        "route_name": "KED-9078",
        "car_seq": "KED-9078",
        "arrival_time": "1415",
        "departure_time": "1417",
        "district": "大里區",
        "village": "仁化里",
        "location": "仁化路198號",
        "type": "沿街",
        "collection_type": "recycling",
        "day_of_week": 4
      }
    },
    {
      "type": "Feature",
      "geometry": {
        "type": "Point",
        "coordinates": [
          120.71483130734109,
          24.09447156417914
        ]
      },
      "properties": {
        "routeId": "taichung-ked-9078-bb2816-d4",
        "city": "taichung",
        "route_name": "KED-9078",
        "car_seq": "KED-9078",
        "arrival_time": "1415",
        "departure_time": "1417",
        "district": "大里區",
        "village": "仁化里",
        "location": "仁化路200之11號",
        "type": "沿街",
        "collection_type": "garbage",
        "day_of_week": 4
      }
    },
    {
      "type": "Feature",
      "geometry": {
        "type": "Point",
        "coordinates": [
          120.71483130734109,
          24.09447156417914
        ]
      },
      "properties": {
        "routeId": "taichung-ked-9078-bb2816-d4",
        "city": "taichung",
        "route_name": "KED-9078",
        "car_seq": "KED-9078",
        "arrival_time": "1415",
        "departure_time": "1417",
        "district": "大里區",
        "village": "仁化里",
        "location": "仁化路200之11號",
        "type": "沿街",
        "collection_type": "recycling",
        "day_of_week": 4
      }
    },
    {
      "type": "Feature",
      "geometry": {
        "type": "Point",
        "coordinates": [
          120.70827154256862,
          24.09494298226683
        ]
      },
      "properties": {
        "routeId": "taichung-ked-9078-bb2816-d4",
        "city": "taichung",
        "route_name": "KED-9078",
        "car_seq": "KED-9078",
        "arrival_time": "1415",
        "departure_time": "1417",
        "district": "大里區",
        "village": "仁化里",
        "location": "仁化路318號",
        "type": "沿街",
        "collection_type": "garbage",
        "day_of_week": 4
      }
    },
    {
      "type": "Feature",
      "geometry": {
        "type": "Point",
        "coordinates": [
          120.70827154256862,
          24.09494298226683
        ]
      },
      "properties": {
        "routeId": "taichung-ked-9078-bb2816-d4",
        "city": "taichung",
        "route_name": "KED-9078",
        "car_seq": "KED-9078",
        "arrival_time": "1415",
        "departure_time": "1417",
        "district": "大里區",
        "village": "仁化里",
        "location": "仁化路318號",
        "type": "沿街",
        "collection_type": "recycling",
        "day_of_week": 4
      }
    },
    {
      "type": "Feature",
      "geometry": {
        "type": "Point",
        "coordinates": [
          120.7072229928502,
          24.095343968381997
        ]
      },
      "properties": {
        "routeId": "taichung-ked-9078-bb2816-d4",
        "city": "taichung",
        "route_name": "KED-9078",
        "car_seq": "KED-9078",
        "arrival_time": "1415",
        "departure_time": "1417",
        "district": "大里區",
        "village": "仁化里",
        "location": "仁化路350號",
        "type": "沿街",
        "collection_type": "garbage",
        "day_of_week": 4
      }
    },
    {
      "type": "Feature",
      "geometry": {
        "type": "Point",
        "coordinates": [
          120.7072229928502,
          24.095343968381997
        ]
      },
      "properties": {
        "routeId": "taichung-ked-9078-bb2816-d4",
        "city": "taichung",
        "route_name": "KED-9078",
        "car_seq": "KED-9078",
        "arrival_time": "1415",
        "departure_time": "1417",
        "district": "大里區",
        "village": "仁化里",
        "location": "仁化路350號",
        "type": "沿街",
        "collection_type": "recycling",
        "day_of_week": 4
      }
    },
    {
      "type": "Feature",
      "geometry": {
        "type": "Point",
        "coordinates": [
          120.70647312132968,
          24.095466937349272
        ]
      },
      "properties": {
        "routeId": "taichung-ked-9078-bb2816-d4",
        "city": "taichung",
        "route_name": "KED-9078",
        "car_seq": "KED-9078",
        "arrival_time": "1417",
        "departure_time": "1420",
        "district": "大里區",
        "village": "仁化里",
        "location": "仁化路376號",
        "type": "沿街",
        "collection_type": "garbage",
        "day_of_week": 4
      }
    },
    {
      "type": "Feature",
      "geometry": {
        "type": "Point",
        "coordinates": [
          120.70647312132968,
          24.095466937349272
        ]
      },
      "properties": {
        "routeId": "taichung-ked-9078-bb2816-d4",
        "city": "taichung",
        "route_name": "KED-9078",
        "car_seq": "KED-9078",
        "arrival_time": "1417",
        "departure_time": "1420",
        "district": "大里區",
        "village": "仁化里",
        "location": "仁化路376號",
        "type": "沿街",
        "collection_type": "recycling",
        "day_of_week": 4
      }
    },
    {
      "type": "Feature",
      "geometry": {
        "type": "Point",
        "coordinates": [
          120.70614895614806,
          24.09553593117082
        ]
      },
      "properties": {
        "routeId": "taichung-ked-9078-bb2816-d4",
        "city": "taichung",
        "route_name": "KED-9078",
        "car_seq": "KED-9078",
        "arrival_time": "1417",
        "departure_time": "1420",
        "district": "大里區",
        "village": "仁化里",
        "location": "仁化路392號",
        "type": "沿街",
        "collection_type": "garbage",
        "day_of_week": 4
      }
    },
    {
      "type": "Feature",
      "geometry": {
        "type": "Point",
        "coordinates": [
          120.70614895614806,
          24.09553593117082
        ]
      },
      "properties": {
        "routeId": "taichung-ked-9078-bb2816-d4",
        "city": "taichung",
        "route_name": "KED-9078",
        "car_seq": "KED-9078",
        "arrival_time": "1417",
        "departure_time": "1420",
        "district": "大里區",
        "village": "仁化里",
        "location": "仁化路392號",
        "type": "沿街",
        "collection_type": "recycling",
        "day_of_week": 4
      }
    },
    {
      "type": "Feature",
      "geometry": {
        "type": "Point",
        "coordinates": [
          120.70551217080735,
          24.095670245962886
        ]
      },
      "properties": {
        "routeId": "taichung-ked-9078-bb2816-d4",
        "city": "taichung",
        "route_name": "KED-9078",
        "car_seq": "KED-9078",
        "arrival_time": "1417",
        "departure_time": "1420",
        "district": "大里區",
        "village": "仁化里",
        "location": "仁化路416號",
        "type": "沿街",
        "collection_type": "garbage",
        "day_of_week": 4
      }
    },
    {
      "type": "Feature",
      "geometry": {
        "type": "Point",
        "coordinates": [
          120.70551217080735,
          24.095670245962886
        ]
      },
      "properties": {
        "routeId": "taichung-ked-9078-bb2816-d4",
        "city": "taichung",
        "route_name": "KED-9078",
        "car_seq": "KED-9078",
        "arrival_time": "1417",
        "departure_time": "1420",
        "district": "大里區",
        "village": "仁化里",
        "location": "仁化路416號",
        "type": "沿街",
        "collection_type": "recycling",
        "day_of_week": 4
      }
    },
    {
      "type": "Feature",
      "geometry": {
        "type": "Point",
        "coordinates": [
          120.70379599038453,
          24.096008954484393
        ]
      },
      "properties": {
        "routeId": "taichung-ked-9078-bb2816-d4",
        "city": "taichung",
        "route_name": "KED-9078",
        "car_seq": "KED-9078",
        "arrival_time": "1420",
        "departure_time": "1425",
        "district": "大里區",
        "village": "仁化里",
        "location": "仁化路458之2號",
        "type": "沿街",
        "collection_type": "garbage",
        "day_of_week": 4
      }
    },
    {
      "type": "Feature",
      "geometry": {
        "type": "Point",
        "coordinates": [
          120.70379599038453,
          24.096008954484393
        ]
      },
      "properties": {
        "routeId": "taichung-ked-9078-bb2816-d4",
        "city": "taichung",
        "route_name": "KED-9078",
        "car_seq": "KED-9078",
        "arrival_time": "1420",
        "departure_time": "1425",
        "district": "大里區",
        "village": "仁化里",
        "location": "仁化路458之2號",
        "type": "沿街",
        "collection_type": "recycling",
        "day_of_week": 4
      }
    },
    {
      "type": "Feature",
      "geometry": {
        "type": "Point",
        "coordinates": [
          120.70305814098087,
          24.096665503269655
        ]
      },
      "properties": {
        "routeId": "taichung-ked-9078-bb2816-d4",
        "city": "taichung",
        "route_name": "KED-9078",
        "car_seq": "KED-9078",
        "arrival_time": "1420",
        "departure_time": "1425",
        "district": "大里區",
        "village": "仁化里",
        "location": "仁祥街57號",
        "type": "沿街",
        "collection_type": "garbage",
        "day_of_week": 4
      }
    },
    {
      "type": "Feature",
      "geometry": {
        "type": "Point",
        "coordinates": [
          120.70305814098087,
          24.096665503269655
        ]
      },
      "properties": {
        "routeId": "taichung-ked-9078-bb2816-d4",
        "city": "taichung",
        "route_name": "KED-9078",
        "car_seq": "KED-9078",
        "arrival_time": "1420",
        "departure_time": "1425",
        "district": "大里區",
        "village": "仁化里",
        "location": "仁祥街57號",
        "type": "沿街",
        "collection_type": "recycling",
        "day_of_week": 4
      }
    },
    {
      "type": "Feature",
      "geometry": {
        "type": "Point",
        "coordinates": [
          120.70310063804605,
          24.095984670985008
        ]
      },
      "properties": {
        "routeId": "taichung-ked-9078-bb2816-d4",
        "city": "taichung",
        "route_name": "KED-9078",
        "car_seq": "KED-9078",
        "arrival_time": "1420",
        "departure_time": "1425",
        "district": "大里區",
        "village": "仁化里",
        "location": "仁祥街44號",
        "type": "沿街",
        "collection_type": "garbage",
        "day_of_week": 4
      }
    },
    {
      "type": "Feature",
      "geometry": {
        "type": "Point",
        "coordinates": [
          120.70310063804605,
          24.095984670985008
        ]
      },
      "properties": {
        "routeId": "taichung-ked-9078-bb2816-d4",
        "city": "taichung",
        "route_name": "KED-9078",
        "car_seq": "KED-9078",
        "arrival_time": "1420",
        "departure_time": "1425",
        "district": "大里區",
        "village": "仁化里",
        "location": "仁祥街44號",
        "type": "沿街",
        "collection_type": "recycling",
        "day_of_week": 4
      }
    },
    {
      "type": "Feature",
      "geometry": {
        "type": "Point",
        "coordinates": [
          120.70218251578439,
          24.096204466202
        ]
      },
      "properties": {
        "routeId": "taichung-ked-9078-bb2816-d4",
        "city": "taichung",
        "route_name": "KED-9078",
        "car_seq": "KED-9078",
        "arrival_time": "1420",
        "departure_time": "1425",
        "district": "大里區",
        "village": "仁化里",
        "location": "仁化路514號",
        "type": "沿街",
        "collection_type": "garbage",
        "day_of_week": 4
      }
    },
    {
      "type": "Feature",
      "geometry": {
        "type": "Point",
        "coordinates": [
          120.70218251578439,
          24.096204466202
        ]
      },
      "properties": {
        "routeId": "taichung-ked-9078-bb2816-d4",
        "city": "taichung",
        "route_name": "KED-9078",
        "car_seq": "KED-9078",
        "arrival_time": "1420",
        "departure_time": "1425",
        "district": "大里區",
        "village": "仁化里",
        "location": "仁化路514號",
        "type": "沿街",
        "collection_type": "recycling",
        "day_of_week": 4
      }
    },
    {
      "type": "Feature",
      "geometry": {
        "type": "Point",
        "coordinates": [
          120.70112104956327,
          24.096233374462955
        ]
      },
      "properties": {
        "routeId": "taichung-ked-9078-bb2816-d4",
        "city": "taichung",
        "route_name": "KED-9078",
        "car_seq": "KED-9078",
        "arrival_time": "1420",
        "departure_time": "1425",
        "district": "大里區",
        "village": "仁化里",
        "location": "仁化路546號",
        "type": "沿街",
        "collection_type": "garbage",
        "day_of_week": 4
      }
    },
    {
      "type": "Feature",
      "geometry": {
        "type": "Point",
        "coordinates": [
          120.70112104956327,
          24.096233374462955
        ]
      },
      "properties": {
        "routeId": "taichung-ked-9078-bb2816-d4",
        "city": "taichung",
        "route_name": "KED-9078",
        "car_seq": "KED-9078",
        "arrival_time": "1420",
        "departure_time": "1425",
        "district": "大里區",
        "village": "仁化里",
        "location": "仁化路546號",
        "type": "沿街",
        "collection_type": "recycling",
        "day_of_week": 4
      }
    },
    {
      "type": "Feature",
      "geometry": {
        "type": "Point",
        "coordinates": [
          120.70052386212606,
          24.09633532129732
        ]
      },
      "properties": {
        "routeId": "taichung-ked-9078-bb2816-d4",
        "city": "taichung",
        "route_name": "KED-9078",
        "car_seq": "KED-9078",
        "arrival_time": "1425",
        "departure_time": "1430",
        "district": "大里區",
        "village": "仁化里",
        "location": "仁化路572號",
        "type": "沿街",
        "collection_type": "garbage",
        "day_of_week": 4
      }
    },
    {
      "type": "Feature",
      "geometry": {
        "type": "Point",
        "coordinates": [
          120.70052386212606,
          24.09633532129732
        ]
      },
      "properties": {
        "routeId": "taichung-ked-9078-bb2816-d4",
        "city": "taichung",
        "route_name": "KED-9078",
        "car_seq": "KED-9078",
        "arrival_time": "1425",
        "departure_time": "1430",
        "district": "大里區",
        "village": "仁化里",
        "location": "仁化路572號",
        "type": "沿街",
        "collection_type": "recycling",
        "day_of_week": 4
      }
    },
    {
      "type": "Feature",
      "geometry": {
        "type": "Point",
        "coordinates": [
          120.6999853299403,
          24.09642302419602
        ]
      },
      "properties": {
        "routeId": "taichung-ked-9078-bb2816-d4",
        "city": "taichung",
        "route_name": "KED-9078",
        "car_seq": "KED-9078",
        "arrival_time": "1425",
        "departure_time": "1430",
        "district": "大里區",
        "village": "仁化里",
        "location": "仁化路596號",
        "type": "沿街",
        "collection_type": "garbage",
        "day_of_week": 4
      }
    },
    {
      "type": "Feature",
      "geometry": {
        "type": "Point",
        "coordinates": [
          120.6999853299403,
          24.09642302419602
        ]
      },
      "properties": {
        "routeId": "taichung-ked-9078-bb2816-d4",
        "city": "taichung",
        "route_name": "KED-9078",
        "car_seq": "KED-9078",
        "arrival_time": "1425",
        "departure_time": "1430",
        "district": "大里區",
        "village": "仁化里",
        "location": "仁化路596號",
        "type": "沿街",
        "collection_type": "recycling",
        "day_of_week": 4
      }
    },
    {
      "type": "Feature",
      "geometry": {
        "type": "Point",
        "coordinates": [
          120.6996832883875,
          24.0964970047989
        ]
      },
      "properties": {
        "routeId": "taichung-ked-9078-bb2816-d4",
        "city": "taichung",
        "route_name": "KED-9078",
        "car_seq": "KED-9078",
        "arrival_time": "1425",
        "departure_time": "1430",
        "district": "大里區",
        "village": "仁化里",
        "location": "仁化路610號",
        "type": "沿街",
        "collection_type": "garbage",
        "day_of_week": 4
      }
    },
    {
      "type": "Feature",
      "geometry": {
        "type": "Point",
        "coordinates": [
          120.6996832883875,
          24.0964970047989
        ]
      },
      "properties": {
        "routeId": "taichung-ked-9078-bb2816-d4",
        "city": "taichung",
        "route_name": "KED-9078",
        "car_seq": "KED-9078",
        "arrival_time": "1425",
        "departure_time": "1430",
        "district": "大里區",
        "village": "仁化里",
        "location": "仁化路610號",
        "type": "沿街",
        "collection_type": "recycling",
        "day_of_week": 4
      }
    },
    {
      "type": "Feature",
      "geometry": {
        "type": "Point",
        "coordinates": [
          120.69937889513356,
          24.096524849069382
        ]
      },
      "properties": {
        "routeId": "taichung-ked-9078-bb2816-d4",
        "city": "taichung",
        "route_name": "KED-9078",
        "car_seq": "KED-9078",
        "arrival_time": "1425",
        "departure_time": "1430",
        "district": "大里區",
        "village": "仁化里",
        "location": "仁化路622號",
        "type": "沿街",
        "collection_type": "garbage",
        "day_of_week": 4
      }
    },
    {
      "type": "Feature",
      "geometry": {
        "type": "Point",
        "coordinates": [
          120.69937889513356,
          24.096524849069382
        ]
      },
      "properties": {
        "routeId": "taichung-ked-9078-bb2816-d4",
        "city": "taichung",
        "route_name": "KED-9078",
        "car_seq": "KED-9078",
        "arrival_time": "1425",
        "departure_time": "1430",
        "district": "大里區",
        "village": "仁化里",
        "location": "仁化路622號",
        "type": "沿街",
        "collection_type": "recycling",
        "day_of_week": 4
      }
    },
    {
      "type": "Feature",
      "geometry": {
        "type": "Point",
        "coordinates": [
          120.69864294786899,
          24.09667281826114
        ]
      },
      "properties": {
        "routeId": "taichung-ked-9078-bb2816-d4",
        "city": "taichung",
        "route_name": "KED-9078",
        "car_seq": "KED-9078",
        "arrival_time": "1425",
        "departure_time": "1430",
        "district": "大里區",
        "village": "仁化里",
        "location": "仁化路636號",
        "type": "沿街",
        "collection_type": "garbage",
        "day_of_week": 4
      }
    },
    {
      "type": "Feature",
      "geometry": {
        "type": "Point",
        "coordinates": [
          120.69864294786899,
          24.09667281826114
        ]
      },
      "properties": {
        "routeId": "taichung-ked-9078-bb2816-d4",
        "city": "taichung",
        "route_name": "KED-9078",
        "car_seq": "KED-9078",
        "arrival_time": "1425",
        "departure_time": "1430",
        "district": "大里區",
        "village": "仁化里",
        "location": "仁化路636號",
        "type": "沿街",
        "collection_type": "recycling",
        "day_of_week": 4
      }
    },
    {
      "type": "Feature",
      "geometry": {
        "type": "Point",
        "coordinates": [
          120.69842931431964,
          24.096783548646357
        ]
      },
      "properties": {
        "routeId": "taichung-ked-9078-bb2816-d4",
        "city": "taichung",
        "route_name": "KED-9078",
        "car_seq": "KED-9078",
        "arrival_time": "1430",
        "departure_time": "1435",
        "district": "大里區",
        "village": "仁化里",
        "location": "仁化路650號",
        "type": "沿街",
        "collection_type": "garbage",
        "day_of_week": 4
      }
    },
    {
      "type": "Feature",
      "geometry": {
        "type": "Point",
        "coordinates": [
          120.69842931431964,
          24.096783548646357
        ]
      },
      "properties": {
        "routeId": "taichung-ked-9078-bb2816-d4",
        "city": "taichung",
        "route_name": "KED-9078",
        "car_seq": "KED-9078",
        "arrival_time": "1430",
        "departure_time": "1435",
        "district": "大里區",
        "village": "仁化里",
        "location": "仁化路650號",
        "type": "沿街",
        "collection_type": "recycling",
        "day_of_week": 4
      }
    },
    {
      "type": "Feature",
      "geometry": {
        "type": "Point",
        "coordinates": [
          120.69737207450167,
          24.096300671973346
        ]
      },
      "properties": {
        "routeId": "taichung-ked-9078-bb2816-d4",
        "city": "taichung",
        "route_name": "KED-9078",
        "car_seq": "KED-9078",
        "arrival_time": "1430",
        "departure_time": "1435",
        "district": "大里區",
        "village": "仁德里",
        "location": "仁福街99號",
        "type": "沿街",
        "collection_type": "garbage",
        "day_of_week": 4
      }
    },
    {
      "type": "Feature",
      "geometry": {
        "type": "Point",
        "coordinates": [
          120.69737207450167,
          24.096300671973346
        ]
      },
      "properties": {
        "routeId": "taichung-ked-9078-bb2816-d4",
        "city": "taichung",
        "route_name": "KED-9078",
        "car_seq": "KED-9078",
        "arrival_time": "1430",
        "departure_time": "1435",
        "district": "大里區",
        "village": "仁德里",
        "location": "仁福街99號",
        "type": "沿街",
        "collection_type": "recycling",
        "day_of_week": 4
      }
    },
    {
      "type": "Feature",
      "geometry": {
        "type": "Point",
        "coordinates": [
          120.69753549801611,
          24.096280859880224
        ]
      },
      "properties": {
        "routeId": "taichung-ked-9078-bb2816-d4",
        "city": "taichung",
        "route_name": "KED-9078",
        "car_seq": "KED-9078",
        "arrival_time": "1430",
        "departure_time": "1435",
        "district": "大里區",
        "village": "仁德里",
        "location": "仁福街126號",
        "type": "沿街",
        "collection_type": "garbage",
        "day_of_week": 4
      }
    },
    {
      "type": "Feature",
      "geometry": {
        "type": "Point",
        "coordinates": [
          120.69753549801611,
          24.096280859880224
        ]
      },
      "properties": {
        "routeId": "taichung-ked-9078-bb2816-d4",
        "city": "taichung",
        "route_name": "KED-9078",
        "car_seq": "KED-9078",
        "arrival_time": "1430",
        "departure_time": "1435",
        "district": "大里區",
        "village": "仁德里",
        "location": "仁福街126號",
        "type": "沿街",
        "collection_type": "recycling",
        "day_of_week": 4
      }
    },
    {
      "type": "Feature",
      "geometry": {
        "type": "Point",
        "coordinates": [
          120.69810229312904,
          24.09600721619033
        ]
      },
      "properties": {
        "routeId": "taichung-ked-9078-bb2816-d4",
        "city": "taichung",
        "route_name": "KED-9078",
        "car_seq": "KED-9078",
        "arrival_time": "1430",
        "departure_time": "1435",
        "district": "大里區",
        "village": "仁德里",
        "location": "仁福街116號",
        "type": "沿街",
        "collection_type": "garbage",
        "day_of_week": 4
      }
    },
    {
      "type": "Feature",
      "geometry": {
        "type": "Point",
        "coordinates": [
          120.69810229312904,
          24.09600721619033
        ]
      },
      "properties": {
        "routeId": "taichung-ked-9078-bb2816-d4",
        "city": "taichung",
        "route_name": "KED-9078",
        "car_seq": "KED-9078",
        "arrival_time": "1430",
        "departure_time": "1435",
        "district": "大里區",
        "village": "仁德里",
        "location": "仁福街116號",
        "type": "沿街",
        "collection_type": "recycling",
        "day_of_week": 4
      }
    },
    {
      "type": "Feature",
      "geometry": {
        "type": "Point",
        "coordinates": [
          120.69790204497221,
          24.095586141745002
        ]
      },
      "properties": {
        "routeId": "taichung-ked-9078-bb2816-d4",
        "city": "taichung",
        "route_name": "KED-9078",
        "car_seq": "KED-9078",
        "arrival_time": "1430",
        "departure_time": "1435",
        "district": "大里區",
        "village": "仁德里",
        "location": "仁福一街21號",
        "type": "沿街",
        "collection_type": "garbage",
        "day_of_week": 4
      }
    },
    {
      "type": "Feature",
      "geometry": {
        "type": "Point",
        "coordinates": [
          120.69790204497221,
          24.095586141745002
        ]
      },
      "properties": {
        "routeId": "taichung-ked-9078-bb2816-d4",
        "city": "taichung",
        "route_name": "KED-9078",
        "car_seq": "KED-9078",
        "arrival_time": "1430",
        "departure_time": "1435",
        "district": "大里區",
        "village": "仁德里",
        "location": "仁福一街21號",
        "type": "沿街",
        "collection_type": "recycling",
        "day_of_week": 4
      }
    },
    {
      "type": "Feature",
      "geometry": {
        "type": "Point",
        "coordinates": [
          120.6978031020497,
          24.09541529088567
        ]
      },
      "properties": {
        "routeId": "taichung-ked-9078-bb2816-d4",
        "city": "taichung",
        "route_name": "KED-9078",
        "car_seq": "KED-9078",
        "arrival_time": "1430",
        "departure_time": "1435",
        "district": "大里區",
        "village": "仁德里",
        "location": "仁福一街15號",
        "type": "沿街",
        "collection_type": "garbage",
        "day_of_week": 4
      }
    },
    {
      "type": "Feature",
      "geometry": {
        "type": "Point",
        "coordinates": [
          120.6978031020497,
          24.09541529088567
        ]
      },
      "properties": {
        "routeId": "taichung-ked-9078-bb2816-d4",
        "city": "taichung",
        "route_name": "KED-9078",
        "car_seq": "KED-9078",
        "arrival_time": "1430",
        "departure_time": "1435",
        "district": "大里區",
        "village": "仁德里",
        "location": "仁福一街15號",
        "type": "沿街",
        "collection_type": "recycling",
        "day_of_week": 4
      }
    },
    {
      "type": "Feature",
      "geometry": {
        "type": "Point",
        "coordinates": [
          120.69743315229016,
          24.095171659761682
        ]
      },
      "properties": {
        "routeId": "taichung-ked-9078-bb2816-d4",
        "city": "taichung",
        "route_name": "KED-9078",
        "car_seq": "KED-9078",
        "arrival_time": "1430",
        "departure_time": "1435",
        "district": "大里區",
        "village": "仁德里",
        "location": "至善路228號",
        "type": "沿街",
        "collection_type": "garbage",
        "day_of_week": 4
      }
    },
    {
      "type": "Feature",
      "geometry": {
        "type": "Point",
        "coordinates": [
          120.69743315229016,
          24.095171659761682
        ]
      },
      "properties": {
        "routeId": "taichung-ked-9078-bb2816-d4",
        "city": "taichung",
        "route_name": "KED-9078",
        "car_seq": "KED-9078",
        "arrival_time": "1430",
        "departure_time": "1435",
        "district": "大里區",
        "village": "仁德里",
        "location": "至善路228號",
        "type": "沿街",
        "collection_type": "recycling",
        "day_of_week": 4
      }
    },
    {
      "type": "Feature",
      "geometry": {
        "type": "Point",
        "coordinates": [
          120.69638379160024,
          24.096073059149877
        ]
      },
      "properties": {
        "routeId": "taichung-ked-9078-bb2816-d4",
        "city": "taichung",
        "route_name": "KED-9078",
        "car_seq": "KED-9078",
        "arrival_time": "1430",
        "departure_time": "1435",
        "district": "大里區",
        "village": "仁德里",
        "location": "至善路262號",
        "type": "沿街",
        "collection_type": "garbage",
        "day_of_week": 4
      }
    },
    {
      "type": "Feature",
      "geometry": {
        "type": "Point",
        "coordinates": [
          120.69638379160024,
          24.096073059149877
        ]
      },
      "properties": {
        "routeId": "taichung-ked-9078-bb2816-d4",
        "city": "taichung",
        "route_name": "KED-9078",
        "car_seq": "KED-9078",
        "arrival_time": "1430",
        "departure_time": "1435",
        "district": "大里區",
        "village": "仁德里",
        "location": "至善路262號",
        "type": "沿街",
        "collection_type": "recycling",
        "day_of_week": 4
      }
    },
    {
      "type": "Feature",
      "geometry": {
        "type": "Point",
        "coordinates": [
          120.69287953994285,
          24.09376815459243
        ]
      },
      "properties": {
        "routeId": "taichung-ked-9078-bb2816-d4",
        "city": "taichung",
        "route_name": "KED-9078",
        "car_seq": "KED-9078",
        "arrival_time": "1435",
        "departure_time": "1440",
        "district": "大里區",
        "village": "仁化里",
        "location": "仁化路702號",
        "type": "沿街",
        "collection_type": "garbage",
        "day_of_week": 4
      }
    },
    {
      "type": "Feature",
      "geometry": {
        "type": "Point",
        "coordinates": [
          120.69287953994285,
          24.09376815459243
        ]
      },
      "properties": {
        "routeId": "taichung-ked-9078-bb2816-d4",
        "city": "taichung",
        "route_name": "KED-9078",
        "car_seq": "KED-9078",
        "arrival_time": "1435",
        "departure_time": "1440",
        "district": "大里區",
        "village": "仁化里",
        "location": "仁化路702號",
        "type": "沿街",
        "collection_type": "recycling",
        "day_of_week": 4
      }
    },
    {
      "type": "Feature",
      "geometry": {
        "type": "Point",
        "coordinates": [
          120.69232088996863,
          24.093155399153872
        ]
      },
      "properties": {
        "routeId": "taichung-ked-9078-bb2816-d4",
        "city": "taichung",
        "route_name": "KED-9078",
        "car_seq": "KED-9078",
        "arrival_time": "1435",
        "departure_time": "1440",
        "district": "大里區",
        "village": "仁化里",
        "location": "仁化路722號",
        "type": "沿街",
        "collection_type": "garbage",
        "day_of_week": 4
      }
    },
    {
      "type": "Feature",
      "geometry": {
        "type": "Point",
        "coordinates": [
          120.69232088996863,
          24.093155399153872
        ]
      },
      "properties": {
        "routeId": "taichung-ked-9078-bb2816-d4",
        "city": "taichung",
        "route_name": "KED-9078",
        "car_seq": "KED-9078",
        "arrival_time": "1435",
        "departure_time": "1440",
        "district": "大里區",
        "village": "仁化里",
        "location": "仁化路722號",
        "type": "沿街",
        "collection_type": "recycling",
        "day_of_week": 4
      }
    },
    {
      "type": "Feature",
      "geometry": {
        "type": "Point",
        "coordinates": [
          120.69209599971488,
          24.092889572900805
        ]
      },
      "properties": {
        "routeId": "taichung-ked-9078-bb2816-d4",
        "city": "taichung",
        "route_name": "KED-9078",
        "car_seq": "KED-9078",
        "arrival_time": "1435",
        "departure_time": "1440",
        "district": "大里區",
        "village": "仁化里",
        "location": "仁化路738號",
        "type": "沿街",
        "collection_type": "garbage",
        "day_of_week": 4
      }
    },
    {
      "type": "Feature",
      "geometry": {
        "type": "Point",
        "coordinates": [
          120.69209599971488,
          24.092889572900805
        ]
      },
      "properties": {
        "routeId": "taichung-ked-9078-bb2816-d4",
        "city": "taichung",
        "route_name": "KED-9078",
        "car_seq": "KED-9078",
        "arrival_time": "1435",
        "departure_time": "1440",
        "district": "大里區",
        "village": "仁化里",
        "location": "仁化路738號",
        "type": "沿街",
        "collection_type": "recycling",
        "day_of_week": 4
      }
    },
    {
      "type": "Feature",
      "geometry": {
        "type": "Point",
        "coordinates": [
          120.69107074317145,
          24.092180874373014
        ]
      },
      "properties": {
        "routeId": "taichung-ked-9078-bb2816-d4",
        "city": "taichung",
        "route_name": "KED-9078",
        "car_seq": "KED-9078",
        "arrival_time": "1440",
        "departure_time": "1447",
        "district": "大里區",
        "village": "仁化里",
        "location": "中興路一段410號",
        "type": "沿街",
        "collection_type": "garbage",
        "day_of_week": 4
      }
    },
    {
      "type": "Feature",
      "geometry": {
        "type": "Point",
        "coordinates": [
          120.69107074317145,
          24.092180874373014
        ]
      },
      "properties": {
        "routeId": "taichung-ked-9078-bb2816-d4",
        "city": "taichung",
        "route_name": "KED-9078",
        "car_seq": "KED-9078",
        "arrival_time": "1440",
        "departure_time": "1447",
        "district": "大里區",
        "village": "仁化里",
        "location": "中興路一段410號",
        "type": "沿街",
        "collection_type": "recycling",
        "day_of_week": 4
      }
    },
    {
      "type": "Feature",
      "geometry": {
        "type": "Point",
        "coordinates": [
          120.69044915235558,
          24.092660431680642
        ]
      },
      "properties": {
        "routeId": "taichung-ked-9078-bb2816-d4",
        "city": "taichung",
        "route_name": "KED-9078",
        "car_seq": "KED-9078",
        "arrival_time": "1440",
        "departure_time": "1447",
        "district": "大里區",
        "village": "仁化里",
        "location": "中興路一段442號",
        "type": "沿街",
        "collection_type": "garbage",
        "day_of_week": 4
      }
    },
    {
      "type": "Feature",
      "geometry": {
        "type": "Point",
        "coordinates": [
          120.69044915235558,
          24.092660431680642
        ]
      },
      "properties": {
        "routeId": "taichung-ked-9078-bb2816-d4",
        "city": "taichung",
        "route_name": "KED-9078",
        "car_seq": "KED-9078",
        "arrival_time": "1440",
        "departure_time": "1447",
        "district": "大里區",
        "village": "仁化里",
        "location": "中興路一段442號",
        "type": "沿街",
        "collection_type": "recycling",
        "day_of_week": 4
      }
    },
    {
      "type": "Feature",
      "geometry": {
        "type": "Point",
        "coordinates": [
          120.69052997739855,
          24.092916578237602
        ]
      },
      "properties": {
        "routeId": "taichung-ked-9078-bb2816-d4",
        "city": "taichung",
        "route_name": "KED-9078",
        "car_seq": "KED-9078",
        "arrival_time": "1440",
        "departure_time": "1447",
        "district": "大里區",
        "village": "仁化里",
        "location": "仁慈街2巷1號",
        "type": "沿街",
        "collection_type": "garbage",
        "day_of_week": 4
      }
    },
    {
      "type": "Feature",
      "geometry": {
        "type": "Point",
        "coordinates": [
          120.69052997739855,
          24.092916578237602
        ]
      },
      "properties": {
        "routeId": "taichung-ked-9078-bb2816-d4",
        "city": "taichung",
        "route_name": "KED-9078",
        "car_seq": "KED-9078",
        "arrival_time": "1440",
        "departure_time": "1447",
        "district": "大里區",
        "village": "仁化里",
        "location": "仁慈街2巷1號",
        "type": "沿街",
        "collection_type": "recycling",
        "day_of_week": 4
      }
    },
    {
      "type": "Feature",
      "geometry": {
        "type": "Point",
        "coordinates": [
          120.69082296991093,
          24.09316917198963
        ]
      },
      "properties": {
        "routeId": "taichung-ked-9078-bb2816-d4",
        "city": "taichung",
        "route_name": "KED-9078",
        "car_seq": "KED-9078",
        "arrival_time": "1447",
        "departure_time": "1450",
        "district": "大里區",
        "village": "仁化里",
        "location": "仁慈街12巷1號",
        "type": "沿街",
        "collection_type": "garbage",
        "day_of_week": 4
      }
    },
    {
      "type": "Feature",
      "geometry": {
        "type": "Point",
        "coordinates": [
          120.69082296991093,
          24.09316917198963
        ]
      },
      "properties": {
        "routeId": "taichung-ked-9078-bb2816-d4",
        "city": "taichung",
        "route_name": "KED-9078",
        "car_seq": "KED-9078",
        "arrival_time": "1447",
        "departure_time": "1450",
        "district": "大里區",
        "village": "仁化里",
        "location": "仁慈街12巷1號",
        "type": "沿街",
        "collection_type": "recycling",
        "day_of_week": 4
      }
    },
    {
      "type": "Feature",
      "geometry": {
        "type": "Point",
        "coordinates": [
          120.69113462275989,
          24.093470751149326
        ]
      },
      "properties": {
        "routeId": "taichung-ked-9078-bb2816-d4",
        "city": "taichung",
        "route_name": "KED-9078",
        "car_seq": "KED-9078",
        "arrival_time": "1447",
        "departure_time": "1450",
        "district": "大里區",
        "village": "仁化里",
        "location": "仁慈街26之1號",
        "type": "沿街",
        "collection_type": "garbage",
        "day_of_week": 4
      }
    },
    {
      "type": "Feature",
      "geometry": {
        "type": "Point",
        "coordinates": [
          120.69113462275989,
          24.093470751149326
        ]
      },
      "properties": {
        "routeId": "taichung-ked-9078-bb2816-d4",
        "city": "taichung",
        "route_name": "KED-9078",
        "car_seq": "KED-9078",
        "arrival_time": "1447",
        "departure_time": "1450",
        "district": "大里區",
        "village": "仁化里",
        "location": "仁慈街26之1號",
        "type": "沿街",
        "collection_type": "recycling",
        "day_of_week": 4
      }
    },
    {
      "type": "Feature",
      "geometry": {
        "type": "Point",
        "coordinates": [
          120.69189978946056,
          24.094117715124355
        ]
      },
      "properties": {
        "routeId": "taichung-ked-9078-bb2816-d4",
        "city": "taichung",
        "route_name": "KED-9078",
        "car_seq": "KED-9078",
        "arrival_time": "1447",
        "departure_time": "1450",
        "district": "大里區",
        "village": "仁化里",
        "location": "仁慈街54號",
        "type": "沿街",
        "collection_type": "garbage",
        "day_of_week": 4
      }
    },
    {
      "type": "Feature",
      "geometry": {
        "type": "Point",
        "coordinates": [
          120.69189978946056,
          24.094117715124355
        ]
      },
      "properties": {
        "routeId": "taichung-ked-9078-bb2816-d4",
        "city": "taichung",
        "route_name": "KED-9078",
        "car_seq": "KED-9078",
        "arrival_time": "1447",
        "departure_time": "1450",
        "district": "大里區",
        "village": "仁化里",
        "location": "仁慈街54號",
        "type": "沿街",
        "collection_type": "recycling",
        "day_of_week": 4
      }
    },
    {
      "type": "Feature",
      "geometry": {
        "type": "Point",
        "coordinates": [
          120.69045755436278,
          24.092278731618812
        ]
      },
      "properties": {
        "routeId": "taichung-ked-9078-bb2816-d4",
        "city": "taichung",
        "route_name": "KED-9078",
        "car_seq": "KED-9078",
        "arrival_time": "1447",
        "departure_time": "1450",
        "district": "大里區",
        "village": "仁化里",
        "location": "中興路一段363號",
        "type": "沿街",
        "collection_type": "garbage",
        "day_of_week": 4
      }
    },
    {
      "type": "Feature",
      "geometry": {
        "type": "Point",
        "coordinates": [
          120.69045755436278,
          24.092278731618812
        ]
      },
      "properties": {
        "routeId": "taichung-ked-9078-bb2816-d4",
        "city": "taichung",
        "route_name": "KED-9078",
        "car_seq": "KED-9078",
        "arrival_time": "1447",
        "departure_time": "1450",
        "district": "大里區",
        "village": "仁化里",
        "location": "中興路一段363號",
        "type": "沿街",
        "collection_type": "recycling",
        "day_of_week": 4
      }
    },
    {
      "type": "Feature",
      "geometry": {
        "type": "Point",
        "coordinates": [
          120.69081727500362,
          24.09140248077528
        ]
      },
      "properties": {
        "routeId": "taichung-ked-9078-bb2816-d4",
        "city": "taichung",
        "route_name": "KED-9078",
        "car_seq": "KED-9078",
        "arrival_time": "1450",
        "departure_time": "1455",
        "district": "大里區",
        "village": "仁化里",
        "location": "仁化路770號",
        "type": "沿街",
        "collection_type": "garbage",
        "day_of_week": 4
      }
    },
    {
      "type": "Feature",
      "geometry": {
        "type": "Point",
        "coordinates": [
          120.69081727500362,
          24.09140248077528
        ]
      },
      "properties": {
        "routeId": "taichung-ked-9078-bb2816-d4",
        "city": "taichung",
        "route_name": "KED-9078",
        "car_seq": "KED-9078",
        "arrival_time": "1450",
        "departure_time": "1455",
        "district": "大里區",
        "village": "仁化里",
        "location": "仁化路770號",
        "type": "沿街",
        "collection_type": "recycling",
        "day_of_week": 4
      }
    },
    {
      "type": "Feature",
      "geometry": {
        "type": "Point",
        "coordinates": [
          120.69048243528083,
          24.090634125206858
        ]
      },
      "properties": {
        "routeId": "taichung-ked-9078-bb2816-d4",
        "city": "taichung",
        "route_name": "KED-9078",
        "car_seq": "KED-9078",
        "arrival_time": "1450",
        "departure_time": "1455",
        "district": "大里區",
        "village": "仁化里",
        "location": "仁化路822號",
        "type": "沿街",
        "collection_type": "garbage",
        "day_of_week": 4
      }
    },
    {
      "type": "Feature",
      "geometry": {
        "type": "Point",
        "coordinates": [
          120.69048243528083,
          24.090634125206858
        ]
      },
      "properties": {
        "routeId": "taichung-ked-9078-bb2816-d4",
        "city": "taichung",
        "route_name": "KED-9078",
        "car_seq": "KED-9078",
        "arrival_time": "1450",
        "departure_time": "1455",
        "district": "大里區",
        "village": "仁化里",
        "location": "仁化路822號",
        "type": "沿街",
        "collection_type": "recycling",
        "day_of_week": 4
      }
    },
    {
      "type": "Feature",
      "geometry": {
        "type": "Point",
        "coordinates": [
          120.69029660813659,
          24.089898594594455
        ]
      },
      "properties": {
        "routeId": "taichung-ked-9078-bb2816-d4",
        "city": "taichung",
        "route_name": "KED-9078",
        "car_seq": "KED-9078",
        "arrival_time": "1450",
        "departure_time": "1455",
        "district": "大里區",
        "village": "仁化里",
        "location": "仁化路1016號",
        "type": "沿街",
        "collection_type": "garbage",
        "day_of_week": 4
      }
    },
    {
      "type": "Feature",
      "geometry": {
        "type": "Point",
        "coordinates": [
          120.69029660813659,
          24.089898594594455
        ]
      },
      "properties": {
        "routeId": "taichung-ked-9078-bb2816-d4",
        "city": "taichung",
        "route_name": "KED-9078",
        "car_seq": "KED-9078",
        "arrival_time": "1450",
        "departure_time": "1455",
        "district": "大里區",
        "village": "仁化里",
        "location": "仁化路1016號",
        "type": "沿街",
        "collection_type": "recycling",
        "day_of_week": 4
      }
    },
    {
      "type": "Feature",
      "geometry": {
        "type": "Point",
        "coordinates": [
          120.69009390742823,
          24.089256257899457
        ]
      },
      "properties": {
        "routeId": "taichung-ked-9078-bb2816-d4",
        "city": "taichung",
        "route_name": "KED-9078",
        "car_seq": "KED-9078",
        "arrival_time": "1450",
        "departure_time": "1455",
        "district": "大里區",
        "village": "仁化里",
        "location": "仁化路1066號",
        "type": "沿街",
        "collection_type": "garbage",
        "day_of_week": 4
      }
    },
    {
      "type": "Feature",
      "geometry": {
        "type": "Point",
        "coordinates": [
          120.69009390742823,
          24.089256257899457
        ]
      },
      "properties": {
        "routeId": "taichung-ked-9078-bb2816-d4",
        "city": "taichung",
        "route_name": "KED-9078",
        "car_seq": "KED-9078",
        "arrival_time": "1450",
        "departure_time": "1455",
        "district": "大里區",
        "village": "仁化里",
        "location": "仁化路1066號",
        "type": "沿街",
        "collection_type": "recycling",
        "day_of_week": 4
      }
    },
    {
      "type": "Feature",
      "geometry": {
        "type": "Point",
        "coordinates": [
          120.69060316784488,
          24.089876163198916
        ]
      },
      "properties": {
        "routeId": "taichung-ked-9078-bb2816-d4",
        "city": "taichung",
        "route_name": "KED-9078",
        "car_seq": "KED-9078",
        "arrival_time": "1450",
        "departure_time": "1455",
        "district": "大里區",
        "village": "仁化里",
        "location": "仁化路1031號",
        "type": "沿街",
        "collection_type": "garbage",
        "day_of_week": 4
      }
    },
    {
      "type": "Feature",
      "geometry": {
        "type": "Point",
        "coordinates": [
          120.69060316784488,
          24.089876163198916
        ]
      },
      "properties": {
        "routeId": "taichung-ked-9078-bb2816-d4",
        "city": "taichung",
        "route_name": "KED-9078",
        "car_seq": "KED-9078",
        "arrival_time": "1450",
        "departure_time": "1455",
        "district": "大里區",
        "village": "仁化里",
        "location": "仁化路1031號",
        "type": "沿街",
        "collection_type": "recycling",
        "day_of_week": 4
      }
    },
    {
      "type": "Feature",
      "geometry": {
        "type": "Point",
        "coordinates": [
          120.69109067360097,
          24.09141232462213
        ]
      },
      "properties": {
        "routeId": "taichung-ked-9078-bb2816-d4",
        "city": "taichung",
        "route_name": "KED-9078",
        "car_seq": "KED-9078",
        "arrival_time": "1450",
        "departure_time": "1455",
        "district": "大里區",
        "village": "仁化里",
        "location": "仁化路865號",
        "type": "沿街",
        "collection_type": "garbage",
        "day_of_week": 4
      }
    },
    {
      "type": "Feature",
      "geometry": {
        "type": "Point",
        "coordinates": [
          120.69109067360097,
          24.09141232462213
        ]
      },
      "properties": {
        "routeId": "taichung-ked-9078-bb2816-d4",
        "city": "taichung",
        "route_name": "KED-9078",
        "car_seq": "KED-9078",
        "arrival_time": "1450",
        "departure_time": "1455",
        "district": "大里區",
        "village": "仁化里",
        "location": "仁化路865號",
        "type": "沿街",
        "collection_type": "recycling",
        "day_of_week": 4
      }
    },
    {
      "type": "Feature",
      "geometry": {
        "type": "Point",
        "coordinates": [
          120.69176762472478,
          24.09126831775557
        ]
      },
      "properties": {
        "routeId": "taichung-ked-9078-bb2816-d4",
        "city": "taichung",
        "route_name": "KED-9078",
        "car_seq": "KED-9078",
        "arrival_time": "1455",
        "departure_time": "1500",
        "district": "大里區",
        "village": "東湖里",
        "location": "中興路一段273號",
        "type": "沿街",
        "collection_type": "garbage",
        "day_of_week": 4
      }
    },
    {
      "type": "Feature",
      "geometry": {
        "type": "Point",
        "coordinates": [
          120.69176762472478,
          24.09126831775557
        ]
      },
      "properties": {
        "routeId": "taichung-ked-9078-bb2816-d4",
        "city": "taichung",
        "route_name": "KED-9078",
        "car_seq": "KED-9078",
        "arrival_time": "1455",
        "departure_time": "1500",
        "district": "大里區",
        "village": "東湖里",
        "location": "中興路一段273號",
        "type": "沿街",
        "collection_type": "recycling",
        "day_of_week": 4
      }
    },
    {
      "type": "Feature",
      "geometry": {
        "type": "Point",
        "coordinates": [
          120.6924104572606,
          24.09078113169261
        ]
      },
      "properties": {
        "routeId": "taichung-ked-9078-bb2816-d4",
        "city": "taichung",
        "route_name": "KED-9078",
        "car_seq": "KED-9078",
        "arrival_time": "1455",
        "departure_time": "1500",
        "district": "大里區",
        "village": "東湖里",
        "location": "中興路一段239號",
        "type": "沿街",
        "collection_type": "garbage",
        "day_of_week": 4
      }
    },
    {
      "type": "Feature",
      "geometry": {
        "type": "Point",
        "coordinates": [
          120.6924104572606,
          24.09078113169261
        ]
      },
      "properties": {
        "routeId": "taichung-ked-9078-bb2816-d4",
        "city": "taichung",
        "route_name": "KED-9078",
        "car_seq": "KED-9078",
        "arrival_time": "1455",
        "departure_time": "1500",
        "district": "大里區",
        "village": "東湖里",
        "location": "中興路一段239號",
        "type": "沿街",
        "collection_type": "recycling",
        "day_of_week": 4
      }
    },
    {
      "type": "Feature",
      "geometry": {
        "type": "Point",
        "coordinates": [
          120.69275312422452,
          24.090486920963706
        ]
      },
      "properties": {
        "routeId": "taichung-ked-9078-bb2816-d4",
        "city": "taichung",
        "route_name": "KED-9078",
        "car_seq": "KED-9078",
        "arrival_time": "1455",
        "departure_time": "1500",
        "district": "大里區",
        "village": "東湖里",
        "location": "中興路一段217號",
        "type": "沿街",
        "collection_type": "garbage",
        "day_of_week": 4
      }
    },
    {
      "type": "Feature",
      "geometry": {
        "type": "Point",
        "coordinates": [
          120.69275312422452,
          24.090486920963706
        ]
      },
      "properties": {
        "routeId": "taichung-ked-9078-bb2816-d4",
        "city": "taichung",
        "route_name": "KED-9078",
        "car_seq": "KED-9078",
        "arrival_time": "1455",
        "departure_time": "1500",
        "district": "大里區",
        "village": "東湖里",
        "location": "中興路一段217號",
        "type": "沿街",
        "collection_type": "recycling",
        "day_of_week": 4
      }
    },
    {
      "type": "Feature",
      "geometry": {
        "type": "Point",
        "coordinates": [
          120.69318723080883,
          24.090184585917598
        ]
      },
      "properties": {
        "routeId": "taichung-ked-9078-bb2816-d4",
        "city": "taichung",
        "route_name": "KED-9078",
        "car_seq": "KED-9078",
        "arrival_time": "1455",
        "departure_time": "1500",
        "district": "大里區",
        "village": "東湖里",
        "location": "中興路一段195號",
        "type": "沿街",
        "collection_type": "garbage",
        "day_of_week": 4
      }
    },
    {
      "type": "Feature",
      "geometry": {
        "type": "Point",
        "coordinates": [
          120.69318723080883,
          24.090184585917598
        ]
      },
      "properties": {
        "routeId": "taichung-ked-9078-bb2816-d4",
        "city": "taichung",
        "route_name": "KED-9078",
        "car_seq": "KED-9078",
        "arrival_time": "1455",
        "departure_time": "1500",
        "district": "大里區",
        "village": "東湖里",
        "location": "中興路一段195號",
        "type": "沿街",
        "collection_type": "recycling",
        "day_of_week": 4
      }
    },
    {
      "type": "Feature",
      "geometry": {
        "type": "Point",
        "coordinates": [
          120.69146297214309,
          24.09148702699525
        ]
      },
      "properties": {
        "routeId": "taichung-ked-9078-bb2816-d4",
        "city": "taichung",
        "route_name": "KED-9078",
        "car_seq": "KED-9078",
        "arrival_time": "1455",
        "departure_time": "1500",
        "district": "大里區",
        "village": "東湖里",
        "location": "中興路一段289號",
        "type": "沿街",
        "collection_type": "garbage",
        "day_of_week": 4
      }
    },
    {
      "type": "Feature",
      "geometry": {
        "type": "Point",
        "coordinates": [
          120.69146297214309,
          24.09148702699525
        ]
      },
      "properties": {
        "routeId": "taichung-ked-9078-bb2816-d4",
        "city": "taichung",
        "route_name": "KED-9078",
        "car_seq": "KED-9078",
        "arrival_time": "1455",
        "departure_time": "1500",
        "district": "大里區",
        "village": "東湖里",
        "location": "中興路一段289號",
        "type": "沿街",
        "collection_type": "recycling",
        "day_of_week": 4
      }
    },
    {
      "type": "Feature",
      "geometry": {
        "type": "Point",
        "coordinates": [
          120.69566177406213,
          24.087683063494776
        ]
      },
      "properties": {
        "routeId": "taichung-ked-9078-bb2816-d4",
        "city": "taichung",
        "route_name": "KED-9078",
        "car_seq": "KED-9078",
        "arrival_time": "1500",
        "departure_time": "1505",
        "district": "大里區",
        "village": "東湖里",
        "location": "中興路一段163號",
        "type": "沿街",
        "collection_type": "garbage",
        "day_of_week": 4
      }
    },
    {
      "type": "Feature",
      "geometry": {
        "type": "Point",
        "coordinates": [
          120.69566177406213,
          24.087683063494776
        ]
      },
      "properties": {
        "routeId": "taichung-ked-9078-bb2816-d4",
        "city": "taichung",
        "route_name": "KED-9078",
        "car_seq": "KED-9078",
        "arrival_time": "1500",
        "departure_time": "1505",
        "district": "大里區",
        "village": "東湖里",
        "location": "中興路一段163號",
        "type": "沿街",
        "collection_type": "recycling",
        "day_of_week": 4
      }
    },
    {
      "type": "Feature",
      "geometry": {
        "type": "Point",
        "coordinates": [
          120.69428166268135,
          24.089303243608065
        ]
      },
      "properties": {
        "routeId": "taichung-ked-9078-bb2816-d4",
        "city": "taichung",
        "route_name": "KED-9078",
        "car_seq": "KED-9078",
        "arrival_time": "1500",
        "departure_time": "1505",
        "district": "大里區",
        "village": "東湖里",
        "location": "中興路一段173之37號",
        "type": "沿街",
        "collection_type": "garbage",
        "day_of_week": 4
      }
    },
    {
      "type": "Feature",
      "geometry": {
        "type": "Point",
        "coordinates": [
          120.69428166268135,
          24.089303243608065
        ]
      },
      "properties": {
        "routeId": "taichung-ked-9078-bb2816-d4",
        "city": "taichung",
        "route_name": "KED-9078",
        "car_seq": "KED-9078",
        "arrival_time": "1500",
        "departure_time": "1505",
        "district": "大里區",
        "village": "東湖里",
        "location": "中興路一段173之37號",
        "type": "沿街",
        "collection_type": "recycling",
        "day_of_week": 4
      }
    },
    {
      "type": "Feature",
      "geometry": {
        "type": "Point",
        "coordinates": [
          120.69558098718161,
          24.088073992617417
        ]
      },
      "properties": {
        "routeId": "taichung-ked-9078-bb2816-d4",
        "city": "taichung",
        "route_name": "KED-9078",
        "car_seq": "KED-9078",
        "arrival_time": "1500",
        "departure_time": "1505",
        "district": "大里區",
        "village": "東湖里",
        "location": "中興路一段167號",
        "type": "沿街",
        "collection_type": "garbage",
        "day_of_week": 4
      }
    },
    {
      "type": "Feature",
      "geometry": {
        "type": "Point",
        "coordinates": [
          120.69558098718161,
          24.088073992617417
        ]
      },
      "properties": {
        "routeId": "taichung-ked-9078-bb2816-d4",
        "city": "taichung",
        "route_name": "KED-9078",
        "car_seq": "KED-9078",
        "arrival_time": "1500",
        "departure_time": "1505",
        "district": "大里區",
        "village": "東湖里",
        "location": "中興路一段167號",
        "type": "沿街",
        "collection_type": "recycling",
        "day_of_week": 4
      }
    },
    {
      "type": "Feature",
      "geometry": {
        "type": "Point",
        "coordinates": [
          120.69684416423881,
          24.084430858139655
        ]
      },
      "properties": {
        "routeId": "taichung-ked-9078-bb2816-d4",
        "city": "taichung",
        "route_name": "KED-9078",
        "car_seq": "KED-9078",
        "arrival_time": "1505",
        "departure_time": "1510",
        "district": "大里區",
        "village": "東湖里",
        "location": "中興路一段145號",
        "type": "沿街",
        "collection_type": "garbage",
        "day_of_week": 4
      }
    },
    {
      "type": "Feature",
      "geometry": {
        "type": "Point",
        "coordinates": [
          120.69684416423881,
          24.084430858139655
        ]
      },
      "properties": {
        "routeId": "taichung-ked-9078-bb2816-d4",
        "city": "taichung",
        "route_name": "KED-9078",
        "car_seq": "KED-9078",
        "arrival_time": "1505",
        "departure_time": "1510",
        "district": "大里區",
        "village": "東湖里",
        "location": "中興路一段145號",
        "type": "沿街",
        "collection_type": "recycling",
        "day_of_week": 4
      }
    },
    {
      "type": "Feature",
      "geometry": {
        "type": "Point",
        "coordinates": [
          120.69707487516422,
          24.083854246715575
        ]
      },
      "properties": {
        "routeId": "taichung-ked-9078-bb2816-d4",
        "city": "taichung",
        "route_name": "KED-9078",
        "car_seq": "KED-9078",
        "arrival_time": "1505",
        "departure_time": "1510",
        "district": "大里區",
        "village": "東湖里",
        "location": "中興路一段121號",
        "type": "沿街",
        "collection_type": "garbage",
        "day_of_week": 4
      }
    },
    {
      "type": "Feature",
      "geometry": {
        "type": "Point",
        "coordinates": [
          120.69707487516422,
          24.083854246715575
        ]
      },
      "properties": {
        "routeId": "taichung-ked-9078-bb2816-d4",
        "city": "taichung",
        "route_name": "KED-9078",
        "car_seq": "KED-9078",
        "arrival_time": "1505",
        "departure_time": "1510",
        "district": "大里區",
        "village": "東湖里",
        "location": "中興路一段121號",
        "type": "沿街",
        "collection_type": "recycling",
        "day_of_week": 4
      }
    },
    {
      "type": "Feature",
      "geometry": {
        "type": "Point",
        "coordinates": [
          120.69730939239356,
          24.082970931905262
        ]
      },
      "properties": {
        "routeId": "taichung-ked-9078-bb2816-d4",
        "city": "taichung",
        "route_name": "KED-9078",
        "car_seq": "KED-9078",
        "arrival_time": "1505",
        "departure_time": "1510",
        "district": "大里區",
        "village": "東湖里",
        "location": "中興路一段109之6號",
        "type": "沿街",
        "collection_type": "garbage",
        "day_of_week": 4
      }
    },
    {
      "type": "Feature",
      "geometry": {
        "type": "Point",
        "coordinates": [
          120.69730939239356,
          24.082970931905262
        ]
      },
      "properties": {
        "routeId": "taichung-ked-9078-bb2816-d4",
        "city": "taichung",
        "route_name": "KED-9078",
        "car_seq": "KED-9078",
        "arrival_time": "1505",
        "departure_time": "1510",
        "district": "大里區",
        "village": "東湖里",
        "location": "中興路一段109之6號",
        "type": "沿街",
        "collection_type": "recycling",
        "day_of_week": 4
      }
    },
    {
      "type": "Feature",
      "geometry": {
        "type": "Point",
        "coordinates": [
          120.69753617334855,
          24.082302546101317
        ]
      },
      "properties": {
        "routeId": "taichung-ked-9078-bb2816-d4",
        "city": "taichung",
        "route_name": "KED-9078",
        "car_seq": "KED-9078",
        "arrival_time": "1505",
        "departure_time": "1510",
        "district": "大里區",
        "village": "東湖里",
        "location": "中興路一段91號",
        "type": "沿街",
        "collection_type": "garbage",
        "day_of_week": 4
      }
    },
    {
      "type": "Feature",
      "geometry": {
        "type": "Point",
        "coordinates": [
          120.69753617334855,
          24.082302546101317
        ]
      },
      "properties": {
        "routeId": "taichung-ked-9078-bb2816-d4",
        "city": "taichung",
        "route_name": "KED-9078",
        "car_seq": "KED-9078",
        "arrival_time": "1505",
        "departure_time": "1510",
        "district": "大里區",
        "village": "東湖里",
        "location": "中興路一段91號",
        "type": "沿街",
        "collection_type": "recycling",
        "day_of_week": 4
      }
    },
    {
      "type": "Feature",
      "geometry": {
        "type": "Point",
        "coordinates": [
          120.69772025369477,
          24.081757814360312
        ]
      },
      "properties": {
        "routeId": "taichung-ked-9078-bb2816-d4",
        "city": "taichung",
        "route_name": "KED-9078",
        "car_seq": "KED-9078",
        "arrival_time": "1505",
        "departure_time": "1510",
        "district": "大里區",
        "village": "東湖里",
        "location": "中興路一段63號",
        "type": "沿街",
        "collection_type": "garbage",
        "day_of_week": 4
      }
    },
    {
      "type": "Feature",
      "geometry": {
        "type": "Point",
        "coordinates": [
          120.69772025369477,
          24.081757814360312
        ]
      },
      "properties": {
        "routeId": "taichung-ked-9078-bb2816-d4",
        "city": "taichung",
        "route_name": "KED-9078",
        "car_seq": "KED-9078",
        "arrival_time": "1505",
        "departure_time": "1510",
        "district": "大里區",
        "village": "東湖里",
        "location": "中興路一段63號",
        "type": "沿街",
        "collection_type": "recycling",
        "day_of_week": 4
      }
    },
    {
      "type": "Feature",
      "geometry": {
        "type": "Point",
        "coordinates": [
          120.69789277230412,
          24.08119386300899
        ]
      },
      "properties": {
        "routeId": "taichung-ked-9078-bb2816-d4",
        "city": "taichung",
        "route_name": "KED-9078",
        "car_seq": "KED-9078",
        "arrival_time": "1510",
        "departure_time": "1515",
        "district": "大里區",
        "village": "東湖里",
        "location": "中興路一段45號",
        "type": "沿街",
        "collection_type": "garbage",
        "day_of_week": 4
      }
    },
    {
      "type": "Feature",
      "geometry": {
        "type": "Point",
        "coordinates": [
          120.69789277230412,
          24.08119386300899
        ]
      },
      "properties": {
        "routeId": "taichung-ked-9078-bb2816-d4",
        "city": "taichung",
        "route_name": "KED-9078",
        "car_seq": "KED-9078",
        "arrival_time": "1510",
        "departure_time": "1515",
        "district": "大里區",
        "village": "東湖里",
        "location": "中興路一段45號",
        "type": "沿街",
        "collection_type": "recycling",
        "day_of_week": 4
      }
    },
    {
      "type": "Feature",
      "geometry": {
        "type": "Point",
        "coordinates": [
          120.69805316563524,
          24.08067497126177
        ]
      },
      "properties": {
        "routeId": "taichung-ked-9078-bb2816-d4",
        "city": "taichung",
        "route_name": "KED-9078",
        "car_seq": "KED-9078",
        "arrival_time": "1510",
        "departure_time": "1515",
        "district": "大里區",
        "village": "東湖里",
        "location": "中興路一段19號",
        "type": "沿街",
        "collection_type": "garbage",
        "day_of_week": 4
      }
    },
    {
      "type": "Feature",
      "geometry": {
        "type": "Point",
        "coordinates": [
          120.69805316563524,
          24.08067497126177
        ]
      },
      "properties": {
        "routeId": "taichung-ked-9078-bb2816-d4",
        "city": "taichung",
        "route_name": "KED-9078",
        "car_seq": "KED-9078",
        "arrival_time": "1510",
        "departure_time": "1515",
        "district": "大里區",
        "village": "東湖里",
        "location": "中興路一段19號",
        "type": "沿街",
        "collection_type": "recycling",
        "day_of_week": 4
      }
    },
    {
      "type": "Feature",
      "geometry": {
        "type": "Point",
        "coordinates": [
          120.69827952200257,
          24.080050104961654
        ]
      },
      "properties": {
        "routeId": "taichung-ked-9078-bb2816-d4",
        "city": "taichung",
        "route_name": "KED-9078",
        "car_seq": "KED-9078",
        "arrival_time": "1510",
        "departure_time": "1515",
        "district": "大里區",
        "village": "東湖里",
        "location": "中興路一段7號",
        "type": "沿街",
        "collection_type": "garbage",
        "day_of_week": 4
      }
    },
    {
      "type": "Feature",
      "geometry": {
        "type": "Point",
        "coordinates": [
          120.69827952200257,
          24.080050104961654
        ]
      },
      "properties": {
        "routeId": "taichung-ked-9078-bb2816-d4",
        "city": "taichung",
        "route_name": "KED-9078",
        "car_seq": "KED-9078",
        "arrival_time": "1510",
        "departure_time": "1515",
        "district": "大里區",
        "village": "東湖里",
        "location": "中興路一段7號",
        "type": "沿街",
        "collection_type": "recycling",
        "day_of_week": 4
      }
    },
    {
      "type": "Feature",
      "geometry": {
        "type": "Point",
        "coordinates": [
          120.69848417942913,
          24.080350916674124
        ]
      },
      "properties": {
        "routeId": "taichung-ked-9078-bb2816-d4",
        "city": "taichung",
        "route_name": "KED-9078",
        "car_seq": "KED-9078",
        "arrival_time": "1510",
        "departure_time": "1515",
        "district": "大里區",
        "village": "瑞城里",
        "location": "中興路一段14號",
        "type": "沿街",
        "collection_type": "garbage",
        "day_of_week": 4
      }
    },
    {
      "type": "Feature",
      "geometry": {
        "type": "Point",
        "coordinates": [
          120.69848417942913,
          24.080350916674124
        ]
      },
      "properties": {
        "routeId": "taichung-ked-9078-bb2816-d4",
        "city": "taichung",
        "route_name": "KED-9078",
        "car_seq": "KED-9078",
        "arrival_time": "1510",
        "departure_time": "1515",
        "district": "大里區",
        "village": "瑞城里",
        "location": "中興路一段14號",
        "type": "沿街",
        "collection_type": "recycling",
        "day_of_week": 4
      }
    },
    {
      "type": "Feature",
      "geometry": {
        "type": "Point",
        "coordinates": [
          120.69826168623696,
          24.081035628702864
        ]
      },
      "properties": {
        "routeId": "taichung-ked-9078-bb2816-d4",
        "city": "taichung",
        "route_name": "KED-9078",
        "car_seq": "KED-9078",
        "arrival_time": "1510",
        "departure_time": "1515",
        "district": "大里區",
        "village": "瑞城里",
        "location": "中興路一段44號",
        "type": "沿街",
        "collection_type": "garbage",
        "day_of_week": 4
      }
    },
    {
      "type": "Feature",
      "geometry": {
        "type": "Point",
        "coordinates": [
          120.69826168623696,
          24.081035628702864
        ]
      },
      "properties": {
        "routeId": "taichung-ked-9078-bb2816-d4",
        "city": "taichung",
        "route_name": "KED-9078",
        "car_seq": "KED-9078",
        "arrival_time": "1510",
        "departure_time": "1515",
        "district": "大里區",
        "village": "瑞城里",
        "location": "中興路一段44號",
        "type": "沿街",
        "collection_type": "recycling",
        "day_of_week": 4
      }
    },
    {
      "type": "Feature",
      "geometry": {
        "type": "Point",
        "coordinates": [
          120.6980831581503,
          24.081634097051133
        ]
      },
      "properties": {
        "routeId": "taichung-ked-9078-bb2816-d4",
        "city": "taichung",
        "route_name": "KED-9078",
        "car_seq": "KED-9078",
        "arrival_time": "1515",
        "departure_time": "1517",
        "district": "大里區",
        "village": "瑞城里",
        "location": "中興路一段66之1號",
        "type": "沿街",
        "collection_type": "garbage",
        "day_of_week": 4
      }
    },
    {
      "type": "Feature",
      "geometry": {
        "type": "Point",
        "coordinates": [
          120.6980831581503,
          24.081634097051133
        ]
      },
      "properties": {
        "routeId": "taichung-ked-9078-bb2816-d4",
        "city": "taichung",
        "route_name": "KED-9078",
        "car_seq": "KED-9078",
        "arrival_time": "1515",
        "departure_time": "1517",
        "district": "大里區",
        "village": "瑞城里",
        "location": "中興路一段66之1號",
        "type": "沿街",
        "collection_type": "recycling",
        "day_of_week": 4
      }
    },
    {
      "type": "Feature",
      "geometry": {
        "type": "Point",
        "coordinates": [
          120.69794699634996,
          24.082031582192513
        ]
      },
      "properties": {
        "routeId": "taichung-ked-9078-bb2816-d4",
        "city": "taichung",
        "route_name": "KED-9078",
        "car_seq": "KED-9078",
        "arrival_time": "1515",
        "departure_time": "1517",
        "district": "大里區",
        "village": "瑞城里",
        "location": "中興路一段84號",
        "type": "沿街",
        "collection_type": "garbage",
        "day_of_week": 4
      }
    },
    {
      "type": "Feature",
      "geometry": {
        "type": "Point",
        "coordinates": [
          120.69794699634996,
          24.082031582192513
        ]
      },
      "properties": {
        "routeId": "taichung-ked-9078-bb2816-d4",
        "city": "taichung",
        "route_name": "KED-9078",
        "car_seq": "KED-9078",
        "arrival_time": "1515",
        "departure_time": "1517",
        "district": "大里區",
        "village": "瑞城里",
        "location": "中興路一段84號",
        "type": "沿街",
        "collection_type": "recycling",
        "day_of_week": 4
      }
    },
    {
      "type": "Feature",
      "geometry": {
        "type": "Point",
        "coordinates": [
          120.69787772539891,
          24.08225537441869
        ]
      },
      "properties": {
        "routeId": "taichung-ked-9078-bb2816-d4",
        "city": "taichung",
        "route_name": "KED-9078",
        "car_seq": "KED-9078",
        "arrival_time": "1515",
        "departure_time": "1517",
        "district": "大里區",
        "village": "瑞城里",
        "location": "中興路一段90之2號",
        "type": "沿街",
        "collection_type": "garbage",
        "day_of_week": 4
      }
    },
    {
      "type": "Feature",
      "geometry": {
        "type": "Point",
        "coordinates": [
          120.69787772539891,
          24.08225537441869
        ]
      },
      "properties": {
        "routeId": "taichung-ked-9078-bb2816-d4",
        "city": "taichung",
        "route_name": "KED-9078",
        "car_seq": "KED-9078",
        "arrival_time": "1515",
        "departure_time": "1517",
        "district": "大里區",
        "village": "瑞城里",
        "location": "中興路一段90之2號",
        "type": "沿街",
        "collection_type": "recycling",
        "day_of_week": 4
      }
    },
    {
      "type": "Feature",
      "geometry": {
        "type": "Point",
        "coordinates": [
          120.69736229863483,
          24.08383657638783
        ]
      },
      "properties": {
        "routeId": "taichung-ked-9078-bb2816-d4",
        "city": "taichung",
        "route_name": "KED-9078",
        "car_seq": "KED-9078",
        "arrival_time": "1515",
        "departure_time": "1517",
        "district": "大里區",
        "village": "瑞城里",
        "location": "中興路一段148號",
        "type": "沿街",
        "collection_type": "garbage",
        "day_of_week": 4
      }
    },
    {
      "type": "Feature",
      "geometry": {
        "type": "Point",
        "coordinates": [
          120.69736229863483,
          24.08383657638783
        ]
      },
      "properties": {
        "routeId": "taichung-ked-9078-bb2816-d4",
        "city": "taichung",
        "route_name": "KED-9078",
        "car_seq": "KED-9078",
        "arrival_time": "1515",
        "departure_time": "1517",
        "district": "大里區",
        "village": "瑞城里",
        "location": "中興路一段148號",
        "type": "沿街",
        "collection_type": "recycling",
        "day_of_week": 4
      }
    },
    {
      "type": "Feature",
      "geometry": {
        "type": "Point",
        "coordinates": [
          120.69726882412824,
          24.08410527772656
        ]
      },
      "properties": {
        "routeId": "taichung-ked-9078-bb2816-d4",
        "city": "taichung",
        "route_name": "KED-9078",
        "car_seq": "KED-9078",
        "arrival_time": "1517",
        "departure_time": "1520",
        "district": "大里區",
        "village": "瑞城里",
        "location": "中興路一段162號",
        "type": "沿街",
        "collection_type": "garbage",
        "day_of_week": 4
      }
    },
    {
      "type": "Feature",
      "geometry": {
        "type": "Point",
        "coordinates": [
          120.69726882412824,
          24.08410527772656
        ]
      },
      "properties": {
        "routeId": "taichung-ked-9078-bb2816-d4",
        "city": "taichung",
        "route_name": "KED-9078",
        "car_seq": "KED-9078",
        "arrival_time": "1517",
        "departure_time": "1520",
        "district": "大里區",
        "village": "瑞城里",
        "location": "中興路一段162號",
        "type": "沿街",
        "collection_type": "recycling",
        "day_of_week": 4
      }
    },
    {
      "type": "Feature",
      "geometry": {
        "type": "Point",
        "coordinates": [
          120.697124,
          24.08461
        ]
      },
      "properties": {
        "routeId": "taichung-ked-9078-bb2816-d4",
        "city": "taichung",
        "route_name": "KED-9078",
        "car_seq": "KED-9078",
        "arrival_time": "1517",
        "departure_time": "1520",
        "district": "大里區",
        "village": "金城里",
        "location": "中興路一段188號",
        "type": "沿街",
        "collection_type": "garbage",
        "day_of_week": 4
      }
    },
    {
      "type": "Feature",
      "geometry": {
        "type": "Point",
        "coordinates": [
          120.697124,
          24.08461
        ]
      },
      "properties": {
        "routeId": "taichung-ked-9078-bb2816-d4",
        "city": "taichung",
        "route_name": "KED-9078",
        "car_seq": "KED-9078",
        "arrival_time": "1517",
        "departure_time": "1520",
        "district": "大里區",
        "village": "金城里",
        "location": "中興路一段188號",
        "type": "沿街",
        "collection_type": "recycling",
        "day_of_week": 4
      }
    },
    {
      "type": "Feature",
      "geometry": {
        "type": "Point",
        "coordinates": [
          120.697086,
          24.084938
        ]
      },
      "properties": {
        "routeId": "taichung-ked-9078-bb2816-d4",
        "city": "taichung",
        "route_name": "KED-9078",
        "car_seq": "KED-9078",
        "arrival_time": "1517",
        "departure_time": "1520",
        "district": "大里區",
        "village": "金城里",
        "location": "中興路一段202號",
        "type": "沿街",
        "collection_type": "garbage",
        "day_of_week": 4
      }
    },
    {
      "type": "Feature",
      "geometry": {
        "type": "Point",
        "coordinates": [
          120.697086,
          24.084938
        ]
      },
      "properties": {
        "routeId": "taichung-ked-9078-bb2816-d4",
        "city": "taichung",
        "route_name": "KED-9078",
        "car_seq": "KED-9078",
        "arrival_time": "1517",
        "departure_time": "1520",
        "district": "大里區",
        "village": "金城里",
        "location": "中興路一段202號",
        "type": "沿街",
        "collection_type": "recycling",
        "day_of_week": 4
      }
    },
    {
      "type": "Feature",
      "geometry": {
        "type": "Point",
        "coordinates": [
          120.696803,
          24.085595
        ]
      },
      "properties": {
        "routeId": "taichung-ked-9078-bb2816-d4",
        "city": "taichung",
        "route_name": "KED-9078",
        "car_seq": "KED-9078",
        "arrival_time": "1517",
        "departure_time": "1520",
        "district": "大里區",
        "village": "金城里",
        "location": "中興路一段234號",
        "type": "沿街",
        "collection_type": "garbage",
        "day_of_week": 4
      }
    },
    {
      "type": "Feature",
      "geometry": {
        "type": "Point",
        "coordinates": [
          120.696803,
          24.085595
        ]
      },
      "properties": {
        "routeId": "taichung-ked-9078-bb2816-d4",
        "city": "taichung",
        "route_name": "KED-9078",
        "car_seq": "KED-9078",
        "arrival_time": "1517",
        "departure_time": "1520",
        "district": "大里區",
        "village": "金城里",
        "location": "中興路一段234號",
        "type": "沿街",
        "collection_type": "recycling",
        "day_of_week": 4
      }
    },
    {
      "type": "Feature",
      "geometry": {
        "type": "Point",
        "coordinates": [
          120.69667,
          24.086105
        ]
      },
      "properties": {
        "routeId": "taichung-ked-9078-bb2816-d4",
        "city": "taichung",
        "route_name": "KED-9078",
        "car_seq": "KED-9078",
        "arrival_time": "1520",
        "departure_time": "1525",
        "district": "大里區",
        "village": "金城里",
        "location": "中興路一段260號",
        "type": "沿街",
        "collection_type": "garbage",
        "day_of_week": 4
      }
    },
    {
      "type": "Feature",
      "geometry": {
        "type": "Point",
        "coordinates": [
          120.69667,
          24.086105
        ]
      },
      "properties": {
        "routeId": "taichung-ked-9078-bb2816-d4",
        "city": "taichung",
        "route_name": "KED-9078",
        "car_seq": "KED-9078",
        "arrival_time": "1520",
        "departure_time": "1525",
        "district": "大里區",
        "village": "金城里",
        "location": "中興路一段260號",
        "type": "沿街",
        "collection_type": "recycling",
        "day_of_week": 4
      }
    },
    {
      "type": "Feature",
      "geometry": {
        "type": "Point",
        "coordinates": [
          120.696582,
          24.086469
        ]
      },
      "properties": {
        "routeId": "taichung-ked-9078-bb2816-d4",
        "city": "taichung",
        "route_name": "KED-9078",
        "car_seq": "KED-9078",
        "arrival_time": "1520",
        "departure_time": "1525",
        "district": "大里區",
        "village": "金城里",
        "location": "中興路一段270號",
        "type": "沿街",
        "collection_type": "garbage",
        "day_of_week": 4
      }
    },
    {
      "type": "Feature",
      "geometry": {
        "type": "Point",
        "coordinates": [
          120.696582,
          24.086469
        ]
      },
      "properties": {
        "routeId": "taichung-ked-9078-bb2816-d4",
        "city": "taichung",
        "route_name": "KED-9078",
        "car_seq": "KED-9078",
        "arrival_time": "1520",
        "departure_time": "1525",
        "district": "大里區",
        "village": "金城里",
        "location": "中興路一段270號",
        "type": "沿街",
        "collection_type": "recycling",
        "day_of_week": 4
      }
    },
    {
      "type": "Feature",
      "geometry": {
        "type": "Point",
        "coordinates": [
          120.696124,
          24.08765
        ]
      },
      "properties": {
        "routeId": "taichung-ked-9078-bb2816-d4",
        "city": "taichung",
        "route_name": "KED-9078",
        "car_seq": "KED-9078",
        "arrival_time": "1520",
        "departure_time": "1525",
        "district": "大里區",
        "village": "金城里",
        "location": "中興路一段292之1號",
        "type": "沿街",
        "collection_type": "garbage",
        "day_of_week": 4
      }
    },
    {
      "type": "Feature",
      "geometry": {
        "type": "Point",
        "coordinates": [
          120.696124,
          24.08765
        ]
      },
      "properties": {
        "routeId": "taichung-ked-9078-bb2816-d4",
        "city": "taichung",
        "route_name": "KED-9078",
        "car_seq": "KED-9078",
        "arrival_time": "1520",
        "departure_time": "1525",
        "district": "大里區",
        "village": "金城里",
        "location": "中興路一段292之1號",
        "type": "沿街",
        "collection_type": "recycling",
        "day_of_week": 4
      }
    },
    {
      "type": "Feature",
      "geometry": {
        "type": "Point",
        "coordinates": [
          120.695274,
          24.088932
        ]
      },
      "properties": {
        "routeId": "taichung-ked-9078-bb2816-d4",
        "city": "taichung",
        "route_name": "KED-9078",
        "car_seq": "KED-9078",
        "arrival_time": "1520",
        "departure_time": "1525",
        "district": "大里區",
        "village": "金城里",
        "location": "中興路一段298之2號",
        "type": "沿街",
        "collection_type": "garbage",
        "day_of_week": 4
      }
    },
    {
      "type": "Feature",
      "geometry": {
        "type": "Point",
        "coordinates": [
          120.695274,
          24.088932
        ]
      },
      "properties": {
        "routeId": "taichung-ked-9078-bb2816-d4",
        "city": "taichung",
        "route_name": "KED-9078",
        "car_seq": "KED-9078",
        "arrival_time": "1520",
        "departure_time": "1525",
        "district": "大里區",
        "village": "金城里",
        "location": "中興路一段298之2號",
        "type": "沿街",
        "collection_type": "recycling",
        "day_of_week": 4
      }
    },
    {
      "type": "Feature",
      "geometry": {
        "type": "Point",
        "coordinates": [
          120.695846,
          24.088304
        ]
      },
      "properties": {
        "routeId": "taichung-ked-9078-bb2816-d4",
        "city": "taichung",
        "route_name": "KED-9078",
        "car_seq": "KED-9078",
        "arrival_time": "1525",
        "departure_time": "1530",
        "district": "大里區",
        "village": "金城里",
        "location": "中興路一段292之18號",
        "type": "沿街",
        "collection_type": "garbage",
        "day_of_week": 4
      }
    },
    {
      "type": "Feature",
      "geometry": {
        "type": "Point",
        "coordinates": [
          120.695846,
          24.088304
        ]
      },
      "properties": {
        "routeId": "taichung-ked-9078-bb2816-d4",
        "city": "taichung",
        "route_name": "KED-9078",
        "car_seq": "KED-9078",
        "arrival_time": "1525",
        "departure_time": "1530",
        "district": "大里區",
        "village": "金城里",
        "location": "中興路一段292之18號",
        "type": "沿街",
        "collection_type": "recycling",
        "day_of_week": 4
      }
    },
    {
      "type": "Feature",
      "geometry": {
        "type": "Point",
        "coordinates": [
          120.694813,
          24.089286
        ]
      },
      "properties": {
        "routeId": "taichung-ked-9078-bb2816-d4",
        "city": "taichung",
        "route_name": "KED-9078",
        "car_seq": "KED-9078",
        "arrival_time": "1525",
        "departure_time": "1530",
        "district": "大里區",
        "village": "金城里",
        "location": "中興路一段300號",
        "type": "沿街",
        "collection_type": "garbage",
        "day_of_week": 4
      }
    },
    {
      "type": "Feature",
      "geometry": {
        "type": "Point",
        "coordinates": [
          120.694813,
          24.089286
        ]
      },
      "properties": {
        "routeId": "taichung-ked-9078-bb2816-d4",
        "city": "taichung",
        "route_name": "KED-9078",
        "car_seq": "KED-9078",
        "arrival_time": "1525",
        "departure_time": "1530",
        "district": "大里區",
        "village": "金城里",
        "location": "中興路一段300號",
        "type": "沿街",
        "collection_type": "recycling",
        "day_of_week": 4
      }
    },
    {
      "type": "Feature",
      "geometry": {
        "type": "Point",
        "coordinates": [
          120.694582,
          24.089435
        ]
      },
      "properties": {
        "routeId": "taichung-ked-9078-bb2816-d4",
        "city": "taichung",
        "route_name": "KED-9078",
        "car_seq": "KED-9078",
        "arrival_time": "1525",
        "departure_time": "1530",
        "district": "大里區",
        "village": "金城里",
        "location": "中興路一段308號",
        "type": "沿街",
        "collection_type": "garbage",
        "day_of_week": 4
      }
    },
    {
      "type": "Feature",
      "geometry": {
        "type": "Point",
        "coordinates": [
          120.694582,
          24.089435
        ]
      },
      "properties": {
        "routeId": "taichung-ked-9078-bb2816-d4",
        "city": "taichung",
        "route_name": "KED-9078",
        "car_seq": "KED-9078",
        "arrival_time": "1525",
        "departure_time": "1530",
        "district": "大里區",
        "village": "金城里",
        "location": "中興路一段308號",
        "type": "沿街",
        "collection_type": "recycling",
        "day_of_week": 4
      }
    },
    {
      "type": "Feature",
      "geometry": {
        "type": "Point",
        "coordinates": [
          120.694002,
          24.089924
        ]
      },
      "properties": {
        "routeId": "taichung-ked-9078-bb2816-d4",
        "city": "taichung",
        "route_name": "KED-9078",
        "car_seq": "KED-9078",
        "arrival_time": "1525",
        "departure_time": "1530",
        "district": "大里區",
        "village": "金城里",
        "location": "中興路一段312之1號",
        "type": "沿街",
        "collection_type": "garbage",
        "day_of_week": 4
      }
    },
    {
      "type": "Feature",
      "geometry": {
        "type": "Point",
        "coordinates": [
          120.694002,
          24.089924
        ]
      },
      "properties": {
        "routeId": "taichung-ked-9078-bb2816-d4",
        "city": "taichung",
        "route_name": "KED-9078",
        "car_seq": "KED-9078",
        "arrival_time": "1525",
        "departure_time": "1530",
        "district": "大里區",
        "village": "金城里",
        "location": "中興路一段312之1號",
        "type": "沿街",
        "collection_type": "recycling",
        "day_of_week": 4
      }
    },
    {
      "type": "Feature",
      "geometry": {
        "type": "Point",
        "coordinates": [
          120.693731,
          24.090121
        ]
      },
      "properties": {
        "routeId": "taichung-ked-9078-bb2816-d4",
        "city": "taichung",
        "route_name": "KED-9078",
        "car_seq": "KED-9078",
        "arrival_time": "1525",
        "departure_time": "1530",
        "district": "大里區",
        "village": "金城里",
        "location": "中興路一段316之1號",
        "type": "沿街",
        "collection_type": "garbage",
        "day_of_week": 4
      }
    },
    {
      "type": "Feature",
      "geometry": {
        "type": "Point",
        "coordinates": [
          120.693731,
          24.090121
        ]
      },
      "properties": {
        "routeId": "taichung-ked-9078-bb2816-d4",
        "city": "taichung",
        "route_name": "KED-9078",
        "car_seq": "KED-9078",
        "arrival_time": "1525",
        "departure_time": "1530",
        "district": "大里區",
        "village": "金城里",
        "location": "中興路一段316之1號",
        "type": "沿街",
        "collection_type": "recycling",
        "day_of_week": 4
      }
    },
    {
      "type": "Feature",
      "geometry": {
        "type": "Point",
        "coordinates": [
          120.693211,
          24.09055
        ]
      },
      "properties": {
        "routeId": "taichung-ked-9078-bb2816-d4",
        "city": "taichung",
        "route_name": "KED-9078",
        "car_seq": "KED-9078",
        "arrival_time": "1525",
        "departure_time": "1530",
        "district": "大里區",
        "village": "金城里",
        "location": "中興路一段324號",
        "type": "沿街",
        "collection_type": "garbage",
        "day_of_week": 4
      }
    },
    {
      "type": "Feature",
      "geometry": {
        "type": "Point",
        "coordinates": [
          120.693211,
          24.09055
        ]
      },
      "properties": {
        "routeId": "taichung-ked-9078-bb2816-d4",
        "city": "taichung",
        "route_name": "KED-9078",
        "car_seq": "KED-9078",
        "arrival_time": "1525",
        "departure_time": "1530",
        "district": "大里區",
        "village": "金城里",
        "location": "中興路一段324號",
        "type": "沿街",
        "collection_type": "recycling",
        "day_of_week": 4
      }
    },
    {
      "type": "Feature",
      "geometry": {
        "type": "Point",
        "coordinates": [
          120.692718,
          24.090906
        ]
      },
      "properties": {
        "routeId": "taichung-ked-9078-bb2816-d4",
        "city": "taichung",
        "route_name": "KED-9078",
        "car_seq": "KED-9078",
        "arrival_time": "1530",
        "departure_time": "1532",
        "district": "大里區",
        "village": "金城里",
        "location": "中興路一段340號",
        "type": "沿街",
        "collection_type": "garbage",
        "day_of_week": 4
      }
    },
    {
      "type": "Feature",
      "geometry": {
        "type": "Point",
        "coordinates": [
          120.692718,
          24.090906
        ]
      },
      "properties": {
        "routeId": "taichung-ked-9078-bb2816-d4",
        "city": "taichung",
        "route_name": "KED-9078",
        "car_seq": "KED-9078",
        "arrival_time": "1530",
        "departure_time": "1532",
        "district": "大里區",
        "village": "金城里",
        "location": "中興路一段340號",
        "type": "沿街",
        "collection_type": "recycling",
        "day_of_week": 4
      }
    },
    {
      "type": "Feature",
      "geometry": {
        "type": "Point",
        "coordinates": [
          120.692449,
          24.091125
        ]
      },
      "properties": {
        "routeId": "taichung-ked-9078-bb2816-d4",
        "city": "taichung",
        "route_name": "KED-9078",
        "car_seq": "KED-9078",
        "arrival_time": "1530",
        "departure_time": "1532",
        "district": "大里區",
        "village": "金城里",
        "location": "中興路一段358號",
        "type": "沿街",
        "collection_type": "garbage",
        "day_of_week": 4
      }
    },
    {
      "type": "Feature",
      "geometry": {
        "type": "Point",
        "coordinates": [
          120.692449,
          24.091125
        ]
      },
      "properties": {
        "routeId": "taichung-ked-9078-bb2816-d4",
        "city": "taichung",
        "route_name": "KED-9078",
        "car_seq": "KED-9078",
        "arrival_time": "1530",
        "departure_time": "1532",
        "district": "大里區",
        "village": "金城里",
        "location": "中興路一段358號",
        "type": "沿街",
        "collection_type": "recycling",
        "day_of_week": 4
      }
    },
    {
      "type": "Feature",
      "geometry": {
        "type": "Point",
        "coordinates": [
          120.69221,
          24.0913
        ]
      },
      "properties": {
        "routeId": "taichung-ked-9078-bb2816-d4",
        "city": "taichung",
        "route_name": "KED-9078",
        "car_seq": "KED-9078",
        "arrival_time": "1530",
        "departure_time": "1532",
        "district": "大里區",
        "village": "金城里",
        "location": "中興路一段376號",
        "type": "沿街",
        "collection_type": "garbage",
        "day_of_week": 4
      }
    },
    {
      "type": "Feature",
      "geometry": {
        "type": "Point",
        "coordinates": [
          120.69221,
          24.0913
        ]
      },
      "properties": {
        "routeId": "taichung-ked-9078-bb2816-d4",
        "city": "taichung",
        "route_name": "KED-9078",
        "car_seq": "KED-9078",
        "arrival_time": "1530",
        "departure_time": "1532",
        "district": "大里區",
        "village": "金城里",
        "location": "中興路一段376號",
        "type": "沿街",
        "collection_type": "recycling",
        "day_of_week": 4
      }
    },
    {
      "type": "Feature",
      "geometry": {
        "type": "Point",
        "coordinates": [
          120.691697,
          24.091728
        ]
      },
      "properties": {
        "routeId": "taichung-ked-9078-bb2816-d4",
        "city": "taichung",
        "route_name": "KED-9078",
        "car_seq": "KED-9078",
        "arrival_time": "1530",
        "departure_time": "1532",
        "district": "大里區",
        "village": "金城里",
        "location": "中興路一段394號",
        "type": "沿街",
        "collection_type": "garbage",
        "day_of_week": 4
      }
    },
    {
      "type": "Feature",
      "geometry": {
        "type": "Point",
        "coordinates": [
          120.691697,
          24.091728
        ]
      },
      "properties": {
        "routeId": "taichung-ked-9078-bb2816-d4",
        "city": "taichung",
        "route_name": "KED-9078",
        "car_seq": "KED-9078",
        "arrival_time": "1530",
        "departure_time": "1532",
        "district": "大里區",
        "village": "金城里",
        "location": "中興路一段394號",
        "type": "沿街",
        "collection_type": "recycling",
        "day_of_week": 4
      }
    },
    {
      "type": "Feature",
      "geometry": {
        "type": "Point",
        "coordinates": [
          120.69177958137216,
          24.092268987042104
        ]
      },
      "properties": {
        "routeId": "taichung-ked-9078-bb2816-d4",
        "city": "taichung",
        "route_name": "KED-9078",
        "car_seq": "KED-9078",
        "arrival_time": "1532",
        "departure_time": "1535",
        "district": "大里區",
        "village": "仁德里",
        "location": "仁化路833號",
        "type": "沿街",
        "collection_type": "garbage",
        "day_of_week": 4
      }
    },
    {
      "type": "Feature",
      "geometry": {
        "type": "Point",
        "coordinates": [
          120.69177958137216,
          24.092268987042104
        ]
      },
      "properties": {
        "routeId": "taichung-ked-9078-bb2816-d4",
        "city": "taichung",
        "route_name": "KED-9078",
        "car_seq": "KED-9078",
        "arrival_time": "1532",
        "departure_time": "1535",
        "district": "大里區",
        "village": "仁德里",
        "location": "仁化路833號",
        "type": "沿街",
        "collection_type": "recycling",
        "day_of_week": 4
      }
    },
    {
      "type": "Feature",
      "geometry": {
        "type": "Point",
        "coordinates": [
          120.69193064167372,
          24.092403558400758
        ]
      },
      "properties": {
        "routeId": "taichung-ked-9078-bb2816-d4",
        "city": "taichung",
        "route_name": "KED-9078",
        "car_seq": "KED-9078",
        "arrival_time": "1532",
        "departure_time": "1535",
        "district": "大里區",
        "village": "仁德里",
        "location": "仁化路821號",
        "type": "沿街",
        "collection_type": "garbage",
        "day_of_week": 4
      }
    },
    {
      "type": "Feature",
      "geometry": {
        "type": "Point",
        "coordinates": [
          120.69193064167372,
          24.092403558400758
        ]
      },
      "properties": {
        "routeId": "taichung-ked-9078-bb2816-d4",
        "city": "taichung",
        "route_name": "KED-9078",
        "car_seq": "KED-9078",
        "arrival_time": "1532",
        "departure_time": "1535",
        "district": "大里區",
        "village": "仁德里",
        "location": "仁化路821號",
        "type": "沿街",
        "collection_type": "recycling",
        "day_of_week": 4
      }
    },
    {
      "type": "Feature",
      "geometry": {
        "type": "Point",
        "coordinates": [
          120.69234388753945,
          24.092837620243063
        ]
      },
      "properties": {
        "routeId": "taichung-ked-9078-bb2816-d4",
        "city": "taichung",
        "route_name": "KED-9078",
        "car_seq": "KED-9078",
        "arrival_time": "1532",
        "departure_time": "1535",
        "district": "大里區",
        "village": "仁德里",
        "location": "仁化路799號",
        "type": "沿街",
        "collection_type": "garbage",
        "day_of_week": 4
      }
    },
    {
      "type": "Feature",
      "geometry": {
        "type": "Point",
        "coordinates": [
          120.69234388753945,
          24.092837620243063
        ]
      },
      "properties": {
        "routeId": "taichung-ked-9078-bb2816-d4",
        "city": "taichung",
        "route_name": "KED-9078",
        "car_seq": "KED-9078",
        "arrival_time": "1532",
        "departure_time": "1535",
        "district": "大里區",
        "village": "仁德里",
        "location": "仁化路799號",
        "type": "沿街",
        "collection_type": "recycling",
        "day_of_week": 4
      }
    },
    {
      "type": "Feature",
      "geometry": {
        "type": "Point",
        "coordinates": [
          120.6928815123294,
          24.093373962873972
        ]
      },
      "properties": {
        "routeId": "taichung-ked-9078-bb2816-d4",
        "city": "taichung",
        "route_name": "KED-9078",
        "car_seq": "KED-9078",
        "arrival_time": "1532",
        "departure_time": "1535",
        "district": "大里區",
        "village": "仁德里",
        "location": "仁化路777號",
        "type": "沿街",
        "collection_type": "garbage",
        "day_of_week": 4
      }
    },
    {
      "type": "Feature",
      "geometry": {
        "type": "Point",
        "coordinates": [
          120.6928815123294,
          24.093373962873972
        ]
      },
      "properties": {
        "routeId": "taichung-ked-9078-bb2816-d4",
        "city": "taichung",
        "route_name": "KED-9078",
        "car_seq": "KED-9078",
        "arrival_time": "1532",
        "departure_time": "1535",
        "district": "大里區",
        "village": "仁德里",
        "location": "仁化路777號",
        "type": "沿街",
        "collection_type": "recycling",
        "day_of_week": 4
      }
    },
    {
      "type": "Feature",
      "geometry": {
        "type": "Point",
        "coordinates": [
          120.69334235498611,
          24.09385570245623
        ]
      },
      "properties": {
        "routeId": "taichung-ked-9078-bb2816-d4",
        "city": "taichung",
        "route_name": "KED-9078",
        "car_seq": "KED-9078",
        "arrival_time": "1535",
        "departure_time": "1540",
        "district": "大里區",
        "village": "仁德里",
        "location": "仁化路753號",
        "type": "沿街",
        "collection_type": "garbage",
        "day_of_week": 4
      }
    },
    {
      "type": "Feature",
      "geometry": {
        "type": "Point",
        "coordinates": [
          120.69334235498611,
          24.09385570245623
        ]
      },
      "properties": {
        "routeId": "taichung-ked-9078-bb2816-d4",
        "city": "taichung",
        "route_name": "KED-9078",
        "car_seq": "KED-9078",
        "arrival_time": "1535",
        "departure_time": "1540",
        "district": "大里區",
        "village": "仁德里",
        "location": "仁化路753號",
        "type": "沿街",
        "collection_type": "recycling",
        "day_of_week": 4
      }
    },
    {
      "type": "Feature",
      "geometry": {
        "type": "Point",
        "coordinates": [
          120.69379779251899,
          24.094254169903426
        ]
      },
      "properties": {
        "routeId": "taichung-ked-9078-bb2816-d4",
        "city": "taichung",
        "route_name": "KED-9078",
        "car_seq": "KED-9078",
        "arrival_time": "1535",
        "departure_time": "1540",
        "district": "大里區",
        "village": "仁德里",
        "location": "仁化路735號",
        "type": "沿街",
        "collection_type": "garbage",
        "day_of_week": 4
      }
    },
    {
      "type": "Feature",
      "geometry": {
        "type": "Point",
        "coordinates": [
          120.69379779251899,
          24.094254169903426
        ]
      },
      "properties": {
        "routeId": "taichung-ked-9078-bb2816-d4",
        "city": "taichung",
        "route_name": "KED-9078",
        "car_seq": "KED-9078",
        "arrival_time": "1535",
        "departure_time": "1540",
        "district": "大里區",
        "village": "仁德里",
        "location": "仁化路735號",
        "type": "沿街",
        "collection_type": "recycling",
        "day_of_week": 4
      }
    },
    {
      "type": "Feature",
      "geometry": {
        "type": "Point",
        "coordinates": [
          120.69408694986498,
          24.094551824418335
        ]
      },
      "properties": {
        "routeId": "taichung-ked-9078-bb2816-d4",
        "city": "taichung",
        "route_name": "KED-9078",
        "car_seq": "KED-9078",
        "arrival_time": "1535",
        "departure_time": "1540",
        "district": "大里區",
        "village": "仁德里",
        "location": "仁化路721號",
        "type": "沿街",
        "collection_type": "garbage",
        "day_of_week": 4
      }
    },
    {
      "type": "Feature",
      "geometry": {
        "type": "Point",
        "coordinates": [
          120.69408694986498,
          24.094551824418335
        ]
      },
      "properties": {
        "routeId": "taichung-ked-9078-bb2816-d4",
        "city": "taichung",
        "route_name": "KED-9078",
        "car_seq": "KED-9078",
        "arrival_time": "1535",
        "departure_time": "1540",
        "district": "大里區",
        "village": "仁德里",
        "location": "仁化路721號",
        "type": "沿街",
        "collection_type": "recycling",
        "day_of_week": 4
      }
    },
    {
      "type": "Feature",
      "geometry": {
        "type": "Point",
        "coordinates": [
          120.69445668260826,
          24.094593196009836
        ]
      },
      "properties": {
        "routeId": "taichung-ked-9078-bb2816-d4",
        "city": "taichung",
        "route_name": "KED-9078",
        "car_seq": "KED-9078",
        "arrival_time": "1535",
        "departure_time": "1540",
        "district": "大里區",
        "village": "仁德里",
        "location": "仁化路701巷口",
        "type": "沿街",
        "collection_type": "garbage",
        "day_of_week": 4
      }
    },
    {
      "type": "Feature",
      "geometry": {
        "type": "Point",
        "coordinates": [
          120.69445668260826,
          24.094593196009836
        ]
      },
      "properties": {
        "routeId": "taichung-ked-9078-bb2816-d4",
        "city": "taichung",
        "route_name": "KED-9078",
        "car_seq": "KED-9078",
        "arrival_time": "1535",
        "departure_time": "1540",
        "district": "大里區",
        "village": "仁德里",
        "location": "仁化路701巷口",
        "type": "沿街",
        "collection_type": "recycling",
        "day_of_week": 4
      }
    },
    {
      "type": "Feature",
      "geometry": {
        "type": "Point",
        "coordinates": [
          120.69501458372282,
          24.09554167257261
        ]
      },
      "properties": {
        "routeId": "taichung-ked-9078-bb2816-d4",
        "city": "taichung",
        "route_name": "KED-9078",
        "car_seq": "KED-9078",
        "arrival_time": "1540",
        "departure_time": "1545",
        "district": "大里區",
        "village": "仁德里",
        "location": "仁化路681號",
        "type": "沿街",
        "collection_type": "garbage",
        "day_of_week": 4
      }
    },
    {
      "type": "Feature",
      "geometry": {
        "type": "Point",
        "coordinates": [
          120.69501458372282,
          24.09554167257261
        ]
      },
      "properties": {
        "routeId": "taichung-ked-9078-bb2816-d4",
        "city": "taichung",
        "route_name": "KED-9078",
        "car_seq": "KED-9078",
        "arrival_time": "1540",
        "departure_time": "1545",
        "district": "大里區",
        "village": "仁德里",
        "location": "仁化路681號",
        "type": "沿街",
        "collection_type": "recycling",
        "day_of_week": 4
      }
    },
    {
      "type": "Feature",
      "geometry": {
        "type": "Point",
        "coordinates": [
          120.69565121314352,
          24.09619367967045
        ]
      },
      "properties": {
        "routeId": "taichung-ked-9078-bb2816-d4",
        "city": "taichung",
        "route_name": "KED-9078",
        "car_seq": "KED-9078",
        "arrival_time": "1540",
        "departure_time": "1545",
        "district": "大里區",
        "village": "仁德里",
        "location": "仁化路669號",
        "type": "沿街",
        "collection_type": "garbage",
        "day_of_week": 4
      }
    },
    {
      "type": "Feature",
      "geometry": {
        "type": "Point",
        "coordinates": [
          120.69565121314352,
          24.09619367967045
        ]
      },
      "properties": {
        "routeId": "taichung-ked-9078-bb2816-d4",
        "city": "taichung",
        "route_name": "KED-9078",
        "car_seq": "KED-9078",
        "arrival_time": "1540",
        "departure_time": "1545",
        "district": "大里區",
        "village": "仁德里",
        "location": "仁化路669號",
        "type": "沿街",
        "collection_type": "recycling",
        "day_of_week": 4
      }
    },
    {
      "type": "Feature",
      "geometry": {
        "type": "Point",
        "coordinates": [
          120.69615891209642,
          24.096706122651696
        ]
      },
      "properties": {
        "routeId": "taichung-ked-9078-bb2816-d4",
        "city": "taichung",
        "route_name": "KED-9078",
        "car_seq": "KED-9078",
        "arrival_time": "1540",
        "departure_time": "1545",
        "district": "大里區",
        "village": "仁德里",
        "location": "仁化路655號",
        "type": "沿街",
        "collection_type": "garbage",
        "day_of_week": 4
      }
    },
    {
      "type": "Feature",
      "geometry": {
        "type": "Point",
        "coordinates": [
          120.69615891209642,
          24.096706122651696
        ]
      },
      "properties": {
        "routeId": "taichung-ked-9078-bb2816-d4",
        "city": "taichung",
        "route_name": "KED-9078",
        "car_seq": "KED-9078",
        "arrival_time": "1540",
        "departure_time": "1545",
        "district": "大里區",
        "village": "仁德里",
        "location": "仁化路655號",
        "type": "沿街",
        "collection_type": "recycling",
        "day_of_week": 4
      }
    },
    {
      "type": "Feature",
      "geometry": {
        "type": "Point",
        "coordinates": [
          120.69678325733071,
          24.096810920248807
        ]
      },
      "properties": {
        "routeId": "taichung-ked-9078-bb2816-d4",
        "city": "taichung",
        "route_name": "KED-9078",
        "car_seq": "KED-9078",
        "arrival_time": "1540",
        "departure_time": "1545",
        "district": "大里區",
        "village": "仁德里",
        "location": "仁化路625號",
        "type": "沿街",
        "collection_type": "garbage",
        "day_of_week": 4
      }
    },
    {
      "type": "Feature",
      "geometry": {
        "type": "Point",
        "coordinates": [
          120.69678325733071,
          24.096810920248807
        ]
      },
      "properties": {
        "routeId": "taichung-ked-9078-bb2816-d4",
        "city": "taichung",
        "route_name": "KED-9078",
        "car_seq": "KED-9078",
        "arrival_time": "1540",
        "departure_time": "1545",
        "district": "大里區",
        "village": "仁德里",
        "location": "仁化路625號",
        "type": "沿街",
        "collection_type": "recycling",
        "day_of_week": 4
      }
    },
    {
      "type": "Feature",
      "geometry": {
        "type": "Point",
        "coordinates": [
          120.69711310272824,
          24.09675586286259
        ]
      },
      "properties": {
        "routeId": "taichung-ked-9078-bb2816-d4",
        "city": "taichung",
        "route_name": "KED-9078",
        "car_seq": "KED-9078",
        "arrival_time": "1540",
        "departure_time": "1545",
        "district": "大里區",
        "village": "仁德里",
        "location": "仁化路607號",
        "type": "沿街",
        "collection_type": "garbage",
        "day_of_week": 4
      }
    },
    {
      "type": "Feature",
      "geometry": {
        "type": "Point",
        "coordinates": [
          120.69711310272824,
          24.09675586286259
        ]
      },
      "properties": {
        "routeId": "taichung-ked-9078-bb2816-d4",
        "city": "taichung",
        "route_name": "KED-9078",
        "car_seq": "KED-9078",
        "arrival_time": "1540",
        "departure_time": "1545",
        "district": "大里區",
        "village": "仁德里",
        "location": "仁化路607號",
        "type": "沿街",
        "collection_type": "recycling",
        "day_of_week": 4
      }
    },
    {
      "type": "Feature",
      "geometry": {
        "type": "Point",
        "coordinates": [
          120.69934514571729,
          24.0963612606061
        ]
      },
      "properties": {
        "routeId": "taichung-ked-9078-bb2816-d4",
        "city": "taichung",
        "route_name": "KED-9078",
        "car_seq": "KED-9078",
        "arrival_time": "1545",
        "departure_time": "1547",
        "district": "大里區",
        "village": "仁德里",
        "location": "仁化路553號",
        "type": "沿街",
        "collection_type": "garbage",
        "day_of_week": 4
      }
    },
    {
      "type": "Feature",
      "geometry": {
        "type": "Point",
        "coordinates": [
          120.69934514571729,
          24.0963612606061
        ]
      },
      "properties": {
        "routeId": "taichung-ked-9078-bb2816-d4",
        "city": "taichung",
        "route_name": "KED-9078",
        "car_seq": "KED-9078",
        "arrival_time": "1545",
        "departure_time": "1547",
        "district": "大里區",
        "village": "仁德里",
        "location": "仁化路553號",
        "type": "沿街",
        "collection_type": "recycling",
        "day_of_week": 4
      }
    },
    {
      "type": "Feature",
      "geometry": {
        "type": "Point",
        "coordinates": [
          120.69994882788636,
          24.09625426564958
        ]
      },
      "properties": {
        "routeId": "taichung-ked-9078-bb2816-d4",
        "city": "taichung",
        "route_name": "KED-9078",
        "car_seq": "KED-9078",
        "arrival_time": "1545",
        "departure_time": "1547",
        "district": "大里區",
        "village": "仁德里",
        "location": "仁化路527號",
        "type": "沿街",
        "collection_type": "garbage",
        "day_of_week": 4
      }
    },
    {
      "type": "Feature",
      "geometry": {
        "type": "Point",
        "coordinates": [
          120.69994882788636,
          24.09625426564958
        ]
      },
      "properties": {
        "routeId": "taichung-ked-9078-bb2816-d4",
        "city": "taichung",
        "route_name": "KED-9078",
        "car_seq": "KED-9078",
        "arrival_time": "1545",
        "departure_time": "1547",
        "district": "大里區",
        "village": "仁德里",
        "location": "仁化路527號",
        "type": "沿街",
        "collection_type": "recycling",
        "day_of_week": 4
      }
    },
    {
      "type": "Feature",
      "geometry": {
        "type": "Point",
        "coordinates": [
          120.70052550616978,
          24.096161229003652
        ]
      },
      "properties": {
        "routeId": "taichung-ked-9078-bb2816-d4",
        "city": "taichung",
        "route_name": "KED-9078",
        "car_seq": "KED-9078",
        "arrival_time": "1545",
        "departure_time": "1547",
        "district": "大里區",
        "village": "仁德里",
        "location": "仁化路499號",
        "type": "沿街",
        "collection_type": "garbage",
        "day_of_week": 4
      }
    },
    {
      "type": "Feature",
      "geometry": {
        "type": "Point",
        "coordinates": [
          120.70052550616978,
          24.096161229003652
        ]
      },
      "properties": {
        "routeId": "taichung-ked-9078-bb2816-d4",
        "city": "taichung",
        "route_name": "KED-9078",
        "car_seq": "KED-9078",
        "arrival_time": "1545",
        "departure_time": "1547",
        "district": "大里區",
        "village": "仁德里",
        "location": "仁化路499號",
        "type": "沿街",
        "collection_type": "recycling",
        "day_of_week": 4
      }
    },
    {
      "type": "Feature",
      "geometry": {
        "type": "Point",
        "coordinates": [
          120.70413503529446,
          24.09515389623222
        ]
      },
      "properties": {
        "routeId": "taichung-ked-9078-bb2816-d4",
        "city": "taichung",
        "route_name": "KED-9078",
        "car_seq": "KED-9078",
        "arrival_time": "1547",
        "departure_time": "1550",
        "district": "大里區",
        "village": "仁化里",
        "location": "成功二路131號",
        "type": "沿街",
        "collection_type": "garbage",
        "day_of_week": 4
      }
    },
    {
      "type": "Feature",
      "geometry": {
        "type": "Point",
        "coordinates": [
          120.70413503529446,
          24.09515389623222
        ]
      },
      "properties": {
        "routeId": "taichung-ked-9078-bb2816-d4",
        "city": "taichung",
        "route_name": "KED-9078",
        "car_seq": "KED-9078",
        "arrival_time": "1547",
        "departure_time": "1550",
        "district": "大里區",
        "village": "仁化里",
        "location": "成功二路131號",
        "type": "沿街",
        "collection_type": "recycling",
        "day_of_week": 4
      }
    },
    {
      "type": "Feature",
      "geometry": {
        "type": "Point",
        "coordinates": [
          120.7009988094844,
          24.09609245764943
        ]
      },
      "properties": {
        "routeId": "taichung-ked-9078-bb2816-d4",
        "city": "taichung",
        "route_name": "KED-9078",
        "car_seq": "KED-9078",
        "arrival_time": "1547",
        "departure_time": "1550",
        "district": "大里區",
        "village": "仁德里",
        "location": "仁化路475號",
        "type": "沿街",
        "collection_type": "garbage",
        "day_of_week": 4
      }
    },
    {
      "type": "Feature",
      "geometry": {
        "type": "Point",
        "coordinates": [
          120.7009988094844,
          24.09609245764943
        ]
      },
      "properties": {
        "routeId": "taichung-ked-9078-bb2816-d4",
        "city": "taichung",
        "route_name": "KED-9078",
        "car_seq": "KED-9078",
        "arrival_time": "1547",
        "departure_time": "1550",
        "district": "大里區",
        "village": "仁德里",
        "location": "仁化路475號",
        "type": "沿街",
        "collection_type": "recycling",
        "day_of_week": 4
      }
    },
    {
      "type": "Feature",
      "geometry": {
        "type": "Point",
        "coordinates": [
          120.70309233578352,
          24.096044700262446
        ]
      },
      "properties": {
        "routeId": "taichung-ked-9078-bb2816-d4",
        "city": "taichung",
        "route_name": "KED-9078",
        "car_seq": "KED-9078",
        "arrival_time": "1547",
        "departure_time": "1550",
        "district": "大里區",
        "village": "仁德里",
        "location": "仁化路413號",
        "type": "沿街",
        "collection_type": "garbage",
        "day_of_week": 4
      }
    },
    {
      "type": "Feature",
      "geometry": {
        "type": "Point",
        "coordinates": [
          120.70309233578352,
          24.096044700262446
        ]
      },
      "properties": {
        "routeId": "taichung-ked-9078-bb2816-d4",
        "city": "taichung",
        "route_name": "KED-9078",
        "car_seq": "KED-9078",
        "arrival_time": "1547",
        "departure_time": "1550",
        "district": "大里區",
        "village": "仁德里",
        "location": "仁化路413號",
        "type": "沿街",
        "collection_type": "recycling",
        "day_of_week": 4
      }
    },
    {
      "type": "Feature",
      "geometry": {
        "type": "Point",
        "coordinates": [
          120.70418743467492,
          24.09576511543309
        ]
      },
      "properties": {
        "routeId": "taichung-ked-9078-bb2816-d4",
        "city": "taichung",
        "route_name": "KED-9078",
        "car_seq": "KED-9078",
        "arrival_time": "1547",
        "departure_time": "1550",
        "district": "大里區",
        "village": "仁德里",
        "location": "仁化路385號",
        "type": "沿街",
        "collection_type": "garbage",
        "day_of_week": 4
      }
    },
    {
      "type": "Feature",
      "geometry": {
        "type": "Point",
        "coordinates": [
          120.70418743467492,
          24.09576511543309
        ]
      },
      "properties": {
        "routeId": "taichung-ked-9078-bb2816-d4",
        "city": "taichung",
        "route_name": "KED-9078",
        "car_seq": "KED-9078",
        "arrival_time": "1547",
        "departure_time": "1550",
        "district": "大里區",
        "village": "仁德里",
        "location": "仁化路385號",
        "type": "沿街",
        "collection_type": "recycling",
        "day_of_week": 4
      }
    },
    {
      "type": "Feature",
      "geometry": {
        "type": "Point",
        "coordinates": [
          120.70403713922937,
          24.094866400730407
        ]
      },
      "properties": {
        "routeId": "taichung-ked-9078-bb2816-d4",
        "city": "taichung",
        "route_name": "KED-9078",
        "car_seq": "KED-9078",
        "arrival_time": "1550",
        "departure_time": "1555",
        "district": "大里區",
        "village": "仁化里",
        "location": "成功二路105號",
        "type": "沿街",
        "collection_type": "garbage",
        "day_of_week": 4
      }
    },
    {
      "type": "Feature",
      "geometry": {
        "type": "Point",
        "coordinates": [
          120.70403713922937,
          24.094866400730407
        ]
      },
      "properties": {
        "routeId": "taichung-ked-9078-bb2816-d4",
        "city": "taichung",
        "route_name": "KED-9078",
        "car_seq": "KED-9078",
        "arrival_time": "1550",
        "departure_time": "1555",
        "district": "大里區",
        "village": "仁化里",
        "location": "成功二路105號",
        "type": "沿街",
        "collection_type": "recycling",
        "day_of_week": 4
      }
    },
    {
      "type": "Feature",
      "geometry": {
        "type": "Point",
        "coordinates": [
          120.70391020318895,
          24.094499643146076
        ]
      },
      "properties": {
        "routeId": "taichung-ked-9078-bb2816-d4",
        "city": "taichung",
        "route_name": "KED-9078",
        "car_seq": "KED-9078",
        "arrival_time": "1550",
        "departure_time": "1555",
        "district": "大里區",
        "village": "仁化里",
        "location": "成功二路87號",
        "type": "沿街",
        "collection_type": "garbage",
        "day_of_week": 4
      }
    },
    {
      "type": "Feature",
      "geometry": {
        "type": "Point",
        "coordinates": [
          120.70391020318895,
          24.094499643146076
        ]
      },
      "properties": {
        "routeId": "taichung-ked-9078-bb2816-d4",
        "city": "taichung",
        "route_name": "KED-9078",
        "car_seq": "KED-9078",
        "arrival_time": "1550",
        "departure_time": "1555",
        "district": "大里區",
        "village": "仁化里",
        "location": "成功二路87號",
        "type": "沿街",
        "collection_type": "recycling",
        "day_of_week": 4
      }
    },
    {
      "type": "Feature",
      "geometry": {
        "type": "Point",
        "coordinates": [
          120.70378524603113,
          24.094175164865018
        ]
      },
      "properties": {
        "routeId": "taichung-ked-9078-bb2816-d4",
        "city": "taichung",
        "route_name": "KED-9078",
        "car_seq": "KED-9078",
        "arrival_time": "1550",
        "departure_time": "1555",
        "district": "大里區",
        "village": "仁化里",
        "location": "成功二路71號",
        "type": "沿街",
        "collection_type": "garbage",
        "day_of_week": 4
      }
    },
    {
      "type": "Feature",
      "geometry": {
        "type": "Point",
        "coordinates": [
          120.70378524603113,
          24.094175164865018
        ]
      },
      "properties": {
        "routeId": "taichung-ked-9078-bb2816-d4",
        "city": "taichung",
        "route_name": "KED-9078",
        "car_seq": "KED-9078",
        "arrival_time": "1550",
        "departure_time": "1555",
        "district": "大里區",
        "village": "仁化里",
        "location": "成功二路71號",
        "type": "沿街",
        "collection_type": "recycling",
        "day_of_week": 4
      }
    },
    {
      "type": "Feature",
      "geometry": {
        "type": "Point",
        "coordinates": [
          120.7036634898421,
          24.0936566421287
        ]
      },
      "properties": {
        "routeId": "taichung-ked-9078-bb2816-d4",
        "city": "taichung",
        "route_name": "KED-9078",
        "car_seq": "KED-9078",
        "arrival_time": "1555",
        "departure_time": "1600",
        "district": "大里區",
        "village": "仁化里",
        "location": "成功二路51號",
        "type": "沿街",
        "collection_type": "garbage",
        "day_of_week": 4
      }
    },
    {
      "type": "Feature",
      "geometry": {
        "type": "Point",
        "coordinates": [
          120.7036634898421,
          24.0936566421287
        ]
      },
      "properties": {
        "routeId": "taichung-ked-9078-bb2816-d4",
        "city": "taichung",
        "route_name": "KED-9078",
        "car_seq": "KED-9078",
        "arrival_time": "1555",
        "departure_time": "1600",
        "district": "大里區",
        "village": "仁化里",
        "location": "成功二路51號",
        "type": "沿街",
        "collection_type": "recycling",
        "day_of_week": 4
      }
    },
    {
      "type": "Feature",
      "geometry": {
        "type": "Point",
        "coordinates": [
          120.70362327045231,
          24.093314801870722
        ]
      },
      "properties": {
        "routeId": "taichung-ked-9078-bb2816-d4",
        "city": "taichung",
        "route_name": "KED-9078",
        "car_seq": "KED-9078",
        "arrival_time": "1555",
        "departure_time": "1600",
        "district": "大里區",
        "village": "仁化里",
        "location": "成功二路37號",
        "type": "沿街",
        "collection_type": "garbage",
        "day_of_week": 4
      }
    },
    {
      "type": "Feature",
      "geometry": {
        "type": "Point",
        "coordinates": [
          120.70362327045231,
          24.093314801870722
        ]
      },
      "properties": {
        "routeId": "taichung-ked-9078-bb2816-d4",
        "city": "taichung",
        "route_name": "KED-9078",
        "car_seq": "KED-9078",
        "arrival_time": "1555",
        "departure_time": "1600",
        "district": "大里區",
        "village": "仁化里",
        "location": "成功二路37號",
        "type": "沿街",
        "collection_type": "recycling",
        "day_of_week": 4
      }
    },
    {
      "type": "Feature",
      "geometry": {
        "type": "Point",
        "coordinates": [
          120.70345596934993,
          24.09228630108819
        ]
      },
      "properties": {
        "routeId": "taichung-ked-9078-bb2816-d4",
        "city": "taichung",
        "route_name": "KED-9078",
        "car_seq": "KED-9078",
        "arrival_time": "1555",
        "departure_time": "1600",
        "district": "大里區",
        "village": "仁化里",
        "location": "成功二路7號",
        "type": "沿街",
        "collection_type": "garbage",
        "day_of_week": 4
      }
    },
    {
      "type": "Feature",
      "geometry": {
        "type": "Point",
        "coordinates": [
          120.70345596934993,
          24.09228630108819
        ]
      },
      "properties": {
        "routeId": "taichung-ked-9078-bb2816-d4",
        "city": "taichung",
        "route_name": "KED-9078",
        "car_seq": "KED-9078",
        "arrival_time": "1555",
        "departure_time": "1600",
        "district": "大里區",
        "village": "仁化里",
        "location": "成功二路7號",
        "type": "沿街",
        "collection_type": "recycling",
        "day_of_week": 4
      }
    },
    {
      "type": "Feature",
      "geometry": {
        "type": "Point",
        "coordinates": [
          120.70321484078438,
          24.090939000532742
        ]
      },
      "properties": {
        "routeId": "taichung-ked-9078-bb2816-d4",
        "city": "taichung",
        "route_name": "KED-9078",
        "car_seq": "KED-9078",
        "arrival_time": "1600",
        "departure_time": "1605",
        "district": "大里區",
        "village": "仁德里",
        "location": "成功路525號",
        "type": "沿街",
        "collection_type": "garbage",
        "day_of_week": 4
      }
    },
    {
      "type": "Feature",
      "geometry": {
        "type": "Point",
        "coordinates": [
          120.70321484078438,
          24.090939000532742
        ]
      },
      "properties": {
        "routeId": "taichung-ked-9078-bb2816-d4",
        "city": "taichung",
        "route_name": "KED-9078",
        "car_seq": "KED-9078",
        "arrival_time": "1600",
        "departure_time": "1605",
        "district": "大里區",
        "village": "仁德里",
        "location": "成功路525號",
        "type": "沿街",
        "collection_type": "recycling",
        "day_of_week": 4
      }
    },
    {
      "type": "Feature",
      "geometry": {
        "type": "Point",
        "coordinates": [
          120.70310663682696,
          24.090350706293293
        ]
      },
      "properties": {
        "routeId": "taichung-ked-9078-bb2816-d4",
        "city": "taichung",
        "route_name": "KED-9078",
        "car_seq": "KED-9078",
        "arrival_time": "1600",
        "departure_time": "1605",
        "district": "大里區",
        "village": "仁德里",
        "location": "成功路501號",
        "type": "沿街",
        "collection_type": "garbage",
        "day_of_week": 4
      }
    },
    {
      "type": "Feature",
      "geometry": {
        "type": "Point",
        "coordinates": [
          120.70310663682696,
          24.090350706293293
        ]
      },
      "properties": {
        "routeId": "taichung-ked-9078-bb2816-d4",
        "city": "taichung",
        "route_name": "KED-9078",
        "car_seq": "KED-9078",
        "arrival_time": "1600",
        "departure_time": "1605",
        "district": "大里區",
        "village": "仁德里",
        "location": "成功路501號",
        "type": "沿街",
        "collection_type": "recycling",
        "day_of_week": 4
      }
    },
    {
      "type": "Feature",
      "geometry": {
        "type": "Point",
        "coordinates": [
          120.70304503877463,
          24.08989297715898
        ]
      },
      "properties": {
        "routeId": "taichung-ked-9078-bb2816-d4",
        "city": "taichung",
        "route_name": "KED-9078",
        "car_seq": "KED-9078",
        "arrival_time": "1600",
        "departure_time": "1605",
        "district": "大里區",
        "village": "仁德里",
        "location": "成功路487號",
        "type": "沿街",
        "collection_type": "garbage",
        "day_of_week": 4
      }
    },
    {
      "type": "Feature",
      "geometry": {
        "type": "Point",
        "coordinates": [
          120.70304503877463,
          24.08989297715898
        ]
      },
      "properties": {
        "routeId": "taichung-ked-9078-bb2816-d4",
        "city": "taichung",
        "route_name": "KED-9078",
        "car_seq": "KED-9078",
        "arrival_time": "1600",
        "departure_time": "1605",
        "district": "大里區",
        "village": "仁德里",
        "location": "成功路487號",
        "type": "沿街",
        "collection_type": "recycling",
        "day_of_week": 4
      }
    },
    {
      "type": "Feature",
      "geometry": {
        "type": "Point",
        "coordinates": [
          120.70291259173156,
          24.089321791475225
        ]
      },
      "properties": {
        "routeId": "taichung-ked-9078-bb2816-d4",
        "city": "taichung",
        "route_name": "KED-9078",
        "car_seq": "KED-9078",
        "arrival_time": "1600",
        "departure_time": "1605",
        "district": "大里區",
        "village": "仁德里",
        "location": "成功路457號",
        "type": "沿街",
        "collection_type": "garbage",
        "day_of_week": 4
      }
    },
    {
      "type": "Feature",
      "geometry": {
        "type": "Point",
        "coordinates": [
          120.70291259173156,
          24.089321791475225
        ]
      },
      "properties": {
        "routeId": "taichung-ked-9078-bb2816-d4",
        "city": "taichung",
        "route_name": "KED-9078",
        "car_seq": "KED-9078",
        "arrival_time": "1600",
        "departure_time": "1605",
        "district": "大里區",
        "village": "仁德里",
        "location": "成功路457號",
        "type": "沿街",
        "collection_type": "recycling",
        "day_of_week": 4
      }
    },
    {
      "type": "Feature",
      "geometry": {
        "type": "Point",
        "coordinates": [
          120.7028460950538,
          24.089022617841746
        ]
      },
      "properties": {
        "routeId": "taichung-ked-9078-bb2816-d4",
        "city": "taichung",
        "route_name": "KED-9078",
        "car_seq": "KED-9078",
        "arrival_time": "1600",
        "departure_time": "1605",
        "district": "大里區",
        "village": "仁德里",
        "location": "成功路417號",
        "type": "沿街",
        "collection_type": "garbage",
        "day_of_week": 4
      }
    },
    {
      "type": "Feature",
      "geometry": {
        "type": "Point",
        "coordinates": [
          120.7028460950538,
          24.089022617841746
        ]
      },
      "properties": {
        "routeId": "taichung-ked-9078-bb2816-d4",
        "city": "taichung",
        "route_name": "KED-9078",
        "car_seq": "KED-9078",
        "arrival_time": "1600",
        "departure_time": "1605",
        "district": "大里區",
        "village": "仁德里",
        "location": "成功路417號",
        "type": "沿街",
        "collection_type": "recycling",
        "day_of_week": 4
      }
    },
    {
      "type": "Feature",
      "geometry": {
        "type": "Point",
        "coordinates": [
          120.70269166985938,
          24.088390711686753
        ]
      },
      "properties": {
        "routeId": "taichung-ked-9078-bb2816-d4",
        "city": "taichung",
        "route_name": "KED-9078",
        "car_seq": "KED-9078",
        "arrival_time": "1600",
        "departure_time": "1605",
        "district": "大里區",
        "village": "仁德里",
        "location": "成功路391號",
        "type": "沿街",
        "collection_type": "garbage",
        "day_of_week": 4
      }
    },
    {
      "type": "Feature",
      "geometry": {
        "type": "Point",
        "coordinates": [
          120.70269166985938,
          24.088390711686753
        ]
      },
      "properties": {
        "routeId": "taichung-ked-9078-bb2816-d4",
        "city": "taichung",
        "route_name": "KED-9078",
        "car_seq": "KED-9078",
        "arrival_time": "1600",
        "departure_time": "1605",
        "district": "大里區",
        "village": "仁德里",
        "location": "成功路391號",
        "type": "沿街",
        "collection_type": "recycling",
        "day_of_week": 4
      }
    },
    {
      "type": "Feature",
      "geometry": {
        "type": "Point",
        "coordinates": [
          120.702698,
          24.090204
        ]
      },
      "properties": {
        "routeId": "taichung-ked-9078-bb2816-d4",
        "city": "taichung",
        "route_name": "KED-9078",
        "car_seq": "KED-9078",
        "arrival_time": "1725",
        "departure_time": "1727",
        "district": "大里區",
        "village": "金城里",
        "location": "向學路62巷67號",
        "type": "沿街",
        "collection_type": "garbage",
        "day_of_week": 4
      }
    },
    {
      "type": "Feature",
      "geometry": {
        "type": "Point",
        "coordinates": [
          120.702698,
          24.090204
        ]
      },
      "properties": {
        "routeId": "taichung-ked-9078-bb2816-d4",
        "city": "taichung",
        "route_name": "KED-9078",
        "car_seq": "KED-9078",
        "arrival_time": "1725",
        "departure_time": "1727",
        "district": "大里區",
        "village": "金城里",
        "location": "向學路62巷67號",
        "type": "沿街",
        "collection_type": "recycling",
        "day_of_week": 4
      }
    },
    {
      "type": "Feature",
      "geometry": {
        "type": "Point",
        "coordinates": [
          120.702087,
          24.090311
        ]
      },
      "properties": {
        "routeId": "taichung-ked-9078-bb2816-d4",
        "city": "taichung",
        "route_name": "KED-9078",
        "car_seq": "KED-9078",
        "arrival_time": "1725",
        "departure_time": "1727",
        "district": "大里區",
        "village": "金城里",
        "location": "向學路62巷57號",
        "type": "沿街",
        "collection_type": "garbage",
        "day_of_week": 4
      }
    },
    {
      "type": "Feature",
      "geometry": {
        "type": "Point",
        "coordinates": [
          120.702087,
          24.090311
        ]
      },
      "properties": {
        "routeId": "taichung-ked-9078-bb2816-d4",
        "city": "taichung",
        "route_name": "KED-9078",
        "car_seq": "KED-9078",
        "arrival_time": "1725",
        "departure_time": "1727",
        "district": "大里區",
        "village": "金城里",
        "location": "向學路62巷57號",
        "type": "沿街",
        "collection_type": "recycling",
        "day_of_week": 4
      }
    },
    {
      "type": "Feature",
      "geometry": {
        "type": "Point",
        "coordinates": [
          120.701519,
          24.090375
        ]
      },
      "properties": {
        "routeId": "taichung-ked-9078-bb2816-d4",
        "city": "taichung",
        "route_name": "KED-9078",
        "car_seq": "KED-9078",
        "arrival_time": "1725",
        "departure_time": "1727",
        "district": "大里區",
        "village": "金城里",
        "location": "向學路62巷33號",
        "type": "沿街",
        "collection_type": "garbage",
        "day_of_week": 4
      }
    },
    {
      "type": "Feature",
      "geometry": {
        "type": "Point",
        "coordinates": [
          120.701519,
          24.090375
        ]
      },
      "properties": {
        "routeId": "taichung-ked-9078-bb2816-d4",
        "city": "taichung",
        "route_name": "KED-9078",
        "car_seq": "KED-9078",
        "arrival_time": "1725",
        "departure_time": "1727",
        "district": "大里區",
        "village": "金城里",
        "location": "向學路62巷33號",
        "type": "沿街",
        "collection_type": "recycling",
        "day_of_week": 4
      }
    },
    {
      "type": "Feature",
      "geometry": {
        "type": "Point",
        "coordinates": [
          120.701041,
          24.090444
        ]
      },
      "properties": {
        "routeId": "taichung-ked-9078-bb2816-d4",
        "city": "taichung",
        "route_name": "KED-9078",
        "car_seq": "KED-9078",
        "arrival_time": "1727",
        "departure_time": "1730",
        "district": "大里區",
        "village": "金城里",
        "location": "向學路62巷13號",
        "type": "沿街",
        "collection_type": "garbage",
        "day_of_week": 4
      }
    },
    {
      "type": "Feature",
      "geometry": {
        "type": "Point",
        "coordinates": [
          120.701041,
          24.090444
        ]
      },
      "properties": {
        "routeId": "taichung-ked-9078-bb2816-d4",
        "city": "taichung",
        "route_name": "KED-9078",
        "car_seq": "KED-9078",
        "arrival_time": "1727",
        "departure_time": "1730",
        "district": "大里區",
        "village": "金城里",
        "location": "向學路62巷13號",
        "type": "沿街",
        "collection_type": "recycling",
        "day_of_week": 4
      }
    },
    {
      "type": "Feature",
      "geometry": {
        "type": "Point",
        "coordinates": [
          120.700418,
          24.090332
        ]
      },
      "properties": {
        "routeId": "taichung-ked-9078-bb2816-d4",
        "city": "taichung",
        "route_name": "KED-9078",
        "car_seq": "KED-9078",
        "arrival_time": "1727",
        "departure_time": "1730",
        "district": "大里區",
        "village": "金城里",
        "location": "向學路29號",
        "type": "沿街",
        "collection_type": "garbage",
        "day_of_week": 4
      }
    },
    {
      "type": "Feature",
      "geometry": {
        "type": "Point",
        "coordinates": [
          120.700418,
          24.090332
        ]
      },
      "properties": {
        "routeId": "taichung-ked-9078-bb2816-d4",
        "city": "taichung",
        "route_name": "KED-9078",
        "car_seq": "KED-9078",
        "arrival_time": "1727",
        "departure_time": "1730",
        "district": "大里區",
        "village": "金城里",
        "location": "向學路29號",
        "type": "沿街",
        "collection_type": "recycling",
        "day_of_week": 4
      }
    },
    {
      "type": "Feature",
      "geometry": {
        "type": "Point",
        "coordinates": [
          120.700886,
          24.089831
        ]
      },
      "properties": {
        "routeId": "taichung-ked-9078-bb2816-d4",
        "city": "taichung",
        "route_name": "KED-9078",
        "car_seq": "KED-9078",
        "arrival_time": "1730",
        "departure_time": "1735",
        "district": "大里區",
        "village": "金城里",
        "location": "向學路36巷6號",
        "type": "沿街",
        "collection_type": "garbage",
        "day_of_week": 4
      }
    },
    {
      "type": "Feature",
      "geometry": {
        "type": "Point",
        "coordinates": [
          120.700886,
          24.089831
        ]
      },
      "properties": {
        "routeId": "taichung-ked-9078-bb2816-d4",
        "city": "taichung",
        "route_name": "KED-9078",
        "car_seq": "KED-9078",
        "arrival_time": "1730",
        "departure_time": "1735",
        "district": "大里區",
        "village": "金城里",
        "location": "向學路36巷6號",
        "type": "沿街",
        "collection_type": "recycling",
        "day_of_week": 4
      }
    },
    {
      "type": "Feature",
      "geometry": {
        "type": "Point",
        "coordinates": [
          120.701482,
          24.089836
        ]
      },
      "properties": {
        "routeId": "taichung-ked-9078-bb2816-d4",
        "city": "taichung",
        "route_name": "KED-9078",
        "car_seq": "KED-9078",
        "arrival_time": "1730",
        "departure_time": "1735",
        "district": "大里區",
        "village": "金城里",
        "location": "向學路36巷21號",
        "type": "沿街",
        "collection_type": "garbage",
        "day_of_week": 4
      }
    },
    {
      "type": "Feature",
      "geometry": {
        "type": "Point",
        "coordinates": [
          120.701482,
          24.089836
        ]
      },
      "properties": {
        "routeId": "taichung-ked-9078-bb2816-d4",
        "city": "taichung",
        "route_name": "KED-9078",
        "car_seq": "KED-9078",
        "arrival_time": "1730",
        "departure_time": "1735",
        "district": "大里區",
        "village": "金城里",
        "location": "向學路36巷21號",
        "type": "沿街",
        "collection_type": "recycling",
        "day_of_week": 4
      }
    },
    {
      "type": "Feature",
      "geometry": {
        "type": "Point",
        "coordinates": [
          120.701798,
          24.089784
        ]
      },
      "properties": {
        "routeId": "taichung-ked-9078-bb2816-d4",
        "city": "taichung",
        "route_name": "KED-9078",
        "car_seq": "KED-9078",
        "arrival_time": "1730",
        "departure_time": "1735",
        "district": "大里區",
        "village": "金城里",
        "location": "向學路36巷31號",
        "type": "沿街",
        "collection_type": "garbage",
        "day_of_week": 4
      }
    },
    {
      "type": "Feature",
      "geometry": {
        "type": "Point",
        "coordinates": [
          120.701798,
          24.089784
        ]
      },
      "properties": {
        "routeId": "taichung-ked-9078-bb2816-d4",
        "city": "taichung",
        "route_name": "KED-9078",
        "car_seq": "KED-9078",
        "arrival_time": "1730",
        "departure_time": "1735",
        "district": "大里區",
        "village": "金城里",
        "location": "向學路36巷31號",
        "type": "沿街",
        "collection_type": "recycling",
        "day_of_week": 4
      }
    },
    {
      "type": "Feature",
      "geometry": {
        "type": "Point",
        "coordinates": [
          120.700627,
          24.089549
        ]
      },
      "properties": {
        "routeId": "taichung-ked-9078-bb2816-d4",
        "city": "taichung",
        "route_name": "KED-9078",
        "car_seq": "KED-9078",
        "arrival_time": "1730",
        "departure_time": "1735",
        "district": "大里區",
        "village": "金城里",
        "location": "向學路20號",
        "type": "沿街",
        "collection_type": "garbage",
        "day_of_week": 4
      }
    },
    {
      "type": "Feature",
      "geometry": {
        "type": "Point",
        "coordinates": [
          120.700627,
          24.089549
        ]
      },
      "properties": {
        "routeId": "taichung-ked-9078-bb2816-d4",
        "city": "taichung",
        "route_name": "KED-9078",
        "car_seq": "KED-9078",
        "arrival_time": "1730",
        "departure_time": "1735",
        "district": "大里區",
        "village": "金城里",
        "location": "向學路20號",
        "type": "沿街",
        "collection_type": "recycling",
        "day_of_week": 4
      }
    },
    {
      "type": "Feature",
      "geometry": {
        "type": "Point",
        "coordinates": [
          120.700579,
          24.091131
        ]
      },
      "properties": {
        "routeId": "taichung-ked-9078-bb2816-d4",
        "city": "taichung",
        "route_name": "KED-9078",
        "car_seq": "KED-9078",
        "arrival_time": "1730",
        "departure_time": "1735",
        "district": "大里區",
        "village": "金城里",
        "location": "向學路86號",
        "type": "沿街",
        "collection_type": "garbage",
        "day_of_week": 4
      }
    },
    {
      "type": "Feature",
      "geometry": {
        "type": "Point",
        "coordinates": [
          120.700579,
          24.091131
        ]
      },
      "properties": {
        "routeId": "taichung-ked-9078-bb2816-d4",
        "city": "taichung",
        "route_name": "KED-9078",
        "car_seq": "KED-9078",
        "arrival_time": "1730",
        "departure_time": "1735",
        "district": "大里區",
        "village": "金城里",
        "location": "向學路86號",
        "type": "沿街",
        "collection_type": "recycling",
        "day_of_week": 4
      }
    },
    {
      "type": "Feature",
      "geometry": {
        "type": "Point",
        "coordinates": [
          120.700582,
          24.091508
        ]
      },
      "properties": {
        "routeId": "taichung-ked-9078-bb2816-d4",
        "city": "taichung",
        "route_name": "KED-9078",
        "car_seq": "KED-9078",
        "arrival_time": "1735",
        "departure_time": "1740",
        "district": "大里區",
        "village": "金城里",
        "location": "向學路102號",
        "type": "沿街",
        "collection_type": "garbage",
        "day_of_week": 4
      }
    },
    {
      "type": "Feature",
      "geometry": {
        "type": "Point",
        "coordinates": [
          120.700582,
          24.091508
        ]
      },
      "properties": {
        "routeId": "taichung-ked-9078-bb2816-d4",
        "city": "taichung",
        "route_name": "KED-9078",
        "car_seq": "KED-9078",
        "arrival_time": "1735",
        "departure_time": "1740",
        "district": "大里區",
        "village": "金城里",
        "location": "向學路102號",
        "type": "沿街",
        "collection_type": "recycling",
        "day_of_week": 4
      }
    },
    {
      "type": "Feature",
      "geometry": {
        "type": "Point",
        "coordinates": [
          120.700199,
          24.092252
        ]
      },
      "properties": {
        "routeId": "taichung-ked-9078-bb2816-d4",
        "city": "taichung",
        "route_name": "KED-9078",
        "car_seq": "KED-9078",
        "arrival_time": "1735",
        "departure_time": "1740",
        "district": "大里區",
        "village": "金城里",
        "location": "向學一路23號",
        "type": "沿街",
        "collection_type": "garbage",
        "day_of_week": 4
      }
    },
    {
      "type": "Feature",
      "geometry": {
        "type": "Point",
        "coordinates": [
          120.700199,
          24.092252
        ]
      },
      "properties": {
        "routeId": "taichung-ked-9078-bb2816-d4",
        "city": "taichung",
        "route_name": "KED-9078",
        "car_seq": "KED-9078",
        "arrival_time": "1735",
        "departure_time": "1740",
        "district": "大里區",
        "village": "金城里",
        "location": "向學一路23號",
        "type": "沿街",
        "collection_type": "recycling",
        "day_of_week": 4
      }
    },
    {
      "type": "Feature",
      "geometry": {
        "type": "Point",
        "coordinates": [
          120.699956,
          24.092334
        ]
      },
      "properties": {
        "routeId": "taichung-ked-9078-bb2816-d4",
        "city": "taichung",
        "route_name": "KED-9078",
        "car_seq": "KED-9078",
        "arrival_time": "1735",
        "departure_time": "1740",
        "district": "大里區",
        "village": "金城里",
        "location": "文化街113號",
        "type": "沿街",
        "collection_type": "garbage",
        "day_of_week": 4
      }
    },
    {
      "type": "Feature",
      "geometry": {
        "type": "Point",
        "coordinates": [
          120.699956,
          24.092334
        ]
      },
      "properties": {
        "routeId": "taichung-ked-9078-bb2816-d4",
        "city": "taichung",
        "route_name": "KED-9078",
        "car_seq": "KED-9078",
        "arrival_time": "1735",
        "departure_time": "1740",
        "district": "大里區",
        "village": "金城里",
        "location": "文化街113號",
        "type": "沿街",
        "collection_type": "recycling",
        "day_of_week": 4
      }
    },
    {
      "type": "Feature",
      "geometry": {
        "type": "Point",
        "coordinates": [
          120.699838,
          24.091529
        ]
      },
      "properties": {
        "routeId": "taichung-ked-9078-bb2816-d4",
        "city": "taichung",
        "route_name": "KED-9078",
        "car_seq": "KED-9078",
        "arrival_time": "1740",
        "departure_time": "1745",
        "district": "大里區",
        "village": "金城里",
        "location": "文化街93號",
        "type": "沿街",
        "collection_type": "garbage",
        "day_of_week": 4
      }
    },
    {
      "type": "Feature",
      "geometry": {
        "type": "Point",
        "coordinates": [
          120.699838,
          24.091529
        ]
      },
      "properties": {
        "routeId": "taichung-ked-9078-bb2816-d4",
        "city": "taichung",
        "route_name": "KED-9078",
        "car_seq": "KED-9078",
        "arrival_time": "1740",
        "departure_time": "1745",
        "district": "大里區",
        "village": "金城里",
        "location": "文化街93號",
        "type": "沿街",
        "collection_type": "recycling",
        "day_of_week": 4
      }
    },
    {
      "type": "Feature",
      "geometry": {
        "type": "Point",
        "coordinates": [
          120.699707,
          24.091038
        ]
      },
      "properties": {
        "routeId": "taichung-ked-9078-bb2816-d4",
        "city": "taichung",
        "route_name": "KED-9078",
        "car_seq": "KED-9078",
        "arrival_time": "1740",
        "departure_time": "1745",
        "district": "大里區",
        "village": "金城里",
        "location": "文化街85之1號",
        "type": "沿街",
        "collection_type": "garbage",
        "day_of_week": 4
      }
    },
    {
      "type": "Feature",
      "geometry": {
        "type": "Point",
        "coordinates": [
          120.699707,
          24.091038
        ]
      },
      "properties": {
        "routeId": "taichung-ked-9078-bb2816-d4",
        "city": "taichung",
        "route_name": "KED-9078",
        "car_seq": "KED-9078",
        "arrival_time": "1740",
        "departure_time": "1745",
        "district": "大里區",
        "village": "金城里",
        "location": "文化街85之1號",
        "type": "沿街",
        "collection_type": "recycling",
        "day_of_week": 4
      }
    },
    {
      "type": "Feature",
      "geometry": {
        "type": "Point",
        "coordinates": [
          120.69961,
          24.090796
        ]
      },
      "properties": {
        "routeId": "taichung-ked-9078-bb2816-d4",
        "city": "taichung",
        "route_name": "KED-9078",
        "car_seq": "KED-9078",
        "arrival_time": "1740",
        "departure_time": "1745",
        "district": "大里區",
        "village": "金城里",
        "location": "文化街83之5號",
        "type": "沿街",
        "collection_type": "garbage",
        "day_of_week": 4
      }
    },
    {
      "type": "Feature",
      "geometry": {
        "type": "Point",
        "coordinates": [
          120.69961,
          24.090796
        ]
      },
      "properties": {
        "routeId": "taichung-ked-9078-bb2816-d4",
        "city": "taichung",
        "route_name": "KED-9078",
        "car_seq": "KED-9078",
        "arrival_time": "1740",
        "departure_time": "1745",
        "district": "大里區",
        "village": "金城里",
        "location": "文化街83之5號",
        "type": "沿街",
        "collection_type": "recycling",
        "day_of_week": 4
      }
    },
    {
      "type": "Feature",
      "geometry": {
        "type": "Point",
        "coordinates": [
          120.699473,
          24.090454
        ]
      },
      "properties": {
        "routeId": "taichung-ked-9078-bb2816-d4",
        "city": "taichung",
        "route_name": "KED-9078",
        "car_seq": "KED-9078",
        "arrival_time": "1740",
        "departure_time": "1745",
        "district": "大里區",
        "village": "金城里",
        "location": "文化街83號",
        "type": "沿街",
        "collection_type": "garbage",
        "day_of_week": 4
      }
    },
    {
      "type": "Feature",
      "geometry": {
        "type": "Point",
        "coordinates": [
          120.699473,
          24.090454
        ]
      },
      "properties": {
        "routeId": "taichung-ked-9078-bb2816-d4",
        "city": "taichung",
        "route_name": "KED-9078",
        "car_seq": "KED-9078",
        "arrival_time": "1740",
        "departure_time": "1745",
        "district": "大里區",
        "village": "金城里",
        "location": "文化街83號",
        "type": "沿街",
        "collection_type": "recycling",
        "day_of_week": 4
      }
    },
    {
      "type": "Feature",
      "geometry": {
        "type": "Point",
        "coordinates": [
          120.70012766941112,
          24.09400937919324
        ]
      },
      "properties": {
        "routeId": "taichung-ked-9078-bb2816-d4",
        "city": "taichung",
        "route_name": "KED-9078",
        "car_seq": "KED-9078",
        "arrival_time": "1745",
        "departure_time": "1750",
        "district": "大里區",
        "village": "仁德里",
        "location": "至善路122號",
        "type": "沿街",
        "collection_type": "garbage",
        "day_of_week": 4
      }
    },
    {
      "type": "Feature",
      "geometry": {
        "type": "Point",
        "coordinates": [
          120.70012766941112,
          24.09400937919324
        ]
      },
      "properties": {
        "routeId": "taichung-ked-9078-bb2816-d4",
        "city": "taichung",
        "route_name": "KED-9078",
        "car_seq": "KED-9078",
        "arrival_time": "1745",
        "departure_time": "1750",
        "district": "大里區",
        "village": "仁德里",
        "location": "至善路122號",
        "type": "沿街",
        "collection_type": "recycling",
        "day_of_week": 4
      }
    },
    {
      "type": "Feature",
      "geometry": {
        "type": "Point",
        "coordinates": [
          120.69976968178077,
          24.094119385885943
        ]
      },
      "properties": {
        "routeId": "taichung-ked-9078-bb2816-d4",
        "city": "taichung",
        "route_name": "KED-9078",
        "car_seq": "KED-9078",
        "arrival_time": "1745",
        "departure_time": "1750",
        "district": "大里區",
        "village": "仁德里",
        "location": "至善路132號",
        "type": "沿街",
        "collection_type": "garbage",
        "day_of_week": 4
      }
    },
    {
      "type": "Feature",
      "geometry": {
        "type": "Point",
        "coordinates": [
          120.69976968178077,
          24.094119385885943
        ]
      },
      "properties": {
        "routeId": "taichung-ked-9078-bb2816-d4",
        "city": "taichung",
        "route_name": "KED-9078",
        "car_seq": "KED-9078",
        "arrival_time": "1745",
        "departure_time": "1750",
        "district": "大里區",
        "village": "仁德里",
        "location": "至善路132號",
        "type": "沿街",
        "collection_type": "recycling",
        "day_of_week": 4
      }
    },
    {
      "type": "Feature",
      "geometry": {
        "type": "Point",
        "coordinates": [
          120.699472,
          24.091548
        ]
      },
      "properties": {
        "routeId": "taichung-ked-9078-bb2816-d4",
        "city": "taichung",
        "route_name": "KED-9078",
        "car_seq": "KED-9078",
        "arrival_time": "1745",
        "departure_time": "1750",
        "district": "大里區",
        "village": "金城里",
        "location": "向學一路8巷21號",
        "type": "沿街",
        "collection_type": "garbage",
        "day_of_week": 4
      }
    },
    {
      "type": "Feature",
      "geometry": {
        "type": "Point",
        "coordinates": [
          120.699472,
          24.091548
        ]
      },
      "properties": {
        "routeId": "taichung-ked-9078-bb2816-d4",
        "city": "taichung",
        "route_name": "KED-9078",
        "car_seq": "KED-9078",
        "arrival_time": "1745",
        "departure_time": "1750",
        "district": "大里區",
        "village": "金城里",
        "location": "向學一路8巷21號",
        "type": "沿街",
        "collection_type": "recycling",
        "day_of_week": 4
      }
    },
    {
      "type": "Feature",
      "geometry": {
        "type": "Point",
        "coordinates": [
          120.69954,
          24.091951
        ]
      },
      "properties": {
        "routeId": "taichung-ked-9078-bb2816-d4",
        "city": "taichung",
        "route_name": "KED-9078",
        "car_seq": "KED-9078",
        "arrival_time": "1745",
        "departure_time": "1750",
        "district": "大里區",
        "village": "金城里",
        "location": "向學一路8巷1號",
        "type": "沿街",
        "collection_type": "garbage",
        "day_of_week": 4
      }
    },
    {
      "type": "Feature",
      "geometry": {
        "type": "Point",
        "coordinates": [
          120.69954,
          24.091951
        ]
      },
      "properties": {
        "routeId": "taichung-ked-9078-bb2816-d4",
        "city": "taichung",
        "route_name": "KED-9078",
        "car_seq": "KED-9078",
        "arrival_time": "1745",
        "departure_time": "1750",
        "district": "大里區",
        "village": "金城里",
        "location": "向學一路8巷1號",
        "type": "沿街",
        "collection_type": "recycling",
        "day_of_week": 4
      }
    },
    {
      "type": "Feature",
      "geometry": {
        "type": "Point",
        "coordinates": [
          120.700224,
          24.093256
        ]
      },
      "properties": {
        "routeId": "taichung-ked-9078-bb2816-d4",
        "city": "taichung",
        "route_name": "KED-9078",
        "car_seq": "KED-9078",
        "arrival_time": "1745",
        "departure_time": "1750",
        "district": "大里區",
        "village": "金城里",
        "location": "文化街135號",
        "type": "沿街",
        "collection_type": "garbage",
        "day_of_week": 4
      }
    },
    {
      "type": "Feature",
      "geometry": {
        "type": "Point",
        "coordinates": [
          120.700224,
          24.093256
        ]
      },
      "properties": {
        "routeId": "taichung-ked-9078-bb2816-d4",
        "city": "taichung",
        "route_name": "KED-9078",
        "car_seq": "KED-9078",
        "arrival_time": "1745",
        "departure_time": "1750",
        "district": "大里區",
        "village": "金城里",
        "location": "文化街135號",
        "type": "沿街",
        "collection_type": "recycling",
        "day_of_week": 4
      }
    },
    {
      "type": "Feature",
      "geometry": {
        "type": "Point",
        "coordinates": [
          120.700511,
          24.093616
        ]
      },
      "properties": {
        "routeId": "taichung-ked-9078-bb2816-d4",
        "city": "taichung",
        "route_name": "KED-9078",
        "car_seq": "KED-9078",
        "arrival_time": "1745",
        "departure_time": "1750",
        "district": "大里區",
        "village": "金城里",
        "location": "文化街126號",
        "type": "沿街",
        "collection_type": "garbage",
        "day_of_week": 4
      }
    },
    {
      "type": "Feature",
      "geometry": {
        "type": "Point",
        "coordinates": [
          120.700511,
          24.093616
        ]
      },
      "properties": {
        "routeId": "taichung-ked-9078-bb2816-d4",
        "city": "taichung",
        "route_name": "KED-9078",
        "car_seq": "KED-9078",
        "arrival_time": "1745",
        "departure_time": "1750",
        "district": "大里區",
        "village": "金城里",
        "location": "文化街126號",
        "type": "沿街",
        "collection_type": "recycling",
        "day_of_week": 4
      }
    },
    {
      "type": "Feature",
      "geometry": {
        "type": "Point",
        "coordinates": [
          120.69931810033016,
          24.09429457139649
        ]
      },
      "properties": {
        "routeId": "taichung-ked-9078-bb2816-d4",
        "city": "taichung",
        "route_name": "KED-9078",
        "car_seq": "KED-9078",
        "arrival_time": "1750",
        "departure_time": "1752",
        "district": "大里區",
        "village": "仁德里",
        "location": "至善路152號",
        "type": "沿街",
        "collection_type": "garbage",
        "day_of_week": 4
      }
    },
    {
      "type": "Feature",
      "geometry": {
        "type": "Point",
        "coordinates": [
          120.69931810033016,
          24.09429457139649
        ]
      },
      "properties": {
        "routeId": "taichung-ked-9078-bb2816-d4",
        "city": "taichung",
        "route_name": "KED-9078",
        "car_seq": "KED-9078",
        "arrival_time": "1750",
        "departure_time": "1752",
        "district": "大里區",
        "village": "仁德里",
        "location": "至善路152號",
        "type": "沿街",
        "collection_type": "recycling",
        "day_of_week": 4
      }
    },
    {
      "type": "Feature",
      "geometry": {
        "type": "Point",
        "coordinates": [
          120.69882691791203,
          24.09441098656128
        ]
      },
      "properties": {
        "routeId": "taichung-ked-9078-bb2816-d4",
        "city": "taichung",
        "route_name": "KED-9078",
        "car_seq": "KED-9078",
        "arrival_time": "1750",
        "departure_time": "1752",
        "district": "大里區",
        "village": "仁德里",
        "location": "至善路174號",
        "type": "沿街",
        "collection_type": "garbage",
        "day_of_week": 4
      }
    },
    {
      "type": "Feature",
      "geometry": {
        "type": "Point",
        "coordinates": [
          120.69882691791203,
          24.09441098656128
        ]
      },
      "properties": {
        "routeId": "taichung-ked-9078-bb2816-d4",
        "city": "taichung",
        "route_name": "KED-9078",
        "car_seq": "KED-9078",
        "arrival_time": "1750",
        "departure_time": "1752",
        "district": "大里區",
        "village": "仁德里",
        "location": "至善路174號",
        "type": "沿街",
        "collection_type": "recycling",
        "day_of_week": 4
      }
    },
    {
      "type": "Feature",
      "geometry": {
        "type": "Point",
        "coordinates": [
          120.69926415660619,
          24.095577080097307
        ]
      },
      "properties": {
        "routeId": "taichung-ked-9078-bb2816-d4",
        "city": "taichung",
        "route_name": "KED-9078",
        "car_seq": "KED-9078",
        "arrival_time": "1750",
        "departure_time": "1752",
        "district": "大里區",
        "village": "仁德里",
        "location": "仁福街61號",
        "type": "沿街",
        "collection_type": "garbage",
        "day_of_week": 4
      }
    },
    {
      "type": "Feature",
      "geometry": {
        "type": "Point",
        "coordinates": [
          120.69926415660619,
          24.095577080097307
        ]
      },
      "properties": {
        "routeId": "taichung-ked-9078-bb2816-d4",
        "city": "taichung",
        "route_name": "KED-9078",
        "car_seq": "KED-9078",
        "arrival_time": "1750",
        "departure_time": "1752",
        "district": "大里區",
        "village": "仁德里",
        "location": "仁福街61號",
        "type": "沿街",
        "collection_type": "recycling",
        "day_of_week": 4
      }
    },
    {
      "type": "Feature",
      "geometry": {
        "type": "Point",
        "coordinates": [
          120.69970565831743,
          24.095381838812663
        ]
      },
      "properties": {
        "routeId": "taichung-ked-9078-bb2816-d4",
        "city": "taichung",
        "route_name": "KED-9078",
        "car_seq": "KED-9078",
        "arrival_time": "1750",
        "departure_time": "1752",
        "district": "大里區",
        "village": "仁德里",
        "location": "仁福街41號",
        "type": "沿街",
        "collection_type": "garbage",
        "day_of_week": 4
      }
    },
    {
      "type": "Feature",
      "geometry": {
        "type": "Point",
        "coordinates": [
          120.69970565831743,
          24.095381838812663
        ]
      },
      "properties": {
        "routeId": "taichung-ked-9078-bb2816-d4",
        "city": "taichung",
        "route_name": "KED-9078",
        "car_seq": "KED-9078",
        "arrival_time": "1750",
        "departure_time": "1752",
        "district": "大里區",
        "village": "仁德里",
        "location": "仁福街41號",
        "type": "沿街",
        "collection_type": "recycling",
        "day_of_week": 4
      }
    },
    {
      "type": "Feature",
      "geometry": {
        "type": "Point",
        "coordinates": [
          120.70029735853987,
          24.095057842814263
        ]
      },
      "properties": {
        "routeId": "taichung-ked-9078-bb2816-d4",
        "city": "taichung",
        "route_name": "KED-9078",
        "car_seq": "KED-9078",
        "arrival_time": "1750",
        "departure_time": "1752",
        "district": "大里區",
        "village": "仁德里",
        "location": "仁福街13號",
        "type": "沿街",
        "collection_type": "garbage",
        "day_of_week": 4
      }
    },
    {
      "type": "Feature",
      "geometry": {
        "type": "Point",
        "coordinates": [
          120.70029735853987,
          24.095057842814263
        ]
      },
      "properties": {
        "routeId": "taichung-ked-9078-bb2816-d4",
        "city": "taichung",
        "route_name": "KED-9078",
        "car_seq": "KED-9078",
        "arrival_time": "1750",
        "departure_time": "1752",
        "district": "大里區",
        "village": "仁德里",
        "location": "仁福街13號",
        "type": "沿街",
        "collection_type": "recycling",
        "day_of_week": 4
      }
    },
    {
      "type": "Feature",
      "geometry": {
        "type": "Point",
        "coordinates": [
          120.70078711495289,
          24.09479361817
        ]
      },
      "properties": {
        "routeId": "taichung-ked-9078-bb2816-d4",
        "city": "taichung",
        "route_name": "KED-9078",
        "car_seq": "KED-9078",
        "arrival_time": "1750",
        "departure_time": "1752",
        "district": "大里區",
        "village": "仁德里",
        "location": "文化街189號",
        "type": "沿街",
        "collection_type": "garbage",
        "day_of_week": 4
      }
    },
    {
      "type": "Feature",
      "geometry": {
        "type": "Point",
        "coordinates": [
          120.70078711495289,
          24.09479361817
        ]
      },
      "properties": {
        "routeId": "taichung-ked-9078-bb2816-d4",
        "city": "taichung",
        "route_name": "KED-9078",
        "car_seq": "KED-9078",
        "arrival_time": "1750",
        "departure_time": "1752",
        "district": "大里區",
        "village": "仁德里",
        "location": "文化街189號",
        "type": "沿街",
        "collection_type": "recycling",
        "day_of_week": 4
      }
    },
    {
      "type": "Feature",
      "geometry": {
        "type": "Point",
        "coordinates": [
          120.70055024137383,
          24.09416912462221
        ]
      },
      "properties": {
        "routeId": "taichung-ked-9078-bb2816-d4",
        "city": "taichung",
        "route_name": "KED-9078",
        "car_seq": "KED-9078",
        "arrival_time": "1750",
        "departure_time": "1752",
        "district": "大里區",
        "village": "仁德里",
        "location": "文化街161號",
        "type": "沿街",
        "collection_type": "garbage",
        "day_of_week": 4
      }
    },
    {
      "type": "Feature",
      "geometry": {
        "type": "Point",
        "coordinates": [
          120.70055024137383,
          24.09416912462221
        ]
      },
      "properties": {
        "routeId": "taichung-ked-9078-bb2816-d4",
        "city": "taichung",
        "route_name": "KED-9078",
        "car_seq": "KED-9078",
        "arrival_time": "1750",
        "departure_time": "1752",
        "district": "大里區",
        "village": "仁德里",
        "location": "文化街161號",
        "type": "沿街",
        "collection_type": "recycling",
        "day_of_week": 4
      }
    },
    {
      "type": "Feature",
      "geometry": {
        "type": "Point",
        "coordinates": [
          120.7009781327321,
          24.09364779278859
        ]
      },
      "properties": {
        "routeId": "taichung-ked-9078-bb2816-d4",
        "city": "taichung",
        "route_name": "KED-9078",
        "car_seq": "KED-9078",
        "arrival_time": "1752",
        "departure_time": "1800",
        "district": "大里區",
        "village": "仁德里",
        "location": "至善路127號",
        "type": "沿街",
        "collection_type": "garbage",
        "day_of_week": 4
      }
    },
    {
      "type": "Feature",
      "geometry": {
        "type": "Point",
        "coordinates": [
          120.7009781327321,
          24.09364779278859
        ]
      },
      "properties": {
        "routeId": "taichung-ked-9078-bb2816-d4",
        "city": "taichung",
        "route_name": "KED-9078",
        "car_seq": "KED-9078",
        "arrival_time": "1752",
        "departure_time": "1800",
        "district": "大里區",
        "village": "仁德里",
        "location": "至善路127號",
        "type": "沿街",
        "collection_type": "recycling",
        "day_of_week": 4
      }
    },
    {
      "type": "Feature",
      "geometry": {
        "type": "Point",
        "coordinates": [
          120.70134666826446,
          24.093569063578855
        ]
      },
      "properties": {
        "routeId": "taichung-ked-9078-bb2816-d4",
        "city": "taichung",
        "route_name": "KED-9078",
        "car_seq": "KED-9078",
        "arrival_time": "1752",
        "departure_time": "1800",
        "district": "大里區",
        "village": "仁德里",
        "location": "至善路111號",
        "type": "沿街",
        "collection_type": "garbage",
        "day_of_week": 4
      }
    },
    {
      "type": "Feature",
      "geometry": {
        "type": "Point",
        "coordinates": [
          120.70134666826446,
          24.093569063578855
        ]
      },
      "properties": {
        "routeId": "taichung-ked-9078-bb2816-d4",
        "city": "taichung",
        "route_name": "KED-9078",
        "car_seq": "KED-9078",
        "arrival_time": "1752",
        "departure_time": "1800",
        "district": "大里區",
        "village": "仁德里",
        "location": "至善路111號",
        "type": "沿街",
        "collection_type": "recycling",
        "day_of_week": 4
      }
    },
    {
      "type": "Feature",
      "geometry": {
        "type": "Point",
        "coordinates": [
          120.70202461298591,
          24.09341661594757
        ]
      },
      "properties": {
        "routeId": "taichung-ked-9078-bb2816-d4",
        "city": "taichung",
        "route_name": "KED-9078",
        "car_seq": "KED-9078",
        "arrival_time": "1752",
        "departure_time": "1800",
        "district": "大里區",
        "village": "仁德里",
        "location": "至善路79號",
        "type": "沿街",
        "collection_type": "garbage",
        "day_of_week": 4
      }
    },
    {
      "type": "Feature",
      "geometry": {
        "type": "Point",
        "coordinates": [
          120.70202461298591,
          24.09341661594757
        ]
      },
      "properties": {
        "routeId": "taichung-ked-9078-bb2816-d4",
        "city": "taichung",
        "route_name": "KED-9078",
        "car_seq": "KED-9078",
        "arrival_time": "1752",
        "departure_time": "1800",
        "district": "大里區",
        "village": "仁德里",
        "location": "至善路79號",
        "type": "沿街",
        "collection_type": "recycling",
        "day_of_week": 4
      }
    },
    {
      "type": "Feature",
      "geometry": {
        "type": "Point",
        "coordinates": [
          120.70282536799344,
          24.09323360481636
        ]
      },
      "properties": {
        "routeId": "taichung-ked-9078-bb2816-d4",
        "city": "taichung",
        "route_name": "KED-9078",
        "car_seq": "KED-9078",
        "arrival_time": "1752",
        "departure_time": "1800",
        "district": "大里區",
        "village": "仁德里",
        "location": "至善路55號",
        "type": "沿街",
        "collection_type": "garbage",
        "day_of_week": 4
      }
    },
    {
      "type": "Feature",
      "geometry": {
        "type": "Point",
        "coordinates": [
          120.70282536799344,
          24.09323360481636
        ]
      },
      "properties": {
        "routeId": "taichung-ked-9078-bb2816-d4",
        "city": "taichung",
        "route_name": "KED-9078",
        "car_seq": "KED-9078",
        "arrival_time": "1752",
        "departure_time": "1800",
        "district": "大里區",
        "village": "仁德里",
        "location": "至善路55號",
        "type": "沿街",
        "collection_type": "recycling",
        "day_of_week": 4
      }
    },
    {
      "type": "Feature",
      "geometry": {
        "type": "Point",
        "coordinates": [
          120.7033581657154,
          24.093113745041297
        ]
      },
      "properties": {
        "routeId": "taichung-ked-9078-bb2816-d4",
        "city": "taichung",
        "route_name": "KED-9078",
        "car_seq": "KED-9078",
        "arrival_time": "1752",
        "departure_time": "1800",
        "district": "大里區",
        "village": "仁德里",
        "location": "至善路35號",
        "type": "沿街",
        "collection_type": "garbage",
        "day_of_week": 4
      }
    },
    {
      "type": "Feature",
      "geometry": {
        "type": "Point",
        "coordinates": [
          120.7033581657154,
          24.093113745041297
        ]
      },
      "properties": {
        "routeId": "taichung-ked-9078-bb2816-d4",
        "city": "taichung",
        "route_name": "KED-9078",
        "car_seq": "KED-9078",
        "arrival_time": "1752",
        "departure_time": "1800",
        "district": "大里區",
        "village": "仁德里",
        "location": "至善路35號",
        "type": "沿街",
        "collection_type": "recycling",
        "day_of_week": 4
      }
    },
    {
      "type": "Feature",
      "geometry": {
        "type": "Point",
        "coordinates": [
          120.70408551822484,
          24.092945311769043
        ]
      },
      "properties": {
        "routeId": "taichung-ked-9078-bb2816-d4",
        "city": "taichung",
        "route_name": "KED-9078",
        "car_seq": "KED-9078",
        "arrival_time": "1752",
        "departure_time": "1800",
        "district": "大里區",
        "village": "仁德里",
        "location": "至善路13號",
        "type": "沿街",
        "collection_type": "garbage",
        "day_of_week": 4
      }
    },
    {
      "type": "Feature",
      "geometry": {
        "type": "Point",
        "coordinates": [
          120.70408551822484,
          24.092945311769043
        ]
      },
      "properties": {
        "routeId": "taichung-ked-9078-bb2816-d4",
        "city": "taichung",
        "route_name": "KED-9078",
        "car_seq": "KED-9078",
        "arrival_time": "1752",
        "departure_time": "1800",
        "district": "大里區",
        "village": "仁德里",
        "location": "至善路13號",
        "type": "沿街",
        "collection_type": "recycling",
        "day_of_week": 4
      }
    },
    {
      "type": "Feature",
      "geometry": {
        "type": "Point",
        "coordinates": [
          120.70296550271807,
          24.09167043863739
        ]
      },
      "properties": {
        "routeId": "taichung-ked-9078-bb2816-d4",
        "city": "taichung",
        "route_name": "KED-9078",
        "car_seq": "KED-9078",
        "arrival_time": "1800",
        "departure_time": "1805",
        "district": "大里區",
        "village": "仁德里",
        "location": "向學一路135號",
        "type": "沿街",
        "collection_type": "garbage",
        "day_of_week": 4
      }
    },
    {
      "type": "Feature",
      "geometry": {
        "type": "Point",
        "coordinates": [
          120.70296550271807,
          24.09167043863739
        ]
      },
      "properties": {
        "routeId": "taichung-ked-9078-bb2816-d4",
        "city": "taichung",
        "route_name": "KED-9078",
        "car_seq": "KED-9078",
        "arrival_time": "1800",
        "departure_time": "1805",
        "district": "大里區",
        "village": "仁德里",
        "location": "向學一路135號",
        "type": "沿街",
        "collection_type": "recycling",
        "day_of_week": 4
      }
    },
    {
      "type": "Feature",
      "geometry": {
        "type": "Point",
        "coordinates": [
          120.70225779091889,
          24.091684421099604
        ]
      },
      "properties": {
        "routeId": "taichung-ked-9078-bb2816-d4",
        "city": "taichung",
        "route_name": "KED-9078",
        "car_seq": "KED-9078",
        "arrival_time": "1800",
        "departure_time": "1805",
        "district": "大里區",
        "village": "仁德里",
        "location": "向學一路106號",
        "type": "沿街",
        "collection_type": "garbage",
        "day_of_week": 4
      }
    },
    {
      "type": "Feature",
      "geometry": {
        "type": "Point",
        "coordinates": [
          120.70225779091889,
          24.091684421099604
        ]
      },
      "properties": {
        "routeId": "taichung-ked-9078-bb2816-d4",
        "city": "taichung",
        "route_name": "KED-9078",
        "car_seq": "KED-9078",
        "arrival_time": "1800",
        "departure_time": "1805",
        "district": "大里區",
        "village": "仁德里",
        "location": "向學一路106號",
        "type": "沿街",
        "collection_type": "recycling",
        "day_of_week": 4
      }
    },
    {
      "type": "Feature",
      "geometry": {
        "type": "Point",
        "coordinates": [
          120.7014840953746,
          24.091985297647923
        ]
      },
      "properties": {
        "routeId": "taichung-ked-9078-bb2816-d4",
        "city": "taichung",
        "route_name": "KED-9078",
        "car_seq": "KED-9078",
        "arrival_time": "1800",
        "departure_time": "1805",
        "district": "大里區",
        "village": "仁德里",
        "location": "向學一路78之1號",
        "type": "沿街",
        "collection_type": "garbage",
        "day_of_week": 4
      }
    },
    {
      "type": "Feature",
      "geometry": {
        "type": "Point",
        "coordinates": [
          120.7014840953746,
          24.091985297647923
        ]
      },
      "properties": {
        "routeId": "taichung-ked-9078-bb2816-d4",
        "city": "taichung",
        "route_name": "KED-9078",
        "car_seq": "KED-9078",
        "arrival_time": "1800",
        "departure_time": "1805",
        "district": "大里區",
        "village": "仁德里",
        "location": "向學一路78之1號",
        "type": "沿街",
        "collection_type": "recycling",
        "day_of_week": 4
      }
    },
    {
      "type": "Feature",
      "geometry": {
        "type": "Point",
        "coordinates": [
          120.70109399264078,
          24.095516027396652
        ]
      },
      "properties": {
        "routeId": "taichung-ked-9078-bb2816-d4",
        "city": "taichung",
        "route_name": "KED-9078",
        "car_seq": "KED-9078",
        "arrival_time": "1805",
        "departure_time": "1810",
        "district": "大里區",
        "village": "仁德里",
        "location": "文化街220號",
        "type": "沿街",
        "collection_type": "garbage",
        "day_of_week": 4
      }
    },
    {
      "type": "Feature",
      "geometry": {
        "type": "Point",
        "coordinates": [
          120.70109399264078,
          24.095516027396652
        ]
      },
      "properties": {
        "routeId": "taichung-ked-9078-bb2816-d4",
        "city": "taichung",
        "route_name": "KED-9078",
        "car_seq": "KED-9078",
        "arrival_time": "1805",
        "departure_time": "1810",
        "district": "大里區",
        "village": "仁德里",
        "location": "文化街220號",
        "type": "沿街",
        "collection_type": "recycling",
        "day_of_week": 4
      }
    },
    {
      "type": "Feature",
      "geometry": {
        "type": "Point",
        "coordinates": [
          120.69599947222339,
          24.09612538814352
        ]
      },
      "properties": {
        "routeId": "taichung-ked-9078-bb2816-d4",
        "city": "taichung",
        "route_name": "KED-9078",
        "car_seq": "KED-9078",
        "arrival_time": "1815",
        "departure_time": "1820",
        "district": "大里區",
        "village": "仁德里",
        "location": "至善路245號",
        "type": "沿街",
        "collection_type": "garbage",
        "day_of_week": 4
      }
    },
    {
      "type": "Feature",
      "geometry": {
        "type": "Point",
        "coordinates": [
          120.69599947222339,
          24.09612538814352
        ]
      },
      "properties": {
        "routeId": "taichung-ked-9078-bb2816-d4",
        "city": "taichung",
        "route_name": "KED-9078",
        "car_seq": "KED-9078",
        "arrival_time": "1815",
        "departure_time": "1820",
        "district": "大里區",
        "village": "仁德里",
        "location": "至善路245號",
        "type": "沿街",
        "collection_type": "recycling",
        "day_of_week": 4
      }
    },
    {
      "type": "Feature",
      "geometry": {
        "type": "Point",
        "coordinates": [
          120.69626613663168,
          24.095912915118014
        ]
      },
      "properties": {
        "routeId": "taichung-ked-9078-bb2816-d4",
        "city": "taichung",
        "route_name": "KED-9078",
        "car_seq": "KED-9078",
        "arrival_time": "1815",
        "departure_time": "1820",
        "district": "大里區",
        "village": "仁德里",
        "location": "至善路227號",
        "type": "沿街",
        "collection_type": "garbage",
        "day_of_week": 4
      }
    },
    {
      "type": "Feature",
      "geometry": {
        "type": "Point",
        "coordinates": [
          120.69626613663168,
          24.095912915118014
        ]
      },
      "properties": {
        "routeId": "taichung-ked-9078-bb2816-d4",
        "city": "taichung",
        "route_name": "KED-9078",
        "car_seq": "KED-9078",
        "arrival_time": "1815",
        "departure_time": "1820",
        "district": "大里區",
        "village": "仁德里",
        "location": "至善路227號",
        "type": "沿街",
        "collection_type": "recycling",
        "day_of_week": 4
      }
    },
    {
      "type": "Feature",
      "geometry": {
        "type": "Point",
        "coordinates": [
          120.69656978327986,
          24.095658808313072
        ]
      },
      "properties": {
        "routeId": "taichung-ked-9078-bb2816-d4",
        "city": "taichung",
        "route_name": "KED-9078",
        "car_seq": "KED-9078",
        "arrival_time": "1815",
        "departure_time": "1820",
        "district": "大里區",
        "village": "仁德里",
        "location": "至善路207號",
        "type": "沿街",
        "collection_type": "garbage",
        "day_of_week": 4
      }
    },
    {
      "type": "Feature",
      "geometry": {
        "type": "Point",
        "coordinates": [
          120.69656978327986,
          24.095658808313072
        ]
      },
      "properties": {
        "routeId": "taichung-ked-9078-bb2816-d4",
        "city": "taichung",
        "route_name": "KED-9078",
        "car_seq": "KED-9078",
        "arrival_time": "1815",
        "departure_time": "1820",
        "district": "大里區",
        "village": "仁德里",
        "location": "至善路207號",
        "type": "沿街",
        "collection_type": "recycling",
        "day_of_week": 4
      }
    },
    {
      "type": "Feature",
      "geometry": {
        "type": "Point",
        "coordinates": [
          120.6965525921152,
          24.094517821588596
        ]
      },
      "properties": {
        "routeId": "taichung-ked-9078-bb2816-d4",
        "city": "taichung",
        "route_name": "KED-9078",
        "car_seq": "KED-9078",
        "arrival_time": "1815",
        "departure_time": "1820",
        "district": "大里區",
        "village": "仁德里",
        "location": "四維街37號",
        "type": "沿街",
        "collection_type": "garbage",
        "day_of_week": 4
      }
    },
    {
      "type": "Feature",
      "geometry": {
        "type": "Point",
        "coordinates": [
          120.6965525921152,
          24.094517821588596
        ]
      },
      "properties": {
        "routeId": "taichung-ked-9078-bb2816-d4",
        "city": "taichung",
        "route_name": "KED-9078",
        "car_seq": "KED-9078",
        "arrival_time": "1815",
        "departure_time": "1820",
        "district": "大里區",
        "village": "仁德里",
        "location": "四維街37號",
        "type": "沿街",
        "collection_type": "recycling",
        "day_of_week": 4
      }
    },
    {
      "type": "Feature",
      "geometry": {
        "type": "Point",
        "coordinates": [
          120.69688313381984,
          24.09428976305557
        ]
      },
      "properties": {
        "routeId": "taichung-ked-9078-bb2816-d4",
        "city": "taichung",
        "route_name": "KED-9078",
        "car_seq": "KED-9078",
        "arrival_time": "1815",
        "departure_time": "1820",
        "district": "大里區",
        "village": "仁德里",
        "location": "四維街27號",
        "type": "沿街",
        "collection_type": "garbage",
        "day_of_week": 4
      }
    },
    {
      "type": "Feature",
      "geometry": {
        "type": "Point",
        "coordinates": [
          120.69688313381984,
          24.09428976305557
        ]
      },
      "properties": {
        "routeId": "taichung-ked-9078-bb2816-d4",
        "city": "taichung",
        "route_name": "KED-9078",
        "car_seq": "KED-9078",
        "arrival_time": "1815",
        "departure_time": "1820",
        "district": "大里區",
        "village": "仁德里",
        "location": "四維街27號",
        "type": "沿街",
        "collection_type": "recycling",
        "day_of_week": 4
      }
    },
    {
      "type": "Feature",
      "geometry": {
        "type": "Point",
        "coordinates": [
          120.69709817677357,
          24.09390047207968
        ]
      },
      "properties": {
        "routeId": "taichung-ked-9078-bb2816-d4",
        "city": "taichung",
        "route_name": "KED-9078",
        "car_seq": "KED-9078",
        "arrival_time": "1815",
        "departure_time": "1820",
        "district": "大里區",
        "village": "仁德里",
        "location": "仁禮街11號",
        "type": "沿街",
        "collection_type": "garbage",
        "day_of_week": 4
      }
    },
    {
      "type": "Feature",
      "geometry": {
        "type": "Point",
        "coordinates": [
          120.69709817677357,
          24.09390047207968
        ]
      },
      "properties": {
        "routeId": "taichung-ked-9078-bb2816-d4",
        "city": "taichung",
        "route_name": "KED-9078",
        "car_seq": "KED-9078",
        "arrival_time": "1815",
        "departure_time": "1820",
        "district": "大里區",
        "village": "仁德里",
        "location": "仁禮街11號",
        "type": "沿街",
        "collection_type": "recycling",
        "day_of_week": 4
      }
    },
    {
      "type": "Feature",
      "geometry": {
        "type": "Point",
        "coordinates": [
          120.69661429034686,
          24.09367513245917
        ]
      },
      "properties": {
        "routeId": "taichung-ked-9078-bb2816-d4",
        "city": "taichung",
        "route_name": "KED-9078",
        "car_seq": "KED-9078",
        "arrival_time": "1815",
        "departure_time": "1820",
        "district": "大里區",
        "village": "仁德里",
        "location": "仁禮街28號",
        "type": "沿街",
        "collection_type": "garbage",
        "day_of_week": 4
      }
    },
    {
      "type": "Feature",
      "geometry": {
        "type": "Point",
        "coordinates": [
          120.69661429034686,
          24.09367513245917
        ]
      },
      "properties": {
        "routeId": "taichung-ked-9078-bb2816-d4",
        "city": "taichung",
        "route_name": "KED-9078",
        "car_seq": "KED-9078",
        "arrival_time": "1815",
        "departure_time": "1820",
        "district": "大里區",
        "village": "仁德里",
        "location": "仁禮街28號",
        "type": "沿街",
        "collection_type": "recycling",
        "day_of_week": 4
      }
    },
    {
      "type": "Feature",
      "geometry": {
        "type": "Point",
        "coordinates": [
          120.69629530309011,
          24.093341495491327
        ]
      },
      "properties": {
        "routeId": "taichung-ked-9078-bb2816-d4",
        "city": "taichung",
        "route_name": "KED-9078",
        "car_seq": "KED-9078",
        "arrival_time": "1815",
        "departure_time": "1820",
        "district": "大里區",
        "village": "仁德里",
        "location": "仁禮街42號",
        "type": "沿街",
        "collection_type": "garbage",
        "day_of_week": 4
      }
    },
    {
      "type": "Feature",
      "geometry": {
        "type": "Point",
        "coordinates": [
          120.69629530309011,
          24.093341495491327
        ]
      },
      "properties": {
        "routeId": "taichung-ked-9078-bb2816-d4",
        "city": "taichung",
        "route_name": "KED-9078",
        "car_seq": "KED-9078",
        "arrival_time": "1815",
        "departure_time": "1820",
        "district": "大里區",
        "village": "仁德里",
        "location": "仁禮街42號",
        "type": "沿街",
        "collection_type": "recycling",
        "day_of_week": 4
      }
    },
    {
      "type": "Feature",
      "geometry": {
        "type": "Point",
        "coordinates": [
          120.69592647149311,
          24.093507182932726
        ]
      },
      "properties": {
        "routeId": "taichung-ked-9078-bb2816-d4",
        "city": "taichung",
        "route_name": "KED-9078",
        "car_seq": "KED-9078",
        "arrival_time": "1815",
        "departure_time": "1820",
        "district": "大里區",
        "village": "仁德里",
        "location": "四維街29巷32號",
        "type": "沿街",
        "collection_type": "garbage",
        "day_of_week": 4
      }
    },
    {
      "type": "Feature",
      "geometry": {
        "type": "Point",
        "coordinates": [
          120.69592647149311,
          24.093507182932726
        ]
      },
      "properties": {
        "routeId": "taichung-ked-9078-bb2816-d4",
        "city": "taichung",
        "route_name": "KED-9078",
        "car_seq": "KED-9078",
        "arrival_time": "1815",
        "departure_time": "1820",
        "district": "大里區",
        "village": "仁德里",
        "location": "四維街29巷32號",
        "type": "沿街",
        "collection_type": "recycling",
        "day_of_week": 4
      }
    },
    {
      "type": "Feature",
      "geometry": {
        "type": "Point",
        "coordinates": [
          120.69547341040469,
          24.094099060110587
        ]
      },
      "properties": {
        "routeId": "taichung-ked-9078-bb2816-d4",
        "city": "taichung",
        "route_name": "KED-9078",
        "car_seq": "KED-9078",
        "arrival_time": "1815",
        "departure_time": "1820",
        "district": "大里區",
        "village": "仁德里",
        "location": "四育街39巷30號",
        "type": "沿街",
        "collection_type": "garbage",
        "day_of_week": 4
      }
    },
    {
      "type": "Feature",
      "geometry": {
        "type": "Point",
        "coordinates": [
          120.69547341040469,
          24.094099060110587
        ]
      },
      "properties": {
        "routeId": "taichung-ked-9078-bb2816-d4",
        "city": "taichung",
        "route_name": "KED-9078",
        "car_seq": "KED-9078",
        "arrival_time": "1815",
        "departure_time": "1820",
        "district": "大里區",
        "village": "仁德里",
        "location": "四育街39巷30號",
        "type": "沿街",
        "collection_type": "recycling",
        "day_of_week": 4
      }
    },
    {
      "type": "Feature",
      "geometry": {
        "type": "Point",
        "coordinates": [
          120.69584227844679,
          24.094423037242166
        ]
      },
      "properties": {
        "routeId": "taichung-ked-9078-bb2816-d4",
        "city": "taichung",
        "route_name": "KED-9078",
        "car_seq": "KED-9078",
        "arrival_time": "1820",
        "departure_time": "1822",
        "district": "大里區",
        "village": "仁德里",
        "location": "四育街25號",
        "type": "沿街",
        "collection_type": "garbage",
        "day_of_week": 4
      }
    },
    {
      "type": "Feature",
      "geometry": {
        "type": "Point",
        "coordinates": [
          120.69584227844679,
          24.094423037242166
        ]
      },
      "properties": {
        "routeId": "taichung-ked-9078-bb2816-d4",
        "city": "taichung",
        "route_name": "KED-9078",
        "car_seq": "KED-9078",
        "arrival_time": "1820",
        "departure_time": "1822",
        "district": "大里區",
        "village": "仁德里",
        "location": "四育街25號",
        "type": "沿街",
        "collection_type": "recycling",
        "day_of_week": 4
      }
    },
    {
      "type": "Feature",
      "geometry": {
        "type": "Point",
        "coordinates": [
          120.69663656098689,
          24.095119525627382
        ]
      },
      "properties": {
        "routeId": "taichung-ked-9078-bb2816-d4",
        "city": "taichung",
        "route_name": "KED-9078",
        "car_seq": "KED-9078",
        "arrival_time": "1820",
        "departure_time": "1822",
        "district": "大里區",
        "village": "仁德里",
        "location": "四育街7號",
        "type": "沿街",
        "collection_type": "garbage",
        "day_of_week": 4
      }
    },
    {
      "type": "Feature",
      "geometry": {
        "type": "Point",
        "coordinates": [
          120.69663656098689,
          24.095119525627382
        ]
      },
      "properties": {
        "routeId": "taichung-ked-9078-bb2816-d4",
        "city": "taichung",
        "route_name": "KED-9078",
        "car_seq": "KED-9078",
        "arrival_time": "1820",
        "departure_time": "1822",
        "district": "大里區",
        "village": "仁德里",
        "location": "四育街7號",
        "type": "沿街",
        "collection_type": "recycling",
        "day_of_week": 4
      }
    },
    {
      "type": "Feature",
      "geometry": {
        "type": "Point",
        "coordinates": [
          120.69708438701234,
          24.095205650967383
        ]
      },
      "properties": {
        "routeId": "taichung-ked-9078-bb2816-d4",
        "city": "taichung",
        "route_name": "KED-9078",
        "car_seq": "KED-9078",
        "arrival_time": "1822",
        "departure_time": "1825",
        "district": "大里區",
        "village": "仁德里",
        "location": "至善路191號",
        "type": "沿街",
        "collection_type": "garbage",
        "day_of_week": 4
      }
    },
    {
      "type": "Feature",
      "geometry": {
        "type": "Point",
        "coordinates": [
          120.69708438701234,
          24.095205650967383
        ]
      },
      "properties": {
        "routeId": "taichung-ked-9078-bb2816-d4",
        "city": "taichung",
        "route_name": "KED-9078",
        "car_seq": "KED-9078",
        "arrival_time": "1822",
        "departure_time": "1825",
        "district": "大里區",
        "village": "仁德里",
        "location": "至善路191號",
        "type": "沿街",
        "collection_type": "recycling",
        "day_of_week": 4
      }
    },
    {
      "type": "Feature",
      "geometry": {
        "type": "Point",
        "coordinates": [
          120.69742984168427,
          24.09490186431361
        ]
      },
      "properties": {
        "routeId": "taichung-ked-9078-bb2816-d4",
        "city": "taichung",
        "route_name": "KED-9078",
        "car_seq": "KED-9078",
        "arrival_time": "1822",
        "departure_time": "1825",
        "district": "大里區",
        "village": "仁德里",
        "location": "至善路179號",
        "type": "沿街",
        "collection_type": "garbage",
        "day_of_week": 4
      }
    },
    {
      "type": "Feature",
      "geometry": {
        "type": "Point",
        "coordinates": [
          120.69742984168427,
          24.09490186431361
        ]
      },
      "properties": {
        "routeId": "taichung-ked-9078-bb2816-d4",
        "city": "taichung",
        "route_name": "KED-9078",
        "car_seq": "KED-9078",
        "arrival_time": "1822",
        "departure_time": "1825",
        "district": "大里區",
        "village": "仁德里",
        "location": "至善路179號",
        "type": "沿街",
        "collection_type": "recycling",
        "day_of_week": 4
      }
    },
    {
      "type": "Feature",
      "geometry": {
        "type": "Point",
        "coordinates": [
          120.69746193479419,
          24.094559082189008
        ]
      },
      "properties": {
        "routeId": "taichung-ked-9078-bb2816-d4",
        "city": "taichung",
        "route_name": "KED-9078",
        "car_seq": "KED-9078",
        "arrival_time": "1822",
        "departure_time": "1825",
        "district": "大里區",
        "village": "仁德里",
        "location": "仁禮街6號",
        "type": "沿街",
        "collection_type": "garbage",
        "day_of_week": 4
      }
    },
    {
      "type": "Feature",
      "geometry": {
        "type": "Point",
        "coordinates": [
          120.69746193479419,
          24.094559082189008
        ]
      },
      "properties": {
        "routeId": "taichung-ked-9078-bb2816-d4",
        "city": "taichung",
        "route_name": "KED-9078",
        "car_seq": "KED-9078",
        "arrival_time": "1822",
        "departure_time": "1825",
        "district": "大里區",
        "village": "仁德里",
        "location": "仁禮街6號",
        "type": "沿街",
        "collection_type": "recycling",
        "day_of_week": 4
      }
    },
    {
      "type": "Feature",
      "geometry": {
        "type": "Point",
        "coordinates": [
          120.69773099445752,
          24.09370055890132
        ]
      },
      "properties": {
        "routeId": "taichung-ked-9078-bb2816-d4",
        "city": "taichung",
        "route_name": "KED-9078",
        "car_seq": "KED-9078",
        "arrival_time": "1822",
        "departure_time": "1825",
        "district": "大里區",
        "village": "仁德里",
        "location": "四維街5號",
        "type": "沿街",
        "collection_type": "garbage",
        "day_of_week": 4
      }
    },
    {
      "type": "Feature",
      "geometry": {
        "type": "Point",
        "coordinates": [
          120.69773099445752,
          24.09370055890132
        ]
      },
      "properties": {
        "routeId": "taichung-ked-9078-bb2816-d4",
        "city": "taichung",
        "route_name": "KED-9078",
        "car_seq": "KED-9078",
        "arrival_time": "1822",
        "departure_time": "1825",
        "district": "大里區",
        "village": "仁德里",
        "location": "四維街5號",
        "type": "沿街",
        "collection_type": "recycling",
        "day_of_week": 4
      }
    },
    {
      "type": "Feature",
      "geometry": {
        "type": "Point",
        "coordinates": [
          120.69799690481975,
          24.094058187481266
        ]
      },
      "properties": {
        "routeId": "taichung-ked-9078-bb2816-d4",
        "city": "taichung",
        "route_name": "KED-9078",
        "car_seq": "KED-9078",
        "arrival_time": "1825",
        "departure_time": "1830",
        "district": "大里區",
        "village": "仁德里",
        "location": "慈德路83號",
        "type": "沿街",
        "collection_type": "garbage",
        "day_of_week": 4
      }
    },
    {
      "type": "Feature",
      "geometry": {
        "type": "Point",
        "coordinates": [
          120.69799690481975,
          24.094058187481266
        ]
      },
      "properties": {
        "routeId": "taichung-ked-9078-bb2816-d4",
        "city": "taichung",
        "route_name": "KED-9078",
        "car_seq": "KED-9078",
        "arrival_time": "1825",
        "departure_time": "1830",
        "district": "大里區",
        "village": "仁德里",
        "location": "慈德路83號",
        "type": "沿街",
        "collection_type": "recycling",
        "day_of_week": 4
      }
    },
    {
      "type": "Feature",
      "geometry": {
        "type": "Point",
        "coordinates": [
          120.69846352070434,
          24.09481415454259
        ]
      },
      "properties": {
        "routeId": "taichung-ked-9078-bb2816-d4",
        "city": "taichung",
        "route_name": "KED-9078",
        "car_seq": "KED-9078",
        "arrival_time": "1825",
        "departure_time": "1830",
        "district": "大里區",
        "village": "仁德里",
        "location": "慈德路102號",
        "type": "沿街",
        "collection_type": "garbage",
        "day_of_week": 4
      }
    },
    {
      "type": "Feature",
      "geometry": {
        "type": "Point",
        "coordinates": [
          120.69846352070434,
          24.09481415454259
        ]
      },
      "properties": {
        "routeId": "taichung-ked-9078-bb2816-d4",
        "city": "taichung",
        "route_name": "KED-9078",
        "car_seq": "KED-9078",
        "arrival_time": "1825",
        "departure_time": "1830",
        "district": "大里區",
        "village": "仁德里",
        "location": "慈德路102號",
        "type": "沿街",
        "collection_type": "recycling",
        "day_of_week": 4
      }
    },
    {
      "type": "Feature",
      "geometry": {
        "type": "Point",
        "coordinates": [
          120.69872558633813,
          24.09548859721272
        ]
      },
      "properties": {
        "routeId": "taichung-ked-9078-bb2816-d4",
        "city": "taichung",
        "route_name": "KED-9078",
        "car_seq": "KED-9078",
        "arrival_time": "1825",
        "departure_time": "1830",
        "district": "大里區",
        "village": "仁德里",
        "location": "慈德路146號",
        "type": "沿街",
        "collection_type": "garbage",
        "day_of_week": 4
      }
    },
    {
      "type": "Feature",
      "geometry": {
        "type": "Point",
        "coordinates": [
          120.69872558633813,
          24.09548859721272
        ]
      },
      "properties": {
        "routeId": "taichung-ked-9078-bb2816-d4",
        "city": "taichung",
        "route_name": "KED-9078",
        "car_seq": "KED-9078",
        "arrival_time": "1825",
        "departure_time": "1830",
        "district": "大里區",
        "village": "仁德里",
        "location": "慈德路146號",
        "type": "沿街",
        "collection_type": "recycling",
        "day_of_week": 4
      }
    },
    {
      "type": "Feature",
      "geometry": {
        "type": "Point",
        "coordinates": [
          120.69892361865996,
          24.096126579069832
        ]
      },
      "properties": {
        "routeId": "taichung-ked-9078-bb2816-d4",
        "city": "taichung",
        "route_name": "KED-9078",
        "car_seq": "KED-9078",
        "arrival_time": "1825",
        "departure_time": "1830",
        "district": "大里區",
        "village": "仁德里",
        "location": "慈德路172號",
        "type": "沿街",
        "collection_type": "garbage",
        "day_of_week": 4
      }
    },
    {
      "type": "Feature",
      "geometry": {
        "type": "Point",
        "coordinates": [
          120.69892361865996,
          24.096126579069832
        ]
      },
      "properties": {
        "routeId": "taichung-ked-9078-bb2816-d4",
        "city": "taichung",
        "route_name": "KED-9078",
        "car_seq": "KED-9078",
        "arrival_time": "1825",
        "departure_time": "1830",
        "district": "大里區",
        "village": "仁德里",
        "location": "慈德路172號",
        "type": "沿街",
        "collection_type": "recycling",
        "day_of_week": 4
      }
    },
    {
      "type": "Feature",
      "geometry": {
        "type": "Point",
        "coordinates": [
          120.69985562224414,
          24.098140970386915
        ]
      },
      "properties": {
        "routeId": "taichung-ked-9078-bb2816-d4",
        "city": "taichung",
        "route_name": "KED-9078",
        "car_seq": "KED-9078",
        "arrival_time": "2030",
        "departure_time": "2100",
        "district": "大里區",
        "village": "仁化里",
        "location": "慈德路251號",
        "type": "定點",
        "collection_type": "garbage",
        "day_of_week": 4
      }
    },
    {
      "type": "Feature",
      "geometry": {
        "type": "Point",
        "coordinates": [
          120.69985562224414,
          24.098140970386915
        ]
      },
      "properties": {
        "routeId": "taichung-ked-9078-bb2816-d4",
        "city": "taichung",
        "route_name": "KED-9078",
        "car_seq": "KED-9078",
        "arrival_time": "2030",
        "departure_time": "2100",
        "district": "大里區",
        "village": "仁化里",
        "location": "慈德路251號",
        "type": "定點",
        "collection_type": "recycling",
        "day_of_week": 4
      }
    }
  ]
}