{
  "type": "FeatureCollection",
  "features": [
    {
      "type": "Feature",
      "geometry": {
        "type": "Point",
        "coordinates": [
          120.69515929283509,
          24.188912466397493
        ]
      },
      "properties": {
        "routeId": "taichung-kee-6287-9675d6-d4",
        "city": "taichung",
        "route_name": "KEE-6287",
        "car_seq": "KEE-6287",
        "arrival_time": "1403",
        "departure_time": "1407",
        "district": "北屯區",
        "village": "松強里",
        "location": "松柏三街68號",
        "type": "沿街",
        "collection_type": "garbage",
        "day_of_week": 4
      }
    },
    {
      "type": "Feature",
      "geometry": {
        "type": "Point",
        "coordinates": [
          120.69515929283509,
          24.188912466397493
        ]
      },
      "properties": {
        "routeId": "taichung-kee-6287-9675d6-d4",
        "city": "taichung",
        "route_name": "KEE-6287",
        "car_seq": "KEE-6287",
        "arrival_time": "1403",
        "departure_time": "1407",
        "district": "北屯區",
        "village": "松強里",
        "location": "松柏三街68號",
        "type": "沿街",
        "collection_type": "recycling",
        "day_of_week": 4
      }
    },
    {
      "type": "Feature",
      "geometry": {
        "type": "Point",
        "coordinates": [
          120.69805115916947,
          24.189055602505597
        ]
      },
      "properties": {
        "routeId": "taichung-kee-6287-9675d6-d4",
        "city": "taichung",
        "route_name": "KEE-6287",
        "car_seq": "KEE-6287",
        "arrival_time": "1407",
        "departure_time": "1413",
        "district": "北屯區",
        "village": "松茂里",
        "location": "九甲巷14號",
        "type": "沿街",
        "collection_type": "garbage",
        "day_of_week": 4
      }
    },
    {
      "type": "Feature",
      "geometry": {
        "type": "Point",
        "coordinates": [
          120.69805115916947,
          24.189055602505597
        ]
      },
      "properties": {
        "routeId": "taichung-kee-6287-9675d6-d4",
        "city": "taichung",
        "route_name": "KEE-6287",
        "car_seq": "KEE-6287",
        "arrival_time": "1407",
        "departure_time": "1413",
        "district": "北屯區",
        "village": "松茂里",
        "location": "九甲巷14號",
        "type": "沿街",
        "collection_type": "recycling",
        "day_of_week": 4
      }
    },
    {
      "type": "Feature",
      "geometry": {
        "type": "Point",
        "coordinates": [
          120.6987508598944,
          24.190283793927346
        ]
      },
      "properties": {
        "routeId": "taichung-kee-6287-9675d6-d4",
        "city": "taichung",
        "route_name": "KEE-6287",
        "car_seq": "KEE-6287",
        "arrival_time": "1411",
        "departure_time": "1417",
        "district": "北屯區",
        "village": "松強里",
        "location": "九甲巷22號",
        "type": "沿街",
        "collection_type": "garbage",
        "day_of_week": 4
      }
    },
    {
      "type": "Feature",
      "geometry": {
        "type": "Point",
        "coordinates": [
          120.6987508598944,
          24.190283793927346
        ]
      },
      "properties": {
        "routeId": "taichung-kee-6287-9675d6-d4",
        "city": "taichung",
        "route_name": "KEE-6287",
        "car_seq": "KEE-6287",
        "arrival_time": "1411",
        "departure_time": "1417",
        "district": "北屯區",
        "village": "松強里",
        "location": "九甲巷22號",
        "type": "沿街",
        "collection_type": "recycling",
        "day_of_week": 4
      }
    },
    {
      "type": "Feature",
      "geometry": {
        "type": "Point",
        "coordinates": [
          120.69927691743072,
          24.190252571099602
        ]
      },
      "properties": {
        "routeId": "taichung-kee-6287-9675d6-d4",
        "city": "taichung",
        "route_name": "KEE-6287",
        "car_seq": "KEE-6287",
        "arrival_time": "1412",
        "departure_time": "1418",
        "district": "北屯區",
        "village": "松強里",
        "location": "九甲巷21號",
        "type": "沿街",
        "collection_type": "garbage",
        "day_of_week": 4
      }
    },
    {
      "type": "Feature",
      "geometry": {
        "type": "Point",
        "coordinates": [
          120.69927691743072,
          24.190252571099602
        ]
      },
      "properties": {
        "routeId": "taichung-kee-6287-9675d6-d4",
        "city": "taichung",
        "route_name": "KEE-6287",
        "car_seq": "KEE-6287",
        "arrival_time": "1412",
        "departure_time": "1418",
        "district": "北屯區",
        "village": "松強里",
        "location": "九甲巷21號",
        "type": "沿街",
        "collection_type": "recycling",
        "day_of_week": 4
      }
    },
    {
      "type": "Feature",
      "geometry": {
        "type": "Point",
        "coordinates": [
          120.69758333691371,
          24.191371052943907
        ]
      },
      "properties": {
        "routeId": "taichung-kee-6287-9675d6-d4",
        "city": "taichung",
        "route_name": "KEE-6287",
        "car_seq": "KEE-6287",
        "arrival_time": "1415",
        "departure_time": "1421",
        "district": "北屯區",
        "village": "松強里",
        "location": "九甲巷19-1號",
        "type": "沿街",
        "collection_type": "garbage",
        "day_of_week": 4
      }
    },
    {
      "type": "Feature",
      "geometry": {
        "type": "Point",
        "coordinates": [
          120.69758333691371,
          24.191371052943907
        ]
      },
      "properties": {
        "routeId": "taichung-kee-6287-9675d6-d4",
        "city": "taichung",
        "route_name": "KEE-6287",
        "car_seq": "KEE-6287",
        "arrival_time": "1415",
        "departure_time": "1421",
        "district": "北屯區",
        "village": "松強里",
        "location": "九甲巷19-1號",
        "type": "沿街",
        "collection_type": "recycling",
        "day_of_week": 4
      }
    },
    {
      "type": "Feature",
      "geometry": {
        "type": "Point",
        "coordinates": [
          120.70222475324468,
          24.18633174358794
        ]
      },
      "properties": {
        "routeId": "taichung-kee-6287-9675d6-d4",
        "city": "taichung",
        "route_name": "KEE-6287",
        "car_seq": "KEE-6287",
        "arrival_time": "1420",
        "departure_time": "1426",
        "district": "北屯區",
        "village": "松強里",
        "location": "北屯路501號",
        "type": "沿街",
        "collection_type": "garbage",
        "day_of_week": 4
      }
    },
    {
      "type": "Feature",
      "geometry": {
        "type": "Point",
        "coordinates": [
          120.70222475324468,
          24.18633174358794
        ]
      },
      "properties": {
        "routeId": "taichung-kee-6287-9675d6-d4",
        "city": "taichung",
        "route_name": "KEE-6287",
        "car_seq": "KEE-6287",
        "arrival_time": "1420",
        "departure_time": "1426",
        "district": "北屯區",
        "village": "松強里",
        "location": "北屯路501號",
        "type": "沿街",
        "collection_type": "recycling",
        "day_of_week": 4
      }
    },
    {
      "type": "Feature",
      "geometry": {
        "type": "Point",
        "coordinates": [
          120.7022159219281,
          24.186065543255975
        ]
      },
      "properties": {
        "routeId": "taichung-kee-6287-9675d6-d4",
        "city": "taichung",
        "route_name": "KEE-6287",
        "car_seq": "KEE-6287",
        "arrival_time": "1421",
        "departure_time": "1427",
        "district": "北屯區",
        "village": "松勇里",
        "location": "北屯路487號",
        "type": "沿街",
        "collection_type": "garbage",
        "day_of_week": 4
      }
    },
    {
      "type": "Feature",
      "geometry": {
        "type": "Point",
        "coordinates": [
          120.7022159219281,
          24.186065543255975
        ]
      },
      "properties": {
        "routeId": "taichung-kee-6287-9675d6-d4",
        "city": "taichung",
        "route_name": "KEE-6287",
        "car_seq": "KEE-6287",
        "arrival_time": "1421",
        "departure_time": "1427",
        "district": "北屯區",
        "village": "松勇里",
        "location": "北屯路487號",
        "type": "沿街",
        "collection_type": "recycling",
        "day_of_week": 4
      }
    },
    {
      "type": "Feature",
      "geometry": {
        "type": "Point",
        "coordinates": [
          120.70215794961958,
          24.185682868559503
        ]
      },
      "properties": {
        "routeId": "taichung-kee-6287-9675d6-d4",
        "city": "taichung",
        "route_name": "KEE-6287",
        "car_seq": "KEE-6287",
        "arrival_time": "1422",
        "departure_time": "1428",
        "district": "北屯區",
        "village": "松勇里",
        "location": "北屯路477-4號",
        "type": "沿街",
        "collection_type": "garbage",
        "day_of_week": 4
      }
    },
    {
      "type": "Feature",
      "geometry": {
        "type": "Point",
        "coordinates": [
          120.70215794961958,
          24.185682868559503
        ]
      },
      "properties": {
        "routeId": "taichung-kee-6287-9675d6-d4",
        "city": "taichung",
        "route_name": "KEE-6287",
        "car_seq": "KEE-6287",
        "arrival_time": "1422",
        "departure_time": "1428",
        "district": "北屯區",
        "village": "松勇里",
        "location": "北屯路477-4號",
        "type": "沿街",
        "collection_type": "recycling",
        "day_of_week": 4
      }
    },
    {
      "type": "Feature",
      "geometry": {
        "type": "Point",
        "coordinates": [
          120.70210311134713,
          24.185175686206055
        ]
      },
      "properties": {
        "routeId": "taichung-kee-6287-9675d6-d4",
        "city": "taichung",
        "route_name": "KEE-6287",
        "car_seq": "KEE-6287",
        "arrival_time": "1423",
        "departure_time": "1429",
        "district": "北屯區",
        "village": "松勇里",
        "location": "北屯路473-2號",
        "type": "沿街",
        "collection_type": "garbage",
        "day_of_week": 4
      }
    },
    {
      "type": "Feature",
      "geometry": {
        "type": "Point",
        "coordinates": [
          120.70210311134713,
          24.185175686206055
        ]
      },
      "properties": {
        "routeId": "taichung-kee-6287-9675d6-d4",
        "city": "taichung",
        "route_name": "KEE-6287",
        "car_seq": "KEE-6287",
        "arrival_time": "1423",
        "departure_time": "1429",
        "district": "北屯區",
        "village": "松勇里",
        "location": "北屯路473-2號",
        "type": "沿街",
        "collection_type": "recycling",
        "day_of_week": 4
      }
    },
    {
      "type": "Feature",
      "geometry": {
        "type": "Point",
        "coordinates": [
          120.70205746852349,
          24.184790624706633
        ]
      },
      "properties": {
        "routeId": "taichung-kee-6287-9675d6-d4",
        "city": "taichung",
        "route_name": "KEE-6287",
        "car_seq": "KEE-6287",
        "arrival_time": "1424",
        "departure_time": "1430",
        "district": "北屯區",
        "village": "松勇里",
        "location": "北屯路471號",
        "type": "沿街",
        "collection_type": "garbage",
        "day_of_week": 4
      }
    },
    {
      "type": "Feature",
      "geometry": {
        "type": "Point",
        "coordinates": [
          120.70205746852349,
          24.184790624706633
        ]
      },
      "properties": {
        "routeId": "taichung-kee-6287-9675d6-d4",
        "city": "taichung",
        "route_name": "KEE-6287",
        "car_seq": "KEE-6287",
        "arrival_time": "1424",
        "departure_time": "1430",
        "district": "北屯區",
        "village": "松勇里",
        "location": "北屯路471號",
        "type": "沿街",
        "collection_type": "recycling",
        "day_of_week": 4
      }
    },
    {
      "type": "Feature",
      "geometry": {
        "type": "Point",
        "coordinates": [
          120.70157509581166,
          24.184856136727287
        ]
      },
      "properties": {
        "routeId": "taichung-kee-6287-9675d6-d4",
        "city": "taichung",
        "route_name": "KEE-6287",
        "car_seq": "KEE-6287",
        "arrival_time": "1426",
        "departure_time": "1432",
        "district": "北屯區",
        "village": "松勇里",
        "location": "北屯路473巷10號",
        "type": "沿街",
        "collection_type": "garbage",
        "day_of_week": 4
      }
    },
    {
      "type": "Feature",
      "geometry": {
        "type": "Point",
        "coordinates": [
          120.70157509581166,
          24.184856136727287
        ]
      },
      "properties": {
        "routeId": "taichung-kee-6287-9675d6-d4",
        "city": "taichung",
        "route_name": "KEE-6287",
        "car_seq": "KEE-6287",
        "arrival_time": "1426",
        "departure_time": "1432",
        "district": "北屯區",
        "village": "松勇里",
        "location": "北屯路473巷10號",
        "type": "沿街",
        "collection_type": "recycling",
        "day_of_week": 4
      }
    },
    {
      "type": "Feature",
      "geometry": {
        "type": "Point",
        "coordinates": [
          120.7012807105327,
          24.184689421476374
        ]
      },
      "properties": {
        "routeId": "taichung-kee-6287-9675d6-d4",
        "city": "taichung",
        "route_name": "KEE-6287",
        "car_seq": "KEE-6287",
        "arrival_time": "1428",
        "departure_time": "1434",
        "district": "北屯區",
        "village": "松勇里",
        "location": "北屯路473巷26號",
        "type": "沿街",
        "collection_type": "garbage",
        "day_of_week": 4
      }
    },
    {
      "type": "Feature",
      "geometry": {
        "type": "Point",
        "coordinates": [
          120.7012807105327,
          24.184689421476374
        ]
      },
      "properties": {
        "routeId": "taichung-kee-6287-9675d6-d4",
        "city": "taichung",
        "route_name": "KEE-6287",
        "car_seq": "KEE-6287",
        "arrival_time": "1428",
        "departure_time": "1434",
        "district": "北屯區",
        "village": "松勇里",
        "location": "北屯路473巷26號",
        "type": "沿街",
        "collection_type": "recycling",
        "day_of_week": 4
      }
    },
    {
      "type": "Feature",
      "geometry": {
        "type": "Point",
        "coordinates": [
          120.70091981690817,
          24.184506331529693
        ]
      },
      "properties": {
        "routeId": "taichung-kee-6287-9675d6-d4",
        "city": "taichung",
        "route_name": "KEE-6287",
        "car_seq": "KEE-6287",
        "arrival_time": "1429",
        "departure_time": "1435",
        "district": "北屯區",
        "village": "松勇里",
        "location": "北屯路473巷30號",
        "type": "沿街",
        "collection_type": "garbage",
        "day_of_week": 4
      }
    },
    {
      "type": "Feature",
      "geometry": {
        "type": "Point",
        "coordinates": [
          120.70091981690817,
          24.184506331529693
        ]
      },
      "properties": {
        "routeId": "taichung-kee-6287-9675d6-d4",
        "city": "taichung",
        "route_name": "KEE-6287",
        "car_seq": "KEE-6287",
        "arrival_time": "1429",
        "departure_time": "1435",
        "district": "北屯區",
        "village": "松勇里",
        "location": "北屯路473巷30號",
        "type": "沿街",
        "collection_type": "recycling",
        "day_of_week": 4
      }
    },
    {
      "type": "Feature",
      "geometry": {
        "type": "Point",
        "coordinates": [
          120.70040357852692,
          24.184157510134405
        ]
      },
      "properties": {
        "routeId": "taichung-kee-6287-9675d6-d4",
        "city": "taichung",
        "route_name": "KEE-6287",
        "car_seq": "KEE-6287",
        "arrival_time": "1430",
        "departure_time": "1436",
        "district": "北屯區",
        "village": "松勇里",
        "location": "松明街27巷62號",
        "type": "沿街",
        "collection_type": "garbage",
        "day_of_week": 4
      }
    },
    {
      "type": "Feature",
      "geometry": {
        "type": "Point",
        "coordinates": [
          120.70040357852692,
          24.184157510134405
        ]
      },
      "properties": {
        "routeId": "taichung-kee-6287-9675d6-d4",
        "city": "taichung",
        "route_name": "KEE-6287",
        "car_seq": "KEE-6287",
        "arrival_time": "1430",
        "departure_time": "1436",
        "district": "北屯區",
        "village": "松勇里",
        "location": "松明街27巷62號",
        "type": "沿街",
        "collection_type": "recycling",
        "day_of_week": 4
      }
    },
    {
      "type": "Feature",
      "geometry": {
        "type": "Point",
        "coordinates": [
          120.70075573410526,
          24.184030789604435
        ]
      },
      "properties": {
        "routeId": "taichung-kee-6287-9675d6-d4",
        "city": "taichung",
        "route_name": "KEE-6287",
        "car_seq": "KEE-6287",
        "arrival_time": "1432",
        "departure_time": "1438",
        "district": "北屯區",
        "village": "松勇里",
        "location": "北屯路471巷32弄29號",
        "type": "沿街",
        "collection_type": "garbage",
        "day_of_week": 4
      }
    },
    {
      "type": "Feature",
      "geometry": {
        "type": "Point",
        "coordinates": [
          120.70075573410526,
          24.184030789604435
        ]
      },
      "properties": {
        "routeId": "taichung-kee-6287-9675d6-d4",
        "city": "taichung",
        "route_name": "KEE-6287",
        "car_seq": "KEE-6287",
        "arrival_time": "1432",
        "departure_time": "1438",
        "district": "北屯區",
        "village": "松勇里",
        "location": "北屯路471巷32弄29號",
        "type": "沿街",
        "collection_type": "recycling",
        "day_of_week": 4
      }
    },
    {
      "type": "Feature",
      "geometry": {
        "type": "Point",
        "coordinates": [
          120.7000866384988,
          24.18334581397556
        ]
      },
      "properties": {
        "routeId": "taichung-kee-6287-9675d6-d4",
        "city": "taichung",
        "route_name": "KEE-6287",
        "car_seq": "KEE-6287",
        "arrival_time": "1433",
        "departure_time": "1439",
        "district": "北屯區",
        "village": "松勇里",
        "location": "松竹路二段76巷12-1號",
        "type": "沿街",
        "collection_type": "garbage",
        "day_of_week": 4
      }
    },
    {
      "type": "Feature",
      "geometry": {
        "type": "Point",
        "coordinates": [
          120.7000866384988,
          24.18334581397556
        ]
      },
      "properties": {
        "routeId": "taichung-kee-6287-9675d6-d4",
        "city": "taichung",
        "route_name": "KEE-6287",
        "car_seq": "KEE-6287",
        "arrival_time": "1433",
        "departure_time": "1439",
        "district": "北屯區",
        "village": "松勇里",
        "location": "松竹路二段76巷12-1號",
        "type": "沿街",
        "collection_type": "recycling",
        "day_of_week": 4
      }
    },
    {
      "type": "Feature",
      "geometry": {
        "type": "Point",
        "coordinates": [
          120.68888834668108,
          24.182241585844228
        ]
      },
      "properties": {
        "routeId": "taichung-kee-6287-9675d6-d4",
        "city": "taichung",
        "route_name": "KEE-6287",
        "car_seq": "KEE-6287",
        "arrival_time": "1438",
        "departure_time": "1444",
        "district": "北屯區",
        "village": "松勇里",
        "location": "松竹路二段388號",
        "type": "沿街",
        "collection_type": "garbage",
        "day_of_week": 4
      }
    },
    {
      "type": "Feature",
      "geometry": {
        "type": "Point",
        "coordinates": [
          120.68888834668108,
          24.182241585844228
        ]
      },
      "properties": {
        "routeId": "taichung-kee-6287-9675d6-d4",
        "city": "taichung",
        "route_name": "KEE-6287",
        "car_seq": "KEE-6287",
        "arrival_time": "1438",
        "departure_time": "1444",
        "district": "北屯區",
        "village": "松勇里",
        "location": "松竹路二段388號",
        "type": "沿街",
        "collection_type": "recycling",
        "day_of_week": 4
      }
    },
    {
      "type": "Feature",
      "geometry": {
        "type": "Point",
        "coordinates": [
          120.68858988676563,
          24.182258511386753
        ]
      },
      "properties": {
        "routeId": "taichung-kee-6287-9675d6-d4",
        "city": "taichung",
        "route_name": "KEE-6287",
        "car_seq": "KEE-6287",
        "arrival_time": "1439",
        "departure_time": "1445",
        "district": "北屯區",
        "village": "松強里",
        "location": "松竹路二段396號",
        "type": "沿街",
        "collection_type": "garbage",
        "day_of_week": 4
      }
    },
    {
      "type": "Feature",
      "geometry": {
        "type": "Point",
        "coordinates": [
          120.68858988676563,
          24.182258511386753
        ]
      },
      "properties": {
        "routeId": "taichung-kee-6287-9675d6-d4",
        "city": "taichung",
        "route_name": "KEE-6287",
        "car_seq": "KEE-6287",
        "arrival_time": "1439",
        "departure_time": "1445",
        "district": "北屯區",
        "village": "松強里",
        "location": "松竹路二段396號",
        "type": "沿街",
        "collection_type": "recycling",
        "day_of_week": 4
      }
    },
    {
      "type": "Feature",
      "geometry": {
        "type": "Point",
        "coordinates": [
          120.6913775456247,
          24.18283231067202
        ]
      },
      "properties": {
        "routeId": "taichung-kee-6287-9675d6-d4",
        "city": "taichung",
        "route_name": "KEE-6287",
        "car_seq": "KEE-6287",
        "arrival_time": "1442",
        "departure_time": "1448",
        "district": "北屯區",
        "village": "松強里",
        "location": "松竹路二段324巷8號",
        "type": "沿街",
        "collection_type": "garbage",
        "day_of_week": 4
      }
    },
    {
      "type": "Feature",
      "geometry": {
        "type": "Point",
        "coordinates": [
          120.6913775456247,
          24.18283231067202
        ]
      },
      "properties": {
        "routeId": "taichung-kee-6287-9675d6-d4",
        "city": "taichung",
        "route_name": "KEE-6287",
        "car_seq": "KEE-6287",
        "arrival_time": "1442",
        "departure_time": "1448",
        "district": "北屯區",
        "village": "松強里",
        "location": "松竹路二段324巷8號",
        "type": "沿街",
        "collection_type": "recycling",
        "day_of_week": 4
      }
    },
    {
      "type": "Feature",
      "geometry": {
        "type": "Point",
        "coordinates": [
          120.69164484455979,
          24.183155341090476
        ]
      },
      "properties": {
        "routeId": "taichung-kee-6287-9675d6-d4",
        "city": "taichung",
        "route_name": "KEE-6287",
        "car_seq": "KEE-6287",
        "arrival_time": "1443",
        "departure_time": "1449",
        "district": "北屯區",
        "village": "松強里",
        "location": "松竹路二段306巷1弄30號",
        "type": "沿街",
        "collection_type": "garbage",
        "day_of_week": 4
      }
    },
    {
      "type": "Feature",
      "geometry": {
        "type": "Point",
        "coordinates": [
          120.69164484455979,
          24.183155341090476
        ]
      },
      "properties": {
        "routeId": "taichung-kee-6287-9675d6-d4",
        "city": "taichung",
        "route_name": "KEE-6287",
        "car_seq": "KEE-6287",
        "arrival_time": "1443",
        "departure_time": "1449",
        "district": "北屯區",
        "village": "松強里",
        "location": "松竹路二段306巷1弄30號",
        "type": "沿街",
        "collection_type": "recycling",
        "day_of_week": 4
      }
    },
    {
      "type": "Feature",
      "geometry": {
        "type": "Point",
        "coordinates": [
          120.69248232805523,
          24.183246891948016
        ]
      },
      "properties": {
        "routeId": "taichung-kee-6287-9675d6-d4",
        "city": "taichung",
        "route_name": "KEE-6287",
        "car_seq": "KEE-6287",
        "arrival_time": "1444",
        "departure_time": "1450",
        "district": "北屯區",
        "village": "松強里",
        "location": "松竹路二段306巷10號",
        "type": "沿街",
        "collection_type": "garbage",
        "day_of_week": 4
      }
    },
    {
      "type": "Feature",
      "geometry": {
        "type": "Point",
        "coordinates": [
          120.69248232805523,
          24.183246891948016
        ]
      },
      "properties": {
        "routeId": "taichung-kee-6287-9675d6-d4",
        "city": "taichung",
        "route_name": "KEE-6287",
        "car_seq": "KEE-6287",
        "arrival_time": "1444",
        "departure_time": "1450",
        "district": "北屯區",
        "village": "松強里",
        "location": "松竹路二段306巷10號",
        "type": "沿街",
        "collection_type": "recycling",
        "day_of_week": 4
      }
    },
    {
      "type": "Feature",
      "geometry": {
        "type": "Point",
        "coordinates": [
          120.69193554354709,
          24.18391593179699
        ]
      },
      "properties": {
        "routeId": "taichung-kee-6287-9675d6-d4",
        "city": "taichung",
        "route_name": "KEE-6287",
        "car_seq": "KEE-6287",
        "arrival_time": "1445",
        "departure_time": "1451",
        "district": "北屯區",
        "village": "松強里",
        "location": "松竹路二段306巷7弄24號",
        "type": "沿街",
        "collection_type": "garbage",
        "day_of_week": 4
      }
    },
    {
      "type": "Feature",
      "geometry": {
        "type": "Point",
        "coordinates": [
          120.69193554354709,
          24.18391593179699
        ]
      },
      "properties": {
        "routeId": "taichung-kee-6287-9675d6-d4",
        "city": "taichung",
        "route_name": "KEE-6287",
        "car_seq": "KEE-6287",
        "arrival_time": "1445",
        "departure_time": "1451",
        "district": "北屯區",
        "village": "松強里",
        "location": "松竹路二段306巷7弄24號",
        "type": "沿街",
        "collection_type": "recycling",
        "day_of_week": 4
      }
    },
    {
      "type": "Feature",
      "geometry": {
        "type": "Point",
        "coordinates": [
          120.69238155055578,
          24.183697610617926
        ]
      },
      "properties": {
        "routeId": "taichung-kee-6287-9675d6-d4",
        "city": "taichung",
        "route_name": "KEE-6287",
        "car_seq": "KEE-6287",
        "arrival_time": "1446",
        "departure_time": "1452",
        "district": "北屯區",
        "village": "松強里",
        "location": "松竹路二段300巷7弄24號",
        "type": "沿街",
        "collection_type": "garbage",
        "day_of_week": 4
      }
    },
    {
      "type": "Feature",
      "geometry": {
        "type": "Point",
        "coordinates": [
          120.69238155055578,
          24.183697610617926
        ]
      },
      "properties": {
        "routeId": "taichung-kee-6287-9675d6-d4",
        "city": "taichung",
        "route_name": "KEE-6287",
        "car_seq": "KEE-6287",
        "arrival_time": "1446",
        "departure_time": "1452",
        "district": "北屯區",
        "village": "松強里",
        "location": "松竹路二段300巷7弄24號",
        "type": "沿街",
        "collection_type": "recycling",
        "day_of_week": 4
      }
    },
    {
      "type": "Feature",
      "geometry": {
        "type": "Point",
        "coordinates": [
          120.69276034870865,
          24.183549653267978
        ]
      },
      "properties": {
        "routeId": "taichung-kee-6287-9675d6-d4",
        "city": "taichung",
        "route_name": "KEE-6287",
        "car_seq": "KEE-6287",
        "arrival_time": "1447",
        "departure_time": "1453",
        "district": "北屯區",
        "village": "松強里",
        "location": "松竹路二段300巷7弄9號",
        "type": "沿街",
        "collection_type": "garbage",
        "day_of_week": 4
      }
    },
    {
      "type": "Feature",
      "geometry": {
        "type": "Point",
        "coordinates": [
          120.69276034870865,
          24.183549653267978
        ]
      },
      "properties": {
        "routeId": "taichung-kee-6287-9675d6-d4",
        "city": "taichung",
        "route_name": "KEE-6287",
        "car_seq": "KEE-6287",
        "arrival_time": "1447",
        "departure_time": "1453",
        "district": "北屯區",
        "village": "松強里",
        "location": "松竹路二段300巷7弄9號",
        "type": "沿街",
        "collection_type": "recycling",
        "day_of_week": 4
      }
    },
    {
      "type": "Feature",
      "geometry": {
        "type": "Point",
        "coordinates": [
          120.69286216597973,
          24.183576765656056
        ]
      },
      "properties": {
        "routeId": "taichung-kee-6287-9675d6-d4",
        "city": "taichung",
        "route_name": "KEE-6287",
        "car_seq": "KEE-6287",
        "arrival_time": "1448",
        "departure_time": "1454",
        "district": "北屯區",
        "village": "松強里",
        "location": "松竹路二段300巷7弄5號",
        "type": "沿街",
        "collection_type": "garbage",
        "day_of_week": 4
      }
    },
    {
      "type": "Feature",
      "geometry": {
        "type": "Point",
        "coordinates": [
          120.69286216597973,
          24.183576765656056
        ]
      },
      "properties": {
        "routeId": "taichung-kee-6287-9675d6-d4",
        "city": "taichung",
        "route_name": "KEE-6287",
        "car_seq": "KEE-6287",
        "arrival_time": "1448",
        "departure_time": "1454",
        "district": "北屯區",
        "village": "松強里",
        "location": "松竹路二段300巷7弄5號",
        "type": "沿街",
        "collection_type": "recycling",
        "day_of_week": 4
      }
    },
    {
      "type": "Feature",
      "geometry": {
        "type": "Point",
        "coordinates": [
          120.6932537778428,
          24.183951907803518
        ]
      },
      "properties": {
        "routeId": "taichung-kee-6287-9675d6-d4",
        "city": "taichung",
        "route_name": "KEE-6287",
        "car_seq": "KEE-6287",
        "arrival_time": "1449",
        "departure_time": "1455",
        "district": "北屯區",
        "village": "松強里",
        "location": "松竹路二段300巷8弄3號",
        "type": "沿街",
        "collection_type": "garbage",
        "day_of_week": 4
      }
    },
    {
      "type": "Feature",
      "geometry": {
        "type": "Point",
        "coordinates": [
          120.6932537778428,
          24.183951907803518
        ]
      },
      "properties": {
        "routeId": "taichung-kee-6287-9675d6-d4",
        "city": "taichung",
        "route_name": "KEE-6287",
        "car_seq": "KEE-6287",
        "arrival_time": "1449",
        "departure_time": "1455",
        "district": "北屯區",
        "village": "松強里",
        "location": "松竹路二段300巷8弄3號",
        "type": "沿街",
        "collection_type": "recycling",
        "day_of_week": 4
      }
    },
    {
      "type": "Feature",
      "geometry": {
        "type": "Point",
        "coordinates": [
          120.69380178558997,
          24.1838068254493
        ]
      },
      "properties": {
        "routeId": "taichung-kee-6287-9675d6-d4",
        "city": "taichung",
        "route_name": "KEE-6287",
        "car_seq": "KEE-6287",
        "arrival_time": "1450",
        "departure_time": "1456",
        "district": "北屯區",
        "village": "松強里",
        "location": "松竹路二段300巷8弄22號",
        "type": "沿街",
        "collection_type": "garbage",
        "day_of_week": 4
      }
    },
    {
      "type": "Feature",
      "geometry": {
        "type": "Point",
        "coordinates": [
          120.69380178558997,
          24.1838068254493
        ]
      },
      "properties": {
        "routeId": "taichung-kee-6287-9675d6-d4",
        "city": "taichung",
        "route_name": "KEE-6287",
        "car_seq": "KEE-6287",
        "arrival_time": "1450",
        "departure_time": "1456",
        "district": "北屯區",
        "village": "松強里",
        "location": "松竹路二段300巷8弄22號",
        "type": "沿街",
        "collection_type": "recycling",
        "day_of_week": 4
      }
    },
    {
      "type": "Feature",
      "geometry": {
        "type": "Point",
        "coordinates": [
          120.69495461332075,
          24.18483156638468
        ]
      },
      "properties": {
        "routeId": "taichung-kee-6287-9675d6-d4",
        "city": "taichung",
        "route_name": "KEE-6287",
        "car_seq": "KEE-6287",
        "arrival_time": "1451",
        "departure_time": "1457",
        "district": "北屯區",
        "village": "松強里",
        "location": "興安路二段485號",
        "type": "沿街",
        "collection_type": "garbage",
        "day_of_week": 4
      }
    },
    {
      "type": "Feature",
      "geometry": {
        "type": "Point",
        "coordinates": [
          120.69495461332075,
          24.18483156638468
        ]
      },
      "properties": {
        "routeId": "taichung-kee-6287-9675d6-d4",
        "city": "taichung",
        "route_name": "KEE-6287",
        "car_seq": "KEE-6287",
        "arrival_time": "1451",
        "departure_time": "1457",
        "district": "北屯區",
        "village": "松強里",
        "location": "興安路二段485號",
        "type": "沿街",
        "collection_type": "recycling",
        "day_of_week": 4
      }
    },
    {
      "type": "Feature",
      "geometry": {
        "type": "Point",
        "coordinates": [
          120.69523530306493,
          24.185166526935056
        ]
      },
      "properties": {
        "routeId": "taichung-kee-6287-9675d6-d4",
        "city": "taichung",
        "route_name": "KEE-6287",
        "car_seq": "KEE-6287",
        "arrival_time": "1452",
        "departure_time": "1458",
        "district": "北屯區",
        "village": "松強里",
        "location": "興安路二段500號",
        "type": "沿街",
        "collection_type": "garbage",
        "day_of_week": 4
      }
    },
    {
      "type": "Feature",
      "geometry": {
        "type": "Point",
        "coordinates": [
          120.69523530306493,
          24.185166526935056
        ]
      },
      "properties": {
        "routeId": "taichung-kee-6287-9675d6-d4",
        "city": "taichung",
        "route_name": "KEE-6287",
        "car_seq": "KEE-6287",
        "arrival_time": "1452",
        "departure_time": "1458",
        "district": "北屯區",
        "village": "松強里",
        "location": "興安路二段500號",
        "type": "沿街",
        "collection_type": "recycling",
        "day_of_week": 4
      }
    },
    {
      "type": "Feature",
      "geometry": {
        "type": "Point",
        "coordinates": [
          120.69529399380667,
          24.183041423680166
        ]
      },
      "properties": {
        "routeId": "taichung-kee-6287-9675d6-d4",
        "city": "taichung",
        "route_name": "KEE-6287",
        "car_seq": "KEE-6287",
        "arrival_time": "1507",
        "departure_time": "1513",
        "district": "北屯區",
        "village": "松強里",
        "location": "松竹路二段187巷7號",
        "type": "沿街",
        "collection_type": "garbage",
        "day_of_week": 4
      }
    },
    {
      "type": "Feature",
      "geometry": {
        "type": "Point",
        "coordinates": [
          120.69529399380667,
          24.183041423680166
        ]
      },
      "properties": {
        "routeId": "taichung-kee-6287-9675d6-d4",
        "city": "taichung",
        "route_name": "KEE-6287",
        "car_seq": "KEE-6287",
        "arrival_time": "1507",
        "departure_time": "1513",
        "district": "北屯區",
        "village": "松強里",
        "location": "松竹路二段187巷7號",
        "type": "沿街",
        "collection_type": "recycling",
        "day_of_week": 4
      }
    },
    {
      "type": "Feature",
      "geometry": {
        "type": "Point",
        "coordinates": [
          120.69313475006567,
          24.18445361465267
        ]
      },
      "properties": {
        "routeId": "taichung-kee-6287-9675d6-d4",
        "city": "taichung",
        "route_name": "KEE-6287",
        "car_seq": "KEE-6287",
        "arrival_time": "1508",
        "departure_time": "1514",
        "district": "北屯區",
        "village": "松強里",
        "location": "松竹路二段302巷13弄18號",
        "type": "沿街",
        "collection_type": "garbage",
        "day_of_week": 4
      }
    },
    {
      "type": "Feature",
      "geometry": {
        "type": "Point",
        "coordinates": [
          120.69313475006567,
          24.18445361465267
        ]
      },
      "properties": {
        "routeId": "taichung-kee-6287-9675d6-d4",
        "city": "taichung",
        "route_name": "KEE-6287",
        "car_seq": "KEE-6287",
        "arrival_time": "1508",
        "departure_time": "1514",
        "district": "北屯區",
        "village": "松強里",
        "location": "松竹路二段302巷13弄18號",
        "type": "沿街",
        "collection_type": "recycling",
        "day_of_week": 4
      }
    },
    {
      "type": "Feature",
      "geometry": {
        "type": "Point",
        "coordinates": [
          120.692531068848,
          24.184187569763935
        ]
      },
      "properties": {
        "routeId": "taichung-kee-6287-9675d6-d4",
        "city": "taichung",
        "route_name": "KEE-6287",
        "car_seq": "KEE-6287",
        "arrival_time": "1509",
        "departure_time": "1515",
        "district": "北屯區",
        "village": "松強里",
        "location": "松竹路二段306巷46弄10號",
        "type": "沿街",
        "collection_type": "garbage",
        "day_of_week": 4
      }
    },
    {
      "type": "Feature",
      "geometry": {
        "type": "Point",
        "coordinates": [
          120.692531068848,
          24.184187569763935
        ]
      },
      "properties": {
        "routeId": "taichung-kee-6287-9675d6-d4",
        "city": "taichung",
        "route_name": "KEE-6287",
        "car_seq": "KEE-6287",
        "arrival_time": "1509",
        "departure_time": "1515",
        "district": "北屯區",
        "village": "松強里",
        "location": "松竹路二段306巷46弄10號",
        "type": "沿街",
        "collection_type": "recycling",
        "day_of_week": 4
      }
    },
    {
      "type": "Feature",
      "geometry": {
        "type": "Point",
        "coordinates": [
          120.69237578668982,
          24.184131085406637
        ]
      },
      "properties": {
        "routeId": "taichung-kee-6287-9675d6-d4",
        "city": "taichung",
        "route_name": "KEE-6287",
        "car_seq": "KEE-6287",
        "arrival_time": "1510",
        "departure_time": "1516",
        "district": "北屯區",
        "village": "松強里",
        "location": "松竹路二段306巷46弄1號",
        "type": "沿街",
        "collection_type": "garbage",
        "day_of_week": 4
      }
    },
    {
      "type": "Feature",
      "geometry": {
        "type": "Point",
        "coordinates": [
          120.69237578668982,
          24.184131085406637
        ]
      },
      "properties": {
        "routeId": "taichung-kee-6287-9675d6-d4",
        "city": "taichung",
        "route_name": "KEE-6287",
        "car_seq": "KEE-6287",
        "arrival_time": "1510",
        "departure_time": "1516",
        "district": "北屯區",
        "village": "松強里",
        "location": "松竹路二段306巷46弄1號",
        "type": "沿街",
        "collection_type": "recycling",
        "day_of_week": 4
      }
    },
    {
      "type": "Feature",
      "geometry": {
        "type": "Point",
        "coordinates": [
          120.69194104083336,
          24.183999924180263
        ]
      },
      "properties": {
        "routeId": "taichung-kee-6287-9675d6-d4",
        "city": "taichung",
        "route_name": "KEE-6287",
        "car_seq": "KEE-6287",
        "arrival_time": "1511",
        "departure_time": "1517",
        "district": "北屯區",
        "village": "松強里",
        "location": "松竹路二段306巷27弄5號",
        "type": "沿街",
        "collection_type": "garbage",
        "day_of_week": 4
      }
    },
    {
      "type": "Feature",
      "geometry": {
        "type": "Point",
        "coordinates": [
          120.69194104083336,
          24.183999924180263
        ]
      },
      "properties": {
        "routeId": "taichung-kee-6287-9675d6-d4",
        "city": "taichung",
        "route_name": "KEE-6287",
        "car_seq": "KEE-6287",
        "arrival_time": "1511",
        "departure_time": "1517",
        "district": "北屯區",
        "village": "松強里",
        "location": "松竹路二段306巷27弄5號",
        "type": "沿街",
        "collection_type": "recycling",
        "day_of_week": 4
      }
    },
    {
      "type": "Feature",
      "geometry": {
        "type": "Point",
        "coordinates": [
          120.69649416585425,
          24.186522860572616
        ]
      },
      "properties": {
        "routeId": "taichung-kee-6287-9675d6-d4",
        "city": "taichung",
        "route_name": "KEE-6287",
        "car_seq": "KEE-6287",
        "arrival_time": "1514",
        "departure_time": "1520",
        "district": "北屯區",
        "village": "松強里",
        "location": "遼寧路二段178巷68號",
        "type": "沿街",
        "collection_type": "garbage",
        "day_of_week": 4
      }
    },
    {
      "type": "Feature",
      "geometry": {
        "type": "Point",
        "coordinates": [
          120.69649416585425,
          24.186522860572616
        ]
      },
      "properties": {
        "routeId": "taichung-kee-6287-9675d6-d4",
        "city": "taichung",
        "route_name": "KEE-6287",
        "car_seq": "KEE-6287",
        "arrival_time": "1514",
        "departure_time": "1520",
        "district": "北屯區",
        "village": "松強里",
        "location": "遼寧路二段178巷68號",
        "type": "沿街",
        "collection_type": "recycling",
        "day_of_week": 4
      }
    },
    {
      "type": "Feature",
      "geometry": {
        "type": "Point",
        "coordinates": [
          120.69636315932893,
          24.18380991659946
        ]
      },
      "properties": {
        "routeId": "taichung-kee-6287-9675d6-d4",
        "city": "taichung",
        "route_name": "KEE-6287",
        "car_seq": "KEE-6287",
        "arrival_time": "1515",
        "departure_time": "1521",
        "district": "北屯區",
        "village": "松茂里",
        "location": "遼寧路二段14號",
        "type": "沿街",
        "collection_type": "garbage",
        "day_of_week": 4
      }
    },
    {
      "type": "Feature",
      "geometry": {
        "type": "Point",
        "coordinates": [
          120.69636315932893,
          24.18380991659946
        ]
      },
      "properties": {
        "routeId": "taichung-kee-6287-9675d6-d4",
        "city": "taichung",
        "route_name": "KEE-6287",
        "car_seq": "KEE-6287",
        "arrival_time": "1515",
        "departure_time": "1521",
        "district": "北屯區",
        "village": "松茂里",
        "location": "遼寧路二段14號",
        "type": "沿街",
        "collection_type": "recycling",
        "day_of_week": 4
      }
    },
    {
      "type": "Feature",
      "geometry": {
        "type": "Point",
        "coordinates": [
          120.69722153706583,
          24.183893121977395
        ]
      },
      "properties": {
        "routeId": "taichung-kee-6287-9675d6-d4",
        "city": "taichung",
        "route_name": "KEE-6287",
        "car_seq": "KEE-6287",
        "arrival_time": "1516",
        "departure_time": "1522",
        "district": "北屯區",
        "village": "松茂里",
        "location": "松竹路二段160巷3弄3號",
        "type": "沿街",
        "collection_type": "garbage",
        "day_of_week": 4
      }
    },
    {
      "type": "Feature",
      "geometry": {
        "type": "Point",
        "coordinates": [
          120.69722153706583,
          24.183893121977395
        ]
      },
      "properties": {
        "routeId": "taichung-kee-6287-9675d6-d4",
        "city": "taichung",
        "route_name": "KEE-6287",
        "car_seq": "KEE-6287",
        "arrival_time": "1516",
        "departure_time": "1522",
        "district": "北屯區",
        "village": "松茂里",
        "location": "松竹路二段160巷3弄3號",
        "type": "沿街",
        "collection_type": "recycling",
        "day_of_week": 4
      }
    },
    {
      "type": "Feature",
      "geometry": {
        "type": "Point",
        "coordinates": [
          120.69742340340039,
          24.185065423477166
        ]
      },
      "properties": {
        "routeId": "taichung-kee-6287-9675d6-d4",
        "city": "taichung",
        "route_name": "KEE-6287",
        "car_seq": "KEE-6287",
        "arrival_time": "1518",
        "departure_time": "1524",
        "district": "北屯區",
        "village": "松茂里",
        "location": "松竹路二段160巷10弄1號",
        "type": "沿街",
        "collection_type": "garbage",
        "day_of_week": 4
      }
    },
    {
      "type": "Feature",
      "geometry": {
        "type": "Point",
        "coordinates": [
          120.69742340340039,
          24.185065423477166
        ]
      },
      "properties": {
        "routeId": "taichung-kee-6287-9675d6-d4",
        "city": "taichung",
        "route_name": "KEE-6287",
        "car_seq": "KEE-6287",
        "arrival_time": "1518",
        "departure_time": "1524",
        "district": "北屯區",
        "village": "松茂里",
        "location": "松竹路二段160巷10弄1號",
        "type": "沿街",
        "collection_type": "recycling",
        "day_of_week": 4
      }
    },
    {
      "type": "Feature",
      "geometry": {
        "type": "Point",
        "coordinates": [
          120.70049514375229,
          24.185410682891934
        ]
      },
      "properties": {
        "routeId": "taichung-kee-6287-9675d6-d4",
        "city": "taichung",
        "route_name": "KEE-6287",
        "car_seq": "KEE-6287",
        "arrival_time": "1524",
        "departure_time": "1530",
        "district": "北屯區",
        "village": "松茂里",
        "location": "松竹北路52號",
        "type": "沿街",
        "collection_type": "garbage",
        "day_of_week": 4
      }
    },
    {
      "type": "Feature",
      "geometry": {
        "type": "Point",
        "coordinates": [
          120.70049514375229,
          24.185410682891934
        ]
      },
      "properties": {
        "routeId": "taichung-kee-6287-9675d6-d4",
        "city": "taichung",
        "route_name": "KEE-6287",
        "car_seq": "KEE-6287",
        "arrival_time": "1524",
        "departure_time": "1530",
        "district": "北屯區",
        "village": "松茂里",
        "location": "松竹北路52號",
        "type": "沿街",
        "collection_type": "recycling",
        "day_of_week": 4
      }
    },
    {
      "type": "Feature",
      "geometry": {
        "type": "Point",
        "coordinates": [
          120.70003886999754,
          24.185413605202154
        ]
      },
      "properties": {
        "routeId": "taichung-kee-6287-9675d6-d4",
        "city": "taichung",
        "route_name": "KEE-6287",
        "car_seq": "KEE-6287",
        "arrival_time": "1525",
        "departure_time": "1531",
        "district": "北屯區",
        "village": "松茂里",
        "location": "松竹北路78號",
        "type": "沿街",
        "collection_type": "garbage",
        "day_of_week": 4
      }
    },
    {
      "type": "Feature",
      "geometry": {
        "type": "Point",
        "coordinates": [
          120.70003886999754,
          24.185413605202154
        ]
      },
      "properties": {
        "routeId": "taichung-kee-6287-9675d6-d4",
        "city": "taichung",
        "route_name": "KEE-6287",
        "car_seq": "KEE-6287",
        "arrival_time": "1525",
        "departure_time": "1531",
        "district": "北屯區",
        "village": "松茂里",
        "location": "松竹北路78號",
        "type": "沿街",
        "collection_type": "recycling",
        "day_of_week": 4
      }
    },
    {
      "type": "Feature",
      "geometry": {
        "type": "Point",
        "coordinates": [
          120.6996929605773,
          24.185401384788854
        ]
      },
      "properties": {
        "routeId": "taichung-kee-6287-9675d6-d4",
        "city": "taichung",
        "route_name": "KEE-6287",
        "car_seq": "KEE-6287",
        "arrival_time": "1527",
        "departure_time": "1533",
        "district": "北屯區",
        "village": "松茂里",
        "location": "松竹北路90號",
        "type": "沿街",
        "collection_type": "garbage",
        "day_of_week": 4
      }
    },
    {
      "type": "Feature",
      "geometry": {
        "type": "Point",
        "coordinates": [
          120.6996929605773,
          24.185401384788854
        ]
      },
      "properties": {
        "routeId": "taichung-kee-6287-9675d6-d4",
        "city": "taichung",
        "route_name": "KEE-6287",
        "car_seq": "KEE-6287",
        "arrival_time": "1527",
        "departure_time": "1533",
        "district": "北屯區",
        "village": "松茂里",
        "location": "松竹北路90號",
        "type": "沿街",
        "collection_type": "recycling",
        "day_of_week": 4
      }
    },
    {
      "type": "Feature",
      "geometry": {
        "type": "Point",
        "coordinates": [
          120.69903151197532,
          24.185429470691737
        ]
      },
      "properties": {
        "routeId": "taichung-kee-6287-9675d6-d4",
        "city": "taichung",
        "route_name": "KEE-6287",
        "car_seq": "KEE-6287",
        "arrival_time": "1528",
        "departure_time": "1534",
        "district": "北屯區",
        "village": "松茂里",
        "location": "松竹北路118號",
        "type": "沿街",
        "collection_type": "garbage",
        "day_of_week": 4
      }
    },
    {
      "type": "Feature",
      "geometry": {
        "type": "Point",
        "coordinates": [
          120.69903151197532,
          24.185429470691737
        ]
      },
      "properties": {
        "routeId": "taichung-kee-6287-9675d6-d4",
        "city": "taichung",
        "route_name": "KEE-6287",
        "car_seq": "KEE-6287",
        "arrival_time": "1528",
        "departure_time": "1534",
        "district": "北屯區",
        "village": "松茂里",
        "location": "松竹北路118號",
        "type": "沿街",
        "collection_type": "recycling",
        "day_of_week": 4
      }
    },
    {
      "type": "Feature",
      "geometry": {
        "type": "Point",
        "coordinates": [
          120.69881466872579,
          24.18543138102972
        ]
      },
      "properties": {
        "routeId": "taichung-kee-6287-9675d6-d4",
        "city": "taichung",
        "route_name": "KEE-6287",
        "car_seq": "KEE-6287",
        "arrival_time": "1529",
        "departure_time": "1535",
        "district": "北屯區",
        "village": "松茂里",
        "location": "松竹北路130號",
        "type": "沿街",
        "collection_type": "garbage",
        "day_of_week": 4
      }
    },
    {
      "type": "Feature",
      "geometry": {
        "type": "Point",
        "coordinates": [
          120.69881466872579,
          24.18543138102972
        ]
      },
      "properties": {
        "routeId": "taichung-kee-6287-9675d6-d4",
        "city": "taichung",
        "route_name": "KEE-6287",
        "car_seq": "KEE-6287",
        "arrival_time": "1529",
        "departure_time": "1535",
        "district": "北屯區",
        "village": "松茂里",
        "location": "松竹北路130號",
        "type": "沿街",
        "collection_type": "recycling",
        "day_of_week": 4
      }
    },
    {
      "type": "Feature",
      "geometry": {
        "type": "Point",
        "coordinates": [
          120.69846867988305,
          24.185415302181386
        ]
      },
      "properties": {
        "routeId": "taichung-kee-6287-9675d6-d4",
        "city": "taichung",
        "route_name": "KEE-6287",
        "car_seq": "KEE-6287",
        "arrival_time": "1530",
        "departure_time": "1536",
        "district": "北屯區",
        "village": "松茂里",
        "location": "松竹北路150號",
        "type": "沿街",
        "collection_type": "garbage",
        "day_of_week": 4
      }
    },
    {
      "type": "Feature",
      "geometry": {
        "type": "Point",
        "coordinates": [
          120.69846867988305,
          24.185415302181386
        ]
      },
      "properties": {
        "routeId": "taichung-kee-6287-9675d6-d4",
        "city": "taichung",
        "route_name": "KEE-6287",
        "car_seq": "KEE-6287",
        "arrival_time": "1530",
        "departure_time": "1536",
        "district": "北屯區",
        "village": "松茂里",
        "location": "松竹北路150號",
        "type": "沿街",
        "collection_type": "recycling",
        "day_of_week": 4
      }
    },
    {
      "type": "Feature",
      "geometry": {
        "type": "Point",
        "coordinates": [
          120.69792738429582,
          24.18542615827372
        ]
      },
      "properties": {
        "routeId": "taichung-kee-6287-9675d6-d4",
        "city": "taichung",
        "route_name": "KEE-6287",
        "car_seq": "KEE-6287",
        "arrival_time": "1532",
        "departure_time": "1538",
        "district": "北屯區",
        "village": "松茂里",
        "location": "松竹北路166號",
        "type": "沿街",
        "collection_type": "garbage",
        "day_of_week": 4
      }
    },
    {
      "type": "Feature",
      "geometry": {
        "type": "Point",
        "coordinates": [
          120.69792738429582,
          24.18542615827372
        ]
      },
      "properties": {
        "routeId": "taichung-kee-6287-9675d6-d4",
        "city": "taichung",
        "route_name": "KEE-6287",
        "car_seq": "KEE-6287",
        "arrival_time": "1532",
        "departure_time": "1538",
        "district": "北屯區",
        "village": "松茂里",
        "location": "松竹北路166號",
        "type": "沿街",
        "collection_type": "recycling",
        "day_of_week": 4
      }
    },
    {
      "type": "Feature",
      "geometry": {
        "type": "Point",
        "coordinates": [
          120.69758247832766,
          24.18543512677012
        ]
      },
      "properties": {
        "routeId": "taichung-kee-6287-9675d6-d4",
        "city": "taichung",
        "route_name": "KEE-6287",
        "car_seq": "KEE-6287",
        "arrival_time": "1533",
        "departure_time": "1539",
        "district": "北屯區",
        "village": "松茂里",
        "location": "松竹北路178號",
        "type": "沿街",
        "collection_type": "garbage",
        "day_of_week": 4
      }
    },
    {
      "type": "Feature",
      "geometry": {
        "type": "Point",
        "coordinates": [
          120.69758247832766,
          24.18543512677012
        ]
      },
      "properties": {
        "routeId": "taichung-kee-6287-9675d6-d4",
        "city": "taichung",
        "route_name": "KEE-6287",
        "car_seq": "KEE-6287",
        "arrival_time": "1533",
        "departure_time": "1539",
        "district": "北屯區",
        "village": "松茂里",
        "location": "松竹北路178號",
        "type": "沿街",
        "collection_type": "recycling",
        "day_of_week": 4
      }
    },
    {
      "type": "Feature",
      "geometry": {
        "type": "Point",
        "coordinates": [
          120.69739396832357,
          24.18543890617326
        ]
      },
      "properties": {
        "routeId": "taichung-kee-6287-9675d6-d4",
        "city": "taichung",
        "route_name": "KEE-6287",
        "car_seq": "KEE-6287",
        "arrival_time": "1534",
        "departure_time": "1540",
        "district": "北屯區",
        "village": "松茂里",
        "location": "松竹北路186號",
        "type": "沿街",
        "collection_type": "garbage",
        "day_of_week": 4
      }
    },
    {
      "type": "Feature",
      "geometry": {
        "type": "Point",
        "coordinates": [
          120.69739396832357,
          24.18543890617326
        ]
      },
      "properties": {
        "routeId": "taichung-kee-6287-9675d6-d4",
        "city": "taichung",
        "route_name": "KEE-6287",
        "car_seq": "KEE-6287",
        "arrival_time": "1534",
        "departure_time": "1540",
        "district": "北屯區",
        "village": "松茂里",
        "location": "松竹北路186號",
        "type": "沿街",
        "collection_type": "recycling",
        "day_of_week": 4
      }
    },
    {
      "type": "Feature",
      "geometry": {
        "type": "Point",
        "coordinates": [
          120.69659746978928,
          24.185489882502715
        ]
      },
      "properties": {
        "routeId": "taichung-kee-6287-9675d6-d4",
        "city": "taichung",
        "route_name": "KEE-6287",
        "car_seq": "KEE-6287",
        "arrival_time": "1535",
        "departure_time": "1541",
        "district": "北屯區",
        "village": "松茂里",
        "location": "松竹北路218號",
        "type": "沿街",
        "collection_type": "garbage",
        "day_of_week": 4
      }
    },
    {
      "type": "Feature",
      "geometry": {
        "type": "Point",
        "coordinates": [
          120.69659746978928,
          24.185489882502715
        ]
      },
      "properties": {
        "routeId": "taichung-kee-6287-9675d6-d4",
        "city": "taichung",
        "route_name": "KEE-6287",
        "car_seq": "KEE-6287",
        "arrival_time": "1535",
        "departure_time": "1541",
        "district": "北屯區",
        "village": "松茂里",
        "location": "松竹北路218號",
        "type": "沿街",
        "collection_type": "recycling",
        "day_of_week": 4
      }
    },
    {
      "type": "Feature",
      "geometry": {
        "type": "Point",
        "coordinates": [
          120.68882996510884,
          24.183112123431158
        ]
      },
      "properties": {
        "routeId": "taichung-kee-6287-9675d6-d4",
        "city": "taichung",
        "route_name": "KEE-6287",
        "car_seq": "KEE-6287",
        "arrival_time": "1542",
        "departure_time": "1548",
        "district": "北屯區",
        "village": "松強里",
        "location": "梅川北街21號",
        "type": "沿街",
        "collection_type": "garbage",
        "day_of_week": 4
      }
    },
    {
      "type": "Feature",
      "geometry": {
        "type": "Point",
        "coordinates": [
          120.68882996510884,
          24.183112123431158
        ]
      },
      "properties": {
        "routeId": "taichung-kee-6287-9675d6-d4",
        "city": "taichung",
        "route_name": "KEE-6287",
        "car_seq": "KEE-6287",
        "arrival_time": "1542",
        "departure_time": "1548",
        "district": "北屯區",
        "village": "松強里",
        "location": "梅川北街21號",
        "type": "沿街",
        "collection_type": "recycling",
        "day_of_week": 4
      }
    },
    {
      "type": "Feature",
      "geometry": {
        "type": "Point",
        "coordinates": [
          120.69319270852446,
          24.183929211733588
        ]
      },
      "properties": {
        "routeId": "taichung-kee-6287-9675d6-d4",
        "city": "taichung",
        "route_name": "KEE-6287",
        "car_seq": "KEE-6287",
        "arrival_time": "1810",
        "departure_time": "1814",
        "district": "北屯區",
        "village": "松勇里",
        "location": "松竹路二段300巷8弄1號",
        "type": "定點",
        "collection_type": "garbage",
        "day_of_week": 4
      }
    },
    {
      "type": "Feature",
      "geometry": {
        "type": "Point",
        "coordinates": [
          120.69319270852446,
          24.183929211733588
        ]
      },
      "properties": {
        "routeId": "taichung-kee-6287-9675d6-d4",
        "city": "taichung",
        "route_name": "KEE-6287",
        "car_seq": "KEE-6287",
        "arrival_time": "1810",
        "departure_time": "1814",
        "district": "北屯區",
        "village": "松勇里",
        "location": "松竹路二段300巷8弄1號",
        "type": "定點",
        "collection_type": "recycling",
        "day_of_week": 4
      }
    },
    {
      "type": "Feature",
      "geometry": {
        "type": "Point",
        "coordinates": [
          120.69836318828379,
          24.183416472097942
        ]
      },
      "properties": {
        "routeId": "taichung-kee-6287-9675d6-d4",
        "city": "taichung",
        "route_name": "KEE-6287",
        "car_seq": "KEE-6287",
        "arrival_time": "1815",
        "departure_time": "1821",
        "district": "北屯區",
        "village": "松勇里",
        "location": "松義街110號",
        "type": "沿街",
        "collection_type": "garbage",
        "day_of_week": 4
      }
    },
    {
      "type": "Feature",
      "geometry": {
        "type": "Point",
        "coordinates": [
          120.69836318828379,
          24.183416472097942
        ]
      },
      "properties": {
        "routeId": "taichung-kee-6287-9675d6-d4",
        "city": "taichung",
        "route_name": "KEE-6287",
        "car_seq": "KEE-6287",
        "arrival_time": "1815",
        "departure_time": "1821",
        "district": "北屯區",
        "village": "松勇里",
        "location": "松義街110號",
        "type": "沿街",
        "collection_type": "recycling",
        "day_of_week": 4
      }
    },
    {
      "type": "Feature",
      "geometry": {
        "type": "Point",
        "coordinates": [
          120.69887547791227,
          24.18366176286919
        ]
      },
      "properties": {
        "routeId": "taichung-kee-6287-9675d6-d4",
        "city": "taichung",
        "route_name": "KEE-6287",
        "car_seq": "KEE-6287",
        "arrival_time": "1816",
        "departure_time": "1822",
        "district": "北屯區",
        "village": "松勇里",
        "location": "松竹路二段86巷29弄2號",
        "type": "沿街",
        "collection_type": "garbage",
        "day_of_week": 4
      }
    },
    {
      "type": "Feature",
      "geometry": {
        "type": "Point",
        "coordinates": [
          120.69887547791227,
          24.18366176286919
        ]
      },
      "properties": {
        "routeId": "taichung-kee-6287-9675d6-d4",
        "city": "taichung",
        "route_name": "KEE-6287",
        "car_seq": "KEE-6287",
        "arrival_time": "1816",
        "departure_time": "1822",
        "district": "北屯區",
        "village": "松勇里",
        "location": "松竹路二段86巷29弄2號",
        "type": "沿街",
        "collection_type": "recycling",
        "day_of_week": 4
      }
    },
    {
      "type": "Feature",
      "geometry": {
        "type": "Point",
        "coordinates": [
          120.69871141130423,
          24.18366502335502
        ]
      },
      "properties": {
        "routeId": "taichung-kee-6287-9675d6-d4",
        "city": "taichung",
        "route_name": "KEE-6287",
        "car_seq": "KEE-6287",
        "arrival_time": "1817",
        "departure_time": "1823",
        "district": "北屯區",
        "village": "松勇里",
        "location": "松竹路二段86巷29弄6號",
        "type": "沿街",
        "collection_type": "garbage",
        "day_of_week": 4
      }
    },
    {
      "type": "Feature",
      "geometry": {
        "type": "Point",
        "coordinates": [
          120.69871141130423,
          24.18366502335502
        ]
      },
      "properties": {
        "routeId": "taichung-kee-6287-9675d6-d4",
        "city": "taichung",
        "route_name": "KEE-6287",
        "car_seq": "KEE-6287",
        "arrival_time": "1817",
        "departure_time": "1823",
        "district": "北屯區",
        "village": "松勇里",
        "location": "松竹路二段86巷29弄6號",
        "type": "沿街",
        "collection_type": "recycling",
        "day_of_week": 4
      }
    },
    {
      "type": "Feature",
      "geometry": {
        "type": "Point",
        "coordinates": [
          120.69853951971879,
          24.18366827722128
        ]
      },
      "properties": {
        "routeId": "taichung-kee-6287-9675d6-d4",
        "city": "taichung",
        "route_name": "KEE-6287",
        "car_seq": "KEE-6287",
        "arrival_time": "1818",
        "departure_time": "1824",
        "district": "北屯區",
        "village": "松勇里",
        "location": "松竹路二段86巷29弄32號",
        "type": "沿街",
        "collection_type": "garbage",
        "day_of_week": 4
      }
    },
    {
      "type": "Feature",
      "geometry": {
        "type": "Point",
        "coordinates": [
          120.69853951971879,
          24.18366827722128
        ]
      },
      "properties": {
        "routeId": "taichung-kee-6287-9675d6-d4",
        "city": "taichung",
        "route_name": "KEE-6287",
        "car_seq": "KEE-6287",
        "arrival_time": "1818",
        "departure_time": "1824",
        "district": "北屯區",
        "village": "松勇里",
        "location": "松竹路二段86巷29弄32號",
        "type": "沿街",
        "collection_type": "recycling",
        "day_of_week": 4
      }
    },
    {
      "type": "Feature",
      "geometry": {
        "type": "Point",
        "coordinates": [
          120.70193132078626,
          24.18663427392183
        ]
      },
      "properties": {
        "routeId": "taichung-kee-6287-9675d6-d4",
        "city": "taichung",
        "route_name": "KEE-6287",
        "car_seq": "KEE-6287",
        "arrival_time": "1824",
        "departure_time": "1830",
        "district": "北屯區",
        "village": "松勇里",
        "location": "松山街2-2號",
        "type": "沿街",
        "collection_type": "garbage",
        "day_of_week": 4
      }
    },
    {
      "type": "Feature",
      "geometry": {
        "type": "Point",
        "coordinates": [
          120.70193132078626,
          24.18663427392183
        ]
      },
      "properties": {
        "routeId": "taichung-kee-6287-9675d6-d4",
        "city": "taichung",
        "route_name": "KEE-6287",
        "car_seq": "KEE-6287",
        "arrival_time": "1824",
        "departure_time": "1830",
        "district": "北屯區",
        "village": "松勇里",
        "location": "松山街2-2號",
        "type": "沿街",
        "collection_type": "recycling",
        "day_of_week": 4
      }
    },
    {
      "type": "Feature",
      "geometry": {
        "type": "Point",
        "coordinates": [
          120.70154311301634,
          24.18667686394059
        ]
      },
      "properties": {
        "routeId": "taichung-kee-6287-9675d6-d4",
        "city": "taichung",
        "route_name": "KEE-6287",
        "car_seq": "KEE-6287",
        "arrival_time": "1825",
        "departure_time": "1831",
        "district": "北屯區",
        "village": "松勇里",
        "location": "松山街18號",
        "type": "沿街",
        "collection_type": "garbage",
        "day_of_week": 4
      }
    },
    {
      "type": "Feature",
      "geometry": {
        "type": "Point",
        "coordinates": [
          120.70154311301634,
          24.18667686394059
        ]
      },
      "properties": {
        "routeId": "taichung-kee-6287-9675d6-d4",
        "city": "taichung",
        "route_name": "KEE-6287",
        "car_seq": "KEE-6287",
        "arrival_time": "1825",
        "departure_time": "1831",
        "district": "北屯區",
        "village": "松勇里",
        "location": "松山街18號",
        "type": "沿街",
        "collection_type": "recycling",
        "day_of_week": 4
      }
    },
    {
      "type": "Feature",
      "geometry": {
        "type": "Point",
        "coordinates": [
          120.7013008753553,
          24.186677662624888
        ]
      },
      "properties": {
        "routeId": "taichung-kee-6287-9675d6-d4",
        "city": "taichung",
        "route_name": "KEE-6287",
        "car_seq": "KEE-6287",
        "arrival_time": "1826",
        "departure_time": "1832",
        "district": "北屯區",
        "village": "松勇里",
        "location": "松山街28號",
        "type": "沿街",
        "collection_type": "garbage",
        "day_of_week": 4
      }
    },
    {
      "type": "Feature",
      "geometry": {
        "type": "Point",
        "coordinates": [
          120.7013008753553,
          24.186677662624888
        ]
      },
      "properties": {
        "routeId": "taichung-kee-6287-9675d6-d4",
        "city": "taichung",
        "route_name": "KEE-6287",
        "car_seq": "KEE-6287",
        "arrival_time": "1826",
        "departure_time": "1832",
        "district": "北屯區",
        "village": "松勇里",
        "location": "松山街28號",
        "type": "沿街",
        "collection_type": "recycling",
        "day_of_week": 4
      }
    },
    {
      "type": "Feature",
      "geometry": {
        "type": "Point",
        "coordinates": [
          120.70096906392247,
          24.186637364569247
        ]
      },
      "properties": {
        "routeId": "taichung-kee-6287-9675d6-d4",
        "city": "taichung",
        "route_name": "KEE-6287",
        "car_seq": "KEE-6287",
        "arrival_time": "1827",
        "departure_time": "1833",
        "district": "北屯區",
        "village": "松勇里",
        "location": "松山街38號",
        "type": "沿街",
        "collection_type": "garbage",
        "day_of_week": 4
      }
    },
    {
      "type": "Feature",
      "geometry": {
        "type": "Point",
        "coordinates": [
          120.70096906392247,
          24.186637364569247
        ]
      },
      "properties": {
        "routeId": "taichung-kee-6287-9675d6-d4",
        "city": "taichung",
        "route_name": "KEE-6287",
        "car_seq": "KEE-6287",
        "arrival_time": "1827",
        "departure_time": "1833",
        "district": "北屯區",
        "village": "松勇里",
        "location": "松山街38號",
        "type": "沿街",
        "collection_type": "recycling",
        "day_of_week": 4
      }
    },
    {
      "type": "Feature",
      "geometry": {
        "type": "Point",
        "coordinates": [
          120.70062395272117,
          24.18664437113708
        ]
      },
      "properties": {
        "routeId": "taichung-kee-6287-9675d6-d4",
        "city": "taichung",
        "route_name": "KEE-6287",
        "car_seq": "KEE-6287",
        "arrival_time": "1828",
        "departure_time": "1834",
        "district": "北屯區",
        "village": "松勇里",
        "location": "松山街52號",
        "type": "沿街",
        "collection_type": "garbage",
        "day_of_week": 4
      }
    },
    {
      "type": "Feature",
      "geometry": {
        "type": "Point",
        "coordinates": [
          120.70062395272117,
          24.18664437113708
        ]
      },
      "properties": {
        "routeId": "taichung-kee-6287-9675d6-d4",
        "city": "taichung",
        "route_name": "KEE-6287",
        "car_seq": "KEE-6287",
        "arrival_time": "1828",
        "departure_time": "1834",
        "district": "北屯區",
        "village": "松勇里",
        "location": "松山街52號",
        "type": "沿街",
        "collection_type": "recycling",
        "day_of_week": 4
      }
    },
    {
      "type": "Feature",
      "geometry": {
        "type": "Point",
        "coordinates": [
          120.70017515324582,
          24.18666920449067
        ]
      },
      "properties": {
        "routeId": "taichung-kee-6287-9675d6-d4",
        "city": "taichung",
        "route_name": "KEE-6287",
        "car_seq": "KEE-6287",
        "arrival_time": "1829",
        "departure_time": "1835",
        "district": "北屯區",
        "village": "松勇里",
        "location": "松山街70號",
        "type": "沿街",
        "collection_type": "garbage",
        "day_of_week": 4
      }
    },
    {
      "type": "Feature",
      "geometry": {
        "type": "Point",
        "coordinates": [
          120.70017515324582,
          24.18666920449067
        ]
      },
      "properties": {
        "routeId": "taichung-kee-6287-9675d6-d4",
        "city": "taichung",
        "route_name": "KEE-6287",
        "car_seq": "KEE-6287",
        "arrival_time": "1829",
        "departure_time": "1835",
        "district": "北屯區",
        "village": "松勇里",
        "location": "松山街70號",
        "type": "沿街",
        "collection_type": "recycling",
        "day_of_week": 4
      }
    },
    {
      "type": "Feature",
      "geometry": {
        "type": "Point",
        "coordinates": [
          120.69968443595187,
          24.186688292594393
        ]
      },
      "properties": {
        "routeId": "taichung-kee-6287-9675d6-d4",
        "city": "taichung",
        "route_name": "KEE-6287",
        "car_seq": "KEE-6287",
        "arrival_time": "1830",
        "departure_time": "1836",
        "district": "北屯區",
        "village": "松勇里",
        "location": "松山街90號",
        "type": "沿街",
        "collection_type": "garbage",
        "day_of_week": 4
      }
    },
    {
      "type": "Feature",
      "geometry": {
        "type": "Point",
        "coordinates": [
          120.69968443595187,
          24.186688292594393
        ]
      },
      "properties": {
        "routeId": "taichung-kee-6287-9675d6-d4",
        "city": "taichung",
        "route_name": "KEE-6287",
        "car_seq": "KEE-6287",
        "arrival_time": "1830",
        "departure_time": "1836",
        "district": "北屯區",
        "village": "松勇里",
        "location": "松山街90號",
        "type": "沿街",
        "collection_type": "recycling",
        "day_of_week": 4
      }
    },
    {
      "type": "Feature",
      "geometry": {
        "type": "Point",
        "coordinates": [
          120.69911098973631,
          24.186689960909927
        ]
      },
      "properties": {
        "routeId": "taichung-kee-6287-9675d6-d4",
        "city": "taichung",
        "route_name": "KEE-6287",
        "car_seq": "KEE-6287",
        "arrival_time": "1831",
        "departure_time": "1837",
        "district": "北屯區",
        "village": "松茂里",
        "location": "松山街116號",
        "type": "沿街",
        "collection_type": "garbage",
        "day_of_week": 4
      }
    },
    {
      "type": "Feature",
      "geometry": {
        "type": "Point",
        "coordinates": [
          120.69911098973631,
          24.186689960909927
        ]
      },
      "properties": {
        "routeId": "taichung-kee-6287-9675d6-d4",
        "city": "taichung",
        "route_name": "KEE-6287",
        "car_seq": "KEE-6287",
        "arrival_time": "1831",
        "departure_time": "1837",
        "district": "北屯區",
        "village": "松茂里",
        "location": "松山街116號",
        "type": "沿街",
        "collection_type": "recycling",
        "day_of_week": 4
      }
    },
    {
      "type": "Feature",
      "geometry": {
        "type": "Point",
        "coordinates": [
          120.6986476615098,
          24.186698074987046
        ]
      },
      "properties": {
        "routeId": "taichung-kee-6287-9675d6-d4",
        "city": "taichung",
        "route_name": "KEE-6287",
        "car_seq": "KEE-6287",
        "arrival_time": "1837",
        "departure_time": "1843",
        "district": "北屯區",
        "village": "松茂里",
        "location": "松山街138號",
        "type": "沿街",
        "collection_type": "garbage",
        "day_of_week": 4
      }
    },
    {
      "type": "Feature",
      "geometry": {
        "type": "Point",
        "coordinates": [
          120.6986476615098,
          24.186698074987046
        ]
      },
      "properties": {
        "routeId": "taichung-kee-6287-9675d6-d4",
        "city": "taichung",
        "route_name": "KEE-6287",
        "car_seq": "KEE-6287",
        "arrival_time": "1837",
        "departure_time": "1843",
        "district": "北屯區",
        "village": "松茂里",
        "location": "松山街138號",
        "type": "沿街",
        "collection_type": "recycling",
        "day_of_week": 4
      }
    },
    {
      "type": "Feature",
      "geometry": {
        "type": "Point",
        "coordinates": [
          120.69856587630056,
          24.18689908552068
        ]
      },
      "properties": {
        "routeId": "taichung-kee-6287-9675d6-d4",
        "city": "taichung",
        "route_name": "KEE-6287",
        "car_seq": "KEE-6287",
        "arrival_time": "1840",
        "departure_time": "1846",
        "district": "北屯區",
        "village": "松茂里",
        "location": "松義街292號",
        "type": "沿街",
        "collection_type": "garbage",
        "day_of_week": 4
      }
    },
    {
      "type": "Feature",
      "geometry": {
        "type": "Point",
        "coordinates": [
          120.69856587630056,
          24.18689908552068
        ]
      },
      "properties": {
        "routeId": "taichung-kee-6287-9675d6-d4",
        "city": "taichung",
        "route_name": "KEE-6287",
        "car_seq": "KEE-6287",
        "arrival_time": "1840",
        "departure_time": "1846",
        "district": "北屯區",
        "village": "松茂里",
        "location": "松義街292號",
        "type": "沿街",
        "collection_type": "recycling",
        "day_of_week": 4
      }
    },
    {
      "type": "Feature",
      "geometry": {
        "type": "Point",
        "coordinates": [
          120.69857762842807,
          24.187221815004655
        ]
      },
      "properties": {
        "routeId": "taichung-kee-6287-9675d6-d4",
        "city": "taichung",
        "route_name": "KEE-6287",
        "car_seq": "KEE-6287",
        "arrival_time": "1842",
        "departure_time": "1848",
        "district": "北屯區",
        "village": "松茂里",
        "location": "松義街310號",
        "type": "沿街",
        "collection_type": "garbage",
        "day_of_week": 4
      }
    },
    {
      "type": "Feature",
      "geometry": {
        "type": "Point",
        "coordinates": [
          120.69857762842807,
          24.187221815004655
        ]
      },
      "properties": {
        "routeId": "taichung-kee-6287-9675d6-d4",
        "city": "taichung",
        "route_name": "KEE-6287",
        "car_seq": "KEE-6287",
        "arrival_time": "1842",
        "departure_time": "1848",
        "district": "北屯區",
        "village": "松茂里",
        "location": "松義街310號",
        "type": "沿街",
        "collection_type": "recycling",
        "day_of_week": 4
      }
    },
    {
      "type": "Feature",
      "geometry": {
        "type": "Point",
        "coordinates": [
          120.6986065530655,
          24.187642455749053
        ]
      },
      "properties": {
        "routeId": "taichung-kee-6287-9675d6-d4",
        "city": "taichung",
        "route_name": "KEE-6287",
        "car_seq": "KEE-6287",
        "arrival_time": "1844",
        "departure_time": "1850",
        "district": "北屯區",
        "village": "松茂里",
        "location": "松義街332號",
        "type": "沿街",
        "collection_type": "recycling",
        "day_of_week": 4
      }
    },
    {
      "type": "Feature",
      "geometry": {
        "type": "Point",
        "coordinates": [
          120.6980281616632,
          24.187401493615177
        ]
      },
      "properties": {
        "routeId": "taichung-kee-6287-9675d6-d4",
        "city": "taichung",
        "route_name": "KEE-6287",
        "car_seq": "KEE-6287",
        "arrival_time": "1849",
        "departure_time": "1855",
        "district": "北屯區",
        "village": "松茂里",
        "location": "松義街257巷12號",
        "type": "沿街",
        "collection_type": "garbage",
        "day_of_week": 4
      }
    },
    {
      "type": "Feature",
      "geometry": {
        "type": "Point",
        "coordinates": [
          120.6980281616632,
          24.187401493615177
        ]
      },
      "properties": {
        "routeId": "taichung-kee-6287-9675d6-d4",
        "city": "taichung",
        "route_name": "KEE-6287",
        "car_seq": "KEE-6287",
        "arrival_time": "1849",
        "departure_time": "1855",
        "district": "北屯區",
        "village": "松茂里",
        "location": "松義街257巷12號",
        "type": "沿街",
        "collection_type": "recycling",
        "day_of_week": 4
      }
    },
    {
      "type": "Feature",
      "geometry": {
        "type": "Point",
        "coordinates": [
          120.69779094432508,
          24.187401565284436
        ]
      },
      "properties": {
        "routeId": "taichung-kee-6287-9675d6-d4",
        "city": "taichung",
        "route_name": "KEE-6287",
        "car_seq": "KEE-6287",
        "arrival_time": "1850",
        "departure_time": "1856",
        "district": "北屯區",
        "village": "松茂里",
        "location": "松義街257巷26號",
        "type": "沿街",
        "collection_type": "garbage",
        "day_of_week": 4
      }
    },
    {
      "type": "Feature",
      "geometry": {
        "type": "Point",
        "coordinates": [
          120.69779094432508,
          24.187401565284436
        ]
      },
      "properties": {
        "routeId": "taichung-kee-6287-9675d6-d4",
        "city": "taichung",
        "route_name": "KEE-6287",
        "car_seq": "KEE-6287",
        "arrival_time": "1850",
        "departure_time": "1856",
        "district": "北屯區",
        "village": "松茂里",
        "location": "松義街257巷26號",
        "type": "沿街",
        "collection_type": "recycling",
        "day_of_week": 4
      }
    },
    {
      "type": "Feature",
      "geometry": {
        "type": "Point",
        "coordinates": [
          120.69752312082832,
          24.18739922824771
        ]
      },
      "properties": {
        "routeId": "taichung-kee-6287-9675d6-d4",
        "city": "taichung",
        "route_name": "KEE-6287",
        "car_seq": "KEE-6287",
        "arrival_time": "1851",
        "departure_time": "1857",
        "district": "北屯區",
        "village": "松茂里",
        "location": "松義街257巷40號",
        "type": "沿街",
        "collection_type": "garbage",
        "day_of_week": 4
      }
    },
    {
      "type": "Feature",
      "geometry": {
        "type": "Point",
        "coordinates": [
          120.69752312082832,
          24.18739922824771
        ]
      },
      "properties": {
        "routeId": "taichung-kee-6287-9675d6-d4",
        "city": "taichung",
        "route_name": "KEE-6287",
        "car_seq": "KEE-6287",
        "arrival_time": "1851",
        "departure_time": "1857",
        "district": "北屯區",
        "village": "松茂里",
        "location": "松義街257巷40號",
        "type": "沿街",
        "collection_type": "recycling",
        "day_of_week": 4
      }
    },
    {
      "type": "Feature",
      "geometry": {
        "type": "Point",
        "coordinates": [
          120.69738865813618,
          24.187402121631983
        ]
      },
      "properties": {
        "routeId": "taichung-kee-6287-9675d6-d4",
        "city": "taichung",
        "route_name": "KEE-6287",
        "car_seq": "KEE-6287",
        "arrival_time": "1852",
        "departure_time": "1858",
        "district": "北屯區",
        "village": "松茂里",
        "location": "松義街257巷48號",
        "type": "沿街",
        "collection_type": "garbage",
        "day_of_week": 4
      }
    },
    {
      "type": "Feature",
      "geometry": {
        "type": "Point",
        "coordinates": [
          120.69738865813618,
          24.187402121631983
        ]
      },
      "properties": {
        "routeId": "taichung-kee-6287-9675d6-d4",
        "city": "taichung",
        "route_name": "KEE-6287",
        "car_seq": "KEE-6287",
        "arrival_time": "1852",
        "departure_time": "1858",
        "district": "北屯區",
        "village": "松茂里",
        "location": "松義街257巷48號",
        "type": "沿街",
        "collection_type": "recycling",
        "day_of_week": 4
      }
    },
    {
      "type": "Feature",
      "geometry": {
        "type": "Point",
        "coordinates": [
          120.69726690781235,
          24.1873987196526
        ]
      },
      "properties": {
        "routeId": "taichung-kee-6287-9675d6-d4",
        "city": "taichung",
        "route_name": "KEE-6287",
        "car_seq": "KEE-6287",
        "arrival_time": "1853",
        "departure_time": "1859",
        "district": "北屯區",
        "village": "松茂里",
        "location": "松義街257巷52號",
        "type": "沿街",
        "collection_type": "garbage",
        "day_of_week": 4
      }
    },
    {
      "type": "Feature",
      "geometry": {
        "type": "Point",
        "coordinates": [
          120.69726690781235,
          24.1873987196526
        ]
      },
      "properties": {
        "routeId": "taichung-kee-6287-9675d6-d4",
        "city": "taichung",
        "route_name": "KEE-6287",
        "car_seq": "KEE-6287",
        "arrival_time": "1853",
        "departure_time": "1859",
        "district": "北屯區",
        "village": "松茂里",
        "location": "松義街257巷52號",
        "type": "沿街",
        "collection_type": "recycling",
        "day_of_week": 4
      }
    },
    {
      "type": "Feature",
      "geometry": {
        "type": "Point",
        "coordinates": [
          120.6971393158657,
          24.18707629273248
        ]
      },
      "properties": {
        "routeId": "taichung-kee-6287-9675d6-d4",
        "city": "taichung",
        "route_name": "KEE-6287",
        "car_seq": "KEE-6287",
        "arrival_time": "1854",
        "departure_time": "1900",
        "district": "北屯區",
        "village": "松茂里",
        "location": "松義街241巷58號",
        "type": "沿街",
        "collection_type": "garbage",
        "day_of_week": 4
      }
    },
    {
      "type": "Feature",
      "geometry": {
        "type": "Point",
        "coordinates": [
          120.6971393158657,
          24.18707629273248
        ]
      },
      "properties": {
        "routeId": "taichung-kee-6287-9675d6-d4",
        "city": "taichung",
        "route_name": "KEE-6287",
        "car_seq": "KEE-6287",
        "arrival_time": "1854",
        "departure_time": "1900",
        "district": "北屯區",
        "village": "松茂里",
        "location": "松義街241巷58號",
        "type": "沿街",
        "collection_type": "recycling",
        "day_of_week": 4
      }
    },
    {
      "type": "Feature",
      "geometry": {
        "type": "Point",
        "coordinates": [
          120.69740942106361,
          24.187070788528914
        ]
      },
      "properties": {
        "routeId": "taichung-kee-6287-9675d6-d4",
        "city": "taichung",
        "route_name": "KEE-6287",
        "car_seq": "KEE-6287",
        "arrival_time": "1855",
        "departure_time": "1901",
        "district": "北屯區",
        "village": "松茂里",
        "location": "松義街241巷42號",
        "type": "沿街",
        "collection_type": "garbage",
        "day_of_week": 4
      }
    },
    {
      "type": "Feature",
      "geometry": {
        "type": "Point",
        "coordinates": [
          120.69740942106361,
          24.187070788528914
        ]
      },
      "properties": {
        "routeId": "taichung-kee-6287-9675d6-d4",
        "city": "taichung",
        "route_name": "KEE-6287",
        "car_seq": "KEE-6287",
        "arrival_time": "1855",
        "departure_time": "1901",
        "district": "北屯區",
        "village": "松茂里",
        "location": "松義街241巷42號",
        "type": "沿街",
        "collection_type": "recycling",
        "day_of_week": 4
      }
    },
    {
      "type": "Feature",
      "geometry": {
        "type": "Point",
        "coordinates": [
          120.69778985227994,
          24.187071272306593
        ]
      },
      "properties": {
        "routeId": "taichung-kee-6287-9675d6-d4",
        "city": "taichung",
        "route_name": "KEE-6287",
        "car_seq": "KEE-6287",
        "arrival_time": "1856",
        "departure_time": "1902",
        "district": "北屯區",
        "village": "松茂里",
        "location": "松義街241巷22號",
        "type": "沿街",
        "collection_type": "garbage",
        "day_of_week": 4
      }
    },
    {
      "type": "Feature",
      "geometry": {
        "type": "Point",
        "coordinates": [
          120.69778985227994,
          24.187071272306593
        ]
      },
      "properties": {
        "routeId": "taichung-kee-6287-9675d6-d4",
        "city": "taichung",
        "route_name": "KEE-6287",
        "car_seq": "KEE-6287",
        "arrival_time": "1856",
        "departure_time": "1902",
        "district": "北屯區",
        "village": "松茂里",
        "location": "松義街241巷22號",
        "type": "沿街",
        "collection_type": "recycling",
        "day_of_week": 4
      }
    },
    {
      "type": "Feature",
      "geometry": {
        "type": "Point",
        "coordinates": [
          120.69814894488505,
          24.187062954488784
        ]
      },
      "properties": {
        "routeId": "taichung-kee-6287-9675d6-d4",
        "city": "taichung",
        "route_name": "KEE-6287",
        "car_seq": "KEE-6287",
        "arrival_time": "1857",
        "departure_time": "1903",
        "district": "北屯區",
        "village": "松茂里",
        "location": "松義街241巷8號",
        "type": "沿街",
        "collection_type": "garbage",
        "day_of_week": 4
      }
    },
    {
      "type": "Feature",
      "geometry": {
        "type": "Point",
        "coordinates": [
          120.69814894488505,
          24.187062954488784
        ]
      },
      "properties": {
        "routeId": "taichung-kee-6287-9675d6-d4",
        "city": "taichung",
        "route_name": "KEE-6287",
        "car_seq": "KEE-6287",
        "arrival_time": "1857",
        "departure_time": "1903",
        "district": "北屯區",
        "village": "松茂里",
        "location": "松義街241巷8號",
        "type": "沿街",
        "collection_type": "recycling",
        "day_of_week": 4
      }
    },
    {
      "type": "Feature",
      "geometry": {
        "type": "Point",
        "coordinates": [
          120.69814671041867,
          24.186711621021153
        ]
      },
      "properties": {
        "routeId": "taichung-kee-6287-9675d6-d4",
        "city": "taichung",
        "route_name": "KEE-6287",
        "car_seq": "KEE-6287",
        "arrival_time": "1902",
        "departure_time": "1908",
        "district": "北屯區",
        "village": "松茂里",
        "location": "松山街152號",
        "type": "沿街",
        "collection_type": "garbage",
        "day_of_week": 4
      }
    },
    {
      "type": "Feature",
      "geometry": {
        "type": "Point",
        "coordinates": [
          120.69814671041867,
          24.186711621021153
        ]
      },
      "properties": {
        "routeId": "taichung-kee-6287-9675d6-d4",
        "city": "taichung",
        "route_name": "KEE-6287",
        "car_seq": "KEE-6287",
        "arrival_time": "1902",
        "departure_time": "1908",
        "district": "北屯區",
        "village": "松茂里",
        "location": "松山街152號",
        "type": "沿街",
        "collection_type": "recycling",
        "day_of_week": 4
      }
    },
    {
      "type": "Feature",
      "geometry": {
        "type": "Point",
        "coordinates": [
          120.69780027813617,
          24.186447812593215
        ]
      },
      "properties": {
        "routeId": "taichung-kee-6287-9675d6-d4",
        "city": "taichung",
        "route_name": "KEE-6287",
        "car_seq": "KEE-6287",
        "arrival_time": "1903",
        "departure_time": "1909",
        "district": "北屯區",
        "village": "松茂里",
        "location": "松山街167號",
        "type": "沿街",
        "collection_type": "garbage",
        "day_of_week": 4
      }
    },
    {
      "type": "Feature",
      "geometry": {
        "type": "Point",
        "coordinates": [
          120.69780027813617,
          24.186447812593215
        ]
      },
      "properties": {
        "routeId": "taichung-kee-6287-9675d6-d4",
        "city": "taichung",
        "route_name": "KEE-6287",
        "car_seq": "KEE-6287",
        "arrival_time": "1903",
        "departure_time": "1909",
        "district": "北屯區",
        "village": "松茂里",
        "location": "松山街167號",
        "type": "沿街",
        "collection_type": "recycling",
        "day_of_week": 4
      }
    },
    {
      "type": "Feature",
      "geometry": {
        "type": "Point",
        "coordinates": [
          120.6974184483555,
          24.186456824876363
        ]
      },
      "properties": {
        "routeId": "taichung-kee-6287-9675d6-d4",
        "city": "taichung",
        "route_name": "KEE-6287",
        "car_seq": "KEE-6287",
        "arrival_time": "1904",
        "departure_time": "1910",
        "district": "北屯區",
        "village": "松茂里",
        "location": "松山街185號",
        "type": "沿街",
        "collection_type": "garbage",
        "day_of_week": 4
      }
    },
    {
      "type": "Feature",
      "geometry": {
        "type": "Point",
        "coordinates": [
          120.6974184483555,
          24.186456824876363
        ]
      },
      "properties": {
        "routeId": "taichung-kee-6287-9675d6-d4",
        "city": "taichung",
        "route_name": "KEE-6287",
        "car_seq": "KEE-6287",
        "arrival_time": "1904",
        "departure_time": "1910",
        "district": "北屯區",
        "village": "松茂里",
        "location": "松山街185號",
        "type": "沿街",
        "collection_type": "recycling",
        "day_of_week": 4
      }
    },
    {
      "type": "Feature",
      "geometry": {
        "type": "Point",
        "coordinates": [
          120.69725485907303,
          24.18645650009064
        ]
      },
      "properties": {
        "routeId": "taichung-kee-6287-9675d6-d4",
        "city": "taichung",
        "route_name": "KEE-6287",
        "car_seq": "KEE-6287",
        "arrival_time": "1905",
        "departure_time": "1911",
        "district": "北屯區",
        "village": "松茂里",
        "location": "松山街193號",
        "type": "沿街",
        "collection_type": "garbage",
        "day_of_week": 4
      }
    },
    {
      "type": "Feature",
      "geometry": {
        "type": "Point",
        "coordinates": [
          120.69725485907303,
          24.18645650009064
        ]
      },
      "properties": {
        "routeId": "taichung-kee-6287-9675d6-d4",
        "city": "taichung",
        "route_name": "KEE-6287",
        "car_seq": "KEE-6287",
        "arrival_time": "1905",
        "departure_time": "1911",
        "district": "北屯區",
        "village": "松茂里",
        "location": "松山街193號",
        "type": "沿街",
        "collection_type": "recycling",
        "day_of_week": 4
      }
    },
    {
      "type": "Feature",
      "geometry": {
        "type": "Point",
        "coordinates": [
          120.69713751549926,
          24.186458876471878
        ]
      },
      "properties": {
        "routeId": "taichung-kee-6287-9675d6-d4",
        "city": "taichung",
        "route_name": "KEE-6287",
        "car_seq": "KEE-6287",
        "arrival_time": "1906",
        "departure_time": "1912",
        "district": "北屯區",
        "village": "松茂里",
        "location": "松山街201號",
        "type": "沿街",
        "collection_type": "garbage",
        "day_of_week": 4
      }
    },
    {
      "type": "Feature",
      "geometry": {
        "type": "Point",
        "coordinates": [
          120.69713751549926,
          24.186458876471878
        ]
      },
      "properties": {
        "routeId": "taichung-kee-6287-9675d6-d4",
        "city": "taichung",
        "route_name": "KEE-6287",
        "car_seq": "KEE-6287",
        "arrival_time": "1906",
        "departure_time": "1912",
        "district": "北屯區",
        "village": "松茂里",
        "location": "松山街201號",
        "type": "沿街",
        "collection_type": "recycling",
        "day_of_week": 4
      }
    },
    {
      "type": "Feature",
      "geometry": {
        "type": "Point",
        "coordinates": [
          120.6967837940182,
          24.186735733193895
        ]
      },
      "properties": {
        "routeId": "taichung-kee-6287-9675d6-d4",
        "city": "taichung",
        "route_name": "KEE-6287",
        "car_seq": "KEE-6287",
        "arrival_time": "1907",
        "departure_time": "1913",
        "district": "北屯區",
        "village": "松茂里",
        "location": "松山街186號",
        "type": "沿街",
        "collection_type": "garbage",
        "day_of_week": 4
      }
    },
    {
      "type": "Feature",
      "geometry": {
        "type": "Point",
        "coordinates": [
          120.6967837940182,
          24.186735733193895
        ]
      },
      "properties": {
        "routeId": "taichung-kee-6287-9675d6-d4",
        "city": "taichung",
        "route_name": "KEE-6287",
        "car_seq": "KEE-6287",
        "arrival_time": "1907",
        "departure_time": "1913",
        "district": "北屯區",
        "village": "松茂里",
        "location": "松山街186號",
        "type": "沿街",
        "collection_type": "recycling",
        "day_of_week": 4
      }
    },
    {
      "type": "Feature",
      "geometry": {
        "type": "Point",
        "coordinates": [
          120.69627676144326,
          24.186312009401323
        ]
      },
      "properties": {
        "routeId": "taichung-kee-6287-9675d6-d4",
        "city": "taichung",
        "route_name": "KEE-6287",
        "car_seq": "KEE-6287",
        "arrival_time": "1908",
        "departure_time": "1914",
        "district": "北屯區",
        "village": "松茂里",
        "location": "遼寧路二段119號",
        "type": "沿街",
        "collection_type": "garbage",
        "day_of_week": 4
      }
    },
    {
      "type": "Feature",
      "geometry": {
        "type": "Point",
        "coordinates": [
          120.69627676144326,
          24.186312009401323
        ]
      },
      "properties": {
        "routeId": "taichung-kee-6287-9675d6-d4",
        "city": "taichung",
        "route_name": "KEE-6287",
        "car_seq": "KEE-6287",
        "arrival_time": "1908",
        "departure_time": "1914",
        "district": "北屯區",
        "village": "松茂里",
        "location": "遼寧路二段119號",
        "type": "沿街",
        "collection_type": "recycling",
        "day_of_week": 4
      }
    },
    {
      "type": "Feature",
      "geometry": {
        "type": "Point",
        "coordinates": [
          120.69650933392954,
          24.18588210127499
        ]
      },
      "properties": {
        "routeId": "taichung-kee-6287-9675d6-d4",
        "city": "taichung",
        "route_name": "KEE-6287",
        "car_seq": "KEE-6287",
        "arrival_time": "1909",
        "departure_time": "1915",
        "district": "北屯區",
        "village": "松茂里",
        "location": "松明街157號",
        "type": "沿街",
        "collection_type": "garbage",
        "day_of_week": 4
      }
    },
    {
      "type": "Feature",
      "geometry": {
        "type": "Point",
        "coordinates": [
          120.69650933392954,
          24.18588210127499
        ]
      },
      "properties": {
        "routeId": "taichung-kee-6287-9675d6-d4",
        "city": "taichung",
        "route_name": "KEE-6287",
        "car_seq": "KEE-6287",
        "arrival_time": "1909",
        "departure_time": "1915",
        "district": "北屯區",
        "village": "松茂里",
        "location": "松明街157號",
        "type": "沿街",
        "collection_type": "recycling",
        "day_of_week": 4
      }
    },
    {
      "type": "Feature",
      "geometry": {
        "type": "Point",
        "coordinates": [
          120.69678658327048,
          24.185851321379438
        ]
      },
      "properties": {
        "routeId": "taichung-kee-6287-9675d6-d4",
        "city": "taichung",
        "route_name": "KEE-6287",
        "car_seq": "KEE-6287",
        "arrival_time": "1910",
        "departure_time": "1916",
        "district": "北屯區",
        "village": "松茂里",
        "location": "松明街147號",
        "type": "沿街",
        "collection_type": "garbage",
        "day_of_week": 4
      }
    },
    {
      "type": "Feature",
      "geometry": {
        "type": "Point",
        "coordinates": [
          120.69678658327048,
          24.185851321379438
        ]
      },
      "properties": {
        "routeId": "taichung-kee-6287-9675d6-d4",
        "city": "taichung",
        "route_name": "KEE-6287",
        "car_seq": "KEE-6287",
        "arrival_time": "1910",
        "departure_time": "1916",
        "district": "北屯區",
        "village": "松茂里",
        "location": "松明街147號",
        "type": "沿街",
        "collection_type": "recycling",
        "day_of_week": 4
      }
    },
    {
      "type": "Feature",
      "geometry": {
        "type": "Point",
        "coordinates": [
          120.6971552553789,
          24.185865598113498
        ]
      },
      "properties": {
        "routeId": "taichung-kee-6287-9675d6-d4",
        "city": "taichung",
        "route_name": "KEE-6287",
        "car_seq": "KEE-6287",
        "arrival_time": "1912",
        "departure_time": "1918",
        "district": "北屯區",
        "village": "松茂里",
        "location": "松明街137號",
        "type": "沿街",
        "collection_type": "garbage",
        "day_of_week": 4
      }
    },
    {
      "type": "Feature",
      "geometry": {
        "type": "Point",
        "coordinates": [
          120.6971552553789,
          24.185865598113498
        ]
      },
      "properties": {
        "routeId": "taichung-kee-6287-9675d6-d4",
        "city": "taichung",
        "route_name": "KEE-6287",
        "car_seq": "KEE-6287",
        "arrival_time": "1912",
        "departure_time": "1918",
        "district": "北屯區",
        "village": "松茂里",
        "location": "松明街137號",
        "type": "沿街",
        "collection_type": "recycling",
        "day_of_week": 4
      }
    },
    {
      "type": "Feature",
      "geometry": {
        "type": "Point",
        "coordinates": [
          120.69759775546464,
          24.18585645401453
        ]
      },
      "properties": {
        "routeId": "taichung-kee-6287-9675d6-d4",
        "city": "taichung",
        "route_name": "KEE-6287",
        "car_seq": "KEE-6287",
        "arrival_time": "1913",
        "departure_time": "1919",
        "district": "北屯區",
        "village": "松茂里",
        "location": "松明街121號",
        "type": "沿街",
        "collection_type": "garbage",
        "day_of_week": 4
      }
    },
    {
      "type": "Feature",
      "geometry": {
        "type": "Point",
        "coordinates": [
          120.69759775546464,
          24.18585645401453
        ]
      },
      "properties": {
        "routeId": "taichung-kee-6287-9675d6-d4",
        "city": "taichung",
        "route_name": "KEE-6287",
        "car_seq": "KEE-6287",
        "arrival_time": "1913",
        "departure_time": "1919",
        "district": "北屯區",
        "village": "松茂里",
        "location": "松明街121號",
        "type": "沿街",
        "collection_type": "recycling",
        "day_of_week": 4
      }
    },
    {
      "type": "Feature",
      "geometry": {
        "type": "Point",
        "coordinates": [
          120.69781379710969,
          24.18584415112917
        ]
      },
      "properties": {
        "routeId": "taichung-kee-6287-9675d6-d4",
        "city": "taichung",
        "route_name": "KEE-6287",
        "car_seq": "KEE-6287",
        "arrival_time": "1914",
        "departure_time": "1920",
        "district": "北屯區",
        "village": "松茂里",
        "location": "松明街115號",
        "type": "沿街",
        "collection_type": "garbage",
        "day_of_week": 4
      }
    },
    {
      "type": "Feature",
      "geometry": {
        "type": "Point",
        "coordinates": [
          120.69781379710969,
          24.18584415112917
        ]
      },
      "properties": {
        "routeId": "taichung-kee-6287-9675d6-d4",
        "city": "taichung",
        "route_name": "KEE-6287",
        "car_seq": "KEE-6287",
        "arrival_time": "1914",
        "departure_time": "1920",
        "district": "北屯區",
        "village": "松茂里",
        "location": "松明街115號",
        "type": "沿街",
        "collection_type": "recycling",
        "day_of_week": 4
      }
    },
    {
      "type": "Feature",
      "geometry": {
        "type": "Point",
        "coordinates": [
          120.69809867379897,
          24.185834512466357
        ]
      },
      "properties": {
        "routeId": "taichung-kee-6287-9675d6-d4",
        "city": "taichung",
        "route_name": "KEE-6287",
        "car_seq": "KEE-6287",
        "arrival_time": "1915",
        "departure_time": "1921",
        "district": "北屯區",
        "village": "松勇里",
        "location": "松明街107號",
        "type": "沿街",
        "collection_type": "garbage",
        "day_of_week": 4
      }
    },
    {
      "type": "Feature",
      "geometry": {
        "type": "Point",
        "coordinates": [
          120.69809867379897,
          24.185834512466357
        ]
      },
      "properties": {
        "routeId": "taichung-kee-6287-9675d6-d4",
        "city": "taichung",
        "route_name": "KEE-6287",
        "car_seq": "KEE-6287",
        "arrival_time": "1915",
        "departure_time": "1921",
        "district": "北屯區",
        "village": "松勇里",
        "location": "松明街107號",
        "type": "沿街",
        "collection_type": "recycling",
        "day_of_week": 4
      }
    },
    {
      "type": "Feature",
      "geometry": {
        "type": "Point",
        "coordinates": [
          120.69929767689078,
          24.18577234091763
        ]
      },
      "properties": {
        "routeId": "taichung-kee-6287-9675d6-d4",
        "city": "taichung",
        "route_name": "KEE-6287",
        "car_seq": "KEE-6287",
        "arrival_time": "1916",
        "departure_time": "1922",
        "district": "北屯區",
        "village": "松勇里",
        "location": "松明街95號",
        "type": "沿街",
        "collection_type": "garbage",
        "day_of_week": 4
      }
    },
    {
      "type": "Feature",
      "geometry": {
        "type": "Point",
        "coordinates": [
          120.69929767689078,
          24.18577234091763
        ]
      },
      "properties": {
        "routeId": "taichung-kee-6287-9675d6-d4",
        "city": "taichung",
        "route_name": "KEE-6287",
        "car_seq": "KEE-6287",
        "arrival_time": "1916",
        "departure_time": "1922",
        "district": "北屯區",
        "village": "松勇里",
        "location": "松明街95號",
        "type": "沿街",
        "collection_type": "recycling",
        "day_of_week": 4
      }
    },
    {
      "type": "Feature",
      "geometry": {
        "type": "Point",
        "coordinates": [
          120.69974248154944,
          24.1857708609903
        ]
      },
      "properties": {
        "routeId": "taichung-kee-6287-9675d6-d4",
        "city": "taichung",
        "route_name": "KEE-6287",
        "car_seq": "KEE-6287",
        "arrival_time": "1917",
        "departure_time": "1923",
        "district": "北屯區",
        "village": "松勇里",
        "location": "松明街69號",
        "type": "沿街",
        "collection_type": "garbage",
        "day_of_week": 4
      }
    },
    {
      "type": "Feature",
      "geometry": {
        "type": "Point",
        "coordinates": [
          120.69974248154944,
          24.1857708609903
        ]
      },
      "properties": {
        "routeId": "taichung-kee-6287-9675d6-d4",
        "city": "taichung",
        "route_name": "KEE-6287",
        "car_seq": "KEE-6287",
        "arrival_time": "1917",
        "departure_time": "1923",
        "district": "北屯區",
        "village": "松勇里",
        "location": "松明街69號",
        "type": "沿街",
        "collection_type": "recycling",
        "day_of_week": 4
      }
    },
    {
      "type": "Feature",
      "geometry": {
        "type": "Point",
        "coordinates": [
          120.7002386064659,
          24.185757038341713
        ]
      },
      "properties": {
        "routeId": "taichung-kee-6287-9675d6-d4",
        "city": "taichung",
        "route_name": "KEE-6287",
        "car_seq": "KEE-6287",
        "arrival_time": "1918",
        "departure_time": "1924",
        "district": "北屯區",
        "village": "松勇里",
        "location": "松明街37號",
        "type": "沿街",
        "collection_type": "garbage",
        "day_of_week": 4
      }
    },
    {
      "type": "Feature",
      "geometry": {
        "type": "Point",
        "coordinates": [
          120.7002386064659,
          24.185757038341713
        ]
      },
      "properties": {
        "routeId": "taichung-kee-6287-9675d6-d4",
        "city": "taichung",
        "route_name": "KEE-6287",
        "car_seq": "KEE-6287",
        "arrival_time": "1918",
        "departure_time": "1924",
        "district": "北屯區",
        "village": "松勇里",
        "location": "松明街37號",
        "type": "沿街",
        "collection_type": "recycling",
        "day_of_week": 4
      }
    },
    {
      "type": "Feature",
      "geometry": {
        "type": "Point",
        "coordinates": [
          120.70067137028722,
          24.185727279420938
        ]
      },
      "properties": {
        "routeId": "taichung-kee-6287-9675d6-d4",
        "city": "taichung",
        "route_name": "KEE-6287",
        "car_seq": "KEE-6287",
        "arrival_time": "1919",
        "departure_time": "1925",
        "district": "北屯區",
        "village": "松勇里",
        "location": "松明街25號",
        "type": "沿街",
        "collection_type": "garbage",
        "day_of_week": 4
      }
    },
    {
      "type": "Feature",
      "geometry": {
        "type": "Point",
        "coordinates": [
          120.70067137028722,
          24.185727279420938
        ]
      },
      "properties": {
        "routeId": "taichung-kee-6287-9675d6-d4",
        "city": "taichung",
        "route_name": "KEE-6287",
        "car_seq": "KEE-6287",
        "arrival_time": "1919",
        "departure_time": "1925",
        "district": "北屯區",
        "village": "松勇里",
        "location": "松明街25號",
        "type": "沿街",
        "collection_type": "recycling",
        "day_of_week": 4
      }
    },
    {
      "type": "Feature",
      "geometry": {
        "type": "Point",
        "coordinates": [
          120.7010946216822,
          24.185724579420615
        ]
      },
      "properties": {
        "routeId": "taichung-kee-6287-9675d6-d4",
        "city": "taichung",
        "route_name": "KEE-6287",
        "car_seq": "KEE-6287",
        "arrival_time": "1920",
        "departure_time": "1926",
        "district": "北屯區",
        "village": "松勇里",
        "location": "松明街11號",
        "type": "沿街",
        "collection_type": "garbage",
        "day_of_week": 4
      }
    },
    {
      "type": "Feature",
      "geometry": {
        "type": "Point",
        "coordinates": [
          120.7010946216822,
          24.185724579420615
        ]
      },
      "properties": {
        "routeId": "taichung-kee-6287-9675d6-d4",
        "city": "taichung",
        "route_name": "KEE-6287",
        "car_seq": "KEE-6287",
        "arrival_time": "1920",
        "departure_time": "1926",
        "district": "北屯區",
        "village": "松勇里",
        "location": "松明街11號",
        "type": "沿街",
        "collection_type": "recycling",
        "day_of_week": 4
      }
    },
    {
      "type": "Feature",
      "geometry": {
        "type": "Point",
        "coordinates": [
          120.7015592853741,
          24.185987067919456
        ]
      },
      "properties": {
        "routeId": "taichung-kee-6287-9675d6-d4",
        "city": "taichung",
        "route_name": "KEE-6287",
        "car_seq": "KEE-6287",
        "arrival_time": "1921",
        "departure_time": "1927",
        "district": "北屯區",
        "village": "松勇里",
        "location": "松明街14號",
        "type": "沿街",
        "collection_type": "garbage",
        "day_of_week": 4
      }
    },
    {
      "type": "Feature",
      "geometry": {
        "type": "Point",
        "coordinates": [
          120.7015592853741,
          24.185987067919456
        ]
      },
      "properties": {
        "routeId": "taichung-kee-6287-9675d6-d4",
        "city": "taichung",
        "route_name": "KEE-6287",
        "car_seq": "KEE-6287",
        "arrival_time": "1921",
        "departure_time": "1927",
        "district": "北屯區",
        "village": "松勇里",
        "location": "松明街14號",
        "type": "沿街",
        "collection_type": "recycling",
        "day_of_week": 4
      }
    },
    {
      "type": "Feature",
      "geometry": {
        "type": "Point",
        "coordinates": [
          120.70106885275199,
          24.18539517698701
        ]
      },
      "properties": {
        "routeId": "taichung-kee-6287-9675d6-d4",
        "city": "taichung",
        "route_name": "KEE-6287",
        "car_seq": "KEE-6287",
        "arrival_time": "1925",
        "departure_time": "1935",
        "district": "北屯區",
        "village": "松勇里",
        "location": "松竹北路",
        "type": "定點",
        "collection_type": "garbage",
        "day_of_week": 4
      }
    },
    {
      "type": "Feature",
      "geometry": {
        "type": "Point",
        "coordinates": [
          120.70106885275199,
          24.18539517698701
        ]
      },
      "properties": {
        "routeId": "taichung-kee-6287-9675d6-d4",
        "city": "taichung",
        "route_name": "KEE-6287",
        "car_seq": "KEE-6287",
        "arrival_time": "1925",
        "departure_time": "1935",
        "district": "北屯區",
        "village": "松勇里",
        "location": "松竹北路",
        "type": "定點",
        "collection_type": "recycling",
        "day_of_week": 4
      }
    },
    {
      "type": "Feature",
      "geometry": {
        "type": "Point",
        "coordinates": [
          120.69985608168909,
          24.184843967596755
        ]
      },
      "properties": {
        "routeId": "taichung-kee-6287-9675d6-d4",
        "city": "taichung",
        "route_name": "KEE-6287",
        "car_seq": "KEE-6287",
        "arrival_time": "1934",
        "departure_time": "1940",
        "district": "北屯區",
        "village": "松勇里",
        "location": "松竹路二段76巷12弄51號",
        "type": "沿街",
        "collection_type": "garbage",
        "day_of_week": 4
      }
    },
    {
      "type": "Feature",
      "geometry": {
        "type": "Point",
        "coordinates": [
          120.69985608168909,
          24.184843967596755
        ]
      },
      "properties": {
        "routeId": "taichung-kee-6287-9675d6-d4",
        "city": "taichung",
        "route_name": "KEE-6287",
        "car_seq": "KEE-6287",
        "arrival_time": "1934",
        "departure_time": "1940",
        "district": "北屯區",
        "village": "松勇里",
        "location": "松竹路二段76巷12弄51號",
        "type": "沿街",
        "collection_type": "recycling",
        "day_of_week": 4
      }
    },
    {
      "type": "Feature",
      "geometry": {
        "type": "Point",
        "coordinates": [
          120.69985221922364,
          24.18455961902054
        ]
      },
      "properties": {
        "routeId": "taichung-kee-6287-9675d6-d4",
        "city": "taichung",
        "route_name": "KEE-6287",
        "car_seq": "KEE-6287",
        "arrival_time": "1936",
        "departure_time": "1942",
        "district": "北屯區",
        "village": "松勇里",
        "location": "松竹路二段76巷12弄43號",
        "type": "沿街",
        "collection_type": "garbage",
        "day_of_week": 4
      }
    },
    {
      "type": "Feature",
      "geometry": {
        "type": "Point",
        "coordinates": [
          120.69985221922364,
          24.18455961902054
        ]
      },
      "properties": {
        "routeId": "taichung-kee-6287-9675d6-d4",
        "city": "taichung",
        "route_name": "KEE-6287",
        "car_seq": "KEE-6287",
        "arrival_time": "1936",
        "departure_time": "1942",
        "district": "北屯區",
        "village": "松勇里",
        "location": "松竹路二段76巷12弄43號",
        "type": "沿街",
        "collection_type": "recycling",
        "day_of_week": 4
      }
    },
    {
      "type": "Feature",
      "geometry": {
        "type": "Point",
        "coordinates": [
          120.69982450010345,
          24.18399243550701
        ]
      },
      "properties": {
        "routeId": "taichung-kee-6287-9675d6-d4",
        "city": "taichung",
        "route_name": "KEE-6287",
        "car_seq": "KEE-6287",
        "arrival_time": "1937",
        "departure_time": "1943",
        "district": "北屯區",
        "village": "松勇里",
        "location": "松竹路二段76巷12弄23號",
        "type": "沿街",
        "collection_type": "garbage",
        "day_of_week": 4
      }
    },
    {
      "type": "Feature",
      "geometry": {
        "type": "Point",
        "coordinates": [
          120.69982450010345,
          24.18399243550701
        ]
      },
      "properties": {
        "routeId": "taichung-kee-6287-9675d6-d4",
        "city": "taichung",
        "route_name": "KEE-6287",
        "car_seq": "KEE-6287",
        "arrival_time": "1937",
        "departure_time": "1943",
        "district": "北屯區",
        "village": "松勇里",
        "location": "松竹路二段76巷12弄23號",
        "type": "沿街",
        "collection_type": "recycling",
        "day_of_week": 4
      }
    },
    {
      "type": "Feature",
      "geometry": {
        "type": "Point",
        "coordinates": [
          120.69990288910256,
          24.183596394119604
        ]
      },
      "properties": {
        "routeId": "taichung-kee-6287-9675d6-d4",
        "city": "taichung",
        "route_name": "KEE-6287",
        "car_seq": "KEE-6287",
        "arrival_time": "1939",
        "departure_time": "1945",
        "district": "北屯區",
        "village": "松勇里",
        "location": "松竹路二段76巷12弄15號",
        "type": "沿街",
        "collection_type": "garbage",
        "day_of_week": 4
      }
    },
    {
      "type": "Feature",
      "geometry": {
        "type": "Point",
        "coordinates": [
          120.69990288910256,
          24.183596394119604
        ]
      },
      "properties": {
        "routeId": "taichung-kee-6287-9675d6-d4",
        "city": "taichung",
        "route_name": "KEE-6287",
        "car_seq": "KEE-6287",
        "arrival_time": "1939",
        "departure_time": "1945",
        "district": "北屯區",
        "village": "松勇里",
        "location": "松竹路二段76巷12弄15號",
        "type": "沿街",
        "collection_type": "recycling",
        "day_of_week": 4
      }
    },
    {
      "type": "Feature",
      "geometry": {
        "type": "Point",
        "coordinates": [
          120.69928807364379,
          24.183158887958466
        ]
      },
      "properties": {
        "routeId": "taichung-kee-6287-9675d6-d4",
        "city": "taichung",
        "route_name": "KEE-6287",
        "car_seq": "KEE-6287",
        "arrival_time": "1941",
        "departure_time": "1947",
        "district": "北屯區",
        "village": "松勇里",
        "location": "松竹路二段86巷10號",
        "type": "沿街",
        "collection_type": "garbage",
        "day_of_week": 4
      }
    },
    {
      "type": "Feature",
      "geometry": {
        "type": "Point",
        "coordinates": [
          120.69928807364379,
          24.183158887958466
        ]
      },
      "properties": {
        "routeId": "taichung-kee-6287-9675d6-d4",
        "city": "taichung",
        "route_name": "KEE-6287",
        "car_seq": "KEE-6287",
        "arrival_time": "1941",
        "departure_time": "1947",
        "district": "北屯區",
        "village": "松勇里",
        "location": "松竹路二段86巷10號",
        "type": "沿街",
        "collection_type": "recycling",
        "day_of_week": 4
      }
    },
    {
      "type": "Feature",
      "geometry": {
        "type": "Point",
        "coordinates": [
          120.69932627937112,
          24.185663585529433
        ]
      },
      "properties": {
        "routeId": "taichung-kee-6287-9675d6-d4",
        "city": "taichung",
        "route_name": "KEE-6287",
        "car_seq": "KEE-6287",
        "arrival_time": "1942",
        "departure_time": "1948",
        "district": "北屯區",
        "village": "松茂里",
        "location": "松竹路二段86巷28號",
        "type": "沿街",
        "collection_type": "garbage",
        "day_of_week": 4
      }
    },
    {
      "type": "Feature",
      "geometry": {
        "type": "Point",
        "coordinates": [
          120.69932627937112,
          24.185663585529433
        ]
      },
      "properties": {
        "routeId": "taichung-kee-6287-9675d6-d4",
        "city": "taichung",
        "route_name": "KEE-6287",
        "car_seq": "KEE-6287",
        "arrival_time": "1942",
        "departure_time": "1948",
        "district": "北屯區",
        "village": "松茂里",
        "location": "松竹路二段86巷28號",
        "type": "沿街",
        "collection_type": "recycling",
        "day_of_week": 4
      }
    },
    {
      "type": "Feature",
      "geometry": {
        "type": "Point",
        "coordinates": [
          120.6992922632144,
          24.184395004393473
        ]
      },
      "properties": {
        "routeId": "taichung-kee-6287-9675d6-d4",
        "city": "taichung",
        "route_name": "KEE-6287",
        "car_seq": "KEE-6287",
        "arrival_time": "1944",
        "departure_time": "1950",
        "district": "北屯區",
        "village": "松勇里",
        "location": "松竹路二段86巷50號",
        "type": "沿街",
        "collection_type": "garbage",
        "day_of_week": 4
      }
    },
    {
      "type": "Feature",
      "geometry": {
        "type": "Point",
        "coordinates": [
          120.6992922632144,
          24.184395004393473
        ]
      },
      "properties": {
        "routeId": "taichung-kee-6287-9675d6-d4",
        "city": "taichung",
        "route_name": "KEE-6287",
        "car_seq": "KEE-6287",
        "arrival_time": "1944",
        "departure_time": "1950",
        "district": "北屯區",
        "village": "松勇里",
        "location": "松竹路二段86巷50號",
        "type": "沿街",
        "collection_type": "recycling",
        "day_of_week": 4
      }
    },
    {
      "type": "Feature",
      "geometry": {
        "type": "Point",
        "coordinates": [
          120.69928176850408,
          24.18496706965618
        ]
      },
      "properties": {
        "routeId": "taichung-kee-6287-9675d6-d4",
        "city": "taichung",
        "route_name": "KEE-6287",
        "car_seq": "KEE-6287",
        "arrival_time": "1945",
        "departure_time": "1951",
        "district": "北屯區",
        "village": "松勇里",
        "location": "松竹路二段86巷70號",
        "type": "沿街",
        "collection_type": "garbage",
        "day_of_week": 4
      }
    },
    {
      "type": "Feature",
      "geometry": {
        "type": "Point",
        "coordinates": [
          120.69928176850408,
          24.18496706965618
        ]
      },
      "properties": {
        "routeId": "taichung-kee-6287-9675d6-d4",
        "city": "taichung",
        "route_name": "KEE-6287",
        "car_seq": "KEE-6287",
        "arrival_time": "1945",
        "departure_time": "1951",
        "district": "北屯區",
        "village": "松勇里",
        "location": "松竹路二段86巷70號",
        "type": "沿街",
        "collection_type": "recycling",
        "day_of_week": 4
      }
    },
    {
      "type": "Feature",
      "geometry": {
        "type": "Point",
        "coordinates": [
          120.69783496142057,
          24.185429568767404
        ]
      },
      "properties": {
        "routeId": "taichung-kee-6287-9675d6-d4",
        "city": "taichung",
        "route_name": "KEE-6287",
        "car_seq": "KEE-6287",
        "arrival_time": "1949",
        "departure_time": "1955",
        "district": "北屯區",
        "village": "松勇里",
        "location": "松竹北路168號",
        "type": "沿街",
        "collection_type": "garbage",
        "day_of_week": 4
      }
    },
    {
      "type": "Feature",
      "geometry": {
        "type": "Point",
        "coordinates": [
          120.69783496142057,
          24.185429568767404
        ]
      },
      "properties": {
        "routeId": "taichung-kee-6287-9675d6-d4",
        "city": "taichung",
        "route_name": "KEE-6287",
        "car_seq": "KEE-6287",
        "arrival_time": "1949",
        "departure_time": "1955",
        "district": "北屯區",
        "village": "松勇里",
        "location": "松竹北路168號",
        "type": "沿街",
        "collection_type": "recycling",
        "day_of_week": 4
      }
    },
    {
      "type": "Feature",
      "geometry": {
        "type": "Point",
        "coordinates": [
          120.69655150136671,
          24.185490784231373
        ]
      },
      "properties": {
        "routeId": "taichung-kee-6287-9675d6-d4",
        "city": "taichung",
        "route_name": "KEE-6287",
        "car_seq": "KEE-6287",
        "arrival_time": "1950",
        "departure_time": "1956",
        "district": "北屯區",
        "village": "松勇里",
        "location": "松竹北路220號",
        "type": "沿街",
        "collection_type": "garbage",
        "day_of_week": 4
      }
    },
    {
      "type": "Feature",
      "geometry": {
        "type": "Point",
        "coordinates": [
          120.69655150136671,
          24.185490784231373
        ]
      },
      "properties": {
        "routeId": "taichung-kee-6287-9675d6-d4",
        "city": "taichung",
        "route_name": "KEE-6287",
        "car_seq": "KEE-6287",
        "arrival_time": "1950",
        "departure_time": "1956",
        "district": "北屯區",
        "village": "松勇里",
        "location": "松竹北路220號",
        "type": "沿街",
        "collection_type": "recycling",
        "day_of_week": 4
      }
    },
    {
      "type": "Feature",
      "geometry": {
        "type": "Point",
        "coordinates": [
          120.69616357226099,
          24.183837148557554
        ]
      },
      "properties": {
        "routeId": "taichung-kee-6287-9675d6-d4",
        "city": "taichung",
        "route_name": "KEE-6287",
        "car_seq": "KEE-6287",
        "arrival_time": "1955",
        "departure_time": "2000",
        "district": "北屯區",
        "village": "松強里",
        "location": "遼寧路二段",
        "type": "定點",
        "collection_type": "garbage",
        "day_of_week": 4
      }
    },
    {
      "type": "Feature",
      "geometry": {
        "type": "Point",
        "coordinates": [
          120.69616357226099,
          24.183837148557554
        ]
      },
      "properties": {
        "routeId": "taichung-kee-6287-9675d6-d4",
        "city": "taichung",
        "route_name": "KEE-6287",
        "car_seq": "KEE-6287",
        "arrival_time": "1955",
        "departure_time": "2000",
        "district": "北屯區",
        "village": "松強里",
        "location": "遼寧路二段",
        "type": "定點",
        "collection_type": "recycling",
        "day_of_week": 4
      }
    }
  ]
}