{
  "type": "FeatureCollection",
  "features": [
    {
      "type": "Feature",
      "geometry": {
        "type": "Point",
        "coordinates": [
          120.69961374194523,
          24.109910182786425
        ]
      },
      "properties": {
        "routeId": "taichung-200-q3-addb85-d1",
        "city": "taichung",
        "route_name": "200-Q3",
        "car_seq": "200-Q3",
        "arrival_time": "1410",
        "departure_time": "1415",
        "district": "大里區",
        "village": "立仁里",
        "location": "好來二街26號",
        "type": "沿街",
        "collection_type": "garbage",
        "day_of_week": 1
      }
    },
    {
      "type": "Feature",
      "geometry": {
        "type": "Point",
        "coordinates": [
          120.69961374194523,
          24.109910182786425
        ]
      },
      "properties": {
        "routeId": "taichung-200-q3-addb85-d1",
        "city": "taichung",
        "route_name": "200-Q3",
        "car_seq": "200-Q3",
        "arrival_time": "1410",
        "departure_time": "1415",
        "district": "大里區",
        "village": "立仁里",
        "location": "好來二街26號",
        "type": "沿街",
        "collection_type": "recycling",
        "day_of_week": 1
      }
    },
    {
      "type": "Feature",
      "geometry": {
        "type": "Point",
        "coordinates": [
          120.69981110423281,
          24.109855130321993
        ]
      },
      "properties": {
        "routeId": "taichung-200-q3-addb85-d1",
        "city": "taichung",
        "route_name": "200-Q3",
        "car_seq": "200-Q3",
        "arrival_time": "1410",
        "departure_time": "1415",
        "district": "大里區",
        "village": "立仁里",
        "location": "好來二街38號",
        "type": "沿街",
        "collection_type": "garbage",
        "day_of_week": 1
      }
    },
    {
      "type": "Feature",
      "geometry": {
        "type": "Point",
        "coordinates": [
          120.69981110423281,
          24.109855130321993
        ]
      },
      "properties": {
        "routeId": "taichung-200-q3-addb85-d1",
        "city": "taichung",
        "route_name": "200-Q3",
        "car_seq": "200-Q3",
        "arrival_time": "1410",
        "departure_time": "1415",
        "district": "大里區",
        "village": "立仁里",
        "location": "好來二街38號",
        "type": "沿街",
        "collection_type": "recycling",
        "day_of_week": 1
      }
    },
    {
      "type": "Feature",
      "geometry": {
        "type": "Point",
        "coordinates": [
          120.70008741079882,
          24.1097782099386
        ]
      },
      "properties": {
        "routeId": "taichung-200-q3-addb85-d1",
        "city": "taichung",
        "route_name": "200-Q3",
        "car_seq": "200-Q3",
        "arrival_time": "1410",
        "departure_time": "1415",
        "district": "大里區",
        "village": "立仁里",
        "location": "好來二街50號",
        "type": "沿街",
        "collection_type": "garbage",
        "day_of_week": 1
      }
    },
    {
      "type": "Feature",
      "geometry": {
        "type": "Point",
        "coordinates": [
          120.70008741079882,
          24.1097782099386
        ]
      },
      "properties": {
        "routeId": "taichung-200-q3-addb85-d1",
        "city": "taichung",
        "route_name": "200-Q3",
        "car_seq": "200-Q3",
        "arrival_time": "1410",
        "departure_time": "1415",
        "district": "大里區",
        "village": "立仁里",
        "location": "好來二街50號",
        "type": "沿街",
        "collection_type": "recycling",
        "day_of_week": 1
      }
    },
    {
      "type": "Feature",
      "geometry": {
        "type": "Point",
        "coordinates": [
          120.70007974189589,
          24.10952311529849
        ]
      },
      "properties": {
        "routeId": "taichung-200-q3-addb85-d1",
        "city": "taichung",
        "route_name": "200-Q3",
        "car_seq": "200-Q3",
        "arrival_time": "1410",
        "departure_time": "1415",
        "district": "大里區",
        "village": "立仁里",
        "location": "好來一街16號",
        "type": "沿街",
        "collection_type": "garbage",
        "day_of_week": 1
      }
    },
    {
      "type": "Feature",
      "geometry": {
        "type": "Point",
        "coordinates": [
          120.70007974189589,
          24.10952311529849
        ]
      },
      "properties": {
        "routeId": "taichung-200-q3-addb85-d1",
        "city": "taichung",
        "route_name": "200-Q3",
        "car_seq": "200-Q3",
        "arrival_time": "1410",
        "departure_time": "1415",
        "district": "大里區",
        "village": "立仁里",
        "location": "好來一街16號",
        "type": "沿街",
        "collection_type": "recycling",
        "day_of_week": 1
      }
    },
    {
      "type": "Feature",
      "geometry": {
        "type": "Point",
        "coordinates": [
          120.70001669912178,
          24.109348715755385
        ]
      },
      "properties": {
        "routeId": "taichung-200-q3-addb85-d1",
        "city": "taichung",
        "route_name": "200-Q3",
        "car_seq": "200-Q3",
        "arrival_time": "1410",
        "departure_time": "1415",
        "district": "大里區",
        "village": "立仁里",
        "location": "好來一街26號",
        "type": "沿街",
        "collection_type": "garbage",
        "day_of_week": 1
      }
    },
    {
      "type": "Feature",
      "geometry": {
        "type": "Point",
        "coordinates": [
          120.70001669912178,
          24.109348715755385
        ]
      },
      "properties": {
        "routeId": "taichung-200-q3-addb85-d1",
        "city": "taichung",
        "route_name": "200-Q3",
        "car_seq": "200-Q3",
        "arrival_time": "1410",
        "departure_time": "1415",
        "district": "大里區",
        "village": "立仁里",
        "location": "好來一街26號",
        "type": "沿街",
        "collection_type": "recycling",
        "day_of_week": 1
      }
    },
    {
      "type": "Feature",
      "geometry": {
        "type": "Point",
        "coordinates": [
          120.69988255944783,
          24.1089484604638
        ]
      },
      "properties": {
        "routeId": "taichung-200-q3-addb85-d1",
        "city": "taichung",
        "route_name": "200-Q3",
        "car_seq": "200-Q3",
        "arrival_time": "1415",
        "departure_time": "1420",
        "district": "大里區",
        "village": "立仁里",
        "location": "好來一街48號",
        "type": "沿街",
        "collection_type": "garbage",
        "day_of_week": 1
      }
    },
    {
      "type": "Feature",
      "geometry": {
        "type": "Point",
        "coordinates": [
          120.69988255944783,
          24.1089484604638
        ]
      },
      "properties": {
        "routeId": "taichung-200-q3-addb85-d1",
        "city": "taichung",
        "route_name": "200-Q3",
        "car_seq": "200-Q3",
        "arrival_time": "1415",
        "departure_time": "1420",
        "district": "大里區",
        "village": "立仁里",
        "location": "好來一街48號",
        "type": "沿街",
        "collection_type": "recycling",
        "day_of_week": 1
      }
    },
    {
      "type": "Feature",
      "geometry": {
        "type": "Point",
        "coordinates": [
          120.69972933219242,
          24.108470045451426
        ]
      },
      "properties": {
        "routeId": "taichung-200-q3-addb85-d1",
        "city": "taichung",
        "route_name": "200-Q3",
        "car_seq": "200-Q3",
        "arrival_time": "1415",
        "departure_time": "1420",
        "district": "大里區",
        "village": "立仁里",
        "location": "好來一街76號",
        "type": "沿街",
        "collection_type": "garbage",
        "day_of_week": 1
      }
    },
    {
      "type": "Feature",
      "geometry": {
        "type": "Point",
        "coordinates": [
          120.69972933219242,
          24.108470045451426
        ]
      },
      "properties": {
        "routeId": "taichung-200-q3-addb85-d1",
        "city": "taichung",
        "route_name": "200-Q3",
        "car_seq": "200-Q3",
        "arrival_time": "1415",
        "departure_time": "1420",
        "district": "大里區",
        "village": "立仁里",
        "location": "好來一街76號",
        "type": "沿街",
        "collection_type": "recycling",
        "day_of_week": 1
      }
    },
    {
      "type": "Feature",
      "geometry": {
        "type": "Point",
        "coordinates": [
          120.69963101321039,
          24.108157255535385
        ]
      },
      "properties": {
        "routeId": "taichung-200-q3-addb85-d1",
        "city": "taichung",
        "route_name": "200-Q3",
        "car_seq": "200-Q3",
        "arrival_time": "1415",
        "departure_time": "1420",
        "district": "大里區",
        "village": "立仁里",
        "location": "好來一街94號",
        "type": "沿街",
        "collection_type": "garbage",
        "day_of_week": 1
      }
    },
    {
      "type": "Feature",
      "geometry": {
        "type": "Point",
        "coordinates": [
          120.69963101321039,
          24.108157255535385
        ]
      },
      "properties": {
        "routeId": "taichung-200-q3-addb85-d1",
        "city": "taichung",
        "route_name": "200-Q3",
        "car_seq": "200-Q3",
        "arrival_time": "1415",
        "departure_time": "1420",
        "district": "大里區",
        "village": "立仁里",
        "location": "好來一街94號",
        "type": "沿街",
        "collection_type": "recycling",
        "day_of_week": 1
      }
    },
    {
      "type": "Feature",
      "geometry": {
        "type": "Point",
        "coordinates": [
          120.69952577523308,
          24.10781249701038
        ]
      },
      "properties": {
        "routeId": "taichung-200-q3-addb85-d1",
        "city": "taichung",
        "route_name": "200-Q3",
        "car_seq": "200-Q3",
        "arrival_time": "1415",
        "departure_time": "1420",
        "district": "大里區",
        "village": "立仁里",
        "location": "好來一街114號",
        "type": "沿街",
        "collection_type": "garbage",
        "day_of_week": 1
      }
    },
    {
      "type": "Feature",
      "geometry": {
        "type": "Point",
        "coordinates": [
          120.69952577523308,
          24.10781249701038
        ]
      },
      "properties": {
        "routeId": "taichung-200-q3-addb85-d1",
        "city": "taichung",
        "route_name": "200-Q3",
        "car_seq": "200-Q3",
        "arrival_time": "1415",
        "departure_time": "1420",
        "district": "大里區",
        "village": "立仁里",
        "location": "好來一街114號",
        "type": "沿街",
        "collection_type": "recycling",
        "day_of_week": 1
      }
    },
    {
      "type": "Feature",
      "geometry": {
        "type": "Point",
        "coordinates": [
          120.6994715280453,
          24.10765925226007
        ]
      },
      "properties": {
        "routeId": "taichung-200-q3-addb85-d1",
        "city": "taichung",
        "route_name": "200-Q3",
        "car_seq": "200-Q3",
        "arrival_time": "1415",
        "departure_time": "1420",
        "district": "大里區",
        "village": "立仁里",
        "location": "好來一街118之2號",
        "type": "沿街",
        "collection_type": "garbage",
        "day_of_week": 1
      }
    },
    {
      "type": "Feature",
      "geometry": {
        "type": "Point",
        "coordinates": [
          120.6994715280453,
          24.10765925226007
        ]
      },
      "properties": {
        "routeId": "taichung-200-q3-addb85-d1",
        "city": "taichung",
        "route_name": "200-Q3",
        "car_seq": "200-Q3",
        "arrival_time": "1415",
        "departure_time": "1420",
        "district": "大里區",
        "village": "立仁里",
        "location": "好來一街118之2號",
        "type": "沿街",
        "collection_type": "recycling",
        "day_of_week": 1
      }
    },
    {
      "type": "Feature",
      "geometry": {
        "type": "Point",
        "coordinates": [
          120.6992631853232,
          24.106722767777363
        ]
      },
      "properties": {
        "routeId": "taichung-200-q3-addb85-d1",
        "city": "taichung",
        "route_name": "200-Q3",
        "car_seq": "200-Q3",
        "arrival_time": "1420",
        "departure_time": "1423",
        "district": "大里區",
        "village": "立仁里",
        "location": "好來一街139之2號",
        "type": "沿街",
        "collection_type": "garbage",
        "day_of_week": 1
      }
    },
    {
      "type": "Feature",
      "geometry": {
        "type": "Point",
        "coordinates": [
          120.6992631853232,
          24.106722767777363
        ]
      },
      "properties": {
        "routeId": "taichung-200-q3-addb85-d1",
        "city": "taichung",
        "route_name": "200-Q3",
        "car_seq": "200-Q3",
        "arrival_time": "1420",
        "departure_time": "1423",
        "district": "大里區",
        "village": "立仁里",
        "location": "好來一街139之2號",
        "type": "沿街",
        "collection_type": "recycling",
        "day_of_week": 1
      }
    },
    {
      "type": "Feature",
      "geometry": {
        "type": "Point",
        "coordinates": [
          120.69863449747574,
          24.106569104540288
        ]
      },
      "properties": {
        "routeId": "taichung-200-q3-addb85-d1",
        "city": "taichung",
        "route_name": "200-Q3",
        "car_seq": "200-Q3",
        "arrival_time": "1420",
        "departure_time": "1423",
        "district": "大里區",
        "village": "立仁里",
        "location": "好來一街132巷",
        "type": "沿街",
        "collection_type": "garbage",
        "day_of_week": 1
      }
    },
    {
      "type": "Feature",
      "geometry": {
        "type": "Point",
        "coordinates": [
          120.69863449747574,
          24.106569104540288
        ]
      },
      "properties": {
        "routeId": "taichung-200-q3-addb85-d1",
        "city": "taichung",
        "route_name": "200-Q3",
        "car_seq": "200-Q3",
        "arrival_time": "1420",
        "departure_time": "1423",
        "district": "大里區",
        "village": "立仁里",
        "location": "好來一街132巷",
        "type": "沿街",
        "collection_type": "recycling",
        "day_of_week": 1
      }
    },
    {
      "type": "Feature",
      "geometry": {
        "type": "Point",
        "coordinates": [
          120.69829332133052,
          24.10603795594774
        ]
      },
      "properties": {
        "routeId": "taichung-200-q3-addb85-d1",
        "city": "taichung",
        "route_name": "200-Q3",
        "car_seq": "200-Q3",
        "arrival_time": "1420",
        "departure_time": "1423",
        "district": "大里區",
        "village": "立仁里",
        "location": "好來一街146號",
        "type": "沿街",
        "collection_type": "garbage",
        "day_of_week": 1
      }
    },
    {
      "type": "Feature",
      "geometry": {
        "type": "Point",
        "coordinates": [
          120.69829332133052,
          24.10603795594774
        ]
      },
      "properties": {
        "routeId": "taichung-200-q3-addb85-d1",
        "city": "taichung",
        "route_name": "200-Q3",
        "car_seq": "200-Q3",
        "arrival_time": "1420",
        "departure_time": "1423",
        "district": "大里區",
        "village": "立仁里",
        "location": "好來一街146號",
        "type": "沿街",
        "collection_type": "recycling",
        "day_of_week": 1
      }
    },
    {
      "type": "Feature",
      "geometry": {
        "type": "Point",
        "coordinates": [
          120.69797706763393,
          24.105677429653596
        ]
      },
      "properties": {
        "routeId": "taichung-200-q3-addb85-d1",
        "city": "taichung",
        "route_name": "200-Q3",
        "car_seq": "200-Q3",
        "arrival_time": "1423",
        "departure_time": "1425",
        "district": "大里區",
        "village": "立仁里",
        "location": "立新一街60號",
        "type": "沿街",
        "collection_type": "garbage",
        "day_of_week": 1
      }
    },
    {
      "type": "Feature",
      "geometry": {
        "type": "Point",
        "coordinates": [
          120.69797706763393,
          24.105677429653596
        ]
      },
      "properties": {
        "routeId": "taichung-200-q3-addb85-d1",
        "city": "taichung",
        "route_name": "200-Q3",
        "car_seq": "200-Q3",
        "arrival_time": "1423",
        "departure_time": "1425",
        "district": "大里區",
        "village": "立仁里",
        "location": "立新一街60號",
        "type": "沿街",
        "collection_type": "recycling",
        "day_of_week": 1
      }
    },
    {
      "type": "Feature",
      "geometry": {
        "type": "Point",
        "coordinates": [
          120.69768084248025,
          24.10548067188219
        ]
      },
      "properties": {
        "routeId": "taichung-200-q3-addb85-d1",
        "city": "taichung",
        "route_name": "200-Q3",
        "car_seq": "200-Q3",
        "arrival_time": "1423",
        "departure_time": "1425",
        "district": "大里區",
        "village": "立仁里",
        "location": "立新一街70號",
        "type": "沿街",
        "collection_type": "garbage",
        "day_of_week": 1
      }
    },
    {
      "type": "Feature",
      "geometry": {
        "type": "Point",
        "coordinates": [
          120.69768084248025,
          24.10548067188219
        ]
      },
      "properties": {
        "routeId": "taichung-200-q3-addb85-d1",
        "city": "taichung",
        "route_name": "200-Q3",
        "car_seq": "200-Q3",
        "arrival_time": "1423",
        "departure_time": "1425",
        "district": "大里區",
        "village": "立仁里",
        "location": "立新一街70號",
        "type": "沿街",
        "collection_type": "recycling",
        "day_of_week": 1
      }
    },
    {
      "type": "Feature",
      "geometry": {
        "type": "Point",
        "coordinates": [
          120.69718885155264,
          24.105340654604863
        ]
      },
      "properties": {
        "routeId": "taichung-200-q3-addb85-d1",
        "city": "taichung",
        "route_name": "200-Q3",
        "car_seq": "200-Q3",
        "arrival_time": "1423",
        "departure_time": "1425",
        "district": "大里區",
        "village": "立仁里",
        "location": "立新一街88號",
        "type": "沿街",
        "collection_type": "garbage",
        "day_of_week": 1
      }
    },
    {
      "type": "Feature",
      "geometry": {
        "type": "Point",
        "coordinates": [
          120.69718885155264,
          24.105340654604863
        ]
      },
      "properties": {
        "routeId": "taichung-200-q3-addb85-d1",
        "city": "taichung",
        "route_name": "200-Q3",
        "car_seq": "200-Q3",
        "arrival_time": "1423",
        "departure_time": "1425",
        "district": "大里區",
        "village": "立仁里",
        "location": "立新一街88號",
        "type": "沿街",
        "collection_type": "recycling",
        "day_of_week": 1
      }
    },
    {
      "type": "Feature",
      "geometry": {
        "type": "Point",
        "coordinates": [
          120.69703636383761,
          24.10572461525899
        ]
      },
      "properties": {
        "routeId": "taichung-200-q3-addb85-d1",
        "city": "taichung",
        "route_name": "200-Q3",
        "car_seq": "200-Q3",
        "arrival_time": "1425",
        "departure_time": "1427",
        "district": "大里區",
        "village": "立仁里",
        "location": "甲興路26號",
        "type": "沿街",
        "collection_type": "garbage",
        "day_of_week": 1
      }
    },
    {
      "type": "Feature",
      "geometry": {
        "type": "Point",
        "coordinates": [
          120.69703636383761,
          24.10572461525899
        ]
      },
      "properties": {
        "routeId": "taichung-200-q3-addb85-d1",
        "city": "taichung",
        "route_name": "200-Q3",
        "car_seq": "200-Q3",
        "arrival_time": "1425",
        "departure_time": "1427",
        "district": "大里區",
        "village": "立仁里",
        "location": "甲興路26號",
        "type": "沿街",
        "collection_type": "recycling",
        "day_of_week": 1
      }
    },
    {
      "type": "Feature",
      "geometry": {
        "type": "Point",
        "coordinates": [
          120.69717431071723,
          24.105939706372965
        ]
      },
      "properties": {
        "routeId": "taichung-200-q3-addb85-d1",
        "city": "taichung",
        "route_name": "200-Q3",
        "car_seq": "200-Q3",
        "arrival_time": "1425",
        "departure_time": "1427",
        "district": "大里區",
        "village": "立仁里",
        "location": "甲興路38號",
        "type": "沿街",
        "collection_type": "garbage",
        "day_of_week": 1
      }
    },
    {
      "type": "Feature",
      "geometry": {
        "type": "Point",
        "coordinates": [
          120.69717431071723,
          24.105939706372965
        ]
      },
      "properties": {
        "routeId": "taichung-200-q3-addb85-d1",
        "city": "taichung",
        "route_name": "200-Q3",
        "car_seq": "200-Q3",
        "arrival_time": "1425",
        "departure_time": "1427",
        "district": "大里區",
        "village": "立仁里",
        "location": "甲興路38號",
        "type": "沿街",
        "collection_type": "recycling",
        "day_of_week": 1
      }
    },
    {
      "type": "Feature",
      "geometry": {
        "type": "Point",
        "coordinates": [
          120.6975728337347,
          24.106101010609684
        ]
      },
      "properties": {
        "routeId": "taichung-200-q3-addb85-d1",
        "city": "taichung",
        "route_name": "200-Q3",
        "car_seq": "200-Q3",
        "arrival_time": "1425",
        "departure_time": "1427",
        "district": "大里區",
        "village": "立仁里",
        "location": "甲興路70號",
        "type": "沿街",
        "collection_type": "garbage",
        "day_of_week": 1
      }
    },
    {
      "type": "Feature",
      "geometry": {
        "type": "Point",
        "coordinates": [
          120.6975728337347,
          24.106101010609684
        ]
      },
      "properties": {
        "routeId": "taichung-200-q3-addb85-d1",
        "city": "taichung",
        "route_name": "200-Q3",
        "car_seq": "200-Q3",
        "arrival_time": "1425",
        "departure_time": "1427",
        "district": "大里區",
        "village": "立仁里",
        "location": "甲興路70號",
        "type": "沿街",
        "collection_type": "recycling",
        "day_of_week": 1
      }
    },
    {
      "type": "Feature",
      "geometry": {
        "type": "Point",
        "coordinates": [
          120.69731408727702,
          24.10653578615083
        ]
      },
      "properties": {
        "routeId": "taichung-200-q3-addb85-d1",
        "city": "taichung",
        "route_name": "200-Q3",
        "car_seq": "200-Q3",
        "arrival_time": "1427",
        "departure_time": "1430",
        "district": "大里區",
        "village": "立仁里",
        "location": "甲堤三街23號",
        "type": "沿街",
        "collection_type": "garbage",
        "day_of_week": 1
      }
    },
    {
      "type": "Feature",
      "geometry": {
        "type": "Point",
        "coordinates": [
          120.69731408727702,
          24.10653578615083
        ]
      },
      "properties": {
        "routeId": "taichung-200-q3-addb85-d1",
        "city": "taichung",
        "route_name": "200-Q3",
        "car_seq": "200-Q3",
        "arrival_time": "1427",
        "departure_time": "1430",
        "district": "大里區",
        "village": "立仁里",
        "location": "甲堤三街23號",
        "type": "沿街",
        "collection_type": "recycling",
        "day_of_week": 1
      }
    },
    {
      "type": "Feature",
      "geometry": {
        "type": "Point",
        "coordinates": [
          120.6969135130156,
          24.106710586361707
        ]
      },
      "properties": {
        "routeId": "taichung-200-q3-addb85-d1",
        "city": "taichung",
        "route_name": "200-Q3",
        "car_seq": "200-Q3",
        "arrival_time": "1427",
        "departure_time": "1430",
        "district": "大里區",
        "village": "立仁里",
        "location": "甲堤三街3號",
        "type": "沿街",
        "collection_type": "garbage",
        "day_of_week": 1
      }
    },
    {
      "type": "Feature",
      "geometry": {
        "type": "Point",
        "coordinates": [
          120.6969135130156,
          24.106710586361707
        ]
      },
      "properties": {
        "routeId": "taichung-200-q3-addb85-d1",
        "city": "taichung",
        "route_name": "200-Q3",
        "car_seq": "200-Q3",
        "arrival_time": "1427",
        "departure_time": "1430",
        "district": "大里區",
        "village": "立仁里",
        "location": "甲堤三街3號",
        "type": "沿街",
        "collection_type": "recycling",
        "day_of_week": 1
      }
    },
    {
      "type": "Feature",
      "geometry": {
        "type": "Point",
        "coordinates": [
          120.69717245969892,
          24.106868996248096
        ]
      },
      "properties": {
        "routeId": "taichung-200-q3-addb85-d1",
        "city": "taichung",
        "route_name": "200-Q3",
        "car_seq": "200-Q3",
        "arrival_time": "1427",
        "departure_time": "1430",
        "district": "大里區",
        "village": "立仁里",
        "location": "甲堤五街16號",
        "type": "沿街",
        "collection_type": "garbage",
        "day_of_week": 1
      }
    },
    {
      "type": "Feature",
      "geometry": {
        "type": "Point",
        "coordinates": [
          120.69717245969892,
          24.106868996248096
        ]
      },
      "properties": {
        "routeId": "taichung-200-q3-addb85-d1",
        "city": "taichung",
        "route_name": "200-Q3",
        "car_seq": "200-Q3",
        "arrival_time": "1427",
        "departure_time": "1430",
        "district": "大里區",
        "village": "立仁里",
        "location": "甲堤五街16號",
        "type": "沿街",
        "collection_type": "recycling",
        "day_of_week": 1
      }
    },
    {
      "type": "Feature",
      "geometry": {
        "type": "Point",
        "coordinates": [
          120.6976179758546,
          24.106733110575636
        ]
      },
      "properties": {
        "routeId": "taichung-200-q3-addb85-d1",
        "city": "taichung",
        "route_name": "200-Q3",
        "car_seq": "200-Q3",
        "arrival_time": "1427",
        "departure_time": "1430",
        "district": "大里區",
        "village": "立仁里",
        "location": "甲堤五街38號",
        "type": "沿街",
        "collection_type": "garbage",
        "day_of_week": 1
      }
    },
    {
      "type": "Feature",
      "geometry": {
        "type": "Point",
        "coordinates": [
          120.6976179758546,
          24.106733110575636
        ]
      },
      "properties": {
        "routeId": "taichung-200-q3-addb85-d1",
        "city": "taichung",
        "route_name": "200-Q3",
        "car_seq": "200-Q3",
        "arrival_time": "1427",
        "departure_time": "1430",
        "district": "大里區",
        "village": "立仁里",
        "location": "甲堤五街38號",
        "type": "沿街",
        "collection_type": "recycling",
        "day_of_week": 1
      }
    },
    {
      "type": "Feature",
      "geometry": {
        "type": "Point",
        "coordinates": [
          120.6979687225718,
          24.107297697224936
        ]
      },
      "properties": {
        "routeId": "taichung-200-q3-addb85-d1",
        "city": "taichung",
        "route_name": "200-Q3",
        "car_seq": "200-Q3",
        "arrival_time": "1430",
        "departure_time": "1433",
        "district": "大里區",
        "village": "立仁里",
        "location": "甲堤六街27號",
        "type": "沿街",
        "collection_type": "garbage",
        "day_of_week": 1
      }
    },
    {
      "type": "Feature",
      "geometry": {
        "type": "Point",
        "coordinates": [
          120.6979687225718,
          24.107297697224936
        ]
      },
      "properties": {
        "routeId": "taichung-200-q3-addb85-d1",
        "city": "taichung",
        "route_name": "200-Q3",
        "car_seq": "200-Q3",
        "arrival_time": "1430",
        "departure_time": "1433",
        "district": "大里區",
        "village": "立仁里",
        "location": "甲堤六街27號",
        "type": "沿街",
        "collection_type": "recycling",
        "day_of_week": 1
      }
    },
    {
      "type": "Feature",
      "geometry": {
        "type": "Point",
        "coordinates": [
          120.69739562014844,
          24.107467028911575
        ]
      },
      "properties": {
        "routeId": "taichung-200-q3-addb85-d1",
        "city": "taichung",
        "route_name": "200-Q3",
        "car_seq": "200-Q3",
        "arrival_time": "1430",
        "departure_time": "1433",
        "district": "大里區",
        "village": "立仁里",
        "location": "甲堤六街3號",
        "type": "沿街",
        "collection_type": "garbage",
        "day_of_week": 1
      }
    },
    {
      "type": "Feature",
      "geometry": {
        "type": "Point",
        "coordinates": [
          120.69739562014844,
          24.107467028911575
        ]
      },
      "properties": {
        "routeId": "taichung-200-q3-addb85-d1",
        "city": "taichung",
        "route_name": "200-Q3",
        "car_seq": "200-Q3",
        "arrival_time": "1430",
        "departure_time": "1433",
        "district": "大里區",
        "village": "立仁里",
        "location": "甲堤六街3號",
        "type": "沿街",
        "collection_type": "recycling",
        "day_of_week": 1
      }
    },
    {
      "type": "Feature",
      "geometry": {
        "type": "Point",
        "coordinates": [
          120.6979534826634,
          24.107810372635925
        ]
      },
      "properties": {
        "routeId": "taichung-200-q3-addb85-d1",
        "city": "taichung",
        "route_name": "200-Q3",
        "car_seq": "200-Q3",
        "arrival_time": "1430",
        "departure_time": "1433",
        "district": "大里區",
        "village": "立仁里",
        "location": "甲堤七街21號",
        "type": "沿街",
        "collection_type": "garbage",
        "day_of_week": 1
      }
    },
    {
      "type": "Feature",
      "geometry": {
        "type": "Point",
        "coordinates": [
          120.6979534826634,
          24.107810372635925
        ]
      },
      "properties": {
        "routeId": "taichung-200-q3-addb85-d1",
        "city": "taichung",
        "route_name": "200-Q3",
        "car_seq": "200-Q3",
        "arrival_time": "1430",
        "departure_time": "1433",
        "district": "大里區",
        "village": "立仁里",
        "location": "甲堤七街21號",
        "type": "沿街",
        "collection_type": "recycling",
        "day_of_week": 1
      }
    },
    {
      "type": "Feature",
      "geometry": {
        "type": "Point",
        "coordinates": [
          120.69867461937517,
          24.107671525037254
        ]
      },
      "properties": {
        "routeId": "taichung-200-q3-addb85-d1",
        "city": "taichung",
        "route_name": "200-Q3",
        "car_seq": "200-Q3",
        "arrival_time": "1433",
        "departure_time": "1437",
        "district": "大里區",
        "village": "立仁里",
        "location": "甲興路170號",
        "type": "沿街",
        "collection_type": "garbage",
        "day_of_week": 1
      }
    },
    {
      "type": "Feature",
      "geometry": {
        "type": "Point",
        "coordinates": [
          120.69867461937517,
          24.107671525037254
        ]
      },
      "properties": {
        "routeId": "taichung-200-q3-addb85-d1",
        "city": "taichung",
        "route_name": "200-Q3",
        "car_seq": "200-Q3",
        "arrival_time": "1433",
        "departure_time": "1437",
        "district": "大里區",
        "village": "立仁里",
        "location": "甲興路170號",
        "type": "沿街",
        "collection_type": "recycling",
        "day_of_week": 1
      }
    },
    {
      "type": "Feature",
      "geometry": {
        "type": "Point",
        "coordinates": [
          120.69797163728403,
          24.108252558546063
        ]
      },
      "properties": {
        "routeId": "taichung-200-q3-addb85-d1",
        "city": "taichung",
        "route_name": "200-Q3",
        "car_seq": "200-Q3",
        "arrival_time": "1433",
        "departure_time": "1437",
        "district": "大里區",
        "village": "立仁里",
        "location": "甲堤八街13號",
        "type": "沿街",
        "collection_type": "garbage",
        "day_of_week": 1
      }
    },
    {
      "type": "Feature",
      "geometry": {
        "type": "Point",
        "coordinates": [
          120.69797163728403,
          24.108252558546063
        ]
      },
      "properties": {
        "routeId": "taichung-200-q3-addb85-d1",
        "city": "taichung",
        "route_name": "200-Q3",
        "car_seq": "200-Q3",
        "arrival_time": "1433",
        "departure_time": "1437",
        "district": "大里區",
        "village": "立仁里",
        "location": "甲堤八街13號",
        "type": "沿街",
        "collection_type": "recycling",
        "day_of_week": 1
      }
    },
    {
      "type": "Feature",
      "geometry": {
        "type": "Point",
        "coordinates": [
          120.69822555610617,
          24.10843432471411
        ]
      },
      "properties": {
        "routeId": "taichung-200-q3-addb85-d1",
        "city": "taichung",
        "route_name": "200-Q3",
        "car_seq": "200-Q3",
        "arrival_time": "1433",
        "departure_time": "1437",
        "district": "大里區",
        "village": "立仁里",
        "location": "甲堤九街22號",
        "type": "沿街",
        "collection_type": "garbage",
        "day_of_week": 1
      }
    },
    {
      "type": "Feature",
      "geometry": {
        "type": "Point",
        "coordinates": [
          120.69822555610617,
          24.10843432471411
        ]
      },
      "properties": {
        "routeId": "taichung-200-q3-addb85-d1",
        "city": "taichung",
        "route_name": "200-Q3",
        "car_seq": "200-Q3",
        "arrival_time": "1433",
        "departure_time": "1437",
        "district": "大里區",
        "village": "立仁里",
        "location": "甲堤九街22號",
        "type": "沿街",
        "collection_type": "recycling",
        "day_of_week": 1
      }
    },
    {
      "type": "Feature",
      "geometry": {
        "type": "Point",
        "coordinates": [
          120.69851212397982,
          24.108368524503017
        ]
      },
      "properties": {
        "routeId": "taichung-200-q3-addb85-d1",
        "city": "taichung",
        "route_name": "200-Q3",
        "car_seq": "200-Q3",
        "arrival_time": "1433",
        "departure_time": "1437",
        "district": "大里區",
        "village": "立仁里",
        "location": "甲堤九街36號",
        "type": "沿街",
        "collection_type": "garbage",
        "day_of_week": 1
      }
    },
    {
      "type": "Feature",
      "geometry": {
        "type": "Point",
        "coordinates": [
          120.69851212397982,
          24.108368524503017
        ]
      },
      "properties": {
        "routeId": "taichung-200-q3-addb85-d1",
        "city": "taichung",
        "route_name": "200-Q3",
        "car_seq": "200-Q3",
        "arrival_time": "1433",
        "departure_time": "1437",
        "district": "大里區",
        "village": "立仁里",
        "location": "甲堤九街36號",
        "type": "沿街",
        "collection_type": "recycling",
        "day_of_week": 1
      }
    },
    {
      "type": "Feature",
      "geometry": {
        "type": "Point",
        "coordinates": [
          120.69867270742712,
          24.10899707745087
        ]
      },
      "properties": {
        "routeId": "taichung-200-q3-addb85-d1",
        "city": "taichung",
        "route_name": "200-Q3",
        "car_seq": "200-Q3",
        "arrival_time": "1433",
        "departure_time": "1437",
        "district": "大里區",
        "village": "立仁里",
        "location": "甲堤十街19號",
        "type": "沿街",
        "collection_type": "garbage",
        "day_of_week": 1
      }
    },
    {
      "type": "Feature",
      "geometry": {
        "type": "Point",
        "coordinates": [
          120.69867270742712,
          24.10899707745087
        ]
      },
      "properties": {
        "routeId": "taichung-200-q3-addb85-d1",
        "city": "taichung",
        "route_name": "200-Q3",
        "car_seq": "200-Q3",
        "arrival_time": "1433",
        "departure_time": "1437",
        "district": "大里區",
        "village": "立仁里",
        "location": "甲堤十街19號",
        "type": "沿街",
        "collection_type": "recycling",
        "day_of_week": 1
      }
    },
    {
      "type": "Feature",
      "geometry": {
        "type": "Point",
        "coordinates": [
          120.70031241740901,
          24.108914902188523
        ]
      },
      "properties": {
        "routeId": "taichung-200-q3-addb85-d1",
        "city": "taichung",
        "route_name": "200-Q3",
        "car_seq": "200-Q3",
        "arrival_time": "1437",
        "departure_time": "1441",
        "district": "大里區",
        "village": "立仁里",
        "location": "好來三街3號",
        "type": "沿街",
        "collection_type": "garbage",
        "day_of_week": 1
      }
    },
    {
      "type": "Feature",
      "geometry": {
        "type": "Point",
        "coordinates": [
          120.70031241740901,
          24.108914902188523
        ]
      },
      "properties": {
        "routeId": "taichung-200-q3-addb85-d1",
        "city": "taichung",
        "route_name": "200-Q3",
        "car_seq": "200-Q3",
        "arrival_time": "1437",
        "departure_time": "1441",
        "district": "大里區",
        "village": "立仁里",
        "location": "好來三街3號",
        "type": "沿街",
        "collection_type": "recycling",
        "day_of_week": 1
      }
    },
    {
      "type": "Feature",
      "geometry": {
        "type": "Point",
        "coordinates": [
          120.70063947286887,
          24.10867634626811
        ]
      },
      "properties": {
        "routeId": "taichung-200-q3-addb85-d1",
        "city": "taichung",
        "route_name": "200-Q3",
        "car_seq": "200-Q3",
        "arrival_time": "1437",
        "departure_time": "1441",
        "district": "大里區",
        "village": "立仁里",
        "location": "好來三街10號",
        "type": "沿街",
        "collection_type": "garbage",
        "day_of_week": 1
      }
    },
    {
      "type": "Feature",
      "geometry": {
        "type": "Point",
        "coordinates": [
          120.70063947286887,
          24.10867634626811
        ]
      },
      "properties": {
        "routeId": "taichung-200-q3-addb85-d1",
        "city": "taichung",
        "route_name": "200-Q3",
        "car_seq": "200-Q3",
        "arrival_time": "1437",
        "departure_time": "1441",
        "district": "大里區",
        "village": "立仁里",
        "location": "好來三街10號",
        "type": "沿街",
        "collection_type": "recycling",
        "day_of_week": 1
      }
    },
    {
      "type": "Feature",
      "geometry": {
        "type": "Point",
        "coordinates": [
          120.7012033279604,
          24.10850355321078
        ]
      },
      "properties": {
        "routeId": "taichung-200-q3-addb85-d1",
        "city": "taichung",
        "route_name": "200-Q3",
        "car_seq": "200-Q3",
        "arrival_time": "1437",
        "departure_time": "1441",
        "district": "大里區",
        "village": "立仁里",
        "location": "好來三街26號",
        "type": "沿街",
        "collection_type": "garbage",
        "day_of_week": 1
      }
    },
    {
      "type": "Feature",
      "geometry": {
        "type": "Point",
        "coordinates": [
          120.7012033279604,
          24.10850355321078
        ]
      },
      "properties": {
        "routeId": "taichung-200-q3-addb85-d1",
        "city": "taichung",
        "route_name": "200-Q3",
        "car_seq": "200-Q3",
        "arrival_time": "1437",
        "departure_time": "1441",
        "district": "大里區",
        "village": "立仁里",
        "location": "好來三街26號",
        "type": "沿街",
        "collection_type": "recycling",
        "day_of_week": 1
      }
    },
    {
      "type": "Feature",
      "geometry": {
        "type": "Point",
        "coordinates": [
          120.70149619559251,
          24.108499069120672
        ]
      },
      "properties": {
        "routeId": "taichung-200-q3-addb85-d1",
        "city": "taichung",
        "route_name": "200-Q3",
        "car_seq": "200-Q3",
        "arrival_time": "1437",
        "departure_time": "1441",
        "district": "大里區",
        "village": "立仁里",
        "location": "好來三街34號",
        "type": "沿街",
        "collection_type": "garbage",
        "day_of_week": 1
      }
    },
    {
      "type": "Feature",
      "geometry": {
        "type": "Point",
        "coordinates": [
          120.70149619559251,
          24.108499069120672
        ]
      },
      "properties": {
        "routeId": "taichung-200-q3-addb85-d1",
        "city": "taichung",
        "route_name": "200-Q3",
        "car_seq": "200-Q3",
        "arrival_time": "1437",
        "departure_time": "1441",
        "district": "大里區",
        "village": "立仁里",
        "location": "好來三街34號",
        "type": "沿街",
        "collection_type": "recycling",
        "day_of_week": 1
      }
    },
    {
      "type": "Feature",
      "geometry": {
        "type": "Point",
        "coordinates": [
          120.7020092015727,
          24.108534472237338
        ]
      },
      "properties": {
        "routeId": "taichung-200-q3-addb85-d1",
        "city": "taichung",
        "route_name": "200-Q3",
        "car_seq": "200-Q3",
        "arrival_time": "1441",
        "departure_time": "1445",
        "district": "大里區",
        "village": "立仁里",
        "location": "好來三街48號",
        "type": "沿街",
        "collection_type": "garbage",
        "day_of_week": 1
      }
    },
    {
      "type": "Feature",
      "geometry": {
        "type": "Point",
        "coordinates": [
          120.7020092015727,
          24.108534472237338
        ]
      },
      "properties": {
        "routeId": "taichung-200-q3-addb85-d1",
        "city": "taichung",
        "route_name": "200-Q3",
        "car_seq": "200-Q3",
        "arrival_time": "1441",
        "departure_time": "1445",
        "district": "大里區",
        "village": "立仁里",
        "location": "好來三街48號",
        "type": "沿街",
        "collection_type": "recycling",
        "day_of_week": 1
      }
    },
    {
      "type": "Feature",
      "geometry": {
        "type": "Point",
        "coordinates": [
          120.70240506375903,
          24.10810391070874
        ]
      },
      "properties": {
        "routeId": "taichung-200-q3-addb85-d1",
        "city": "taichung",
        "route_name": "200-Q3",
        "car_seq": "200-Q3",
        "arrival_time": "1441",
        "departure_time": "1445",
        "district": "大里區",
        "village": "立仁里",
        "location": "好來六街24號",
        "type": "沿街",
        "collection_type": "garbage",
        "day_of_week": 1
      }
    },
    {
      "type": "Feature",
      "geometry": {
        "type": "Point",
        "coordinates": [
          120.70240506375903,
          24.10810391070874
        ]
      },
      "properties": {
        "routeId": "taichung-200-q3-addb85-d1",
        "city": "taichung",
        "route_name": "200-Q3",
        "car_seq": "200-Q3",
        "arrival_time": "1441",
        "departure_time": "1445",
        "district": "大里區",
        "village": "立仁里",
        "location": "好來六街24號",
        "type": "沿街",
        "collection_type": "recycling",
        "day_of_week": 1
      }
    },
    {
      "type": "Feature",
      "geometry": {
        "type": "Point",
        "coordinates": [
          120.70215090268172,
          24.108003306933586
        ]
      },
      "properties": {
        "routeId": "taichung-200-q3-addb85-d1",
        "city": "taichung",
        "route_name": "200-Q3",
        "car_seq": "200-Q3",
        "arrival_time": "1441",
        "departure_time": "1445",
        "district": "大里區",
        "village": "立仁里",
        "location": "好來六街34號",
        "type": "沿街",
        "collection_type": "garbage",
        "day_of_week": 1
      }
    },
    {
      "type": "Feature",
      "geometry": {
        "type": "Point",
        "coordinates": [
          120.70215090268172,
          24.108003306933586
        ]
      },
      "properties": {
        "routeId": "taichung-200-q3-addb85-d1",
        "city": "taichung",
        "route_name": "200-Q3",
        "car_seq": "200-Q3",
        "arrival_time": "1441",
        "departure_time": "1445",
        "district": "大里區",
        "village": "立仁里",
        "location": "好來六街34號",
        "type": "沿街",
        "collection_type": "recycling",
        "day_of_week": 1
      }
    },
    {
      "type": "Feature",
      "geometry": {
        "type": "Point",
        "coordinates": [
          120.70179506922005,
          24.10782541161863
        ]
      },
      "properties": {
        "routeId": "taichung-200-q3-addb85-d1",
        "city": "taichung",
        "route_name": "200-Q3",
        "car_seq": "200-Q3",
        "arrival_time": "1441",
        "departure_time": "1445",
        "district": "大里區",
        "village": "立仁里",
        "location": "好來六街52號",
        "type": "沿街",
        "collection_type": "garbage",
        "day_of_week": 1
      }
    },
    {
      "type": "Feature",
      "geometry": {
        "type": "Point",
        "coordinates": [
          120.70179506922005,
          24.10782541161863
        ]
      },
      "properties": {
        "routeId": "taichung-200-q3-addb85-d1",
        "city": "taichung",
        "route_name": "200-Q3",
        "car_seq": "200-Q3",
        "arrival_time": "1441",
        "departure_time": "1445",
        "district": "大里區",
        "village": "立仁里",
        "location": "好來六街52號",
        "type": "沿街",
        "collection_type": "recycling",
        "day_of_week": 1
      }
    },
    {
      "type": "Feature",
      "geometry": {
        "type": "Point",
        "coordinates": [
          120.70147942175949,
          24.107630049919777
        ]
      },
      "properties": {
        "routeId": "taichung-200-q3-addb85-d1",
        "city": "taichung",
        "route_name": "200-Q3",
        "car_seq": "200-Q3",
        "arrival_time": "1445",
        "departure_time": "1447",
        "district": "大里區",
        "village": "立仁里",
        "location": "好來六街68號",
        "type": "沿街",
        "collection_type": "garbage",
        "day_of_week": 1
      }
    },
    {
      "type": "Feature",
      "geometry": {
        "type": "Point",
        "coordinates": [
          120.70147942175949,
          24.107630049919777
        ]
      },
      "properties": {
        "routeId": "taichung-200-q3-addb85-d1",
        "city": "taichung",
        "route_name": "200-Q3",
        "car_seq": "200-Q3",
        "arrival_time": "1445",
        "departure_time": "1447",
        "district": "大里區",
        "village": "立仁里",
        "location": "好來六街68號",
        "type": "沿街",
        "collection_type": "recycling",
        "day_of_week": 1
      }
    },
    {
      "type": "Feature",
      "geometry": {
        "type": "Point",
        "coordinates": [
          120.70124142210032,
          24.107352383189436
        ]
      },
      "properties": {
        "routeId": "taichung-200-q3-addb85-d1",
        "city": "taichung",
        "route_name": "200-Q3",
        "car_seq": "200-Q3",
        "arrival_time": "1445",
        "departure_time": "1447",
        "district": "大里區",
        "village": "立仁里",
        "location": "好來六街78號",
        "type": "沿街",
        "collection_type": "garbage",
        "day_of_week": 1
      }
    },
    {
      "type": "Feature",
      "geometry": {
        "type": "Point",
        "coordinates": [
          120.70124142210032,
          24.107352383189436
        ]
      },
      "properties": {
        "routeId": "taichung-200-q3-addb85-d1",
        "city": "taichung",
        "route_name": "200-Q3",
        "car_seq": "200-Q3",
        "arrival_time": "1445",
        "departure_time": "1447",
        "district": "大里區",
        "village": "立仁里",
        "location": "好來六街78號",
        "type": "沿街",
        "collection_type": "recycling",
        "day_of_week": 1
      }
    },
    {
      "type": "Feature",
      "geometry": {
        "type": "Point",
        "coordinates": [
          120.70105923990221,
          24.107082355777074
        ]
      },
      "properties": {
        "routeId": "taichung-200-q3-addb85-d1",
        "city": "taichung",
        "route_name": "200-Q3",
        "car_seq": "200-Q3",
        "arrival_time": "1445",
        "departure_time": "1447",
        "district": "大里區",
        "village": "立仁里",
        "location": "好來六街94號",
        "type": "沿街",
        "collection_type": "garbage",
        "day_of_week": 1
      }
    },
    {
      "type": "Feature",
      "geometry": {
        "type": "Point",
        "coordinates": [
          120.70105923990221,
          24.107082355777074
        ]
      },
      "properties": {
        "routeId": "taichung-200-q3-addb85-d1",
        "city": "taichung",
        "route_name": "200-Q3",
        "car_seq": "200-Q3",
        "arrival_time": "1445",
        "departure_time": "1447",
        "district": "大里區",
        "village": "立仁里",
        "location": "好來六街94號",
        "type": "沿街",
        "collection_type": "recycling",
        "day_of_week": 1
      }
    },
    {
      "type": "Feature",
      "geometry": {
        "type": "Point",
        "coordinates": [
          120.7008042754546,
          24.106757305160208
        ]
      },
      "properties": {
        "routeId": "taichung-200-q3-addb85-d1",
        "city": "taichung",
        "route_name": "200-Q3",
        "car_seq": "200-Q3",
        "arrival_time": "1447",
        "departure_time": "1450",
        "district": "大里區",
        "village": "立仁里",
        "location": "好來六街117號",
        "type": "沿街",
        "collection_type": "garbage",
        "day_of_week": 1
      }
    },
    {
      "type": "Feature",
      "geometry": {
        "type": "Point",
        "coordinates": [
          120.7008042754546,
          24.106757305160208
        ]
      },
      "properties": {
        "routeId": "taichung-200-q3-addb85-d1",
        "city": "taichung",
        "route_name": "200-Q3",
        "car_seq": "200-Q3",
        "arrival_time": "1447",
        "departure_time": "1450",
        "district": "大里區",
        "village": "立仁里",
        "location": "好來六街117號",
        "type": "沿街",
        "collection_type": "recycling",
        "day_of_week": 1
      }
    },
    {
      "type": "Feature",
      "geometry": {
        "type": "Point",
        "coordinates": [
          120.70038592790372,
          24.106620133044565
        ]
      },
      "properties": {
        "routeId": "taichung-200-q3-addb85-d1",
        "city": "taichung",
        "route_name": "200-Q3",
        "car_seq": "200-Q3",
        "arrival_time": "1447",
        "departure_time": "1450",
        "district": "大里區",
        "village": "立仁里",
        "location": "好來六街124號",
        "type": "沿街",
        "collection_type": "garbage",
        "day_of_week": 1
      }
    },
    {
      "type": "Feature",
      "geometry": {
        "type": "Point",
        "coordinates": [
          120.70038592790372,
          24.106620133044565
        ]
      },
      "properties": {
        "routeId": "taichung-200-q3-addb85-d1",
        "city": "taichung",
        "route_name": "200-Q3",
        "car_seq": "200-Q3",
        "arrival_time": "1447",
        "departure_time": "1450",
        "district": "大里區",
        "village": "立仁里",
        "location": "好來六街124號",
        "type": "沿街",
        "collection_type": "recycling",
        "day_of_week": 1
      }
    },
    {
      "type": "Feature",
      "geometry": {
        "type": "Point",
        "coordinates": [
          120.69999690275014,
          24.10631498981061
        ]
      },
      "properties": {
        "routeId": "taichung-200-q3-addb85-d1",
        "city": "taichung",
        "route_name": "200-Q3",
        "car_seq": "200-Q3",
        "arrival_time": "1447",
        "departure_time": "1450",
        "district": "大里區",
        "village": "立仁里",
        "location": "好來六街159號",
        "type": "沿街",
        "collection_type": "garbage",
        "day_of_week": 1
      }
    },
    {
      "type": "Feature",
      "geometry": {
        "type": "Point",
        "coordinates": [
          120.69999690275014,
          24.10631498981061
        ]
      },
      "properties": {
        "routeId": "taichung-200-q3-addb85-d1",
        "city": "taichung",
        "route_name": "200-Q3",
        "car_seq": "200-Q3",
        "arrival_time": "1447",
        "departure_time": "1450",
        "district": "大里區",
        "village": "立仁里",
        "location": "好來六街159號",
        "type": "沿街",
        "collection_type": "recycling",
        "day_of_week": 1
      }
    },
    {
      "type": "Feature",
      "geometry": {
        "type": "Point",
        "coordinates": [
          120.69976725236693,
          24.10646677399814
        ]
      },
      "properties": {
        "routeId": "taichung-200-q3-addb85-d1",
        "city": "taichung",
        "route_name": "200-Q3",
        "car_seq": "200-Q3",
        "arrival_time": "1450",
        "departure_time": "1455",
        "district": "大里區",
        "village": "立仁里",
        "location": "好來五街159號",
        "type": "沿街",
        "collection_type": "garbage",
        "day_of_week": 1
      }
    },
    {
      "type": "Feature",
      "geometry": {
        "type": "Point",
        "coordinates": [
          120.69976725236693,
          24.10646677399814
        ]
      },
      "properties": {
        "routeId": "taichung-200-q3-addb85-d1",
        "city": "taichung",
        "route_name": "200-Q3",
        "car_seq": "200-Q3",
        "arrival_time": "1450",
        "departure_time": "1455",
        "district": "大里區",
        "village": "立仁里",
        "location": "好來五街159號",
        "type": "沿街",
        "collection_type": "recycling",
        "day_of_week": 1
      }
    },
    {
      "type": "Feature",
      "geometry": {
        "type": "Point",
        "coordinates": [
          120.6999151146742,
          24.106967020588975
        ]
      },
      "properties": {
        "routeId": "taichung-200-q3-addb85-d1",
        "city": "taichung",
        "route_name": "200-Q3",
        "car_seq": "200-Q3",
        "arrival_time": "1450",
        "departure_time": "1455",
        "district": "大里區",
        "village": "立仁里",
        "location": "好來五街135號",
        "type": "沿街",
        "collection_type": "garbage",
        "day_of_week": 1
      }
    },
    {
      "type": "Feature",
      "geometry": {
        "type": "Point",
        "coordinates": [
          120.6999151146742,
          24.106967020588975
        ]
      },
      "properties": {
        "routeId": "taichung-200-q3-addb85-d1",
        "city": "taichung",
        "route_name": "200-Q3",
        "car_seq": "200-Q3",
        "arrival_time": "1450",
        "departure_time": "1455",
        "district": "大里區",
        "village": "立仁里",
        "location": "好來五街135號",
        "type": "沿街",
        "collection_type": "recycling",
        "day_of_week": 1
      }
    },
    {
      "type": "Feature",
      "geometry": {
        "type": "Point",
        "coordinates": [
          120.70001528755118,
          24.107248220247005
        ]
      },
      "properties": {
        "routeId": "taichung-200-q3-addb85-d1",
        "city": "taichung",
        "route_name": "200-Q3",
        "car_seq": "200-Q3",
        "arrival_time": "1450",
        "departure_time": "1455",
        "district": "大里區",
        "village": "立仁里",
        "location": "好來五街123號",
        "type": "沿街",
        "collection_type": "garbage",
        "day_of_week": 1
      }
    },
    {
      "type": "Feature",
      "geometry": {
        "type": "Point",
        "coordinates": [
          120.70001528755118,
          24.107248220247005
        ]
      },
      "properties": {
        "routeId": "taichung-200-q3-addb85-d1",
        "city": "taichung",
        "route_name": "200-Q3",
        "car_seq": "200-Q3",
        "arrival_time": "1450",
        "departure_time": "1455",
        "district": "大里區",
        "village": "立仁里",
        "location": "好來五街123號",
        "type": "沿街",
        "collection_type": "recycling",
        "day_of_week": 1
      }
    },
    {
      "type": "Feature",
      "geometry": {
        "type": "Point",
        "coordinates": [
          120.70008098366117,
          24.107512006756842
        ]
      },
      "properties": {
        "routeId": "taichung-200-q3-addb85-d1",
        "city": "taichung",
        "route_name": "200-Q3",
        "car_seq": "200-Q3",
        "arrival_time": "1450",
        "departure_time": "1455",
        "district": "大里區",
        "village": "立仁里",
        "location": "好來五街113號",
        "type": "沿街",
        "collection_type": "garbage",
        "day_of_week": 1
      }
    },
    {
      "type": "Feature",
      "geometry": {
        "type": "Point",
        "coordinates": [
          120.70008098366117,
          24.107512006756842
        ]
      },
      "properties": {
        "routeId": "taichung-200-q3-addb85-d1",
        "city": "taichung",
        "route_name": "200-Q3",
        "car_seq": "200-Q3",
        "arrival_time": "1450",
        "departure_time": "1455",
        "district": "大里區",
        "village": "立仁里",
        "location": "好來五街113號",
        "type": "沿街",
        "collection_type": "recycling",
        "day_of_week": 1
      }
    },
    {
      "type": "Feature",
      "geometry": {
        "type": "Point",
        "coordinates": [
          120.70014360110245,
          24.107737764521026
        ]
      },
      "properties": {
        "routeId": "taichung-200-q3-addb85-d1",
        "city": "taichung",
        "route_name": "200-Q3",
        "car_seq": "200-Q3",
        "arrival_time": "1450",
        "departure_time": "1455",
        "district": "大里區",
        "village": "立仁里",
        "location": "好來五街99號",
        "type": "沿街",
        "collection_type": "garbage",
        "day_of_week": 1
      }
    },
    {
      "type": "Feature",
      "geometry": {
        "type": "Point",
        "coordinates": [
          120.70014360110245,
          24.107737764521026
        ]
      },
      "properties": {
        "routeId": "taichung-200-q3-addb85-d1",
        "city": "taichung",
        "route_name": "200-Q3",
        "car_seq": "200-Q3",
        "arrival_time": "1450",
        "departure_time": "1455",
        "district": "大里區",
        "village": "立仁里",
        "location": "好來五街99號",
        "type": "沿街",
        "collection_type": "recycling",
        "day_of_week": 1
      }
    },
    {
      "type": "Feature",
      "geometry": {
        "type": "Point",
        "coordinates": [
          120.70024469966037,
          24.10804857312297
        ]
      },
      "properties": {
        "routeId": "taichung-200-q3-addb85-d1",
        "city": "taichung",
        "route_name": "200-Q3",
        "car_seq": "200-Q3",
        "arrival_time": "1455",
        "departure_time": "1500",
        "district": "大里區",
        "village": "立仁里",
        "location": "好來五街83號",
        "type": "沿街",
        "collection_type": "garbage",
        "day_of_week": 1
      }
    },
    {
      "type": "Feature",
      "geometry": {
        "type": "Point",
        "coordinates": [
          120.70024469966037,
          24.10804857312297
        ]
      },
      "properties": {
        "routeId": "taichung-200-q3-addb85-d1",
        "city": "taichung",
        "route_name": "200-Q3",
        "car_seq": "200-Q3",
        "arrival_time": "1455",
        "departure_time": "1500",
        "district": "大里區",
        "village": "立仁里",
        "location": "好來五街83號",
        "type": "沿街",
        "collection_type": "recycling",
        "day_of_week": 1
      }
    },
    {
      "type": "Feature",
      "geometry": {
        "type": "Point",
        "coordinates": [
          120.70036209721532,
          24.108406465643373
        ]
      },
      "properties": {
        "routeId": "taichung-200-q3-addb85-d1",
        "city": "taichung",
        "route_name": "200-Q3",
        "car_seq": "200-Q3",
        "arrival_time": "1455",
        "departure_time": "1500",
        "district": "大里區",
        "village": "立仁里",
        "location": "好來五街71號",
        "type": "沿街",
        "collection_type": "garbage",
        "day_of_week": 1
      }
    },
    {
      "type": "Feature",
      "geometry": {
        "type": "Point",
        "coordinates": [
          120.70036209721532,
          24.108406465643373
        ]
      },
      "properties": {
        "routeId": "taichung-200-q3-addb85-d1",
        "city": "taichung",
        "route_name": "200-Q3",
        "car_seq": "200-Q3",
        "arrival_time": "1455",
        "departure_time": "1500",
        "district": "大里區",
        "village": "立仁里",
        "location": "好來五街71號",
        "type": "沿街",
        "collection_type": "recycling",
        "day_of_week": 1
      }
    },
    {
      "type": "Feature",
      "geometry": {
        "type": "Point",
        "coordinates": [
          120.7033917015179,
          24.106998015451374
        ]
      },
      "properties": {
        "routeId": "taichung-200-q3-addb85-d1",
        "city": "taichung",
        "route_name": "200-Q3",
        "car_seq": "200-Q3",
        "arrival_time": "1455",
        "departure_time": "1500",
        "district": "大里區",
        "village": "立德里",
        "location": "合作街8號",
        "type": "沿街",
        "collection_type": "garbage",
        "day_of_week": 1
      }
    },
    {
      "type": "Feature",
      "geometry": {
        "type": "Point",
        "coordinates": [
          120.7033917015179,
          24.106998015451374
        ]
      },
      "properties": {
        "routeId": "taichung-200-q3-addb85-d1",
        "city": "taichung",
        "route_name": "200-Q3",
        "car_seq": "200-Q3",
        "arrival_time": "1455",
        "departure_time": "1500",
        "district": "大里區",
        "village": "立德里",
        "location": "合作街8號",
        "type": "沿街",
        "collection_type": "recycling",
        "day_of_week": 1
      }
    },
    {
      "type": "Feature",
      "geometry": {
        "type": "Point",
        "coordinates": [
          120.70317254890172,
          24.106949643989932
        ]
      },
      "properties": {
        "routeId": "taichung-200-q3-addb85-d1",
        "city": "taichung",
        "route_name": "200-Q3",
        "car_seq": "200-Q3",
        "arrival_time": "1455",
        "departure_time": "1500",
        "district": "大里區",
        "village": "立德里",
        "location": "合作街18號",
        "type": "沿街",
        "collection_type": "garbage",
        "day_of_week": 1
      }
    },
    {
      "type": "Feature",
      "geometry": {
        "type": "Point",
        "coordinates": [
          120.70317254890172,
          24.106949643989932
        ]
      },
      "properties": {
        "routeId": "taichung-200-q3-addb85-d1",
        "city": "taichung",
        "route_name": "200-Q3",
        "car_seq": "200-Q3",
        "arrival_time": "1455",
        "departure_time": "1500",
        "district": "大里區",
        "village": "立德里",
        "location": "合作街18號",
        "type": "沿街",
        "collection_type": "recycling",
        "day_of_week": 1
      }
    },
    {
      "type": "Feature",
      "geometry": {
        "type": "Point",
        "coordinates": [
          120.7027806841919,
          24.10684431322888
        ]
      },
      "properties": {
        "routeId": "taichung-200-q3-addb85-d1",
        "city": "taichung",
        "route_name": "200-Q3",
        "car_seq": "200-Q3",
        "arrival_time": "1455",
        "departure_time": "1500",
        "district": "大里區",
        "village": "立德里",
        "location": "合作街32號",
        "type": "沿街",
        "collection_type": "garbage",
        "day_of_week": 1
      }
    },
    {
      "type": "Feature",
      "geometry": {
        "type": "Point",
        "coordinates": [
          120.7027806841919,
          24.10684431322888
        ]
      },
      "properties": {
        "routeId": "taichung-200-q3-addb85-d1",
        "city": "taichung",
        "route_name": "200-Q3",
        "car_seq": "200-Q3",
        "arrival_time": "1455",
        "departure_time": "1500",
        "district": "大里區",
        "village": "立德里",
        "location": "合作街32號",
        "type": "沿街",
        "collection_type": "recycling",
        "day_of_week": 1
      }
    },
    {
      "type": "Feature",
      "geometry": {
        "type": "Point",
        "coordinates": [
          120.70252502390953,
          24.10672083576475
        ]
      },
      "properties": {
        "routeId": "taichung-200-q3-addb85-d1",
        "city": "taichung",
        "route_name": "200-Q3",
        "car_seq": "200-Q3",
        "arrival_time": "1500",
        "departure_time": "1505",
        "district": "大里區",
        "village": "立德里",
        "location": "合作街42號",
        "type": "沿街",
        "collection_type": "garbage",
        "day_of_week": 1
      }
    },
    {
      "type": "Feature",
      "geometry": {
        "type": "Point",
        "coordinates": [
          120.70252502390953,
          24.10672083576475
        ]
      },
      "properties": {
        "routeId": "taichung-200-q3-addb85-d1",
        "city": "taichung",
        "route_name": "200-Q3",
        "car_seq": "200-Q3",
        "arrival_time": "1500",
        "departure_time": "1505",
        "district": "大里區",
        "village": "立德里",
        "location": "合作街42號",
        "type": "沿街",
        "collection_type": "recycling",
        "day_of_week": 1
      }
    },
    {
      "type": "Feature",
      "geometry": {
        "type": "Point",
        "coordinates": [
          120.70222365238537,
          24.10658029359704
        ]
      },
      "properties": {
        "routeId": "taichung-200-q3-addb85-d1",
        "city": "taichung",
        "route_name": "200-Q3",
        "car_seq": "200-Q3",
        "arrival_time": "1500",
        "departure_time": "1505",
        "district": "大里區",
        "village": "立德里",
        "location": "合作街56號",
        "type": "沿街",
        "collection_type": "garbage",
        "day_of_week": 1
      }
    },
    {
      "type": "Feature",
      "geometry": {
        "type": "Point",
        "coordinates": [
          120.70222365238537,
          24.10658029359704
        ]
      },
      "properties": {
        "routeId": "taichung-200-q3-addb85-d1",
        "city": "taichung",
        "route_name": "200-Q3",
        "car_seq": "200-Q3",
        "arrival_time": "1500",
        "departure_time": "1505",
        "district": "大里區",
        "village": "立德里",
        "location": "合作街56號",
        "type": "沿街",
        "collection_type": "recycling",
        "day_of_week": 1
      }
    },
    {
      "type": "Feature",
      "geometry": {
        "type": "Point",
        "coordinates": [
          120.70180162250197,
          24.10642291043977
        ]
      },
      "properties": {
        "routeId": "taichung-200-q3-addb85-d1",
        "city": "taichung",
        "route_name": "200-Q3",
        "car_seq": "200-Q3",
        "arrival_time": "1500",
        "departure_time": "1505",
        "district": "大里區",
        "village": "立德里",
        "location": "合作街68號",
        "type": "沿街",
        "collection_type": "garbage",
        "day_of_week": 1
      }
    },
    {
      "type": "Feature",
      "geometry": {
        "type": "Point",
        "coordinates": [
          120.70180162250197,
          24.10642291043977
        ]
      },
      "properties": {
        "routeId": "taichung-200-q3-addb85-d1",
        "city": "taichung",
        "route_name": "200-Q3",
        "car_seq": "200-Q3",
        "arrival_time": "1500",
        "departure_time": "1505",
        "district": "大里區",
        "village": "立德里",
        "location": "合作街68號",
        "type": "沿街",
        "collection_type": "recycling",
        "day_of_week": 1
      }
    },
    {
      "type": "Feature",
      "geometry": {
        "type": "Point",
        "coordinates": [
          120.70145223821557,
          24.10607477812445
        ]
      },
      "properties": {
        "routeId": "taichung-200-q3-addb85-d1",
        "city": "taichung",
        "route_name": "200-Q3",
        "car_seq": "200-Q3",
        "arrival_time": "1500",
        "departure_time": "1505",
        "district": "大里區",
        "village": "立德里",
        "location": "合作街82號",
        "type": "沿街",
        "collection_type": "garbage",
        "day_of_week": 1
      }
    },
    {
      "type": "Feature",
      "geometry": {
        "type": "Point",
        "coordinates": [
          120.70145223821557,
          24.10607477812445
        ]
      },
      "properties": {
        "routeId": "taichung-200-q3-addb85-d1",
        "city": "taichung",
        "route_name": "200-Q3",
        "car_seq": "200-Q3",
        "arrival_time": "1500",
        "departure_time": "1505",
        "district": "大里區",
        "village": "立德里",
        "location": "合作街82號",
        "type": "沿街",
        "collection_type": "recycling",
        "day_of_week": 1
      }
    },
    {
      "type": "Feature",
      "geometry": {
        "type": "Point",
        "coordinates": [
          120.70128912371108,
          24.105973222086913
        ]
      },
      "properties": {
        "routeId": "taichung-200-q3-addb85-d1",
        "city": "taichung",
        "route_name": "200-Q3",
        "car_seq": "200-Q3",
        "arrival_time": "1500",
        "departure_time": "1505",
        "district": "大里區",
        "village": "立德里",
        "location": "合作街88號",
        "type": "沿街",
        "collection_type": "garbage",
        "day_of_week": 1
      }
    },
    {
      "type": "Feature",
      "geometry": {
        "type": "Point",
        "coordinates": [
          120.70128912371108,
          24.105973222086913
        ]
      },
      "properties": {
        "routeId": "taichung-200-q3-addb85-d1",
        "city": "taichung",
        "route_name": "200-Q3",
        "car_seq": "200-Q3",
        "arrival_time": "1500",
        "departure_time": "1505",
        "district": "大里區",
        "village": "立德里",
        "location": "合作街88號",
        "type": "沿街",
        "collection_type": "recycling",
        "day_of_week": 1
      }
    },
    {
      "type": "Feature",
      "geometry": {
        "type": "Point",
        "coordinates": [
          120.70113311215741,
          24.105659525662535
        ]
      },
      "properties": {
        "routeId": "taichung-200-q3-addb85-d1",
        "city": "taichung",
        "route_name": "200-Q3",
        "car_seq": "200-Q3",
        "arrival_time": "1505",
        "departure_time": "1510",
        "district": "大里區",
        "village": "立德里",
        "location": "合作街102號",
        "type": "沿街",
        "collection_type": "garbage",
        "day_of_week": 1
      }
    },
    {
      "type": "Feature",
      "geometry": {
        "type": "Point",
        "coordinates": [
          120.70113311215741,
          24.105659525662535
        ]
      },
      "properties": {
        "routeId": "taichung-200-q3-addb85-d1",
        "city": "taichung",
        "route_name": "200-Q3",
        "car_seq": "200-Q3",
        "arrival_time": "1505",
        "departure_time": "1510",
        "district": "大里區",
        "village": "立德里",
        "location": "合作街102號",
        "type": "沿街",
        "collection_type": "recycling",
        "day_of_week": 1
      }
    },
    {
      "type": "Feature",
      "geometry": {
        "type": "Point",
        "coordinates": [
          120.70076006742028,
          24.10554719266855
        ]
      },
      "properties": {
        "routeId": "taichung-200-q3-addb85-d1",
        "city": "taichung",
        "route_name": "200-Q3",
        "car_seq": "200-Q3",
        "arrival_time": "1505",
        "departure_time": "1510",
        "district": "大里區",
        "village": "立德里",
        "location": "合信街76巷16號",
        "type": "沿街",
        "collection_type": "garbage",
        "day_of_week": 1
      }
    },
    {
      "type": "Feature",
      "geometry": {
        "type": "Point",
        "coordinates": [
          120.70076006742028,
          24.10554719266855
        ]
      },
      "properties": {
        "routeId": "taichung-200-q3-addb85-d1",
        "city": "taichung",
        "route_name": "200-Q3",
        "car_seq": "200-Q3",
        "arrival_time": "1505",
        "departure_time": "1510",
        "district": "大里區",
        "village": "立德里",
        "location": "合信街76巷16號",
        "type": "沿街",
        "collection_type": "recycling",
        "day_of_week": 1
      }
    },
    {
      "type": "Feature",
      "geometry": {
        "type": "Point",
        "coordinates": [
          120.7011488784675,
          24.105473912618404
        ]
      },
      "properties": {
        "routeId": "taichung-200-q3-addb85-d1",
        "city": "taichung",
        "route_name": "200-Q3",
        "car_seq": "200-Q3",
        "arrival_time": "1505",
        "departure_time": "1510",
        "district": "大里區",
        "village": "立德里",
        "location": "合作街97號",
        "type": "沿街",
        "collection_type": "garbage",
        "day_of_week": 1
      }
    },
    {
      "type": "Feature",
      "geometry": {
        "type": "Point",
        "coordinates": [
          120.7011488784675,
          24.105473912618404
        ]
      },
      "properties": {
        "routeId": "taichung-200-q3-addb85-d1",
        "city": "taichung",
        "route_name": "200-Q3",
        "car_seq": "200-Q3",
        "arrival_time": "1505",
        "departure_time": "1510",
        "district": "大里區",
        "village": "立德里",
        "location": "合作街97號",
        "type": "沿街",
        "collection_type": "recycling",
        "day_of_week": 1
      }
    },
    {
      "type": "Feature",
      "geometry": {
        "type": "Point",
        "coordinates": [
          120.70120269160552,
          24.105560338628763
        ]
      },
      "properties": {
        "routeId": "taichung-200-q3-addb85-d1",
        "city": "taichung",
        "route_name": "200-Q3",
        "car_seq": "200-Q3",
        "arrival_time": "1505",
        "departure_time": "1510",
        "district": "大里區",
        "village": "立德里",
        "location": "合作街85號",
        "type": "沿街",
        "collection_type": "garbage",
        "day_of_week": 1
      }
    },
    {
      "type": "Feature",
      "geometry": {
        "type": "Point",
        "coordinates": [
          120.70120269160552,
          24.105560338628763
        ]
      },
      "properties": {
        "routeId": "taichung-200-q3-addb85-d1",
        "city": "taichung",
        "route_name": "200-Q3",
        "car_seq": "200-Q3",
        "arrival_time": "1505",
        "departure_time": "1510",
        "district": "大里區",
        "village": "立德里",
        "location": "合作街85號",
        "type": "沿街",
        "collection_type": "recycling",
        "day_of_week": 1
      }
    },
    {
      "type": "Feature",
      "geometry": {
        "type": "Point",
        "coordinates": [
          120.7015796513665,
          24.105638908340733
        ]
      },
      "properties": {
        "routeId": "taichung-200-q3-addb85-d1",
        "city": "taichung",
        "route_name": "200-Q3",
        "car_seq": "200-Q3",
        "arrival_time": "1510",
        "departure_time": "1512",
        "district": "大里區",
        "village": "立德里",
        "location": "合信街2巷94號",
        "type": "沿街",
        "collection_type": "garbage",
        "day_of_week": 1
      }
    },
    {
      "type": "Feature",
      "geometry": {
        "type": "Point",
        "coordinates": [
          120.7015796513665,
          24.105638908340733
        ]
      },
      "properties": {
        "routeId": "taichung-200-q3-addb85-d1",
        "city": "taichung",
        "route_name": "200-Q3",
        "car_seq": "200-Q3",
        "arrival_time": "1510",
        "departure_time": "1512",
        "district": "大里區",
        "village": "立德里",
        "location": "合信街2巷94號",
        "type": "沿街",
        "collection_type": "recycling",
        "day_of_week": 1
      }
    },
    {
      "type": "Feature",
      "geometry": {
        "type": "Point",
        "coordinates": [
          120.70193635486393,
          24.10592691903985
        ]
      },
      "properties": {
        "routeId": "taichung-200-q3-addb85-d1",
        "city": "taichung",
        "route_name": "200-Q3",
        "car_seq": "200-Q3",
        "arrival_time": "1510",
        "departure_time": "1512",
        "district": "大里區",
        "village": "立德里",
        "location": "合信街2巷43號",
        "type": "沿街",
        "collection_type": "garbage",
        "day_of_week": 1
      }
    },
    {
      "type": "Feature",
      "geometry": {
        "type": "Point",
        "coordinates": [
          120.70193635486393,
          24.10592691903985
        ]
      },
      "properties": {
        "routeId": "taichung-200-q3-addb85-d1",
        "city": "taichung",
        "route_name": "200-Q3",
        "car_seq": "200-Q3",
        "arrival_time": "1510",
        "departure_time": "1512",
        "district": "大里區",
        "village": "立德里",
        "location": "合信街2巷43號",
        "type": "沿街",
        "collection_type": "recycling",
        "day_of_week": 1
      }
    },
    {
      "type": "Feature",
      "geometry": {
        "type": "Point",
        "coordinates": [
          120.70206605482214,
          24.10602820157788
        ]
      },
      "properties": {
        "routeId": "taichung-200-q3-addb85-d1",
        "city": "taichung",
        "route_name": "200-Q3",
        "car_seq": "200-Q3",
        "arrival_time": "1510",
        "departure_time": "1512",
        "district": "大里區",
        "village": "立德里",
        "location": "合信街2巷37號",
        "type": "沿街",
        "collection_type": "garbage",
        "day_of_week": 1
      }
    },
    {
      "type": "Feature",
      "geometry": {
        "type": "Point",
        "coordinates": [
          120.70206605482214,
          24.10602820157788
        ]
      },
      "properties": {
        "routeId": "taichung-200-q3-addb85-d1",
        "city": "taichung",
        "route_name": "200-Q3",
        "car_seq": "200-Q3",
        "arrival_time": "1510",
        "departure_time": "1512",
        "district": "大里區",
        "village": "立德里",
        "location": "合信街2巷37號",
        "type": "沿街",
        "collection_type": "recycling",
        "day_of_week": 1
      }
    },
    {
      "type": "Feature",
      "geometry": {
        "type": "Point",
        "coordinates": [
          120.70224927306855,
          24.106390726727614
        ]
      },
      "properties": {
        "routeId": "taichung-200-q3-addb85-d1",
        "city": "taichung",
        "route_name": "200-Q3",
        "car_seq": "200-Q3",
        "arrival_time": "1512",
        "departure_time": "1515",
        "district": "大里區",
        "village": "立德里",
        "location": "合信街2巷56號",
        "type": "沿街",
        "collection_type": "garbage",
        "day_of_week": 1
      }
    },
    {
      "type": "Feature",
      "geometry": {
        "type": "Point",
        "coordinates": [
          120.70224927306855,
          24.106390726727614
        ]
      },
      "properties": {
        "routeId": "taichung-200-q3-addb85-d1",
        "city": "taichung",
        "route_name": "200-Q3",
        "car_seq": "200-Q3",
        "arrival_time": "1512",
        "departure_time": "1515",
        "district": "大里區",
        "village": "立德里",
        "location": "合信街2巷56號",
        "type": "沿街",
        "collection_type": "recycling",
        "day_of_week": 1
      }
    },
    {
      "type": "Feature",
      "geometry": {
        "type": "Point",
        "coordinates": [
          120.70275569817741,
          24.106375730570416
        ]
      },
      "properties": {
        "routeId": "taichung-200-q3-addb85-d1",
        "city": "taichung",
        "route_name": "200-Q3",
        "car_seq": "200-Q3",
        "arrival_time": "1512",
        "departure_time": "1515",
        "district": "大里區",
        "village": "立德里",
        "location": "合信街2巷15號",
        "type": "沿街",
        "collection_type": "garbage",
        "day_of_week": 1
      }
    },
    {
      "type": "Feature",
      "geometry": {
        "type": "Point",
        "coordinates": [
          120.70275569817741,
          24.106375730570416
        ]
      },
      "properties": {
        "routeId": "taichung-200-q3-addb85-d1",
        "city": "taichung",
        "route_name": "200-Q3",
        "car_seq": "200-Q3",
        "arrival_time": "1512",
        "departure_time": "1515",
        "district": "大里區",
        "village": "立德里",
        "location": "合信街2巷15號",
        "type": "沿街",
        "collection_type": "recycling",
        "day_of_week": 1
      }
    },
    {
      "type": "Feature",
      "geometry": {
        "type": "Point",
        "coordinates": [
          120.70308171595494,
          24.106407524684005
        ]
      },
      "properties": {
        "routeId": "taichung-200-q3-addb85-d1",
        "city": "taichung",
        "route_name": "200-Q3",
        "car_seq": "200-Q3",
        "arrival_time": "1512",
        "departure_time": "1515",
        "district": "大里區",
        "village": "立德里",
        "location": "合信街2巷5號",
        "type": "沿街",
        "collection_type": "garbage",
        "day_of_week": 1
      }
    },
    {
      "type": "Feature",
      "geometry": {
        "type": "Point",
        "coordinates": [
          120.70308171595494,
          24.106407524684005
        ]
      },
      "properties": {
        "routeId": "taichung-200-q3-addb85-d1",
        "city": "taichung",
        "route_name": "200-Q3",
        "car_seq": "200-Q3",
        "arrival_time": "1512",
        "departure_time": "1515",
        "district": "大里區",
        "village": "立德里",
        "location": "合信街2巷5號",
        "type": "沿街",
        "collection_type": "recycling",
        "day_of_week": 1
      }
    },
    {
      "type": "Feature",
      "geometry": {
        "type": "Point",
        "coordinates": [
          120.70353911881756,
          24.106629812857978
        ]
      },
      "properties": {
        "routeId": "taichung-200-q3-addb85-d1",
        "city": "taichung",
        "route_name": "200-Q3",
        "car_seq": "200-Q3",
        "arrival_time": "1512",
        "departure_time": "1515",
        "district": "大里區",
        "village": "立德里",
        "location": "合信街2巷12號",
        "type": "沿街",
        "collection_type": "garbage",
        "day_of_week": 1
      }
    },
    {
      "type": "Feature",
      "geometry": {
        "type": "Point",
        "coordinates": [
          120.70353911881756,
          24.106629812857978
        ]
      },
      "properties": {
        "routeId": "taichung-200-q3-addb85-d1",
        "city": "taichung",
        "route_name": "200-Q3",
        "car_seq": "200-Q3",
        "arrival_time": "1512",
        "departure_time": "1515",
        "district": "大里區",
        "village": "立德里",
        "location": "合信街2巷12號",
        "type": "沿街",
        "collection_type": "recycling",
        "day_of_week": 1
      }
    },
    {
      "type": "Feature",
      "geometry": {
        "type": "Point",
        "coordinates": [
          120.70359437344992,
          24.106642190950943
        ]
      },
      "properties": {
        "routeId": "taichung-200-q3-addb85-d1",
        "city": "taichung",
        "route_name": "200-Q3",
        "car_seq": "200-Q3",
        "arrival_time": "1515",
        "departure_time": "1517",
        "district": "大里區",
        "village": "立德里",
        "location": "合信街2巷10號",
        "type": "沿街",
        "collection_type": "garbage",
        "day_of_week": 1
      }
    },
    {
      "type": "Feature",
      "geometry": {
        "type": "Point",
        "coordinates": [
          120.70359437344992,
          24.106642190950943
        ]
      },
      "properties": {
        "routeId": "taichung-200-q3-addb85-d1",
        "city": "taichung",
        "route_name": "200-Q3",
        "car_seq": "200-Q3",
        "arrival_time": "1515",
        "departure_time": "1517",
        "district": "大里區",
        "village": "立德里",
        "location": "合信街2巷10號",
        "type": "沿街",
        "collection_type": "recycling",
        "day_of_week": 1
      }
    },
    {
      "type": "Feature",
      "geometry": {
        "type": "Point",
        "coordinates": [
          120.70379876186902,
          24.106523227965265
        ]
      },
      "properties": {
        "routeId": "taichung-200-q3-addb85-d1",
        "city": "taichung",
        "route_name": "200-Q3",
        "car_seq": "200-Q3",
        "arrival_time": "1515",
        "departure_time": "1517",
        "district": "大里區",
        "village": "立德里",
        "location": "合信街2巷2號",
        "type": "沿街",
        "collection_type": "garbage",
        "day_of_week": 1
      }
    },
    {
      "type": "Feature",
      "geometry": {
        "type": "Point",
        "coordinates": [
          120.70379876186902,
          24.106523227965265
        ]
      },
      "properties": {
        "routeId": "taichung-200-q3-addb85-d1",
        "city": "taichung",
        "route_name": "200-Q3",
        "car_seq": "200-Q3",
        "arrival_time": "1515",
        "departure_time": "1517",
        "district": "大里區",
        "village": "立德里",
        "location": "合信街2巷2號",
        "type": "沿街",
        "collection_type": "recycling",
        "day_of_week": 1
      }
    },
    {
      "type": "Feature",
      "geometry": {
        "type": "Point",
        "coordinates": [
          120.70350451440412,
          24.10638132062618
        ]
      },
      "properties": {
        "routeId": "taichung-200-q3-addb85-d1",
        "city": "taichung",
        "route_name": "200-Q3",
        "car_seq": "200-Q3",
        "arrival_time": "1515",
        "departure_time": "1517",
        "district": "大里區",
        "village": "立德里",
        "location": "合信街10號",
        "type": "沿街",
        "collection_type": "garbage",
        "day_of_week": 1
      }
    },
    {
      "type": "Feature",
      "geometry": {
        "type": "Point",
        "coordinates": [
          120.70350451440412,
          24.10638132062618
        ]
      },
      "properties": {
        "routeId": "taichung-200-q3-addb85-d1",
        "city": "taichung",
        "route_name": "200-Q3",
        "car_seq": "200-Q3",
        "arrival_time": "1515",
        "departure_time": "1517",
        "district": "大里區",
        "village": "立德里",
        "location": "合信街10號",
        "type": "沿街",
        "collection_type": "recycling",
        "day_of_week": 1
      }
    },
    {
      "type": "Feature",
      "geometry": {
        "type": "Point",
        "coordinates": [
          120.70318623874297,
          24.106242589543914
        ]
      },
      "properties": {
        "routeId": "taichung-200-q3-addb85-d1",
        "city": "taichung",
        "route_name": "200-Q3",
        "car_seq": "200-Q3",
        "arrival_time": "1517",
        "departure_time": "1520",
        "district": "大里區",
        "village": "立德里",
        "location": "合信街20號",
        "type": "沿街",
        "collection_type": "garbage",
        "day_of_week": 1
      }
    },
    {
      "type": "Feature",
      "geometry": {
        "type": "Point",
        "coordinates": [
          120.70318623874297,
          24.106242589543914
        ]
      },
      "properties": {
        "routeId": "taichung-200-q3-addb85-d1",
        "city": "taichung",
        "route_name": "200-Q3",
        "car_seq": "200-Q3",
        "arrival_time": "1517",
        "departure_time": "1520",
        "district": "大里區",
        "village": "立德里",
        "location": "合信街20號",
        "type": "沿街",
        "collection_type": "recycling",
        "day_of_week": 1
      }
    },
    {
      "type": "Feature",
      "geometry": {
        "type": "Point",
        "coordinates": [
          120.70278300756566,
          24.106148848491824
        ]
      },
      "properties": {
        "routeId": "taichung-200-q3-addb85-d1",
        "city": "taichung",
        "route_name": "200-Q3",
        "car_seq": "200-Q3",
        "arrival_time": "1517",
        "departure_time": "1520",
        "district": "大里區",
        "village": "立德里",
        "location": "合信街32號",
        "type": "沿街",
        "collection_type": "garbage",
        "day_of_week": 1
      }
    },
    {
      "type": "Feature",
      "geometry": {
        "type": "Point",
        "coordinates": [
          120.70278300756566,
          24.106148848491824
        ]
      },
      "properties": {
        "routeId": "taichung-200-q3-addb85-d1",
        "city": "taichung",
        "route_name": "200-Q3",
        "car_seq": "200-Q3",
        "arrival_time": "1517",
        "departure_time": "1520",
        "district": "大里區",
        "village": "立德里",
        "location": "合信街32號",
        "type": "沿街",
        "collection_type": "recycling",
        "day_of_week": 1
      }
    },
    {
      "type": "Feature",
      "geometry": {
        "type": "Point",
        "coordinates": [
          120.70246893330457,
          24.10583143282731
        ]
      },
      "properties": {
        "routeId": "taichung-200-q3-addb85-d1",
        "city": "taichung",
        "route_name": "200-Q3",
        "car_seq": "200-Q3",
        "arrival_time": "1517",
        "departure_time": "1520",
        "district": "大里區",
        "village": "立德里",
        "location": "合信街47號",
        "type": "沿街",
        "collection_type": "garbage",
        "day_of_week": 1
      }
    },
    {
      "type": "Feature",
      "geometry": {
        "type": "Point",
        "coordinates": [
          120.70246893330457,
          24.10583143282731
        ]
      },
      "properties": {
        "routeId": "taichung-200-q3-addb85-d1",
        "city": "taichung",
        "route_name": "200-Q3",
        "car_seq": "200-Q3",
        "arrival_time": "1517",
        "departure_time": "1520",
        "district": "大里區",
        "village": "立德里",
        "location": "合信街47號",
        "type": "沿街",
        "collection_type": "recycling",
        "day_of_week": 1
      }
    },
    {
      "type": "Feature",
      "geometry": {
        "type": "Point",
        "coordinates": [
          120.70201555767424,
          24.105749727604167
        ]
      },
      "properties": {
        "routeId": "taichung-200-q3-addb85-d1",
        "city": "taichung",
        "route_name": "200-Q3",
        "car_seq": "200-Q3",
        "arrival_time": "1517",
        "departure_time": "1520",
        "district": "大里區",
        "village": "立德里",
        "location": "合信街58號",
        "type": "沿街",
        "collection_type": "garbage",
        "day_of_week": 1
      }
    },
    {
      "type": "Feature",
      "geometry": {
        "type": "Point",
        "coordinates": [
          120.70201555767424,
          24.105749727604167
        ]
      },
      "properties": {
        "routeId": "taichung-200-q3-addb85-d1",
        "city": "taichung",
        "route_name": "200-Q3",
        "car_seq": "200-Q3",
        "arrival_time": "1517",
        "departure_time": "1520",
        "district": "大里區",
        "village": "立德里",
        "location": "合信街58號",
        "type": "沿街",
        "collection_type": "recycling",
        "day_of_week": 1
      }
    },
    {
      "type": "Feature",
      "geometry": {
        "type": "Point",
        "coordinates": [
          120.701014485237,
          24.104767823765503
        ]
      },
      "properties": {
        "routeId": "taichung-200-q3-addb85-d1",
        "city": "taichung",
        "route_name": "200-Q3",
        "car_seq": "200-Q3",
        "arrival_time": "1520",
        "departure_time": "1525",
        "district": "大里區",
        "village": "立德里",
        "location": "合信街107巷10號",
        "type": "沿街",
        "collection_type": "garbage",
        "day_of_week": 1
      }
    },
    {
      "type": "Feature",
      "geometry": {
        "type": "Point",
        "coordinates": [
          120.701014485237,
          24.104767823765503
        ]
      },
      "properties": {
        "routeId": "taichung-200-q3-addb85-d1",
        "city": "taichung",
        "route_name": "200-Q3",
        "car_seq": "200-Q3",
        "arrival_time": "1520",
        "departure_time": "1525",
        "district": "大里區",
        "village": "立德里",
        "location": "合信街107巷10號",
        "type": "沿街",
        "collection_type": "recycling",
        "day_of_week": 1
      }
    },
    {
      "type": "Feature",
      "geometry": {
        "type": "Point",
        "coordinates": [
          120.70115525972092,
          24.104593471032935
        ]
      },
      "properties": {
        "routeId": "taichung-200-q3-addb85-d1",
        "city": "taichung",
        "route_name": "200-Q3",
        "car_seq": "200-Q3",
        "arrival_time": "1520",
        "departure_time": "1525",
        "district": "大里區",
        "village": "立德里",
        "location": "合信街125巷40號",
        "type": "沿街",
        "collection_type": "garbage",
        "day_of_week": 1
      }
    },
    {
      "type": "Feature",
      "geometry": {
        "type": "Point",
        "coordinates": [
          120.70115525972092,
          24.104593471032935
        ]
      },
      "properties": {
        "routeId": "taichung-200-q3-addb85-d1",
        "city": "taichung",
        "route_name": "200-Q3",
        "car_seq": "200-Q3",
        "arrival_time": "1520",
        "departure_time": "1525",
        "district": "大里區",
        "village": "立德里",
        "location": "合信街125巷40號",
        "type": "沿街",
        "collection_type": "recycling",
        "day_of_week": 1
      }
    },
    {
      "type": "Feature",
      "geometry": {
        "type": "Point",
        "coordinates": [
          120.70084185604605,
          24.10438030646935
        ]
      },
      "properties": {
        "routeId": "taichung-200-q3-addb85-d1",
        "city": "taichung",
        "route_name": "200-Q3",
        "car_seq": "200-Q3",
        "arrival_time": "1520",
        "departure_time": "1525",
        "district": "大里區",
        "village": "立德里",
        "location": "合信街125巷22號",
        "type": "沿街",
        "collection_type": "garbage",
        "day_of_week": 1
      }
    },
    {
      "type": "Feature",
      "geometry": {
        "type": "Point",
        "coordinates": [
          120.70084185604605,
          24.10438030646935
        ]
      },
      "properties": {
        "routeId": "taichung-200-q3-addb85-d1",
        "city": "taichung",
        "route_name": "200-Q3",
        "car_seq": "200-Q3",
        "arrival_time": "1520",
        "departure_time": "1525",
        "district": "大里區",
        "village": "立德里",
        "location": "合信街125巷22號",
        "type": "沿街",
        "collection_type": "recycling",
        "day_of_week": 1
      }
    },
    {
      "type": "Feature",
      "geometry": {
        "type": "Point",
        "coordinates": [
          120.7005225715303,
          24.10433191579158
        ]
      },
      "properties": {
        "routeId": "taichung-200-q3-addb85-d1",
        "city": "taichung",
        "route_name": "200-Q3",
        "car_seq": "200-Q3",
        "arrival_time": "1520",
        "departure_time": "1525",
        "district": "大里區",
        "village": "立德里",
        "location": "合信街125巷10號",
        "type": "沿街",
        "collection_type": "garbage",
        "day_of_week": 1
      }
    },
    {
      "type": "Feature",
      "geometry": {
        "type": "Point",
        "coordinates": [
          120.7005225715303,
          24.10433191579158
        ]
      },
      "properties": {
        "routeId": "taichung-200-q3-addb85-d1",
        "city": "taichung",
        "route_name": "200-Q3",
        "car_seq": "200-Q3",
        "arrival_time": "1520",
        "departure_time": "1525",
        "district": "大里區",
        "village": "立德里",
        "location": "合信街125巷10號",
        "type": "沿街",
        "collection_type": "recycling",
        "day_of_week": 1
      }
    },
    {
      "type": "Feature",
      "geometry": {
        "type": "Point",
        "coordinates": [
          120.70029732984814,
          24.10428181272202
        ]
      },
      "properties": {
        "routeId": "taichung-200-q3-addb85-d1",
        "city": "taichung",
        "route_name": "200-Q3",
        "car_seq": "200-Q3",
        "arrival_time": "1520",
        "departure_time": "1525",
        "district": "大里區",
        "village": "立德里",
        "location": "合信街125巷2號",
        "type": "沿街",
        "collection_type": "garbage",
        "day_of_week": 1
      }
    },
    {
      "type": "Feature",
      "geometry": {
        "type": "Point",
        "coordinates": [
          120.70029732984814,
          24.10428181272202
        ]
      },
      "properties": {
        "routeId": "taichung-200-q3-addb85-d1",
        "city": "taichung",
        "route_name": "200-Q3",
        "car_seq": "200-Q3",
        "arrival_time": "1520",
        "departure_time": "1525",
        "district": "大里區",
        "village": "立德里",
        "location": "合信街125巷2號",
        "type": "沿街",
        "collection_type": "recycling",
        "day_of_week": 1
      }
    },
    {
      "type": "Feature",
      "geometry": {
        "type": "Point",
        "coordinates": [
          120.69906167360328,
          24.104022047573316
        ]
      },
      "properties": {
        "routeId": "taichung-200-q3-addb85-d1",
        "city": "taichung",
        "route_name": "200-Q3",
        "car_seq": "200-Q3",
        "arrival_time": "1525",
        "departure_time": "1530",
        "district": "大里區",
        "village": "立德里",
        "location": "立信街26號",
        "type": "沿街",
        "collection_type": "garbage",
        "day_of_week": 1
      }
    },
    {
      "type": "Feature",
      "geometry": {
        "type": "Point",
        "coordinates": [
          120.69906167360328,
          24.104022047573316
        ]
      },
      "properties": {
        "routeId": "taichung-200-q3-addb85-d1",
        "city": "taichung",
        "route_name": "200-Q3",
        "car_seq": "200-Q3",
        "arrival_time": "1525",
        "departure_time": "1530",
        "district": "大里區",
        "village": "立德里",
        "location": "立信街26號",
        "type": "沿街",
        "collection_type": "recycling",
        "day_of_week": 1
      }
    },
    {
      "type": "Feature",
      "geometry": {
        "type": "Point",
        "coordinates": [
          120.69913376717966,
          24.10436276838722
        ]
      },
      "properties": {
        "routeId": "taichung-200-q3-addb85-d1",
        "city": "taichung",
        "route_name": "200-Q3",
        "car_seq": "200-Q3",
        "arrival_time": "1525",
        "departure_time": "1530",
        "district": "大里區",
        "village": "立德里",
        "location": "立新二街33號",
        "type": "沿街",
        "collection_type": "garbage",
        "day_of_week": 1
      }
    },
    {
      "type": "Feature",
      "geometry": {
        "type": "Point",
        "coordinates": [
          120.69913376717966,
          24.10436276838722
        ]
      },
      "properties": {
        "routeId": "taichung-200-q3-addb85-d1",
        "city": "taichung",
        "route_name": "200-Q3",
        "car_seq": "200-Q3",
        "arrival_time": "1525",
        "departure_time": "1530",
        "district": "大里區",
        "village": "立德里",
        "location": "立新二街33號",
        "type": "沿街",
        "collection_type": "recycling",
        "day_of_week": 1
      }
    },
    {
      "type": "Feature",
      "geometry": {
        "type": "Point",
        "coordinates": [
          120.69956418391229,
          24.104504843488815
        ]
      },
      "properties": {
        "routeId": "taichung-200-q3-addb85-d1",
        "city": "taichung",
        "route_name": "200-Q3",
        "car_seq": "200-Q3",
        "arrival_time": "1525",
        "departure_time": "1530",
        "district": "大里區",
        "village": "立德里",
        "location": "立新二街13號",
        "type": "沿街",
        "collection_type": "garbage",
        "day_of_week": 1
      }
    },
    {
      "type": "Feature",
      "geometry": {
        "type": "Point",
        "coordinates": [
          120.69956418391229,
          24.104504843488815
        ]
      },
      "properties": {
        "routeId": "taichung-200-q3-addb85-d1",
        "city": "taichung",
        "route_name": "200-Q3",
        "car_seq": "200-Q3",
        "arrival_time": "1525",
        "departure_time": "1530",
        "district": "大里區",
        "village": "立德里",
        "location": "立新二街13號",
        "type": "沿街",
        "collection_type": "recycling",
        "day_of_week": 1
      }
    },
    {
      "type": "Feature",
      "geometry": {
        "type": "Point",
        "coordinates": [
          120.69986132796804,
          24.104594628477393
        ]
      },
      "properties": {
        "routeId": "taichung-200-q3-addb85-d1",
        "city": "taichung",
        "route_name": "200-Q3",
        "car_seq": "200-Q3",
        "arrival_time": "1525",
        "departure_time": "1530",
        "district": "大里區",
        "village": "立德里",
        "location": "立新街350號",
        "type": "沿街",
        "collection_type": "garbage",
        "day_of_week": 1
      }
    },
    {
      "type": "Feature",
      "geometry": {
        "type": "Point",
        "coordinates": [
          120.69986132796804,
          24.104594628477393
        ]
      },
      "properties": {
        "routeId": "taichung-200-q3-addb85-d1",
        "city": "taichung",
        "route_name": "200-Q3",
        "car_seq": "200-Q3",
        "arrival_time": "1525",
        "departure_time": "1530",
        "district": "大里區",
        "village": "立德里",
        "location": "立新街350號",
        "type": "沿街",
        "collection_type": "recycling",
        "day_of_week": 1
      }
    },
    {
      "type": "Feature",
      "geometry": {
        "type": "Point",
        "coordinates": [
          120.70001515050329,
          24.104313313394528
        ]
      },
      "properties": {
        "routeId": "taichung-200-q3-addb85-d1",
        "city": "taichung",
        "route_name": "200-Q3",
        "car_seq": "200-Q3",
        "arrival_time": "1525",
        "departure_time": "1530",
        "district": "大里區",
        "village": "立德里",
        "location": "立新街366號",
        "type": "沿街",
        "collection_type": "garbage",
        "day_of_week": 1
      }
    },
    {
      "type": "Feature",
      "geometry": {
        "type": "Point",
        "coordinates": [
          120.70001515050329,
          24.104313313394528
        ]
      },
      "properties": {
        "routeId": "taichung-200-q3-addb85-d1",
        "city": "taichung",
        "route_name": "200-Q3",
        "car_seq": "200-Q3",
        "arrival_time": "1525",
        "departure_time": "1530",
        "district": "大里區",
        "village": "立德里",
        "location": "立新街366號",
        "type": "沿街",
        "collection_type": "recycling",
        "day_of_week": 1
      }
    },
    {
      "type": "Feature",
      "geometry": {
        "type": "Point",
        "coordinates": [
          120.6999330723672,
          24.104077296035886
        ]
      },
      "properties": {
        "routeId": "taichung-200-q3-addb85-d1",
        "city": "taichung",
        "route_name": "200-Q3",
        "car_seq": "200-Q3",
        "arrival_time": "1530",
        "departure_time": "1532",
        "district": "大里區",
        "village": "立德里",
        "location": "合信街127號",
        "type": "沿街",
        "collection_type": "garbage",
        "day_of_week": 1
      }
    },
    {
      "type": "Feature",
      "geometry": {
        "type": "Point",
        "coordinates": [
          120.6999330723672,
          24.104077296035886
        ]
      },
      "properties": {
        "routeId": "taichung-200-q3-addb85-d1",
        "city": "taichung",
        "route_name": "200-Q3",
        "car_seq": "200-Q3",
        "arrival_time": "1530",
        "departure_time": "1532",
        "district": "大里區",
        "village": "立德里",
        "location": "合信街127號",
        "type": "沿街",
        "collection_type": "recycling",
        "day_of_week": 1
      }
    },
    {
      "type": "Feature",
      "geometry": {
        "type": "Point",
        "coordinates": [
          120.69971453975378,
          24.10393025691099
        ]
      },
      "properties": {
        "routeId": "taichung-200-q3-addb85-d1",
        "city": "taichung",
        "route_name": "200-Q3",
        "car_seq": "200-Q3",
        "arrival_time": "1530",
        "departure_time": "1532",
        "district": "大里區",
        "village": "立德里",
        "location": "合信街137號",
        "type": "沿街",
        "collection_type": "garbage",
        "day_of_week": 1
      }
    },
    {
      "type": "Feature",
      "geometry": {
        "type": "Point",
        "coordinates": [
          120.69971453975378,
          24.10393025691099
        ]
      },
      "properties": {
        "routeId": "taichung-200-q3-addb85-d1",
        "city": "taichung",
        "route_name": "200-Q3",
        "car_seq": "200-Q3",
        "arrival_time": "1530",
        "departure_time": "1532",
        "district": "大里區",
        "village": "立德里",
        "location": "合信街137號",
        "type": "沿街",
        "collection_type": "recycling",
        "day_of_week": 1
      }
    },
    {
      "type": "Feature",
      "geometry": {
        "type": "Point",
        "coordinates": [
          120.69954398705651,
          24.103839609941165
        ]
      },
      "properties": {
        "routeId": "taichung-200-q3-addb85-d1",
        "city": "taichung",
        "route_name": "200-Q3",
        "car_seq": "200-Q3",
        "arrival_time": "1530",
        "departure_time": "1532",
        "district": "大里區",
        "village": "立德里",
        "location": "合信街143號",
        "type": "沿街",
        "collection_type": "garbage",
        "day_of_week": 1
      }
    },
    {
      "type": "Feature",
      "geometry": {
        "type": "Point",
        "coordinates": [
          120.69954398705651,
          24.103839609941165
        ]
      },
      "properties": {
        "routeId": "taichung-200-q3-addb85-d1",
        "city": "taichung",
        "route_name": "200-Q3",
        "car_seq": "200-Q3",
        "arrival_time": "1530",
        "departure_time": "1532",
        "district": "大里區",
        "village": "立德里",
        "location": "合信街143號",
        "type": "沿街",
        "collection_type": "recycling",
        "day_of_week": 1
      }
    },
    {
      "type": "Feature",
      "geometry": {
        "type": "Point",
        "coordinates": [
          120.69936902567038,
          24.10340855578776
        ]
      },
      "properties": {
        "routeId": "taichung-200-q3-addb85-d1",
        "city": "taichung",
        "route_name": "200-Q3",
        "car_seq": "200-Q3",
        "arrival_time": "1532",
        "departure_time": "1535",
        "district": "大里區",
        "village": "立德里",
        "location": "立仁一路178巷43號",
        "type": "沿街",
        "collection_type": "garbage",
        "day_of_week": 1
      }
    },
    {
      "type": "Feature",
      "geometry": {
        "type": "Point",
        "coordinates": [
          120.69936902567038,
          24.10340855578776
        ]
      },
      "properties": {
        "routeId": "taichung-200-q3-addb85-d1",
        "city": "taichung",
        "route_name": "200-Q3",
        "car_seq": "200-Q3",
        "arrival_time": "1532",
        "departure_time": "1535",
        "district": "大里區",
        "village": "立德里",
        "location": "立仁一路178巷43號",
        "type": "沿街",
        "collection_type": "recycling",
        "day_of_week": 1
      }
    },
    {
      "type": "Feature",
      "geometry": {
        "type": "Point",
        "coordinates": [
          120.69932211290721,
          24.10319032288177
        ]
      },
      "properties": {
        "routeId": "taichung-200-q3-addb85-d1",
        "city": "taichung",
        "route_name": "200-Q3",
        "car_seq": "200-Q3",
        "arrival_time": "1532",
        "departure_time": "1535",
        "district": "大里區",
        "village": "立德里",
        "location": "立仁一路178巷35弄",
        "type": "沿街",
        "collection_type": "garbage",
        "day_of_week": 1
      }
    },
    {
      "type": "Feature",
      "geometry": {
        "type": "Point",
        "coordinates": [
          120.69932211290721,
          24.10319032288177
        ]
      },
      "properties": {
        "routeId": "taichung-200-q3-addb85-d1",
        "city": "taichung",
        "route_name": "200-Q3",
        "car_seq": "200-Q3",
        "arrival_time": "1532",
        "departure_time": "1535",
        "district": "大里區",
        "village": "立德里",
        "location": "立仁一路178巷35弄",
        "type": "沿街",
        "collection_type": "recycling",
        "day_of_week": 1
      }
    },
    {
      "type": "Feature",
      "geometry": {
        "type": "Point",
        "coordinates": [
          120.69923802723102,
          24.10322509208473
        ]
      },
      "properties": {
        "routeId": "taichung-200-q3-addb85-d1",
        "city": "taichung",
        "route_name": "200-Q3",
        "car_seq": "200-Q3",
        "arrival_time": "1532",
        "departure_time": "1535",
        "district": "大里區",
        "village": "立德里",
        "location": "立仁一路178巷35弄4號",
        "type": "沿街",
        "collection_type": "garbage",
        "day_of_week": 1
      }
    },
    {
      "type": "Feature",
      "geometry": {
        "type": "Point",
        "coordinates": [
          120.69923802723102,
          24.10322509208473
        ]
      },
      "properties": {
        "routeId": "taichung-200-q3-addb85-d1",
        "city": "taichung",
        "route_name": "200-Q3",
        "car_seq": "200-Q3",
        "arrival_time": "1532",
        "departure_time": "1535",
        "district": "大里區",
        "village": "立德里",
        "location": "立仁一路178巷35弄4號",
        "type": "沿街",
        "collection_type": "recycling",
        "day_of_week": 1
      }
    },
    {
      "type": "Feature",
      "geometry": {
        "type": "Point",
        "coordinates": [
          120.69902721405558,
          24.103151539177325
        ]
      },
      "properties": {
        "routeId": "taichung-200-q3-addb85-d1",
        "city": "taichung",
        "route_name": "200-Q3",
        "car_seq": "200-Q3",
        "arrival_time": "1535",
        "departure_time": "1537",
        "district": "大里區",
        "village": "立德里",
        "location": "立仁一路178巷35弄14號",
        "type": "沿街",
        "collection_type": "garbage",
        "day_of_week": 1
      }
    },
    {
      "type": "Feature",
      "geometry": {
        "type": "Point",
        "coordinates": [
          120.69902721405558,
          24.103151539177325
        ]
      },
      "properties": {
        "routeId": "taichung-200-q3-addb85-d1",
        "city": "taichung",
        "route_name": "200-Q3",
        "car_seq": "200-Q3",
        "arrival_time": "1535",
        "departure_time": "1537",
        "district": "大里區",
        "village": "立德里",
        "location": "立仁一路178巷35弄14號",
        "type": "沿街",
        "collection_type": "recycling",
        "day_of_week": 1
      }
    },
    {
      "type": "Feature",
      "geometry": {
        "type": "Point",
        "coordinates": [
          120.69890092200778,
          24.10272664803942
        ]
      },
      "properties": {
        "routeId": "taichung-200-q3-addb85-d1",
        "city": "taichung",
        "route_name": "200-Q3",
        "car_seq": "200-Q3",
        "arrival_time": "1535",
        "departure_time": "1537",
        "district": "大里區",
        "village": "立德里",
        "location": "立仁一路200巷1號",
        "type": "沿街",
        "collection_type": "garbage",
        "day_of_week": 1
      }
    },
    {
      "type": "Feature",
      "geometry": {
        "type": "Point",
        "coordinates": [
          120.69890092200778,
          24.10272664803942
        ]
      },
      "properties": {
        "routeId": "taichung-200-q3-addb85-d1",
        "city": "taichung",
        "route_name": "200-Q3",
        "car_seq": "200-Q3",
        "arrival_time": "1535",
        "departure_time": "1537",
        "district": "大里區",
        "village": "立德里",
        "location": "立仁一路200巷1號",
        "type": "沿街",
        "collection_type": "recycling",
        "day_of_week": 1
      }
    },
    {
      "type": "Feature",
      "geometry": {
        "type": "Point",
        "coordinates": [
          120.69910043329646,
          24.102416611074045
        ]
      },
      "properties": {
        "routeId": "taichung-200-q3-addb85-d1",
        "city": "taichung",
        "route_name": "200-Q3",
        "car_seq": "200-Q3",
        "arrival_time": "1535",
        "departure_time": "1537",
        "district": "大里區",
        "village": "立德里",
        "location": "立仁一路157號",
        "type": "沿街",
        "collection_type": "garbage",
        "day_of_week": 1
      }
    },
    {
      "type": "Feature",
      "geometry": {
        "type": "Point",
        "coordinates": [
          120.69910043329646,
          24.102416611074045
        ]
      },
      "properties": {
        "routeId": "taichung-200-q3-addb85-d1",
        "city": "taichung",
        "route_name": "200-Q3",
        "car_seq": "200-Q3",
        "arrival_time": "1535",
        "departure_time": "1537",
        "district": "大里區",
        "village": "立德里",
        "location": "立仁一路157號",
        "type": "沿街",
        "collection_type": "recycling",
        "day_of_week": 1
      }
    },
    {
      "type": "Feature",
      "geometry": {
        "type": "Point",
        "coordinates": [
          120.69980618043401,
          24.102515507035825
        ]
      },
      "properties": {
        "routeId": "taichung-200-q3-addb85-d1",
        "city": "taichung",
        "route_name": "200-Q3",
        "car_seq": "200-Q3",
        "arrival_time": "1537",
        "departure_time": "1540",
        "district": "大里區",
        "village": "立德里",
        "location": "立仁一路178號",
        "type": "沿街",
        "collection_type": "garbage",
        "day_of_week": 1
      }
    },
    {
      "type": "Feature",
      "geometry": {
        "type": "Point",
        "coordinates": [
          120.69980618043401,
          24.102515507035825
        ]
      },
      "properties": {
        "routeId": "taichung-200-q3-addb85-d1",
        "city": "taichung",
        "route_name": "200-Q3",
        "car_seq": "200-Q3",
        "arrival_time": "1537",
        "departure_time": "1540",
        "district": "大里區",
        "village": "立德里",
        "location": "立仁一路178號",
        "type": "沿街",
        "collection_type": "recycling",
        "day_of_week": 1
      }
    },
    {
      "type": "Feature",
      "geometry": {
        "type": "Point",
        "coordinates": [
          120.700131771058,
          24.102599487291066
        ]
      },
      "properties": {
        "routeId": "taichung-200-q3-addb85-d1",
        "city": "taichung",
        "route_name": "200-Q3",
        "car_seq": "200-Q3",
        "arrival_time": "1537",
        "departure_time": "1540",
        "district": "大里區",
        "village": "立德里",
        "location": "立仁一路174號",
        "type": "沿街",
        "collection_type": "garbage",
        "day_of_week": 1
      }
    },
    {
      "type": "Feature",
      "geometry": {
        "type": "Point",
        "coordinates": [
          120.700131771058,
          24.102599487291066
        ]
      },
      "properties": {
        "routeId": "taichung-200-q3-addb85-d1",
        "city": "taichung",
        "route_name": "200-Q3",
        "car_seq": "200-Q3",
        "arrival_time": "1537",
        "departure_time": "1540",
        "district": "大里區",
        "village": "立德里",
        "location": "立仁一路174號",
        "type": "沿街",
        "collection_type": "recycling",
        "day_of_week": 1
      }
    },
    {
      "type": "Feature",
      "geometry": {
        "type": "Point",
        "coordinates": [
          120.70055543996969,
          24.10272257564135
        ]
      },
      "properties": {
        "routeId": "taichung-200-q3-addb85-d1",
        "city": "taichung",
        "route_name": "200-Q3",
        "car_seq": "200-Q3",
        "arrival_time": "1537",
        "departure_time": "1540",
        "district": "大里區",
        "village": "立德里",
        "location": "立仁一路168號",
        "type": "沿街",
        "collection_type": "garbage",
        "day_of_week": 1
      }
    },
    {
      "type": "Feature",
      "geometry": {
        "type": "Point",
        "coordinates": [
          120.70055543996969,
          24.10272257564135
        ]
      },
      "properties": {
        "routeId": "taichung-200-q3-addb85-d1",
        "city": "taichung",
        "route_name": "200-Q3",
        "car_seq": "200-Q3",
        "arrival_time": "1537",
        "departure_time": "1540",
        "district": "大里區",
        "village": "立德里",
        "location": "立仁一路168號",
        "type": "沿街",
        "collection_type": "recycling",
        "day_of_week": 1
      }
    },
    {
      "type": "Feature",
      "geometry": {
        "type": "Point",
        "coordinates": [
          120.70021952569992,
          24.10356598301589
        ]
      },
      "properties": {
        "routeId": "taichung-200-q3-addb85-d1",
        "city": "taichung",
        "route_name": "200-Q3",
        "car_seq": "200-Q3",
        "arrival_time": "1540",
        "departure_time": "1545",
        "district": "大里區",
        "village": "立德里",
        "location": "立仁一路178巷10弄29號",
        "type": "沿街",
        "collection_type": "garbage",
        "day_of_week": 1
      }
    },
    {
      "type": "Feature",
      "geometry": {
        "type": "Point",
        "coordinates": [
          120.70021952569992,
          24.10356598301589
        ]
      },
      "properties": {
        "routeId": "taichung-200-q3-addb85-d1",
        "city": "taichung",
        "route_name": "200-Q3",
        "car_seq": "200-Q3",
        "arrival_time": "1540",
        "departure_time": "1545",
        "district": "大里區",
        "village": "立德里",
        "location": "立仁一路178巷10弄29號",
        "type": "沿街",
        "collection_type": "recycling",
        "day_of_week": 1
      }
    },
    {
      "type": "Feature",
      "geometry": {
        "type": "Point",
        "coordinates": [
          120.7000351003637,
          24.103476681845045
        ]
      },
      "properties": {
        "routeId": "taichung-200-q3-addb85-d1",
        "city": "taichung",
        "route_name": "200-Q3",
        "car_seq": "200-Q3",
        "arrival_time": "1540",
        "departure_time": "1545",
        "district": "大里區",
        "village": "立德里",
        "location": "立仁一路178巷10弄21號",
        "type": "沿街",
        "collection_type": "garbage",
        "day_of_week": 1
      }
    },
    {
      "type": "Feature",
      "geometry": {
        "type": "Point",
        "coordinates": [
          120.7000351003637,
          24.103476681845045
        ]
      },
      "properties": {
        "routeId": "taichung-200-q3-addb85-d1",
        "city": "taichung",
        "route_name": "200-Q3",
        "car_seq": "200-Q3",
        "arrival_time": "1540",
        "departure_time": "1545",
        "district": "大里區",
        "village": "立德里",
        "location": "立仁一路178巷10弄21號",
        "type": "沿街",
        "collection_type": "recycling",
        "day_of_week": 1
      }
    },
    {
      "type": "Feature",
      "geometry": {
        "type": "Point",
        "coordinates": [
          120.69980468836101,
          24.1033666219012
        ]
      },
      "properties": {
        "routeId": "taichung-200-q3-addb85-d1",
        "city": "taichung",
        "route_name": "200-Q3",
        "car_seq": "200-Q3",
        "arrival_time": "1540",
        "departure_time": "1545",
        "district": "大里區",
        "village": "立德里",
        "location": "立仁一路178巷10弄11號",
        "type": "沿街",
        "collection_type": "garbage",
        "day_of_week": 1
      }
    },
    {
      "type": "Feature",
      "geometry": {
        "type": "Point",
        "coordinates": [
          120.69980468836101,
          24.1033666219012
        ]
      },
      "properties": {
        "routeId": "taichung-200-q3-addb85-d1",
        "city": "taichung",
        "route_name": "200-Q3",
        "car_seq": "200-Q3",
        "arrival_time": "1540",
        "departure_time": "1545",
        "district": "大里區",
        "village": "立德里",
        "location": "立仁一路178巷10弄11號",
        "type": "沿街",
        "collection_type": "recycling",
        "day_of_week": 1
      }
    },
    {
      "type": "Feature",
      "geometry": {
        "type": "Point",
        "coordinates": [
          120.69985547487462,
          24.103058458834507
        ]
      },
      "properties": {
        "routeId": "taichung-200-q3-addb85-d1",
        "city": "taichung",
        "route_name": "200-Q3",
        "car_seq": "200-Q3",
        "arrival_time": "1540",
        "departure_time": "1545",
        "district": "大里區",
        "village": "立德里",
        "location": "立仁五路14號",
        "type": "沿街",
        "collection_type": "garbage",
        "day_of_week": 1
      }
    },
    {
      "type": "Feature",
      "geometry": {
        "type": "Point",
        "coordinates": [
          120.69985547487462,
          24.103058458834507
        ]
      },
      "properties": {
        "routeId": "taichung-200-q3-addb85-d1",
        "city": "taichung",
        "route_name": "200-Q3",
        "car_seq": "200-Q3",
        "arrival_time": "1540",
        "departure_time": "1545",
        "district": "大里區",
        "village": "立德里",
        "location": "立仁五路14號",
        "type": "沿街",
        "collection_type": "recycling",
        "day_of_week": 1
      }
    },
    {
      "type": "Feature",
      "geometry": {
        "type": "Point",
        "coordinates": [
          120.70032437693524,
          24.103353456599184
        ]
      },
      "properties": {
        "routeId": "taichung-200-q3-addb85-d1",
        "city": "taichung",
        "route_name": "200-Q3",
        "car_seq": "200-Q3",
        "arrival_time": "1540",
        "departure_time": "1545",
        "district": "大里區",
        "village": "立德里",
        "location": "立仁四路13巷16號",
        "type": "沿街",
        "collection_type": "garbage",
        "day_of_week": 1
      }
    },
    {
      "type": "Feature",
      "geometry": {
        "type": "Point",
        "coordinates": [
          120.70032437693524,
          24.103353456599184
        ]
      },
      "properties": {
        "routeId": "taichung-200-q3-addb85-d1",
        "city": "taichung",
        "route_name": "200-Q3",
        "car_seq": "200-Q3",
        "arrival_time": "1540",
        "departure_time": "1545",
        "district": "大里區",
        "village": "立德里",
        "location": "立仁四路13巷16號",
        "type": "沿街",
        "collection_type": "recycling",
        "day_of_week": 1
      }
    },
    {
      "type": "Feature",
      "geometry": {
        "type": "Point",
        "coordinates": [
          120.70061748047766,
          24.10328054093713
        ]
      },
      "properties": {
        "routeId": "taichung-200-q3-addb85-d1",
        "city": "taichung",
        "route_name": "200-Q3",
        "car_seq": "200-Q3",
        "arrival_time": "1545",
        "departure_time": "1550",
        "district": "大里區",
        "village": "立德里",
        "location": "立仁四路11號",
        "type": "沿街",
        "collection_type": "garbage",
        "day_of_week": 1
      }
    },
    {
      "type": "Feature",
      "geometry": {
        "type": "Point",
        "coordinates": [
          120.70061748047766,
          24.10328054093713
        ]
      },
      "properties": {
        "routeId": "taichung-200-q3-addb85-d1",
        "city": "taichung",
        "route_name": "200-Q3",
        "car_seq": "200-Q3",
        "arrival_time": "1545",
        "departure_time": "1550",
        "district": "大里區",
        "village": "立德里",
        "location": "立仁四路11號",
        "type": "沿街",
        "collection_type": "recycling",
        "day_of_week": 1
      }
    },
    {
      "type": "Feature",
      "geometry": {
        "type": "Point",
        "coordinates": [
          120.70105777941293,
          24.103105510548435
        ]
      },
      "properties": {
        "routeId": "taichung-200-q3-addb85-d1",
        "city": "taichung",
        "route_name": "200-Q3",
        "car_seq": "200-Q3",
        "arrival_time": "1545",
        "departure_time": "1550",
        "district": "大里區",
        "village": "立德里",
        "location": "立仁二路53號",
        "type": "沿街",
        "collection_type": "garbage",
        "day_of_week": 1
      }
    },
    {
      "type": "Feature",
      "geometry": {
        "type": "Point",
        "coordinates": [
          120.70105777941293,
          24.103105510548435
        ]
      },
      "properties": {
        "routeId": "taichung-200-q3-addb85-d1",
        "city": "taichung",
        "route_name": "200-Q3",
        "car_seq": "200-Q3",
        "arrival_time": "1545",
        "departure_time": "1550",
        "district": "大里區",
        "village": "立德里",
        "location": "立仁二路53號",
        "type": "沿街",
        "collection_type": "recycling",
        "day_of_week": 1
      }
    },
    {
      "type": "Feature",
      "geometry": {
        "type": "Point",
        "coordinates": [
          120.70132148893572,
          24.10324100622616
        ]
      },
      "properties": {
        "routeId": "taichung-200-q3-addb85-d1",
        "city": "taichung",
        "route_name": "200-Q3",
        "car_seq": "200-Q3",
        "arrival_time": "1545",
        "departure_time": "1550",
        "district": "大里區",
        "village": "立德里",
        "location": "立仁二路37號",
        "type": "沿街",
        "collection_type": "garbage",
        "day_of_week": 1
      }
    },
    {
      "type": "Feature",
      "geometry": {
        "type": "Point",
        "coordinates": [
          120.70132148893572,
          24.10324100622616
        ]
      },
      "properties": {
        "routeId": "taichung-200-q3-addb85-d1",
        "city": "taichung",
        "route_name": "200-Q3",
        "car_seq": "200-Q3",
        "arrival_time": "1545",
        "departure_time": "1550",
        "district": "大里區",
        "village": "立德里",
        "location": "立仁二路37號",
        "type": "沿街",
        "collection_type": "recycling",
        "day_of_week": 1
      }
    },
    {
      "type": "Feature",
      "geometry": {
        "type": "Point",
        "coordinates": [
          120.70163043396738,
          24.10337380871761
        ]
      },
      "properties": {
        "routeId": "taichung-200-q3-addb85-d1",
        "city": "taichung",
        "route_name": "200-Q3",
        "car_seq": "200-Q3",
        "arrival_time": "1545",
        "departure_time": "1550",
        "district": "大里區",
        "village": "立德里",
        "location": "立仁二路21號",
        "type": "沿街",
        "collection_type": "garbage",
        "day_of_week": 1
      }
    },
    {
      "type": "Feature",
      "geometry": {
        "type": "Point",
        "coordinates": [
          120.70163043396738,
          24.10337380871761
        ]
      },
      "properties": {
        "routeId": "taichung-200-q3-addb85-d1",
        "city": "taichung",
        "route_name": "200-Q3",
        "car_seq": "200-Q3",
        "arrival_time": "1545",
        "departure_time": "1550",
        "district": "大里區",
        "village": "立德里",
        "location": "立仁二路21號",
        "type": "沿街",
        "collection_type": "recycling",
        "day_of_week": 1
      }
    },
    {
      "type": "Feature",
      "geometry": {
        "type": "Point",
        "coordinates": [
          120.70194464291811,
          24.10357856690615
        ]
      },
      "properties": {
        "routeId": "taichung-200-q3-addb85-d1",
        "city": "taichung",
        "route_name": "200-Q3",
        "car_seq": "200-Q3",
        "arrival_time": "1545",
        "departure_time": "1550",
        "district": "大里區",
        "village": "立德里",
        "location": "立仁二路16號",
        "type": "沿街",
        "collection_type": "garbage",
        "day_of_week": 1
      }
    },
    {
      "type": "Feature",
      "geometry": {
        "type": "Point",
        "coordinates": [
          120.70194464291811,
          24.10357856690615
        ]
      },
      "properties": {
        "routeId": "taichung-200-q3-addb85-d1",
        "city": "taichung",
        "route_name": "200-Q3",
        "car_seq": "200-Q3",
        "arrival_time": "1545",
        "departure_time": "1550",
        "district": "大里區",
        "village": "立德里",
        "location": "立仁二路16號",
        "type": "沿街",
        "collection_type": "recycling",
        "day_of_week": 1
      }
    },
    {
      "type": "Feature",
      "geometry": {
        "type": "Point",
        "coordinates": [
          120.7023492787659,
          24.103720484580986
        ]
      },
      "properties": {
        "routeId": "taichung-200-q3-addb85-d1",
        "city": "taichung",
        "route_name": "200-Q3",
        "car_seq": "200-Q3",
        "arrival_time": "1550",
        "departure_time": "1555",
        "district": "大里區",
        "village": "立德里",
        "location": "立仁二路2號",
        "type": "沿街",
        "collection_type": "garbage",
        "day_of_week": 1
      }
    },
    {
      "type": "Feature",
      "geometry": {
        "type": "Point",
        "coordinates": [
          120.7023492787659,
          24.103720484580986
        ]
      },
      "properties": {
        "routeId": "taichung-200-q3-addb85-d1",
        "city": "taichung",
        "route_name": "200-Q3",
        "car_seq": "200-Q3",
        "arrival_time": "1550",
        "departure_time": "1555",
        "district": "大里區",
        "village": "立德里",
        "location": "立仁二路2號",
        "type": "沿街",
        "collection_type": "recycling",
        "day_of_week": 1
      }
    },
    {
      "type": "Feature",
      "geometry": {
        "type": "Point",
        "coordinates": [
          120.70268416828227,
          24.104082049521747
        ]
      },
      "properties": {
        "routeId": "taichung-200-q3-addb85-d1",
        "city": "taichung",
        "route_name": "200-Q3",
        "car_seq": "200-Q3",
        "arrival_time": "1550",
        "departure_time": "1555",
        "district": "大里區",
        "village": "立德里",
        "location": "立仁三路2號",
        "type": "沿街",
        "collection_type": "garbage",
        "day_of_week": 1
      }
    },
    {
      "type": "Feature",
      "geometry": {
        "type": "Point",
        "coordinates": [
          120.70268416828227,
          24.104082049521747
        ]
      },
      "properties": {
        "routeId": "taichung-200-q3-addb85-d1",
        "city": "taichung",
        "route_name": "200-Q3",
        "car_seq": "200-Q3",
        "arrival_time": "1550",
        "departure_time": "1555",
        "district": "大里區",
        "village": "立德里",
        "location": "立仁三路2號",
        "type": "沿街",
        "collection_type": "recycling",
        "day_of_week": 1
      }
    },
    {
      "type": "Feature",
      "geometry": {
        "type": "Point",
        "coordinates": [
          120.70006504454162,
          24.110131485115584
        ]
      },
      "properties": {
        "routeId": "taichung-200-q3-addb85-d1",
        "city": "taichung",
        "route_name": "200-Q3",
        "car_seq": "200-Q3",
        "arrival_time": "1700",
        "departure_time": "1705",
        "district": "大里區",
        "village": "立仁里",
        "location": "新仁路一段253號",
        "type": "沿街",
        "collection_type": "garbage",
        "day_of_week": 1
      }
    },
    {
      "type": "Feature",
      "geometry": {
        "type": "Point",
        "coordinates": [
          120.70006504454162,
          24.110131485115584
        ]
      },
      "properties": {
        "routeId": "taichung-200-q3-addb85-d1",
        "city": "taichung",
        "route_name": "200-Q3",
        "car_seq": "200-Q3",
        "arrival_time": "1700",
        "departure_time": "1705",
        "district": "大里區",
        "village": "立仁里",
        "location": "新仁路一段253號",
        "type": "沿街",
        "collection_type": "recycling",
        "day_of_week": 1
      }
    },
    {
      "type": "Feature",
      "geometry": {
        "type": "Point",
        "coordinates": [
          120.70056345678094,
          24.11031556910185
        ]
      },
      "properties": {
        "routeId": "taichung-200-q3-addb85-d1",
        "city": "taichung",
        "route_name": "200-Q3",
        "car_seq": "200-Q3",
        "arrival_time": "1700",
        "departure_time": "1705",
        "district": "大里區",
        "village": "立仁里",
        "location": "新仁路一段241號",
        "type": "沿街",
        "collection_type": "garbage",
        "day_of_week": 1
      }
    },
    {
      "type": "Feature",
      "geometry": {
        "type": "Point",
        "coordinates": [
          120.70056345678094,
          24.11031556910185
        ]
      },
      "properties": {
        "routeId": "taichung-200-q3-addb85-d1",
        "city": "taichung",
        "route_name": "200-Q3",
        "car_seq": "200-Q3",
        "arrival_time": "1700",
        "departure_time": "1705",
        "district": "大里區",
        "village": "立仁里",
        "location": "新仁路一段241號",
        "type": "沿街",
        "collection_type": "recycling",
        "day_of_week": 1
      }
    },
    {
      "type": "Feature",
      "geometry": {
        "type": "Point",
        "coordinates": [
          120.70079373061144,
          24.110401799139076
        ]
      },
      "properties": {
        "routeId": "taichung-200-q3-addb85-d1",
        "city": "taichung",
        "route_name": "200-Q3",
        "car_seq": "200-Q3",
        "arrival_time": "1700",
        "departure_time": "1705",
        "district": "大里區",
        "village": "立仁里",
        "location": "新仁路一段229號",
        "type": "沿街",
        "collection_type": "garbage",
        "day_of_week": 1
      }
    },
    {
      "type": "Feature",
      "geometry": {
        "type": "Point",
        "coordinates": [
          120.70079373061144,
          24.110401799139076
        ]
      },
      "properties": {
        "routeId": "taichung-200-q3-addb85-d1",
        "city": "taichung",
        "route_name": "200-Q3",
        "car_seq": "200-Q3",
        "arrival_time": "1700",
        "departure_time": "1705",
        "district": "大里區",
        "village": "立仁里",
        "location": "新仁路一段229號",
        "type": "沿街",
        "collection_type": "recycling",
        "day_of_week": 1
      }
    },
    {
      "type": "Feature",
      "geometry": {
        "type": "Point",
        "coordinates": [
          120.70127246880202,
          24.11059091680137
        ]
      },
      "properties": {
        "routeId": "taichung-200-q3-addb85-d1",
        "city": "taichung",
        "route_name": "200-Q3",
        "car_seq": "200-Q3",
        "arrival_time": "1700",
        "departure_time": "1705",
        "district": "大里區",
        "village": "立仁里",
        "location": "新仁路一段217號",
        "type": "沿街",
        "collection_type": "garbage",
        "day_of_week": 1
      }
    },
    {
      "type": "Feature",
      "geometry": {
        "type": "Point",
        "coordinates": [
          120.70127246880202,
          24.11059091680137
        ]
      },
      "properties": {
        "routeId": "taichung-200-q3-addb85-d1",
        "city": "taichung",
        "route_name": "200-Q3",
        "car_seq": "200-Q3",
        "arrival_time": "1700",
        "departure_time": "1705",
        "district": "大里區",
        "village": "立仁里",
        "location": "新仁路一段217號",
        "type": "沿街",
        "collection_type": "recycling",
        "day_of_week": 1
      }
    },
    {
      "type": "Feature",
      "geometry": {
        "type": "Point",
        "coordinates": [
          120.70187858743148,
          24.11064942797391
        ]
      },
      "properties": {
        "routeId": "taichung-200-q3-addb85-d1",
        "city": "taichung",
        "route_name": "200-Q3",
        "car_seq": "200-Q3",
        "arrival_time": "1705",
        "departure_time": "1710",
        "district": "大里區",
        "village": "立仁里",
        "location": "立仁路10號",
        "type": "沿街",
        "collection_type": "garbage",
        "day_of_week": 1
      }
    },
    {
      "type": "Feature",
      "geometry": {
        "type": "Point",
        "coordinates": [
          120.70187858743148,
          24.11064942797391
        ]
      },
      "properties": {
        "routeId": "taichung-200-q3-addb85-d1",
        "city": "taichung",
        "route_name": "200-Q3",
        "car_seq": "200-Q3",
        "arrival_time": "1705",
        "departure_time": "1710",
        "district": "大里區",
        "village": "立仁里",
        "location": "立仁路10號",
        "type": "沿街",
        "collection_type": "recycling",
        "day_of_week": 1
      }
    },
    {
      "type": "Feature",
      "geometry": {
        "type": "Point",
        "coordinates": [
          120.70211074454161,
          24.110271008529967
        ]
      },
      "properties": {
        "routeId": "taichung-200-q3-addb85-d1",
        "city": "taichung",
        "route_name": "200-Q3",
        "car_seq": "200-Q3",
        "arrival_time": "1705",
        "departure_time": "1710",
        "district": "大里區",
        "village": "立仁里",
        "location": "立仁路30號",
        "type": "沿街",
        "collection_type": "garbage",
        "day_of_week": 1
      }
    },
    {
      "type": "Feature",
      "geometry": {
        "type": "Point",
        "coordinates": [
          120.70211074454161,
          24.110271008529967
        ]
      },
      "properties": {
        "routeId": "taichung-200-q3-addb85-d1",
        "city": "taichung",
        "route_name": "200-Q3",
        "car_seq": "200-Q3",
        "arrival_time": "1705",
        "departure_time": "1710",
        "district": "大里區",
        "village": "立仁里",
        "location": "立仁路30號",
        "type": "沿街",
        "collection_type": "recycling",
        "day_of_week": 1
      }
    },
    {
      "type": "Feature",
      "geometry": {
        "type": "Point",
        "coordinates": [
          120.70226220944876,
          24.10998490124784
        ]
      },
      "properties": {
        "routeId": "taichung-200-q3-addb85-d1",
        "city": "taichung",
        "route_name": "200-Q3",
        "car_seq": "200-Q3",
        "arrival_time": "1705",
        "departure_time": "1710",
        "district": "大里區",
        "village": "立仁里",
        "location": "立仁路42之2號",
        "type": "沿街",
        "collection_type": "garbage",
        "day_of_week": 1
      }
    },
    {
      "type": "Feature",
      "geometry": {
        "type": "Point",
        "coordinates": [
          120.70226220944876,
          24.10998490124784
        ]
      },
      "properties": {
        "routeId": "taichung-200-q3-addb85-d1",
        "city": "taichung",
        "route_name": "200-Q3",
        "car_seq": "200-Q3",
        "arrival_time": "1705",
        "departure_time": "1710",
        "district": "大里區",
        "village": "立仁里",
        "location": "立仁路42之2號",
        "type": "沿街",
        "collection_type": "recycling",
        "day_of_week": 1
      }
    },
    {
      "type": "Feature",
      "geometry": {
        "type": "Point",
        "coordinates": [
          120.70244339909434,
          24.109687005153685
        ]
      },
      "properties": {
        "routeId": "taichung-200-q3-addb85-d1",
        "city": "taichung",
        "route_name": "200-Q3",
        "car_seq": "200-Q3",
        "arrival_time": "1705",
        "departure_time": "1710",
        "district": "大里區",
        "village": "立仁里",
        "location": "立仁路48號",
        "type": "沿街",
        "collection_type": "garbage",
        "day_of_week": 1
      }
    },
    {
      "type": "Feature",
      "geometry": {
        "type": "Point",
        "coordinates": [
          120.70244339909434,
          24.109687005153685
        ]
      },
      "properties": {
        "routeId": "taichung-200-q3-addb85-d1",
        "city": "taichung",
        "route_name": "200-Q3",
        "car_seq": "200-Q3",
        "arrival_time": "1705",
        "departure_time": "1710",
        "district": "大里區",
        "village": "立仁里",
        "location": "立仁路48號",
        "type": "沿街",
        "collection_type": "recycling",
        "day_of_week": 1
      }
    },
    {
      "type": "Feature",
      "geometry": {
        "type": "Point",
        "coordinates": [
          120.70263571439462,
          24.10939303116381
        ]
      },
      "properties": {
        "routeId": "taichung-200-q3-addb85-d1",
        "city": "taichung",
        "route_name": "200-Q3",
        "car_seq": "200-Q3",
        "arrival_time": "1705",
        "departure_time": "1710",
        "district": "大里區",
        "village": "立仁里",
        "location": "立仁路64號",
        "type": "沿街",
        "collection_type": "garbage",
        "day_of_week": 1
      }
    },
    {
      "type": "Feature",
      "geometry": {
        "type": "Point",
        "coordinates": [
          120.70263571439462,
          24.10939303116381
        ]
      },
      "properties": {
        "routeId": "taichung-200-q3-addb85-d1",
        "city": "taichung",
        "route_name": "200-Q3",
        "car_seq": "200-Q3",
        "arrival_time": "1705",
        "departure_time": "1710",
        "district": "大里區",
        "village": "立仁里",
        "location": "立仁路64號",
        "type": "沿街",
        "collection_type": "recycling",
        "day_of_week": 1
      }
    },
    {
      "type": "Feature",
      "geometry": {
        "type": "Point",
        "coordinates": [
          120.70277914848455,
          24.1091757837111
        ]
      },
      "properties": {
        "routeId": "taichung-200-q3-addb85-d1",
        "city": "taichung",
        "route_name": "200-Q3",
        "car_seq": "200-Q3",
        "arrival_time": "1710",
        "departure_time": "1715",
        "district": "大里區",
        "village": "立仁里",
        "location": "立仁路76號",
        "type": "沿街",
        "collection_type": "garbage",
        "day_of_week": 1
      }
    },
    {
      "type": "Feature",
      "geometry": {
        "type": "Point",
        "coordinates": [
          120.70277914848455,
          24.1091757837111
        ]
      },
      "properties": {
        "routeId": "taichung-200-q3-addb85-d1",
        "city": "taichung",
        "route_name": "200-Q3",
        "car_seq": "200-Q3",
        "arrival_time": "1710",
        "departure_time": "1715",
        "district": "大里區",
        "village": "立仁里",
        "location": "立仁路76號",
        "type": "沿街",
        "collection_type": "recycling",
        "day_of_week": 1
      }
    },
    {
      "type": "Feature",
      "geometry": {
        "type": "Point",
        "coordinates": [
          120.70288291089254,
          24.109013276279768
        ]
      },
      "properties": {
        "routeId": "taichung-200-q3-addb85-d1",
        "city": "taichung",
        "route_name": "200-Q3",
        "car_seq": "200-Q3",
        "arrival_time": "1710",
        "departure_time": "1715",
        "district": "大里區",
        "village": "立仁里",
        "location": "立仁路86號",
        "type": "沿街",
        "collection_type": "garbage",
        "day_of_week": 1
      }
    },
    {
      "type": "Feature",
      "geometry": {
        "type": "Point",
        "coordinates": [
          120.70288291089254,
          24.109013276279768
        ]
      },
      "properties": {
        "routeId": "taichung-200-q3-addb85-d1",
        "city": "taichung",
        "route_name": "200-Q3",
        "car_seq": "200-Q3",
        "arrival_time": "1710",
        "departure_time": "1715",
        "district": "大里區",
        "village": "立仁里",
        "location": "立仁路86號",
        "type": "沿街",
        "collection_type": "recycling",
        "day_of_week": 1
      }
    },
    {
      "type": "Feature",
      "geometry": {
        "type": "Point",
        "coordinates": [
          120.70300267453614,
          24.108690167404458
        ]
      },
      "properties": {
        "routeId": "taichung-200-q3-addb85-d1",
        "city": "taichung",
        "route_name": "200-Q3",
        "car_seq": "200-Q3",
        "arrival_time": "1710",
        "departure_time": "1715",
        "district": "大里區",
        "village": "立仁里",
        "location": "立仁路98號",
        "type": "沿街",
        "collection_type": "garbage",
        "day_of_week": 1
      }
    },
    {
      "type": "Feature",
      "geometry": {
        "type": "Point",
        "coordinates": [
          120.70300267453614,
          24.108690167404458
        ]
      },
      "properties": {
        "routeId": "taichung-200-q3-addb85-d1",
        "city": "taichung",
        "route_name": "200-Q3",
        "car_seq": "200-Q3",
        "arrival_time": "1710",
        "departure_time": "1715",
        "district": "大里區",
        "village": "立仁里",
        "location": "立仁路98號",
        "type": "沿街",
        "collection_type": "recycling",
        "day_of_week": 1
      }
    },
    {
      "type": "Feature",
      "geometry": {
        "type": "Point",
        "coordinates": [
          120.70307544361118,
          24.10840660604338
        ]
      },
      "properties": {
        "routeId": "taichung-200-q3-addb85-d1",
        "city": "taichung",
        "route_name": "200-Q3",
        "car_seq": "200-Q3",
        "arrival_time": "1710",
        "departure_time": "1715",
        "district": "大里區",
        "village": "立仁里",
        "location": "立仁路112號",
        "type": "沿街",
        "collection_type": "garbage",
        "day_of_week": 1
      }
    },
    {
      "type": "Feature",
      "geometry": {
        "type": "Point",
        "coordinates": [
          120.70307544361118,
          24.10840660604338
        ]
      },
      "properties": {
        "routeId": "taichung-200-q3-addb85-d1",
        "city": "taichung",
        "route_name": "200-Q3",
        "car_seq": "200-Q3",
        "arrival_time": "1710",
        "departure_time": "1715",
        "district": "大里區",
        "village": "立仁里",
        "location": "立仁路112號",
        "type": "沿街",
        "collection_type": "recycling",
        "day_of_week": 1
      }
    },
    {
      "type": "Feature",
      "geometry": {
        "type": "Point",
        "coordinates": [
          120.70331653095056,
          24.10798720861034
        ]
      },
      "properties": {
        "routeId": "taichung-200-q3-addb85-d1",
        "city": "taichung",
        "route_name": "200-Q3",
        "car_seq": "200-Q3",
        "arrival_time": "1710",
        "departure_time": "1715",
        "district": "大里區",
        "village": "立仁里",
        "location": "立仁路130號",
        "type": "沿街",
        "collection_type": "garbage",
        "day_of_week": 1
      }
    },
    {
      "type": "Feature",
      "geometry": {
        "type": "Point",
        "coordinates": [
          120.70331653095056,
          24.10798720861034
        ]
      },
      "properties": {
        "routeId": "taichung-200-q3-addb85-d1",
        "city": "taichung",
        "route_name": "200-Q3",
        "car_seq": "200-Q3",
        "arrival_time": "1710",
        "departure_time": "1715",
        "district": "大里區",
        "village": "立仁里",
        "location": "立仁路130號",
        "type": "沿街",
        "collection_type": "recycling",
        "day_of_week": 1
      }
    },
    {
      "type": "Feature",
      "geometry": {
        "type": "Point",
        "coordinates": [
          120.70344253285985,
          24.10773509132036
        ]
      },
      "properties": {
        "routeId": "taichung-200-q3-addb85-d1",
        "city": "taichung",
        "route_name": "200-Q3",
        "car_seq": "200-Q3",
        "arrival_time": "1715",
        "departure_time": "1720",
        "district": "大里區",
        "village": "立仁里",
        "location": "立仁路142號",
        "type": "沿街",
        "collection_type": "garbage",
        "day_of_week": 1
      }
    },
    {
      "type": "Feature",
      "geometry": {
        "type": "Point",
        "coordinates": [
          120.70344253285985,
          24.10773509132036
        ]
      },
      "properties": {
        "routeId": "taichung-200-q3-addb85-d1",
        "city": "taichung",
        "route_name": "200-Q3",
        "car_seq": "200-Q3",
        "arrival_time": "1715",
        "departure_time": "1720",
        "district": "大里區",
        "village": "立仁里",
        "location": "立仁路142號",
        "type": "沿街",
        "collection_type": "recycling",
        "day_of_week": 1
      }
    },
    {
      "type": "Feature",
      "geometry": {
        "type": "Point",
        "coordinates": [
          120.7036112556624,
          24.107470307304492
        ]
      },
      "properties": {
        "routeId": "taichung-200-q3-addb85-d1",
        "city": "taichung",
        "route_name": "200-Q3",
        "car_seq": "200-Q3",
        "arrival_time": "1715",
        "departure_time": "1720",
        "district": "大里區",
        "village": "立德里",
        "location": "立仁路154號",
        "type": "沿街",
        "collection_type": "garbage",
        "day_of_week": 1
      }
    },
    {
      "type": "Feature",
      "geometry": {
        "type": "Point",
        "coordinates": [
          120.7036112556624,
          24.107470307304492
        ]
      },
      "properties": {
        "routeId": "taichung-200-q3-addb85-d1",
        "city": "taichung",
        "route_name": "200-Q3",
        "car_seq": "200-Q3",
        "arrival_time": "1715",
        "departure_time": "1720",
        "district": "大里區",
        "village": "立德里",
        "location": "立仁路154號",
        "type": "沿街",
        "collection_type": "recycling",
        "day_of_week": 1
      }
    },
    {
      "type": "Feature",
      "geometry": {
        "type": "Point",
        "coordinates": [
          120.70371304733177,
          24.10717994857109
        ]
      },
      "properties": {
        "routeId": "taichung-200-q3-addb85-d1",
        "city": "taichung",
        "route_name": "200-Q3",
        "car_seq": "200-Q3",
        "arrival_time": "1715",
        "departure_time": "1720",
        "district": "大里區",
        "village": "立德里",
        "location": "立仁路168號",
        "type": "沿街",
        "collection_type": "garbage",
        "day_of_week": 1
      }
    },
    {
      "type": "Feature",
      "geometry": {
        "type": "Point",
        "coordinates": [
          120.70371304733177,
          24.10717994857109
        ]
      },
      "properties": {
        "routeId": "taichung-200-q3-addb85-d1",
        "city": "taichung",
        "route_name": "200-Q3",
        "car_seq": "200-Q3",
        "arrival_time": "1715",
        "departure_time": "1720",
        "district": "大里區",
        "village": "立德里",
        "location": "立仁路168號",
        "type": "沿街",
        "collection_type": "recycling",
        "day_of_week": 1
      }
    },
    {
      "type": "Feature",
      "geometry": {
        "type": "Point",
        "coordinates": [
          120.70390992909097,
          24.106775182266325
        ]
      },
      "properties": {
        "routeId": "taichung-200-q3-addb85-d1",
        "city": "taichung",
        "route_name": "200-Q3",
        "car_seq": "200-Q3",
        "arrival_time": "1715",
        "departure_time": "1720",
        "district": "大里區",
        "village": "立德里",
        "location": "立仁路188號",
        "type": "沿街",
        "collection_type": "garbage",
        "day_of_week": 1
      }
    },
    {
      "type": "Feature",
      "geometry": {
        "type": "Point",
        "coordinates": [
          120.70390992909097,
          24.106775182266325
        ]
      },
      "properties": {
        "routeId": "taichung-200-q3-addb85-d1",
        "city": "taichung",
        "route_name": "200-Q3",
        "car_seq": "200-Q3",
        "arrival_time": "1715",
        "departure_time": "1720",
        "district": "大里區",
        "village": "立德里",
        "location": "立仁路188號",
        "type": "沿街",
        "collection_type": "recycling",
        "day_of_week": 1
      }
    },
    {
      "type": "Feature",
      "geometry": {
        "type": "Point",
        "coordinates": [
          120.70415584647643,
          24.10643452885686
        ]
      },
      "properties": {
        "routeId": "taichung-200-q3-addb85-d1",
        "city": "taichung",
        "route_name": "200-Q3",
        "car_seq": "200-Q3",
        "arrival_time": "1720",
        "departure_time": "1725",
        "district": "大里區",
        "village": "立德里",
        "location": "立仁路200之2號",
        "type": "沿街",
        "collection_type": "garbage",
        "day_of_week": 1
      }
    },
    {
      "type": "Feature",
      "geometry": {
        "type": "Point",
        "coordinates": [
          120.70415584647643,
          24.10643452885686
        ]
      },
      "properties": {
        "routeId": "taichung-200-q3-addb85-d1",
        "city": "taichung",
        "route_name": "200-Q3",
        "car_seq": "200-Q3",
        "arrival_time": "1720",
        "departure_time": "1725",
        "district": "大里區",
        "village": "立德里",
        "location": "立仁路200之2號",
        "type": "沿街",
        "collection_type": "recycling",
        "day_of_week": 1
      }
    },
    {
      "type": "Feature",
      "geometry": {
        "type": "Point",
        "coordinates": [
          120.7042222096909,
          24.10627438595506
        ]
      },
      "properties": {
        "routeId": "taichung-200-q3-addb85-d1",
        "city": "taichung",
        "route_name": "200-Q3",
        "car_seq": "200-Q3",
        "arrival_time": "1720",
        "departure_time": "1725",
        "district": "大里區",
        "village": "立德里",
        "location": "立仁路200之5號",
        "type": "沿街",
        "collection_type": "garbage",
        "day_of_week": 1
      }
    },
    {
      "type": "Feature",
      "geometry": {
        "type": "Point",
        "coordinates": [
          120.7042222096909,
          24.10627438595506
        ]
      },
      "properties": {
        "routeId": "taichung-200-q3-addb85-d1",
        "city": "taichung",
        "route_name": "200-Q3",
        "car_seq": "200-Q3",
        "arrival_time": "1720",
        "departure_time": "1725",
        "district": "大里區",
        "village": "立德里",
        "location": "立仁路200之5號",
        "type": "沿街",
        "collection_type": "recycling",
        "day_of_week": 1
      }
    },
    {
      "type": "Feature",
      "geometry": {
        "type": "Point",
        "coordinates": [
          120.70392258596797,
          24.10610062241606
        ]
      },
      "properties": {
        "routeId": "taichung-200-q3-addb85-d1",
        "city": "taichung",
        "route_name": "200-Q3",
        "car_seq": "200-Q3",
        "arrival_time": "1720",
        "departure_time": "1725",
        "district": "大里區",
        "village": "立德里",
        "location": "華城街12號",
        "type": "沿街",
        "collection_type": "garbage",
        "day_of_week": 1
      }
    },
    {
      "type": "Feature",
      "geometry": {
        "type": "Point",
        "coordinates": [
          120.70392258596797,
          24.10610062241606
        ]
      },
      "properties": {
        "routeId": "taichung-200-q3-addb85-d1",
        "city": "taichung",
        "route_name": "200-Q3",
        "car_seq": "200-Q3",
        "arrival_time": "1720",
        "departure_time": "1725",
        "district": "大里區",
        "village": "立德里",
        "location": "華城街12號",
        "type": "沿街",
        "collection_type": "recycling",
        "day_of_week": 1
      }
    },
    {
      "type": "Feature",
      "geometry": {
        "type": "Point",
        "coordinates": [
          120.70364732511383,
          24.105988305268088
        ]
      },
      "properties": {
        "routeId": "taichung-200-q3-addb85-d1",
        "city": "taichung",
        "route_name": "200-Q3",
        "car_seq": "200-Q3",
        "arrival_time": "1720",
        "departure_time": "1725",
        "district": "大里區",
        "village": "立德里",
        "location": "華城街26號",
        "type": "沿街",
        "collection_type": "garbage",
        "day_of_week": 1
      }
    },
    {
      "type": "Feature",
      "geometry": {
        "type": "Point",
        "coordinates": [
          120.70364732511383,
          24.105988305268088
        ]
      },
      "properties": {
        "routeId": "taichung-200-q3-addb85-d1",
        "city": "taichung",
        "route_name": "200-Q3",
        "car_seq": "200-Q3",
        "arrival_time": "1720",
        "departure_time": "1725",
        "district": "大里區",
        "village": "立德里",
        "location": "華城街26號",
        "type": "沿街",
        "collection_type": "recycling",
        "day_of_week": 1
      }
    },
    {
      "type": "Feature",
      "geometry": {
        "type": "Point",
        "coordinates": [
          120.70336752584114,
          24.105877784692066
        ]
      },
      "properties": {
        "routeId": "taichung-200-q3-addb85-d1",
        "city": "taichung",
        "route_name": "200-Q3",
        "car_seq": "200-Q3",
        "arrival_time": "1720",
        "departure_time": "1725",
        "district": "大里區",
        "village": "立德里",
        "location": "華城街40號",
        "type": "沿街",
        "collection_type": "garbage",
        "day_of_week": 1
      }
    },
    {
      "type": "Feature",
      "geometry": {
        "type": "Point",
        "coordinates": [
          120.70336752584114,
          24.105877784692066
        ]
      },
      "properties": {
        "routeId": "taichung-200-q3-addb85-d1",
        "city": "taichung",
        "route_name": "200-Q3",
        "car_seq": "200-Q3",
        "arrival_time": "1720",
        "departure_time": "1725",
        "district": "大里區",
        "village": "立德里",
        "location": "華城街40號",
        "type": "沿街",
        "collection_type": "recycling",
        "day_of_week": 1
      }
    },
    {
      "type": "Feature",
      "geometry": {
        "type": "Point",
        "coordinates": [
          120.70309166758094,
          24.105764743038176
        ]
      },
      "properties": {
        "routeId": "taichung-200-q3-addb85-d1",
        "city": "taichung",
        "route_name": "200-Q3",
        "car_seq": "200-Q3",
        "arrival_time": "1720",
        "departure_time": "1725",
        "district": "大里區",
        "village": "立德里",
        "location": "華城街54號",
        "type": "沿街",
        "collection_type": "garbage",
        "day_of_week": 1
      }
    },
    {
      "type": "Feature",
      "geometry": {
        "type": "Point",
        "coordinates": [
          120.70309166758094,
          24.105764743038176
        ]
      },
      "properties": {
        "routeId": "taichung-200-q3-addb85-d1",
        "city": "taichung",
        "route_name": "200-Q3",
        "car_seq": "200-Q3",
        "arrival_time": "1720",
        "departure_time": "1725",
        "district": "大里區",
        "village": "立德里",
        "location": "華城街54號",
        "type": "沿街",
        "collection_type": "recycling",
        "day_of_week": 1
      }
    },
    {
      "type": "Feature",
      "geometry": {
        "type": "Point",
        "coordinates": [
          120.70416972544727,
          24.10574552431507
        ]
      },
      "properties": {
        "routeId": "taichung-200-q3-addb85-d1",
        "city": "taichung",
        "route_name": "200-Q3",
        "car_seq": "200-Q3",
        "arrival_time": "1725",
        "departure_time": "1730",
        "district": "大里區",
        "village": "立德里",
        "location": "立仁一路16號",
        "type": "沿街",
        "collection_type": "garbage",
        "day_of_week": 1
      }
    },
    {
      "type": "Feature",
      "geometry": {
        "type": "Point",
        "coordinates": [
          120.70416972544727,
          24.10574552431507
        ]
      },
      "properties": {
        "routeId": "taichung-200-q3-addb85-d1",
        "city": "taichung",
        "route_name": "200-Q3",
        "car_seq": "200-Q3",
        "arrival_time": "1725",
        "departure_time": "1730",
        "district": "大里區",
        "village": "立德里",
        "location": "立仁一路16號",
        "type": "沿街",
        "collection_type": "recycling",
        "day_of_week": 1
      }
    },
    {
      "type": "Feature",
      "geometry": {
        "type": "Point",
        "coordinates": [
          120.70391561521429,
          24.105410304341717
        ]
      },
      "properties": {
        "routeId": "taichung-200-q3-addb85-d1",
        "city": "taichung",
        "route_name": "200-Q3",
        "car_seq": "200-Q3",
        "arrival_time": "1725",
        "departure_time": "1730",
        "district": "大里區",
        "village": "立德里",
        "location": "立仁一路36號",
        "type": "沿街",
        "collection_type": "garbage",
        "day_of_week": 1
      }
    },
    {
      "type": "Feature",
      "geometry": {
        "type": "Point",
        "coordinates": [
          120.70391561521429,
          24.105410304341717
        ]
      },
      "properties": {
        "routeId": "taichung-200-q3-addb85-d1",
        "city": "taichung",
        "route_name": "200-Q3",
        "car_seq": "200-Q3",
        "arrival_time": "1725",
        "departure_time": "1730",
        "district": "大里區",
        "village": "立德里",
        "location": "立仁一路36號",
        "type": "沿街",
        "collection_type": "recycling",
        "day_of_week": 1
      }
    },
    {
      "type": "Feature",
      "geometry": {
        "type": "Point",
        "coordinates": [
          120.70371585542458,
          24.105147261774118
        ]
      },
      "properties": {
        "routeId": "taichung-200-q3-addb85-d1",
        "city": "taichung",
        "route_name": "200-Q3",
        "car_seq": "200-Q3",
        "arrival_time": "1725",
        "departure_time": "1730",
        "district": "大里區",
        "village": "立德里",
        "location": "立仁一路50號",
        "type": "沿街",
        "collection_type": "garbage",
        "day_of_week": 1
      }
    },
    {
      "type": "Feature",
      "geometry": {
        "type": "Point",
        "coordinates": [
          120.70371585542458,
          24.105147261774118
        ]
      },
      "properties": {
        "routeId": "taichung-200-q3-addb85-d1",
        "city": "taichung",
        "route_name": "200-Q3",
        "car_seq": "200-Q3",
        "arrival_time": "1725",
        "departure_time": "1730",
        "district": "大里區",
        "village": "立德里",
        "location": "立仁一路50號",
        "type": "沿街",
        "collection_type": "recycling",
        "day_of_week": 1
      }
    },
    {
      "type": "Feature",
      "geometry": {
        "type": "Point",
        "coordinates": [
          120.7034593734611,
          24.104779359133662
        ]
      },
      "properties": {
        "routeId": "taichung-200-q3-addb85-d1",
        "city": "taichung",
        "route_name": "200-Q3",
        "car_seq": "200-Q3",
        "arrival_time": "1725",
        "departure_time": "1730",
        "district": "大里區",
        "village": "立德里",
        "location": "立仁一路72號",
        "type": "沿街",
        "collection_type": "garbage",
        "day_of_week": 1
      }
    },
    {
      "type": "Feature",
      "geometry": {
        "type": "Point",
        "coordinates": [
          120.7034593734611,
          24.104779359133662
        ]
      },
      "properties": {
        "routeId": "taichung-200-q3-addb85-d1",
        "city": "taichung",
        "route_name": "200-Q3",
        "car_seq": "200-Q3",
        "arrival_time": "1725",
        "departure_time": "1730",
        "district": "大里區",
        "village": "立德里",
        "location": "立仁一路72號",
        "type": "沿街",
        "collection_type": "recycling",
        "day_of_week": 1
      }
    },
    {
      "type": "Feature",
      "geometry": {
        "type": "Point",
        "coordinates": [
          120.70319361877912,
          24.104419203310684
        ]
      },
      "properties": {
        "routeId": "taichung-200-q3-addb85-d1",
        "city": "taichung",
        "route_name": "200-Q3",
        "car_seq": "200-Q3",
        "arrival_time": "1725",
        "departure_time": "1730",
        "district": "大里區",
        "village": "立德里",
        "location": "立仁一路94號",
        "type": "沿街",
        "collection_type": "garbage",
        "day_of_week": 1
      }
    },
    {
      "type": "Feature",
      "geometry": {
        "type": "Point",
        "coordinates": [
          120.70319361877912,
          24.104419203310684
        ]
      },
      "properties": {
        "routeId": "taichung-200-q3-addb85-d1",
        "city": "taichung",
        "route_name": "200-Q3",
        "car_seq": "200-Q3",
        "arrival_time": "1725",
        "departure_time": "1730",
        "district": "大里區",
        "village": "立德里",
        "location": "立仁一路94號",
        "type": "沿街",
        "collection_type": "recycling",
        "day_of_week": 1
      }
    },
    {
      "type": "Feature",
      "geometry": {
        "type": "Point",
        "coordinates": [
          120.70310255430512,
          24.10428539170272
        ]
      },
      "properties": {
        "routeId": "taichung-200-q3-addb85-d1",
        "city": "taichung",
        "route_name": "200-Q3",
        "car_seq": "200-Q3",
        "arrival_time": "1730",
        "departure_time": "1735",
        "district": "大里區",
        "village": "立德里",
        "location": "立仁一路102號",
        "type": "沿街",
        "collection_type": "garbage",
        "day_of_week": 1
      }
    },
    {
      "type": "Feature",
      "geometry": {
        "type": "Point",
        "coordinates": [
          120.70310255430512,
          24.10428539170272
        ]
      },
      "properties": {
        "routeId": "taichung-200-q3-addb85-d1",
        "city": "taichung",
        "route_name": "200-Q3",
        "car_seq": "200-Q3",
        "arrival_time": "1730",
        "departure_time": "1735",
        "district": "大里區",
        "village": "立德里",
        "location": "立仁一路102號",
        "type": "沿街",
        "collection_type": "recycling",
        "day_of_week": 1
      }
    },
    {
      "type": "Feature",
      "geometry": {
        "type": "Point",
        "coordinates": [
          120.70294264873228,
          24.104055364684005
        ]
      },
      "properties": {
        "routeId": "taichung-200-q3-addb85-d1",
        "city": "taichung",
        "route_name": "200-Q3",
        "car_seq": "200-Q3",
        "arrival_time": "1730",
        "departure_time": "1735",
        "district": "大里區",
        "village": "立德里",
        "location": "立仁一路112號",
        "type": "沿街",
        "collection_type": "garbage",
        "day_of_week": 1
      }
    },
    {
      "type": "Feature",
      "geometry": {
        "type": "Point",
        "coordinates": [
          120.70294264873228,
          24.104055364684005
        ]
      },
      "properties": {
        "routeId": "taichung-200-q3-addb85-d1",
        "city": "taichung",
        "route_name": "200-Q3",
        "car_seq": "200-Q3",
        "arrival_time": "1730",
        "departure_time": "1735",
        "district": "大里區",
        "village": "立德里",
        "location": "立仁一路112號",
        "type": "沿街",
        "collection_type": "recycling",
        "day_of_week": 1
      }
    },
    {
      "type": "Feature",
      "geometry": {
        "type": "Point",
        "coordinates": [
          120.70280559087892,
          24.103856632589277
        ]
      },
      "properties": {
        "routeId": "taichung-200-q3-addb85-d1",
        "city": "taichung",
        "route_name": "200-Q3",
        "car_seq": "200-Q3",
        "arrival_time": "1730",
        "departure_time": "1735",
        "district": "大里區",
        "village": "立德里",
        "location": "立仁一路124號",
        "type": "沿街",
        "collection_type": "garbage",
        "day_of_week": 1
      }
    },
    {
      "type": "Feature",
      "geometry": {
        "type": "Point",
        "coordinates": [
          120.70280559087892,
          24.103856632589277
        ]
      },
      "properties": {
        "routeId": "taichung-200-q3-addb85-d1",
        "city": "taichung",
        "route_name": "200-Q3",
        "car_seq": "200-Q3",
        "arrival_time": "1730",
        "departure_time": "1735",
        "district": "大里區",
        "village": "立德里",
        "location": "立仁一路124號",
        "type": "沿街",
        "collection_type": "recycling",
        "day_of_week": 1
      }
    },
    {
      "type": "Feature",
      "geometry": {
        "type": "Point",
        "coordinates": [
          120.70209930527173,
          24.103220862771494
        ]
      },
      "properties": {
        "routeId": "taichung-200-q3-addb85-d1",
        "city": "taichung",
        "route_name": "200-Q3",
        "car_seq": "200-Q3",
        "arrival_time": "1730",
        "departure_time": "1735",
        "district": "大里區",
        "village": "立德里",
        "location": "立仁一路103號",
        "type": "沿街",
        "collection_type": "garbage",
        "day_of_week": 1
      }
    },
    {
      "type": "Feature",
      "geometry": {
        "type": "Point",
        "coordinates": [
          120.70209930527173,
          24.103220862771494
        ]
      },
      "properties": {
        "routeId": "taichung-200-q3-addb85-d1",
        "city": "taichung",
        "route_name": "200-Q3",
        "car_seq": "200-Q3",
        "arrival_time": "1730",
        "departure_time": "1735",
        "district": "大里區",
        "village": "立德里",
        "location": "立仁一路103號",
        "type": "沿街",
        "collection_type": "recycling",
        "day_of_week": 1
      }
    },
    {
      "type": "Feature",
      "geometry": {
        "type": "Point",
        "coordinates": [
          120.70255229120478,
          24.103595236065406
        ]
      },
      "properties": {
        "routeId": "taichung-200-q3-addb85-d1",
        "city": "taichung",
        "route_name": "200-Q3",
        "car_seq": "200-Q3",
        "arrival_time": "1730",
        "departure_time": "1735",
        "district": "大里區",
        "village": "立德里",
        "location": "立仁一路140號",
        "type": "沿街",
        "collection_type": "garbage",
        "day_of_week": 1
      }
    },
    {
      "type": "Feature",
      "geometry": {
        "type": "Point",
        "coordinates": [
          120.70255229120478,
          24.103595236065406
        ]
      },
      "properties": {
        "routeId": "taichung-200-q3-addb85-d1",
        "city": "taichung",
        "route_name": "200-Q3",
        "car_seq": "200-Q3",
        "arrival_time": "1730",
        "departure_time": "1735",
        "district": "大里區",
        "village": "立德里",
        "location": "立仁一路140號",
        "type": "沿街",
        "collection_type": "recycling",
        "day_of_week": 1
      }
    },
    {
      "type": "Feature",
      "geometry": {
        "type": "Point",
        "coordinates": [
          120.70309143753546,
          24.107524016239736
        ]
      },
      "properties": {
        "routeId": "taichung-200-q3-addb85-d1",
        "city": "taichung",
        "route_name": "200-Q3",
        "car_seq": "200-Q3",
        "arrival_time": "1735",
        "departure_time": "1740",
        "district": "大里區",
        "village": "立德里",
        "location": "立新街166號",
        "type": "沿街",
        "collection_type": "garbage",
        "day_of_week": 1
      }
    },
    {
      "type": "Feature",
      "geometry": {
        "type": "Point",
        "coordinates": [
          120.70309143753546,
          24.107524016239736
        ]
      },
      "properties": {
        "routeId": "taichung-200-q3-addb85-d1",
        "city": "taichung",
        "route_name": "200-Q3",
        "car_seq": "200-Q3",
        "arrival_time": "1735",
        "departure_time": "1740",
        "district": "大里區",
        "village": "立德里",
        "location": "立新街166號",
        "type": "沿街",
        "collection_type": "recycling",
        "day_of_week": 1
      }
    },
    {
      "type": "Feature",
      "geometry": {
        "type": "Point",
        "coordinates": [
          120.70247361150135,
          24.10721681832252
        ]
      },
      "properties": {
        "routeId": "taichung-200-q3-addb85-d1",
        "city": "taichung",
        "route_name": "200-Q3",
        "car_seq": "200-Q3",
        "arrival_time": "1735",
        "departure_time": "1740",
        "district": "大里區",
        "village": "立德里",
        "location": "立新街198號",
        "type": "沿街",
        "collection_type": "garbage",
        "day_of_week": 1
      }
    },
    {
      "type": "Feature",
      "geometry": {
        "type": "Point",
        "coordinates": [
          120.70247361150135,
          24.10721681832252
        ]
      },
      "properties": {
        "routeId": "taichung-200-q3-addb85-d1",
        "city": "taichung",
        "route_name": "200-Q3",
        "car_seq": "200-Q3",
        "arrival_time": "1735",
        "departure_time": "1740",
        "district": "大里區",
        "village": "立德里",
        "location": "立新街198號",
        "type": "沿街",
        "collection_type": "recycling",
        "day_of_week": 1
      }
    },
    {
      "type": "Feature",
      "geometry": {
        "type": "Point",
        "coordinates": [
          120.70220822044996,
          24.107085547098283
        ]
      },
      "properties": {
        "routeId": "taichung-200-q3-addb85-d1",
        "city": "taichung",
        "route_name": "200-Q3",
        "car_seq": "200-Q3",
        "arrival_time": "1735",
        "departure_time": "1740",
        "district": "大里區",
        "village": "立德里",
        "location": "立新街210號",
        "type": "沿街",
        "collection_type": "garbage",
        "day_of_week": 1
      }
    },
    {
      "type": "Feature",
      "geometry": {
        "type": "Point",
        "coordinates": [
          120.70220822044996,
          24.107085547098283
        ]
      },
      "properties": {
        "routeId": "taichung-200-q3-addb85-d1",
        "city": "taichung",
        "route_name": "200-Q3",
        "car_seq": "200-Q3",
        "arrival_time": "1735",
        "departure_time": "1740",
        "district": "大里區",
        "village": "立德里",
        "location": "立新街210號",
        "type": "沿街",
        "collection_type": "recycling",
        "day_of_week": 1
      }
    },
    {
      "type": "Feature",
      "geometry": {
        "type": "Point",
        "coordinates": [
          120.70164759116528,
          24.106752452713227
        ]
      },
      "properties": {
        "routeId": "taichung-200-q3-addb85-d1",
        "city": "taichung",
        "route_name": "200-Q3",
        "car_seq": "200-Q3",
        "arrival_time": "1735",
        "departure_time": "1740",
        "district": "大里區",
        "village": "立德里",
        "location": "立新街240號",
        "type": "沿街",
        "collection_type": "garbage",
        "day_of_week": 1
      }
    },
    {
      "type": "Feature",
      "geometry": {
        "type": "Point",
        "coordinates": [
          120.70164759116528,
          24.106752452713227
        ]
      },
      "properties": {
        "routeId": "taichung-200-q3-addb85-d1",
        "city": "taichung",
        "route_name": "200-Q3",
        "car_seq": "200-Q3",
        "arrival_time": "1735",
        "departure_time": "1740",
        "district": "大里區",
        "village": "立德里",
        "location": "立新街240號",
        "type": "沿街",
        "collection_type": "recycling",
        "day_of_week": 1
      }
    },
    {
      "type": "Feature",
      "geometry": {
        "type": "Point",
        "coordinates": [
          120.70127182051483,
          24.10654151491144
        ]
      },
      "properties": {
        "routeId": "taichung-200-q3-addb85-d1",
        "city": "taichung",
        "route_name": "200-Q3",
        "car_seq": "200-Q3",
        "arrival_time": "1735",
        "departure_time": "1740",
        "district": "大里區",
        "village": "立德里",
        "location": "立新街258號",
        "type": "沿街",
        "collection_type": "garbage",
        "day_of_week": 1
      }
    },
    {
      "type": "Feature",
      "geometry": {
        "type": "Point",
        "coordinates": [
          120.70127182051483,
          24.10654151491144
        ]
      },
      "properties": {
        "routeId": "taichung-200-q3-addb85-d1",
        "city": "taichung",
        "route_name": "200-Q3",
        "car_seq": "200-Q3",
        "arrival_time": "1735",
        "departure_time": "1740",
        "district": "大里區",
        "village": "立德里",
        "location": "立新街258號",
        "type": "沿街",
        "collection_type": "recycling",
        "day_of_week": 1
      }
    },
    {
      "type": "Feature",
      "geometry": {
        "type": "Point",
        "coordinates": [
          120.700874640238,
          24.10632042139136
        ]
      },
      "properties": {
        "routeId": "taichung-200-q3-addb85-d1",
        "city": "taichung",
        "route_name": "200-Q3",
        "car_seq": "200-Q3",
        "arrival_time": "1740",
        "departure_time": "1745",
        "district": "大里區",
        "village": "立德里",
        "location": "立新街278號",
        "type": "沿街",
        "collection_type": "garbage",
        "day_of_week": 1
      }
    },
    {
      "type": "Feature",
      "geometry": {
        "type": "Point",
        "coordinates": [
          120.700874640238,
          24.10632042139136
        ]
      },
      "properties": {
        "routeId": "taichung-200-q3-addb85-d1",
        "city": "taichung",
        "route_name": "200-Q3",
        "car_seq": "200-Q3",
        "arrival_time": "1740",
        "departure_time": "1745",
        "district": "大里區",
        "village": "立德里",
        "location": "立新街278號",
        "type": "沿街",
        "collection_type": "recycling",
        "day_of_week": 1
      }
    },
    {
      "type": "Feature",
      "geometry": {
        "type": "Point",
        "coordinates": [
          120.70049252097579,
          24.106129153282563
        ]
      },
      "properties": {
        "routeId": "taichung-200-q3-addb85-d1",
        "city": "taichung",
        "route_name": "200-Q3",
        "car_seq": "200-Q3",
        "arrival_time": "1740",
        "departure_time": "1745",
        "district": "大里區",
        "village": "立德里",
        "location": "立新街298號",
        "type": "沿街",
        "collection_type": "garbage",
        "day_of_week": 1
      }
    },
    {
      "type": "Feature",
      "geometry": {
        "type": "Point",
        "coordinates": [
          120.70049252097579,
          24.106129153282563
        ]
      },
      "properties": {
        "routeId": "taichung-200-q3-addb85-d1",
        "city": "taichung",
        "route_name": "200-Q3",
        "car_seq": "200-Q3",
        "arrival_time": "1740",
        "departure_time": "1745",
        "district": "大里區",
        "village": "立德里",
        "location": "立新街298號",
        "type": "沿街",
        "collection_type": "recycling",
        "day_of_week": 1
      }
    },
    {
      "type": "Feature",
      "geometry": {
        "type": "Point",
        "coordinates": [
          120.70007118544397,
          24.105932841110857
        ]
      },
      "properties": {
        "routeId": "taichung-200-q3-addb85-d1",
        "city": "taichung",
        "route_name": "200-Q3",
        "car_seq": "200-Q3",
        "arrival_time": "1740",
        "departure_time": "1745",
        "district": "大里區",
        "village": "立德里",
        "location": "立新街316號",
        "type": "沿街",
        "collection_type": "garbage",
        "day_of_week": 1
      }
    },
    {
      "type": "Feature",
      "geometry": {
        "type": "Point",
        "coordinates": [
          120.70007118544397,
          24.105932841110857
        ]
      },
      "properties": {
        "routeId": "taichung-200-q3-addb85-d1",
        "city": "taichung",
        "route_name": "200-Q3",
        "car_seq": "200-Q3",
        "arrival_time": "1740",
        "departure_time": "1745",
        "district": "大里區",
        "village": "立德里",
        "location": "立新街316號",
        "type": "沿街",
        "collection_type": "recycling",
        "day_of_week": 1
      }
    },
    {
      "type": "Feature",
      "geometry": {
        "type": "Point",
        "coordinates": [
          120.69975027904366,
          24.105861330430542
        ]
      },
      "properties": {
        "routeId": "taichung-200-q3-addb85-d1",
        "city": "taichung",
        "route_name": "200-Q3",
        "car_seq": "200-Q3",
        "arrival_time": "1740",
        "departure_time": "1745",
        "district": "大里區",
        "village": "立德里",
        "location": "立新街330號",
        "type": "沿街",
        "collection_type": "garbage",
        "day_of_week": 1
      }
    },
    {
      "type": "Feature",
      "geometry": {
        "type": "Point",
        "coordinates": [
          120.69975027904366,
          24.105861330430542
        ]
      },
      "properties": {
        "routeId": "taichung-200-q3-addb85-d1",
        "city": "taichung",
        "route_name": "200-Q3",
        "car_seq": "200-Q3",
        "arrival_time": "1740",
        "departure_time": "1745",
        "district": "大里區",
        "village": "立德里",
        "location": "立新街330號",
        "type": "沿街",
        "collection_type": "recycling",
        "day_of_week": 1
      }
    },
    {
      "type": "Feature",
      "geometry": {
        "type": "Point",
        "coordinates": [
          120.69992605185352,
          24.105274947149194
        ]
      },
      "properties": {
        "routeId": "taichung-200-q3-addb85-d1",
        "city": "taichung",
        "route_name": "200-Q3",
        "car_seq": "200-Q3",
        "arrival_time": "1745",
        "departure_time": "1750",
        "district": "大里區",
        "village": "立德里",
        "location": "立新街335號",
        "type": "沿街",
        "collection_type": "garbage",
        "day_of_week": 1
      }
    },
    {
      "type": "Feature",
      "geometry": {
        "type": "Point",
        "coordinates": [
          120.69992605185352,
          24.105274947149194
        ]
      },
      "properties": {
        "routeId": "taichung-200-q3-addb85-d1",
        "city": "taichung",
        "route_name": "200-Q3",
        "car_seq": "200-Q3",
        "arrival_time": "1745",
        "departure_time": "1750",
        "district": "大里區",
        "village": "立德里",
        "location": "立新街335號",
        "type": "沿街",
        "collection_type": "recycling",
        "day_of_week": 1
      }
    },
    {
      "type": "Feature",
      "geometry": {
        "type": "Point",
        "coordinates": [
          120.70014232799723,
          24.105289538723838
        ]
      },
      "properties": {
        "routeId": "taichung-200-q3-addb85-d1",
        "city": "taichung",
        "route_name": "200-Q3",
        "car_seq": "200-Q3",
        "arrival_time": "1745",
        "departure_time": "1750",
        "district": "大里區",
        "village": "立德里",
        "location": "立新街265巷23號",
        "type": "沿街",
        "collection_type": "garbage",
        "day_of_week": 1
      }
    },
    {
      "type": "Feature",
      "geometry": {
        "type": "Point",
        "coordinates": [
          120.70014232799723,
          24.105289538723838
        ]
      },
      "properties": {
        "routeId": "taichung-200-q3-addb85-d1",
        "city": "taichung",
        "route_name": "200-Q3",
        "car_seq": "200-Q3",
        "arrival_time": "1745",
        "departure_time": "1750",
        "district": "大里區",
        "village": "立德里",
        "location": "立新街265巷23號",
        "type": "沿街",
        "collection_type": "recycling",
        "day_of_week": 1
      }
    },
    {
      "type": "Feature",
      "geometry": {
        "type": "Point",
        "coordinates": [
          120.70034997179569,
          24.10543756717358
        ]
      },
      "properties": {
        "routeId": "taichung-200-q3-addb85-d1",
        "city": "taichung",
        "route_name": "200-Q3",
        "car_seq": "200-Q3",
        "arrival_time": "1745",
        "departure_time": "1750",
        "district": "大里區",
        "village": "立德里",
        "location": "立新街265巷21號",
        "type": "沿街",
        "collection_type": "garbage",
        "day_of_week": 1
      }
    },
    {
      "type": "Feature",
      "geometry": {
        "type": "Point",
        "coordinates": [
          120.70034997179569,
          24.10543756717358
        ]
      },
      "properties": {
        "routeId": "taichung-200-q3-addb85-d1",
        "city": "taichung",
        "route_name": "200-Q3",
        "car_seq": "200-Q3",
        "arrival_time": "1745",
        "departure_time": "1750",
        "district": "大里區",
        "village": "立德里",
        "location": "立新街265巷21號",
        "type": "沿街",
        "collection_type": "recycling",
        "day_of_week": 1
      }
    },
    {
      "type": "Feature",
      "geometry": {
        "type": "Point",
        "coordinates": [
          120.7006382664909,
          24.10568346919493
        ]
      },
      "properties": {
        "routeId": "taichung-200-q3-addb85-d1",
        "city": "taichung",
        "route_name": "200-Q3",
        "car_seq": "200-Q3",
        "arrival_time": "1750",
        "departure_time": "1755",
        "district": "大里區",
        "village": "立德里",
        "location": "立新街265巷13號",
        "type": "沿街",
        "collection_type": "garbage",
        "day_of_week": 1
      }
    },
    {
      "type": "Feature",
      "geometry": {
        "type": "Point",
        "coordinates": [
          120.7006382664909,
          24.10568346919493
        ]
      },
      "properties": {
        "routeId": "taichung-200-q3-addb85-d1",
        "city": "taichung",
        "route_name": "200-Q3",
        "car_seq": "200-Q3",
        "arrival_time": "1750",
        "departure_time": "1755",
        "district": "大里區",
        "village": "立德里",
        "location": "立新街265巷13號",
        "type": "沿街",
        "collection_type": "recycling",
        "day_of_week": 1
      }
    },
    {
      "type": "Feature",
      "geometry": {
        "type": "Point",
        "coordinates": [
          120.70087709468434,
          24.105771973192642
        ]
      },
      "properties": {
        "routeId": "taichung-200-q3-addb85-d1",
        "city": "taichung",
        "route_name": "200-Q3",
        "car_seq": "200-Q3",
        "arrival_time": "1750",
        "departure_time": "1755",
        "district": "大里區",
        "village": "立德里",
        "location": "立新街265巷7號",
        "type": "沿街",
        "collection_type": "garbage",
        "day_of_week": 1
      }
    },
    {
      "type": "Feature",
      "geometry": {
        "type": "Point",
        "coordinates": [
          120.70087709468434,
          24.105771973192642
        ]
      },
      "properties": {
        "routeId": "taichung-200-q3-addb85-d1",
        "city": "taichung",
        "route_name": "200-Q3",
        "car_seq": "200-Q3",
        "arrival_time": "1750",
        "departure_time": "1755",
        "district": "大里區",
        "village": "立德里",
        "location": "立新街265巷7號",
        "type": "沿街",
        "collection_type": "recycling",
        "day_of_week": 1
      }
    },
    {
      "type": "Feature",
      "geometry": {
        "type": "Point",
        "coordinates": [
          120.70105901419468,
          24.105878785429326
        ]
      },
      "properties": {
        "routeId": "taichung-200-q3-addb85-d1",
        "city": "taichung",
        "route_name": "200-Q3",
        "car_seq": "200-Q3",
        "arrival_time": "1750",
        "departure_time": "1755",
        "district": "大里區",
        "village": "立德里",
        "location": "立新街265巷1號",
        "type": "沿街",
        "collection_type": "garbage",
        "day_of_week": 1
      }
    },
    {
      "type": "Feature",
      "geometry": {
        "type": "Point",
        "coordinates": [
          120.70105901419468,
          24.105878785429326
        ]
      },
      "properties": {
        "routeId": "taichung-200-q3-addb85-d1",
        "city": "taichung",
        "route_name": "200-Q3",
        "car_seq": "200-Q3",
        "arrival_time": "1750",
        "departure_time": "1755",
        "district": "大里區",
        "village": "立德里",
        "location": "立新街265巷1號",
        "type": "沿街",
        "collection_type": "recycling",
        "day_of_week": 1
      }
    },
    {
      "type": "Feature",
      "geometry": {
        "type": "Point",
        "coordinates": [
          120.69628237744595,
          24.10462648377914
        ]
      },
      "properties": {
        "routeId": "taichung-200-q3-addb85-d1",
        "city": "taichung",
        "route_name": "200-Q3",
        "car_seq": "200-Q3",
        "arrival_time": "2000",
        "departure_time": "2020",
        "district": "大里區",
        "village": "立仁里",
        "location": "甲堤路236號",
        "type": "定點",
        "collection_type": "garbage",
        "day_of_week": 1
      }
    },
    {
      "type": "Feature",
      "geometry": {
        "type": "Point",
        "coordinates": [
          120.69628237744595,
          24.10462648377914
        ]
      },
      "properties": {
        "routeId": "taichung-200-q3-addb85-d1",
        "city": "taichung",
        "route_name": "200-Q3",
        "car_seq": "200-Q3",
        "arrival_time": "2000",
        "departure_time": "2020",
        "district": "大里區",
        "village": "立仁里",
        "location": "甲堤路236號",
        "type": "定點",
        "collection_type": "recycling",
        "day_of_week": 1
      }
    },
    {
      "type": "Feature",
      "geometry": {
        "type": "Point",
        "coordinates": [
          120.70040155118559,
          24.11018289028239
        ]
      },
      "properties": {
        "routeId": "taichung-200-q3-addb85-d1",
        "city": "taichung",
        "route_name": "200-Q3",
        "car_seq": "200-Q3",
        "arrival_time": "2030",
        "departure_time": "2100",
        "district": "大里區",
        "village": "立仁里",
        "location": "好來一街1號",
        "type": "定點",
        "collection_type": "garbage",
        "day_of_week": 1
      }
    },
    {
      "type": "Feature",
      "geometry": {
        "type": "Point",
        "coordinates": [
          120.70040155118559,
          24.11018289028239
        ]
      },
      "properties": {
        "routeId": "taichung-200-q3-addb85-d1",
        "city": "taichung",
        "route_name": "200-Q3",
        "car_seq": "200-Q3",
        "arrival_time": "2030",
        "departure_time": "2100",
        "district": "大里區",
        "village": "立仁里",
        "location": "好來一街1號",
        "type": "定點",
        "collection_type": "recycling",
        "day_of_week": 1
      }
    }
  ]
}