{
  "type": "FeatureCollection",
  "features": [
    {
      "type": "Feature",
      "geometry": {
        "type": "Point",
        "coordinates": [
          120.68535605195451,
          24.167378398287983
        ]
      },
      "properties": {
        "routeId": "taichung-kel-0275-71e45c-d6",
        "city": "taichung",
        "route_name": "KEL-0275",
        "car_seq": "KEL-0275",
        "arrival_time": "1407",
        "departure_time": "1413",
        "district": "北屯區",
        "village": "平安里",
        "location": "崇德路一段558號",
        "type": "沿街",
        "collection_type": "garbage",
        "day_of_week": 6
      }
    },
    {
      "type": "Feature",
      "geometry": {
        "type": "Point",
        "coordinates": [
          120.68535605195451,
          24.167378398287983
        ]
      },
      "properties": {
        "routeId": "taichung-kel-0275-71e45c-d6",
        "city": "taichung",
        "route_name": "KEL-0275",
        "car_seq": "KEL-0275",
        "arrival_time": "1407",
        "departure_time": "1413",
        "district": "北屯區",
        "village": "平安里",
        "location": "崇德路一段558號",
        "type": "沿街",
        "collection_type": "recycling",
        "day_of_week": 6
      }
    },
    {
      "type": "Feature",
      "geometry": {
        "type": "Point",
        "coordinates": [
          120.69012787153605,
          24.170414676522093
        ]
      },
      "properties": {
        "routeId": "taichung-kel-0275-71e45c-d6",
        "city": "taichung",
        "route_name": "KEL-0275",
        "car_seq": "KEL-0275",
        "arrival_time": "1414",
        "departure_time": "1420",
        "district": "北屯區",
        "village": "平安里",
        "location": "柳陽西街36號",
        "type": "沿街",
        "collection_type": "garbage",
        "day_of_week": 6
      }
    },
    {
      "type": "Feature",
      "geometry": {
        "type": "Point",
        "coordinates": [
          120.69012787153605,
          24.170414676522093
        ]
      },
      "properties": {
        "routeId": "taichung-kel-0275-71e45c-d6",
        "city": "taichung",
        "route_name": "KEL-0275",
        "car_seq": "KEL-0275",
        "arrival_time": "1414",
        "departure_time": "1420",
        "district": "北屯區",
        "village": "平安里",
        "location": "柳陽西街36號",
        "type": "沿街",
        "collection_type": "recycling",
        "day_of_week": 6
      }
    },
    {
      "type": "Feature",
      "geometry": {
        "type": "Point",
        "coordinates": [
          120.68979901026843,
          24.169897352128412
        ]
      },
      "properties": {
        "routeId": "taichung-kel-0275-71e45c-d6",
        "city": "taichung",
        "route_name": "KEL-0275",
        "car_seq": "KEL-0275",
        "arrival_time": "1415",
        "departure_time": "1421",
        "district": "北屯區",
        "village": "平安里",
        "location": "柳陽西街25號",
        "type": "沿街",
        "collection_type": "garbage",
        "day_of_week": 6
      }
    },
    {
      "type": "Feature",
      "geometry": {
        "type": "Point",
        "coordinates": [
          120.68979901026843,
          24.169897352128412
        ]
      },
      "properties": {
        "routeId": "taichung-kel-0275-71e45c-d6",
        "city": "taichung",
        "route_name": "KEL-0275",
        "car_seq": "KEL-0275",
        "arrival_time": "1415",
        "departure_time": "1421",
        "district": "北屯區",
        "village": "平安里",
        "location": "柳陽西街25號",
        "type": "沿街",
        "collection_type": "recycling",
        "day_of_week": 6
      }
    },
    {
      "type": "Feature",
      "geometry": {
        "type": "Point",
        "coordinates": [
          120.68876665164673,
          24.169757281518418
        ]
      },
      "properties": {
        "routeId": "taichung-kel-0275-71e45c-d6",
        "city": "taichung",
        "route_name": "KEL-0275",
        "car_seq": "KEL-0275",
        "arrival_time": "1416",
        "departure_time": "1422",
        "district": "北屯區",
        "village": "平安里",
        "location": "文昌東七街56巷2號",
        "type": "沿街",
        "collection_type": "garbage",
        "day_of_week": 6
      }
    },
    {
      "type": "Feature",
      "geometry": {
        "type": "Point",
        "coordinates": [
          120.68876665164673,
          24.169757281518418
        ]
      },
      "properties": {
        "routeId": "taichung-kel-0275-71e45c-d6",
        "city": "taichung",
        "route_name": "KEL-0275",
        "car_seq": "KEL-0275",
        "arrival_time": "1416",
        "departure_time": "1422",
        "district": "北屯區",
        "village": "平安里",
        "location": "文昌東七街56巷2號",
        "type": "沿街",
        "collection_type": "recycling",
        "day_of_week": 6
      }
    },
    {
      "type": "Feature",
      "geometry": {
        "type": "Point",
        "coordinates": [
          120.68861019942325,
          24.170109917076317
        ]
      },
      "properties": {
        "routeId": "taichung-kel-0275-71e45c-d6",
        "city": "taichung",
        "route_name": "KEL-0275",
        "car_seq": "KEL-0275",
        "arrival_time": "1417",
        "departure_time": "1423",
        "district": "北屯區",
        "village": "平安里",
        "location": "文昌東七街60號",
        "type": "沿街",
        "collection_type": "garbage",
        "day_of_week": 6
      }
    },
    {
      "type": "Feature",
      "geometry": {
        "type": "Point",
        "coordinates": [
          120.68861019942325,
          24.170109917076317
        ]
      },
      "properties": {
        "routeId": "taichung-kel-0275-71e45c-d6",
        "city": "taichung",
        "route_name": "KEL-0275",
        "car_seq": "KEL-0275",
        "arrival_time": "1417",
        "departure_time": "1423",
        "district": "北屯區",
        "village": "平安里",
        "location": "文昌東七街60號",
        "type": "沿街",
        "collection_type": "recycling",
        "day_of_week": 6
      }
    },
    {
      "type": "Feature",
      "geometry": {
        "type": "Point",
        "coordinates": [
          120.69291284651901,
          24.169401760036322
        ]
      },
      "properties": {
        "routeId": "taichung-kel-0275-71e45c-d6",
        "city": "taichung",
        "route_name": "KEL-0275",
        "car_seq": "KEL-0275",
        "arrival_time": "1422",
        "departure_time": "1428",
        "district": "北屯區",
        "village": "平昌里",
        "location": "天津路四段280號",
        "type": "定點",
        "collection_type": "garbage",
        "day_of_week": 6
      }
    },
    {
      "type": "Feature",
      "geometry": {
        "type": "Point",
        "coordinates": [
          120.69291284651901,
          24.169401760036322
        ]
      },
      "properties": {
        "routeId": "taichung-kel-0275-71e45c-d6",
        "city": "taichung",
        "route_name": "KEL-0275",
        "car_seq": "KEL-0275",
        "arrival_time": "1422",
        "departure_time": "1428",
        "district": "北屯區",
        "village": "平昌里",
        "location": "天津路四段280號",
        "type": "定點",
        "collection_type": "recycling",
        "day_of_week": 6
      }
    },
    {
      "type": "Feature",
      "geometry": {
        "type": "Point",
        "coordinates": [
          120.68571664339498,
          24.16846832675876
        ]
      },
      "properties": {
        "routeId": "taichung-kel-0275-71e45c-d6",
        "city": "taichung",
        "route_name": "KEL-0275",
        "car_seq": "KEL-0275",
        "arrival_time": "1432",
        "departure_time": "1438",
        "district": "北屯區",
        "village": "平安里",
        "location": "青島路四段7號",
        "type": "沿街",
        "collection_type": "garbage",
        "day_of_week": 6
      }
    },
    {
      "type": "Feature",
      "geometry": {
        "type": "Point",
        "coordinates": [
          120.68571664339498,
          24.16846832675876
        ]
      },
      "properties": {
        "routeId": "taichung-kel-0275-71e45c-d6",
        "city": "taichung",
        "route_name": "KEL-0275",
        "car_seq": "KEL-0275",
        "arrival_time": "1432",
        "departure_time": "1440",
        "district": "北屯區",
        "village": "平安里",
        "location": "青島路四段7號",
        "type": "沿街",
        "collection_type": "recycling",
        "day_of_week": 6
      }
    },
    {
      "type": "Feature",
      "geometry": {
        "type": "Point",
        "coordinates": [
          120.68544909665236,
          24.16865051902169
        ]
      },
      "properties": {
        "routeId": "taichung-kel-0275-71e45c-d6",
        "city": "taichung",
        "route_name": "KEL-0275",
        "car_seq": "KEL-0275",
        "arrival_time": "1434",
        "departure_time": "1440",
        "district": "北屯區",
        "village": "平心里",
        "location": "崇德路二段10號",
        "type": "沿街",
        "collection_type": "garbage",
        "day_of_week": 6
      }
    },
    {
      "type": "Feature",
      "geometry": {
        "type": "Point",
        "coordinates": [
          120.68544909665236,
          24.16865051902169
        ]
      },
      "properties": {
        "routeId": "taichung-kel-0275-71e45c-d6",
        "city": "taichung",
        "route_name": "KEL-0275",
        "car_seq": "KEL-0275",
        "arrival_time": "1434",
        "departure_time": "1442",
        "district": "北屯區",
        "village": "平心里",
        "location": "崇德路二段10號",
        "type": "沿街",
        "collection_type": "recycling",
        "day_of_week": 6
      }
    },
    {
      "type": "Feature",
      "geometry": {
        "type": "Point",
        "coordinates": [
          120.68692739377067,
          24.17168072827513
        ]
      },
      "properties": {
        "routeId": "taichung-kel-0275-71e45c-d6",
        "city": "taichung",
        "route_name": "KEL-0275",
        "car_seq": "KEL-0275",
        "arrival_time": "1437",
        "departure_time": "1443",
        "district": "北屯區",
        "village": "平安里",
        "location": "文心路四段684號",
        "type": "沿街",
        "collection_type": "garbage",
        "day_of_week": 6
      }
    },
    {
      "type": "Feature",
      "geometry": {
        "type": "Point",
        "coordinates": [
          120.68692739377067,
          24.17168072827513
        ]
      },
      "properties": {
        "routeId": "taichung-kel-0275-71e45c-d6",
        "city": "taichung",
        "route_name": "KEL-0275",
        "car_seq": "KEL-0275",
        "arrival_time": "1437",
        "departure_time": "1445",
        "district": "北屯區",
        "village": "平安里",
        "location": "文心路四段684號",
        "type": "沿街",
        "collection_type": "recycling",
        "day_of_week": 6
      }
    },
    {
      "type": "Feature",
      "geometry": {
        "type": "Point",
        "coordinates": [
          120.68933784788017,
          24.171434913908524
        ]
      },
      "properties": {
        "routeId": "taichung-kel-0275-71e45c-d6",
        "city": "taichung",
        "route_name": "KEL-0275",
        "car_seq": "KEL-0275",
        "arrival_time": "1439",
        "departure_time": "1445",
        "district": "北屯區",
        "village": "平安里",
        "location": "文心路四段780號",
        "type": "沿街",
        "collection_type": "garbage",
        "day_of_week": 6
      }
    },
    {
      "type": "Feature",
      "geometry": {
        "type": "Point",
        "coordinates": [
          120.68933784788017,
          24.171434913908524
        ]
      },
      "properties": {
        "routeId": "taichung-kel-0275-71e45c-d6",
        "city": "taichung",
        "route_name": "KEL-0275",
        "car_seq": "KEL-0275",
        "arrival_time": "1439",
        "departure_time": "1447",
        "district": "北屯區",
        "village": "平安里",
        "location": "文心路四段780號",
        "type": "沿街",
        "collection_type": "recycling",
        "day_of_week": 6
      }
    },
    {
      "type": "Feature",
      "geometry": {
        "type": "Point",
        "coordinates": [
          120.69021614439748,
          24.171347662573275
        ]
      },
      "properties": {
        "routeId": "taichung-kel-0275-71e45c-d6",
        "city": "taichung",
        "route_name": "KEL-0275",
        "car_seq": "KEL-0275",
        "arrival_time": "1440",
        "departure_time": "1446",
        "district": "北屯區",
        "village": "平安里",
        "location": "文心路四段816號",
        "type": "沿街",
        "collection_type": "garbage",
        "day_of_week": 6
      }
    },
    {
      "type": "Feature",
      "geometry": {
        "type": "Point",
        "coordinates": [
          120.69021614439748,
          24.171347662573275
        ]
      },
      "properties": {
        "routeId": "taichung-kel-0275-71e45c-d6",
        "city": "taichung",
        "route_name": "KEL-0275",
        "car_seq": "KEL-0275",
        "arrival_time": "1440",
        "departure_time": "1448",
        "district": "北屯區",
        "village": "平安里",
        "location": "文心路四段816號",
        "type": "沿街",
        "collection_type": "recycling",
        "day_of_week": 6
      }
    },
    {
      "type": "Feature",
      "geometry": {
        "type": "Point",
        "coordinates": [
          120.69075648592411,
          24.1712589538223
        ]
      },
      "properties": {
        "routeId": "taichung-kel-0275-71e45c-d6",
        "city": "taichung",
        "route_name": "KEL-0275",
        "car_seq": "KEL-0275",
        "arrival_time": "1441",
        "departure_time": "1447",
        "district": "北屯區",
        "village": "平昌里",
        "location": "文心路四段822號",
        "type": "沿街",
        "collection_type": "garbage",
        "day_of_week": 6
      }
    },
    {
      "type": "Feature",
      "geometry": {
        "type": "Point",
        "coordinates": [
          120.69075648592411,
          24.1712589538223
        ]
      },
      "properties": {
        "routeId": "taichung-kel-0275-71e45c-d6",
        "city": "taichung",
        "route_name": "KEL-0275",
        "car_seq": "KEL-0275",
        "arrival_time": "1441",
        "departure_time": "1449",
        "district": "北屯區",
        "village": "平昌里",
        "location": "文心路四段822號",
        "type": "沿街",
        "collection_type": "recycling",
        "day_of_week": 6
      }
    },
    {
      "type": "Feature",
      "geometry": {
        "type": "Point",
        "coordinates": [
          120.69701731701146,
          24.17162905252865
        ]
      },
      "properties": {
        "routeId": "taichung-kel-0275-71e45c-d6",
        "city": "taichung",
        "route_name": "KEL-0275",
        "car_seq": "KEL-0275",
        "arrival_time": "1445",
        "departure_time": "1451",
        "district": "北屯區",
        "village": "平田里",
        "location": "遼寧路一段3號",
        "type": "沿街",
        "collection_type": "garbage",
        "day_of_week": 6
      }
    },
    {
      "type": "Feature",
      "geometry": {
        "type": "Point",
        "coordinates": [
          120.69701731701146,
          24.17162905252865
        ]
      },
      "properties": {
        "routeId": "taichung-kel-0275-71e45c-d6",
        "city": "taichung",
        "route_name": "KEL-0275",
        "car_seq": "KEL-0275",
        "arrival_time": "1445",
        "departure_time": "1453",
        "district": "北屯區",
        "village": "平田里",
        "location": "遼寧路一段3號",
        "type": "沿街",
        "collection_type": "recycling",
        "day_of_week": 6
      }
    },
    {
      "type": "Feature",
      "geometry": {
        "type": "Point",
        "coordinates": [
          120.69608359565808,
          24.172388887644217
        ]
      },
      "properties": {
        "routeId": "taichung-kel-0275-71e45c-d6",
        "city": "taichung",
        "route_name": "KEL-0275",
        "car_seq": "KEL-0275",
        "arrival_time": "1446",
        "departure_time": "1452",
        "district": "北屯區",
        "village": "平田里",
        "location": "瀋陽路三段373號",
        "type": "沿街",
        "collection_type": "garbage",
        "day_of_week": 6
      }
    },
    {
      "type": "Feature",
      "geometry": {
        "type": "Point",
        "coordinates": [
          120.69608359565808,
          24.172388887644217
        ]
      },
      "properties": {
        "routeId": "taichung-kel-0275-71e45c-d6",
        "city": "taichung",
        "route_name": "KEL-0275",
        "car_seq": "KEL-0275",
        "arrival_time": "1446",
        "departure_time": "1454",
        "district": "北屯區",
        "village": "平田里",
        "location": "瀋陽路三段373號",
        "type": "沿街",
        "collection_type": "recycling",
        "day_of_week": 6
      }
    },
    {
      "type": "Feature",
      "geometry": {
        "type": "Point",
        "coordinates": [
          120.69546737811685,
          24.172400299452462
        ]
      },
      "properties": {
        "routeId": "taichung-kel-0275-71e45c-d6",
        "city": "taichung",
        "route_name": "KEL-0275",
        "car_seq": "KEL-0275",
        "arrival_time": "1447",
        "departure_time": "1453",
        "district": "北屯區",
        "village": "平田里",
        "location": "瀋陽路三段347號",
        "type": "沿街",
        "collection_type": "garbage",
        "day_of_week": 6
      }
    },
    {
      "type": "Feature",
      "geometry": {
        "type": "Point",
        "coordinates": [
          120.69546737811685,
          24.172400299452462
        ]
      },
      "properties": {
        "routeId": "taichung-kel-0275-71e45c-d6",
        "city": "taichung",
        "route_name": "KEL-0275",
        "car_seq": "KEL-0275",
        "arrival_time": "1447",
        "departure_time": "1455",
        "district": "北屯區",
        "village": "平田里",
        "location": "瀋陽路三段347號",
        "type": "沿街",
        "collection_type": "recycling",
        "day_of_week": 6
      }
    },
    {
      "type": "Feature",
      "geometry": {
        "type": "Point",
        "coordinates": [
          120.69470218687684,
          24.172518046531348
        ]
      },
      "properties": {
        "routeId": "taichung-kel-0275-71e45c-d6",
        "city": "taichung",
        "route_name": "KEL-0275",
        "car_seq": "KEL-0275",
        "arrival_time": "1448",
        "departure_time": "1454",
        "district": "北屯區",
        "village": "平田里",
        "location": "瀋陽路三段325號",
        "type": "沿街",
        "collection_type": "garbage",
        "day_of_week": 6
      }
    },
    {
      "type": "Feature",
      "geometry": {
        "type": "Point",
        "coordinates": [
          120.69470218687684,
          24.172518046531348
        ]
      },
      "properties": {
        "routeId": "taichung-kel-0275-71e45c-d6",
        "city": "taichung",
        "route_name": "KEL-0275",
        "car_seq": "KEL-0275",
        "arrival_time": "1448",
        "departure_time": "1456",
        "district": "北屯區",
        "village": "平田里",
        "location": "瀋陽路三段325號",
        "type": "沿街",
        "collection_type": "recycling",
        "day_of_week": 6
      }
    },
    {
      "type": "Feature",
      "geometry": {
        "type": "Point",
        "coordinates": [
          120.69387543981135,
          24.172571106803208
        ]
      },
      "properties": {
        "routeId": "taichung-kel-0275-71e45c-d6",
        "city": "taichung",
        "route_name": "KEL-0275",
        "car_seq": "KEL-0275",
        "arrival_time": "1449",
        "departure_time": "1455",
        "district": "北屯區",
        "village": "平田里",
        "location": "瀋陽路三段311號",
        "type": "沿街",
        "collection_type": "garbage",
        "day_of_week": 6
      }
    },
    {
      "type": "Feature",
      "geometry": {
        "type": "Point",
        "coordinates": [
          120.69387543981135,
          24.172571106803208
        ]
      },
      "properties": {
        "routeId": "taichung-kel-0275-71e45c-d6",
        "city": "taichung",
        "route_name": "KEL-0275",
        "car_seq": "KEL-0275",
        "arrival_time": "1449",
        "departure_time": "1457",
        "district": "北屯區",
        "village": "平田里",
        "location": "瀋陽路三段311號",
        "type": "沿街",
        "collection_type": "recycling",
        "day_of_week": 6
      }
    },
    {
      "type": "Feature",
      "geometry": {
        "type": "Point",
        "coordinates": [
          120.69356543370242,
          24.172610754864184
        ]
      },
      "properties": {
        "routeId": "taichung-kel-0275-71e45c-d6",
        "city": "taichung",
        "route_name": "KEL-0275",
        "car_seq": "KEL-0275",
        "arrival_time": "1450",
        "departure_time": "1456",
        "district": "北屯區",
        "village": "平田里",
        "location": "瀋陽路三段293號",
        "type": "沿街",
        "collection_type": "garbage",
        "day_of_week": 6
      }
    },
    {
      "type": "Feature",
      "geometry": {
        "type": "Point",
        "coordinates": [
          120.69356543370242,
          24.172610754864184
        ]
      },
      "properties": {
        "routeId": "taichung-kel-0275-71e45c-d6",
        "city": "taichung",
        "route_name": "KEL-0275",
        "car_seq": "KEL-0275",
        "arrival_time": "1450",
        "departure_time": "1458",
        "district": "北屯區",
        "village": "平田里",
        "location": "瀋陽路三段293號",
        "type": "沿街",
        "collection_type": "recycling",
        "day_of_week": 6
      }
    },
    {
      "type": "Feature",
      "geometry": {
        "type": "Point",
        "coordinates": [
          120.69255762732499,
          24.172691254286686
        ]
      },
      "properties": {
        "routeId": "taichung-kel-0275-71e45c-d6",
        "city": "taichung",
        "route_name": "KEL-0275",
        "car_seq": "KEL-0275",
        "arrival_time": "1451",
        "departure_time": "1457",
        "district": "北屯區",
        "village": "平田里",
        "location": "瀋陽路三段249號",
        "type": "沿街",
        "collection_type": "garbage",
        "day_of_week": 6
      }
    },
    {
      "type": "Feature",
      "geometry": {
        "type": "Point",
        "coordinates": [
          120.69255762732499,
          24.172691254286686
        ]
      },
      "properties": {
        "routeId": "taichung-kel-0275-71e45c-d6",
        "city": "taichung",
        "route_name": "KEL-0275",
        "car_seq": "KEL-0275",
        "arrival_time": "1451",
        "departure_time": "1459",
        "district": "北屯區",
        "village": "平田里",
        "location": "瀋陽路三段249號",
        "type": "沿街",
        "collection_type": "recycling",
        "day_of_week": 6
      }
    },
    {
      "type": "Feature",
      "geometry": {
        "type": "Point",
        "coordinates": [
          120.6923525541342,
          24.1727107142106
        ]
      },
      "properties": {
        "routeId": "taichung-kel-0275-71e45c-d6",
        "city": "taichung",
        "route_name": "KEL-0275",
        "car_seq": "KEL-0275",
        "arrival_time": "1452",
        "departure_time": "1458",
        "district": "北屯區",
        "village": "平田里",
        "location": "瀋陽路三段227號",
        "type": "沿街",
        "collection_type": "garbage",
        "day_of_week": 6
      }
    },
    {
      "type": "Feature",
      "geometry": {
        "type": "Point",
        "coordinates": [
          120.6923525541342,
          24.1727107142106
        ]
      },
      "properties": {
        "routeId": "taichung-kel-0275-71e45c-d6",
        "city": "taichung",
        "route_name": "KEL-0275",
        "car_seq": "KEL-0275",
        "arrival_time": "1452",
        "departure_time": "1500",
        "district": "北屯區",
        "village": "平田里",
        "location": "瀋陽路三段227號",
        "type": "沿街",
        "collection_type": "recycling",
        "day_of_week": 6
      }
    },
    {
      "type": "Feature",
      "geometry": {
        "type": "Point",
        "coordinates": [
          120.69292687141878,
          24.173849200629068
        ]
      },
      "properties": {
        "routeId": "taichung-kel-0275-71e45c-d6",
        "city": "taichung",
        "route_name": "KEL-0275",
        "car_seq": "KEL-0275",
        "arrival_time": "1453",
        "departure_time": "1459",
        "district": "北屯區",
        "village": "平田里",
        "location": "旅順路二段207號",
        "type": "沿街",
        "collection_type": "garbage",
        "day_of_week": 6
      }
    },
    {
      "type": "Feature",
      "geometry": {
        "type": "Point",
        "coordinates": [
          120.69292687141878,
          24.173849200629068
        ]
      },
      "properties": {
        "routeId": "taichung-kel-0275-71e45c-d6",
        "city": "taichung",
        "route_name": "KEL-0275",
        "car_seq": "KEL-0275",
        "arrival_time": "1453",
        "departure_time": "1501",
        "district": "北屯區",
        "village": "平田里",
        "location": "旅順路二段207號",
        "type": "沿街",
        "collection_type": "recycling",
        "day_of_week": 6
      }
    },
    {
      "type": "Feature",
      "geometry": {
        "type": "Point",
        "coordinates": [
          120.69329389047903,
          24.173848666056212
        ]
      },
      "properties": {
        "routeId": "taichung-kel-0275-71e45c-d6",
        "city": "taichung",
        "route_name": "KEL-0275",
        "car_seq": "KEL-0275",
        "arrival_time": "1454",
        "departure_time": "1500",
        "district": "北屯區",
        "village": "平田里",
        "location": "旅順路二段221號",
        "type": "沿街",
        "collection_type": "garbage",
        "day_of_week": 6
      }
    },
    {
      "type": "Feature",
      "geometry": {
        "type": "Point",
        "coordinates": [
          120.69329389047903,
          24.173848666056212
        ]
      },
      "properties": {
        "routeId": "taichung-kel-0275-71e45c-d6",
        "city": "taichung",
        "route_name": "KEL-0275",
        "car_seq": "KEL-0275",
        "arrival_time": "1454",
        "departure_time": "1502",
        "district": "北屯區",
        "village": "平田里",
        "location": "旅順路二段221號",
        "type": "沿街",
        "collection_type": "recycling",
        "day_of_week": 6
      }
    },
    {
      "type": "Feature",
      "geometry": {
        "type": "Point",
        "coordinates": [
          120.69405237657409,
          24.173818505799535
        ]
      },
      "properties": {
        "routeId": "taichung-kel-0275-71e45c-d6",
        "city": "taichung",
        "route_name": "KEL-0275",
        "car_seq": "KEL-0275",
        "arrival_time": "1455",
        "departure_time": "1501",
        "district": "北屯區",
        "village": "平田里",
        "location": "旅順路二段257號",
        "type": "沿街",
        "collection_type": "garbage",
        "day_of_week": 6
      }
    },
    {
      "type": "Feature",
      "geometry": {
        "type": "Point",
        "coordinates": [
          120.69405237657409,
          24.173818505799535
        ]
      },
      "properties": {
        "routeId": "taichung-kel-0275-71e45c-d6",
        "city": "taichung",
        "route_name": "KEL-0275",
        "car_seq": "KEL-0275",
        "arrival_time": "1455",
        "departure_time": "1503",
        "district": "北屯區",
        "village": "平田里",
        "location": "旅順路二段257號",
        "type": "沿街",
        "collection_type": "recycling",
        "day_of_week": 6
      }
    },
    {
      "type": "Feature",
      "geometry": {
        "type": "Point",
        "coordinates": [
          120.69462280142554,
          24.173701546002317
        ]
      },
      "properties": {
        "routeId": "taichung-kel-0275-71e45c-d6",
        "city": "taichung",
        "route_name": "KEL-0275",
        "car_seq": "KEL-0275",
        "arrival_time": "1456",
        "departure_time": "1502",
        "district": "北屯區",
        "village": "平田里",
        "location": "旅順路二段259號",
        "type": "沿街",
        "collection_type": "garbage",
        "day_of_week": 6
      }
    },
    {
      "type": "Feature",
      "geometry": {
        "type": "Point",
        "coordinates": [
          120.69462280142554,
          24.173701546002317
        ]
      },
      "properties": {
        "routeId": "taichung-kel-0275-71e45c-d6",
        "city": "taichung",
        "route_name": "KEL-0275",
        "car_seq": "KEL-0275",
        "arrival_time": "1456",
        "departure_time": "1504",
        "district": "北屯區",
        "village": "平田里",
        "location": "旅順路二段259號",
        "type": "沿街",
        "collection_type": "recycling",
        "day_of_week": 6
      }
    },
    {
      "type": "Feature",
      "geometry": {
        "type": "Point",
        "coordinates": [
          120.69580616107858,
          24.173589871043497
        ]
      },
      "properties": {
        "routeId": "taichung-kel-0275-71e45c-d6",
        "city": "taichung",
        "route_name": "KEL-0275",
        "car_seq": "KEL-0275",
        "arrival_time": "1457",
        "departure_time": "1503",
        "district": "北屯區",
        "village": "平田里",
        "location": "旅順路二段365號",
        "type": "沿街",
        "collection_type": "garbage",
        "day_of_week": 6
      }
    },
    {
      "type": "Feature",
      "geometry": {
        "type": "Point",
        "coordinates": [
          120.69580616107858,
          24.173589871043497
        ]
      },
      "properties": {
        "routeId": "taichung-kel-0275-71e45c-d6",
        "city": "taichung",
        "route_name": "KEL-0275",
        "car_seq": "KEL-0275",
        "arrival_time": "1457",
        "departure_time": "1505",
        "district": "北屯區",
        "village": "平田里",
        "location": "旅順路二段365號",
        "type": "沿街",
        "collection_type": "recycling",
        "day_of_week": 6
      }
    },
    {
      "type": "Feature",
      "geometry": {
        "type": "Point",
        "coordinates": [
          120.6963783758072,
          24.173505693572377
        ]
      },
      "properties": {
        "routeId": "taichung-kel-0275-71e45c-d6",
        "city": "taichung",
        "route_name": "KEL-0275",
        "car_seq": "KEL-0275",
        "arrival_time": "1459",
        "departure_time": "1505",
        "district": "北屯區",
        "village": "平田里",
        "location": "旅順路二段389號",
        "type": "沿街",
        "collection_type": "garbage",
        "day_of_week": 6
      }
    },
    {
      "type": "Feature",
      "geometry": {
        "type": "Point",
        "coordinates": [
          120.6963783758072,
          24.173505693572377
        ]
      },
      "properties": {
        "routeId": "taichung-kel-0275-71e45c-d6",
        "city": "taichung",
        "route_name": "KEL-0275",
        "car_seq": "KEL-0275",
        "arrival_time": "1459",
        "departure_time": "1507",
        "district": "北屯區",
        "village": "平田里",
        "location": "旅順路二段389號",
        "type": "沿街",
        "collection_type": "recycling",
        "day_of_week": 6
      }
    },
    {
      "type": "Feature",
      "geometry": {
        "type": "Point",
        "coordinates": [
          120.6962118988921,
          24.171197574879606
        ]
      },
      "properties": {
        "routeId": "taichung-kel-0275-71e45c-d6",
        "city": "taichung",
        "route_name": "KEL-0275",
        "car_seq": "KEL-0275",
        "arrival_time": "1504",
        "departure_time": "1510",
        "district": "北屯區",
        "village": "平安里",
        "location": "文心路四段985號",
        "type": "沿街",
        "collection_type": "garbage",
        "day_of_week": 6
      }
    },
    {
      "type": "Feature",
      "geometry": {
        "type": "Point",
        "coordinates": [
          120.6962118988921,
          24.171197574879606
        ]
      },
      "properties": {
        "routeId": "taichung-kel-0275-71e45c-d6",
        "city": "taichung",
        "route_name": "KEL-0275",
        "car_seq": "KEL-0275",
        "arrival_time": "1504",
        "departure_time": "1512",
        "district": "北屯區",
        "village": "平安里",
        "location": "文心路四段985號",
        "type": "沿街",
        "collection_type": "recycling",
        "day_of_week": 6
      }
    },
    {
      "type": "Feature",
      "geometry": {
        "type": "Point",
        "coordinates": [
          120.69117021607234,
          24.171745441419695
        ]
      },
      "properties": {
        "routeId": "taichung-kel-0275-71e45c-d6",
        "city": "taichung",
        "route_name": "KEL-0275",
        "car_seq": "KEL-0275",
        "arrival_time": "1508",
        "departure_time": "1514",
        "district": "北屯區",
        "village": "平昌里",
        "location": "文心路四段803號",
        "type": "沿街",
        "collection_type": "garbage",
        "day_of_week": 6
      }
    },
    {
      "type": "Feature",
      "geometry": {
        "type": "Point",
        "coordinates": [
          120.69117021607234,
          24.171745441419695
        ]
      },
      "properties": {
        "routeId": "taichung-kel-0275-71e45c-d6",
        "city": "taichung",
        "route_name": "KEL-0275",
        "car_seq": "KEL-0275",
        "arrival_time": "1508",
        "departure_time": "1516",
        "district": "北屯區",
        "village": "平昌里",
        "location": "文心路四段803號",
        "type": "沿街",
        "collection_type": "recycling",
        "day_of_week": 6
      }
    },
    {
      "type": "Feature",
      "geometry": {
        "type": "Point",
        "coordinates": [
          120.69227832592206,
          24.16964801923039
        ]
      },
      "properties": {
        "routeId": "taichung-kel-0275-71e45c-d6",
        "city": "taichung",
        "route_name": "KEL-0275",
        "car_seq": "KEL-0275",
        "arrival_time": "1510",
        "departure_time": "1516",
        "district": "北屯區",
        "village": "平昌里",
        "location": "天津路四段261巷11號",
        "type": "沿街",
        "collection_type": "garbage",
        "day_of_week": 6
      }
    },
    {
      "type": "Feature",
      "geometry": {
        "type": "Point",
        "coordinates": [
          120.69227832592206,
          24.16964801923039
        ]
      },
      "properties": {
        "routeId": "taichung-kel-0275-71e45c-d6",
        "city": "taichung",
        "route_name": "KEL-0275",
        "car_seq": "KEL-0275",
        "arrival_time": "1510",
        "departure_time": "1518",
        "district": "北屯區",
        "village": "平昌里",
        "location": "天津路四段261巷11號",
        "type": "沿街",
        "collection_type": "recycling",
        "day_of_week": 6
      }
    },
    {
      "type": "Feature",
      "geometry": {
        "type": "Point",
        "coordinates": [
          120.69300372640559,
          24.16873824487611
        ]
      },
      "properties": {
        "routeId": "taichung-kel-0275-71e45c-d6",
        "city": "taichung",
        "route_name": "KEL-0275",
        "car_seq": "KEL-0275",
        "arrival_time": "1512",
        "departure_time": "1518",
        "district": "北屯區",
        "village": "平昌里",
        "location": "興安路一段133巷5號",
        "type": "沿街",
        "collection_type": "garbage",
        "day_of_week": 6
      }
    },
    {
      "type": "Feature",
      "geometry": {
        "type": "Point",
        "coordinates": [
          120.69300372640559,
          24.16873824487611
        ]
      },
      "properties": {
        "routeId": "taichung-kel-0275-71e45c-d6",
        "city": "taichung",
        "route_name": "KEL-0275",
        "car_seq": "KEL-0275",
        "arrival_time": "1512",
        "departure_time": "1520",
        "district": "北屯區",
        "village": "平昌里",
        "location": "興安路一段133巷5號",
        "type": "沿街",
        "collection_type": "recycling",
        "day_of_week": 6
      }
    },
    {
      "type": "Feature",
      "geometry": {
        "type": "Point",
        "coordinates": [
          120.69319566385293,
          24.169567429774684
        ]
      },
      "properties": {
        "routeId": "taichung-kel-0275-71e45c-d6",
        "city": "taichung",
        "route_name": "KEL-0275",
        "car_seq": "KEL-0275",
        "arrival_time": "1514",
        "departure_time": "1520",
        "district": "北屯區",
        "village": "平昌里",
        "location": "天津路四段280巷5號",
        "type": "沿街",
        "collection_type": "garbage",
        "day_of_week": 6
      }
    },
    {
      "type": "Feature",
      "geometry": {
        "type": "Point",
        "coordinates": [
          120.69319566385293,
          24.169567429774684
        ]
      },
      "properties": {
        "routeId": "taichung-kel-0275-71e45c-d6",
        "city": "taichung",
        "route_name": "KEL-0275",
        "car_seq": "KEL-0275",
        "arrival_time": "1514",
        "departure_time": "1522",
        "district": "北屯區",
        "village": "平昌里",
        "location": "天津路四段280巷5號",
        "type": "沿街",
        "collection_type": "recycling",
        "day_of_week": 6
      }
    },
    {
      "type": "Feature",
      "geometry": {
        "type": "Point",
        "coordinates": [
          120.69312099205493,
          24.169926925253375
        ]
      },
      "properties": {
        "routeId": "taichung-kel-0275-71e45c-d6",
        "city": "taichung",
        "route_name": "KEL-0275",
        "car_seq": "KEL-0275",
        "arrival_time": "1515",
        "departure_time": "1521",
        "district": "北屯區",
        "village": "平昌里",
        "location": "天津路四段294號",
        "type": "沿街",
        "collection_type": "garbage",
        "day_of_week": 6
      }
    },
    {
      "type": "Feature",
      "geometry": {
        "type": "Point",
        "coordinates": [
          120.69312099205493,
          24.169926925253375
        ]
      },
      "properties": {
        "routeId": "taichung-kel-0275-71e45c-d6",
        "city": "taichung",
        "route_name": "KEL-0275",
        "car_seq": "KEL-0275",
        "arrival_time": "1515",
        "departure_time": "1523",
        "district": "北屯區",
        "village": "平昌里",
        "location": "天津路四段294號",
        "type": "沿街",
        "collection_type": "recycling",
        "day_of_week": 6
      }
    },
    {
      "type": "Feature",
      "geometry": {
        "type": "Point",
        "coordinates": [
          120.69340682921838,
          24.170200997313394
        ]
      },
      "properties": {
        "routeId": "taichung-kel-0275-71e45c-d6",
        "city": "taichung",
        "route_name": "KEL-0275",
        "car_seq": "KEL-0275",
        "arrival_time": "1517",
        "departure_time": "1523",
        "district": "北屯區",
        "village": "平昌里",
        "location": "北平路四段146號",
        "type": "沿街",
        "collection_type": "garbage",
        "day_of_week": 6
      }
    },
    {
      "type": "Feature",
      "geometry": {
        "type": "Point",
        "coordinates": [
          120.69340682921838,
          24.170200997313394
        ]
      },
      "properties": {
        "routeId": "taichung-kel-0275-71e45c-d6",
        "city": "taichung",
        "route_name": "KEL-0275",
        "car_seq": "KEL-0275",
        "arrival_time": "1517",
        "departure_time": "1525",
        "district": "北屯區",
        "village": "平昌里",
        "location": "北平路四段146號",
        "type": "沿街",
        "collection_type": "recycling",
        "day_of_week": 6
      }
    },
    {
      "type": "Feature",
      "geometry": {
        "type": "Point",
        "coordinates": [
          120.69383918991228,
          24.170133143871453
        ]
      },
      "properties": {
        "routeId": "taichung-kel-0275-71e45c-d6",
        "city": "taichung",
        "route_name": "KEL-0275",
        "car_seq": "KEL-0275",
        "arrival_time": "1518",
        "departure_time": "1524",
        "district": "北屯區",
        "village": "平昌里",
        "location": "北平路四段162號",
        "type": "沿街",
        "collection_type": "garbage",
        "day_of_week": 6
      }
    },
    {
      "type": "Feature",
      "geometry": {
        "type": "Point",
        "coordinates": [
          120.69383918991228,
          24.170133143871453
        ]
      },
      "properties": {
        "routeId": "taichung-kel-0275-71e45c-d6",
        "city": "taichung",
        "route_name": "KEL-0275",
        "car_seq": "KEL-0275",
        "arrival_time": "1518",
        "departure_time": "1526",
        "district": "北屯區",
        "village": "平昌里",
        "location": "北平路四段162號",
        "type": "沿街",
        "collection_type": "recycling",
        "day_of_week": 6
      }
    },
    {
      "type": "Feature",
      "geometry": {
        "type": "Point",
        "coordinates": [
          120.69168604466735,
          24.17018063478695
        ]
      },
      "properties": {
        "routeId": "taichung-kel-0275-71e45c-d6",
        "city": "taichung",
        "route_name": "KEL-0275",
        "car_seq": "KEL-0275",
        "arrival_time": "1519",
        "departure_time": "1533",
        "district": "北屯區",
        "village": "平昌里",
        "location": "昌平路一段222號",
        "type": "沿街",
        "collection_type": "garbage",
        "day_of_week": 6
      }
    },
    {
      "type": "Feature",
      "geometry": {
        "type": "Point",
        "coordinates": [
          120.69168604466735,
          24.17018063478695
        ]
      },
      "properties": {
        "routeId": "taichung-kel-0275-71e45c-d6",
        "city": "taichung",
        "route_name": "KEL-0275",
        "car_seq": "KEL-0275",
        "arrival_time": "1519",
        "departure_time": "1535",
        "district": "北屯區",
        "village": "平昌里",
        "location": "昌平路一段222號",
        "type": "沿街",
        "collection_type": "recycling",
        "day_of_week": 6
      }
    },
    {
      "type": "Feature",
      "geometry": {
        "type": "Point",
        "coordinates": [
          120.6943183622729,
          24.170650137979
        ]
      },
      "properties": {
        "routeId": "taichung-kel-0275-71e45c-d6",
        "city": "taichung",
        "route_name": "KEL-0275",
        "car_seq": "KEL-0275",
        "arrival_time": "1519",
        "departure_time": "1525",
        "district": "北屯區",
        "village": "平昌里",
        "location": "興安路一段172號",
        "type": "沿街",
        "collection_type": "garbage",
        "day_of_week": 6
      }
    },
    {
      "type": "Feature",
      "geometry": {
        "type": "Point",
        "coordinates": [
          120.6943183622729,
          24.170650137979
        ]
      },
      "properties": {
        "routeId": "taichung-kel-0275-71e45c-d6",
        "city": "taichung",
        "route_name": "KEL-0275",
        "car_seq": "KEL-0275",
        "arrival_time": "1519",
        "departure_time": "1527",
        "district": "北屯區",
        "village": "平昌里",
        "location": "興安路一段172號",
        "type": "沿街",
        "collection_type": "recycling",
        "day_of_week": 6
      }
    },
    {
      "type": "Feature",
      "geometry": {
        "type": "Point",
        "coordinates": [
          120.69184552313985,
          24.17033093358176
        ]
      },
      "properties": {
        "routeId": "taichung-kel-0275-71e45c-d6",
        "city": "taichung",
        "route_name": "KEL-0275",
        "car_seq": "KEL-0275",
        "arrival_time": "1519",
        "departure_time": "1545",
        "district": "北屯區",
        "village": "平昌里",
        "location": "北平路四段92之1號",
        "type": "沿街",
        "collection_type": "garbage",
        "day_of_week": 6
      }
    },
    {
      "type": "Feature",
      "geometry": {
        "type": "Point",
        "coordinates": [
          120.69184552313985,
          24.17033093358176
        ]
      },
      "properties": {
        "routeId": "taichung-kel-0275-71e45c-d6",
        "city": "taichung",
        "route_name": "KEL-0275",
        "car_seq": "KEL-0275",
        "arrival_time": "1519",
        "departure_time": "1547",
        "district": "北屯區",
        "village": "平昌里",
        "location": "北平路四段92之1號",
        "type": "沿街",
        "collection_type": "recycling",
        "day_of_week": 6
      }
    },
    {
      "type": "Feature",
      "geometry": {
        "type": "Point",
        "coordinates": [
          120.6945429289716,
          24.170539437316016
        ]
      },
      "properties": {
        "routeId": "taichung-kel-0275-71e45c-d6",
        "city": "taichung",
        "route_name": "KEL-0275",
        "car_seq": "KEL-0275",
        "arrival_time": "1521",
        "departure_time": "1527",
        "district": "北屯區",
        "village": "平昌里",
        "location": "北平路四段179巷5號",
        "type": "沿街",
        "collection_type": "garbage",
        "day_of_week": 6
      }
    },
    {
      "type": "Feature",
      "geometry": {
        "type": "Point",
        "coordinates": [
          120.6945429289716,
          24.170539437316016
        ]
      },
      "properties": {
        "routeId": "taichung-kel-0275-71e45c-d6",
        "city": "taichung",
        "route_name": "KEL-0275",
        "car_seq": "KEL-0275",
        "arrival_time": "1521",
        "departure_time": "1529",
        "district": "北屯區",
        "village": "平昌里",
        "location": "北平路四段179巷5號",
        "type": "沿街",
        "collection_type": "recycling",
        "day_of_week": 6
      }
    },
    {
      "type": "Feature",
      "geometry": {
        "type": "Point",
        "coordinates": [
          120.69446163661753,
          24.17037384884639
        ]
      },
      "properties": {
        "routeId": "taichung-kel-0275-71e45c-d6",
        "city": "taichung",
        "route_name": "KEL-0275",
        "car_seq": "KEL-0275",
        "arrival_time": "1523",
        "departure_time": "1529",
        "district": "北屯區",
        "village": "平昌里",
        "location": "北平路四段171號",
        "type": "沿街",
        "collection_type": "garbage",
        "day_of_week": 6
      }
    },
    {
      "type": "Feature",
      "geometry": {
        "type": "Point",
        "coordinates": [
          120.69446163661753,
          24.17037384884639
        ]
      },
      "properties": {
        "routeId": "taichung-kel-0275-71e45c-d6",
        "city": "taichung",
        "route_name": "KEL-0275",
        "car_seq": "KEL-0275",
        "arrival_time": "1523",
        "departure_time": "1531",
        "district": "北屯區",
        "village": "平昌里",
        "location": "北平路四段171號",
        "type": "沿街",
        "collection_type": "recycling",
        "day_of_week": 6
      }
    },
    {
      "type": "Feature",
      "geometry": {
        "type": "Point",
        "coordinates": [
          120.69291188764964,
          24.168350179657633
        ]
      },
      "properties": {
        "routeId": "taichung-kel-0275-71e45c-d6",
        "city": "taichung",
        "route_name": "KEL-0275",
        "car_seq": "KEL-0275",
        "arrival_time": "1525",
        "departure_time": "1531",
        "district": "北屯區",
        "village": "平昌里",
        "location": "昌平路一段74號",
        "type": "沿街",
        "collection_type": "garbage",
        "day_of_week": 6
      }
    },
    {
      "type": "Feature",
      "geometry": {
        "type": "Point",
        "coordinates": [
          120.69291188764964,
          24.168350179657633
        ]
      },
      "properties": {
        "routeId": "taichung-kel-0275-71e45c-d6",
        "city": "taichung",
        "route_name": "KEL-0275",
        "car_seq": "KEL-0275",
        "arrival_time": "1525",
        "departure_time": "1533",
        "district": "北屯區",
        "village": "平昌里",
        "location": "昌平路一段74號",
        "type": "沿街",
        "collection_type": "recycling",
        "day_of_week": 6
      }
    },
    {
      "type": "Feature",
      "geometry": {
        "type": "Point",
        "coordinates": [
          120.69229638710867,
          24.169212031199773
        ]
      },
      "properties": {
        "routeId": "taichung-kel-0275-71e45c-d6",
        "city": "taichung",
        "route_name": "KEL-0275",
        "car_seq": "KEL-0275",
        "arrival_time": "1526",
        "departure_time": "1532",
        "district": "北屯區",
        "village": "平昌里",
        "location": "昌平路一段174號",
        "type": "沿街",
        "collection_type": "garbage",
        "day_of_week": 6
      }
    },
    {
      "type": "Feature",
      "geometry": {
        "type": "Point",
        "coordinates": [
          120.69229638710867,
          24.169212031199773
        ]
      },
      "properties": {
        "routeId": "taichung-kel-0275-71e45c-d6",
        "city": "taichung",
        "route_name": "KEL-0275",
        "car_seq": "KEL-0275",
        "arrival_time": "1526",
        "departure_time": "1534",
        "district": "北屯區",
        "village": "平昌里",
        "location": "昌平路一段174號",
        "type": "沿街",
        "collection_type": "recycling",
        "day_of_week": 6
      }
    },
    {
      "type": "Feature",
      "geometry": {
        "type": "Point",
        "coordinates": [
          120.69185119917165,
          24.169893304389493
        ]
      },
      "properties": {
        "routeId": "taichung-kel-0275-71e45c-d6",
        "city": "taichung",
        "route_name": "KEL-0275",
        "car_seq": "KEL-0275",
        "arrival_time": "1528",
        "departure_time": "1534",
        "district": "北屯區",
        "village": "平昌里",
        "location": "昌平路一段210號",
        "type": "沿街",
        "collection_type": "garbage",
        "day_of_week": 6
      }
    },
    {
      "type": "Feature",
      "geometry": {
        "type": "Point",
        "coordinates": [
          120.69185119917165,
          24.169893304389493
        ]
      },
      "properties": {
        "routeId": "taichung-kel-0275-71e45c-d6",
        "city": "taichung",
        "route_name": "KEL-0275",
        "car_seq": "KEL-0275",
        "arrival_time": "1528",
        "departure_time": "1536",
        "district": "北屯區",
        "village": "平昌里",
        "location": "昌平路一段210號",
        "type": "沿街",
        "collection_type": "recycling",
        "day_of_week": 6
      }
    },
    {
      "type": "Feature",
      "geometry": {
        "type": "Point",
        "coordinates": [
          120.69145660209394,
          24.17064861035249
        ]
      },
      "properties": {
        "routeId": "taichung-kel-0275-71e45c-d6",
        "city": "taichung",
        "route_name": "KEL-0275",
        "car_seq": "KEL-0275",
        "arrival_time": "1531",
        "departure_time": "1537",
        "district": "北屯區",
        "village": "平昌里",
        "location": "昌平路一段238號",
        "type": "沿街",
        "collection_type": "garbage",
        "day_of_week": 6
      }
    },
    {
      "type": "Feature",
      "geometry": {
        "type": "Point",
        "coordinates": [
          120.69145660209394,
          24.17064861035249
        ]
      },
      "properties": {
        "routeId": "taichung-kel-0275-71e45c-d6",
        "city": "taichung",
        "route_name": "KEL-0275",
        "car_seq": "KEL-0275",
        "arrival_time": "1531",
        "departure_time": "1539",
        "district": "北屯區",
        "village": "平昌里",
        "location": "昌平路一段238號",
        "type": "沿街",
        "collection_type": "recycling",
        "day_of_week": 6
      }
    },
    {
      "type": "Feature",
      "geometry": {
        "type": "Point",
        "coordinates": [
          120.69128514419705,
          24.171063971863695
        ]
      },
      "properties": {
        "routeId": "taichung-kel-0275-71e45c-d6",
        "city": "taichung",
        "route_name": "KEL-0275",
        "car_seq": "KEL-0275",
        "arrival_time": "1532",
        "departure_time": "1538",
        "district": "北屯區",
        "village": "平昌里",
        "location": "昌平路一段260號",
        "type": "沿街",
        "collection_type": "garbage",
        "day_of_week": 6
      }
    },
    {
      "type": "Feature",
      "geometry": {
        "type": "Point",
        "coordinates": [
          120.69128514419705,
          24.171063971863695
        ]
      },
      "properties": {
        "routeId": "taichung-kel-0275-71e45c-d6",
        "city": "taichung",
        "route_name": "KEL-0275",
        "car_seq": "KEL-0275",
        "arrival_time": "1532",
        "departure_time": "1540",
        "district": "北屯區",
        "village": "平昌里",
        "location": "昌平路一段260號",
        "type": "沿街",
        "collection_type": "recycling",
        "day_of_week": 6
      }
    },
    {
      "type": "Feature",
      "geometry": {
        "type": "Point",
        "coordinates": [
          120.6929594495809,
          24.170478732234578
        ]
      },
      "properties": {
        "routeId": "taichung-kel-0275-71e45c-d6",
        "city": "taichung",
        "route_name": "KEL-0275",
        "car_seq": "KEL-0275",
        "arrival_time": "1534",
        "departure_time": "1540",
        "district": "北屯區",
        "village": "平昌里",
        "location": "北平路四段131號",
        "type": "沿街",
        "collection_type": "garbage",
        "day_of_week": 6
      }
    },
    {
      "type": "Feature",
      "geometry": {
        "type": "Point",
        "coordinates": [
          120.6929594495809,
          24.170478732234578
        ]
      },
      "properties": {
        "routeId": "taichung-kel-0275-71e45c-d6",
        "city": "taichung",
        "route_name": "KEL-0275",
        "car_seq": "KEL-0275",
        "arrival_time": "1534",
        "departure_time": "1542",
        "district": "北屯區",
        "village": "平昌里",
        "location": "北平路四段131號",
        "type": "沿街",
        "collection_type": "recycling",
        "day_of_week": 6
      }
    },
    {
      "type": "Feature",
      "geometry": {
        "type": "Point",
        "coordinates": [
          120.69258071422037,
          24.170530438539977
        ]
      },
      "properties": {
        "routeId": "taichung-kel-0275-71e45c-d6",
        "city": "taichung",
        "route_name": "KEL-0275",
        "car_seq": "KEL-0275",
        "arrival_time": "1535",
        "departure_time": "1541",
        "district": "北屯區",
        "village": "平昌里",
        "location": "北平路四段117號",
        "type": "沿街",
        "collection_type": "garbage",
        "day_of_week": 6
      }
    },
    {
      "type": "Feature",
      "geometry": {
        "type": "Point",
        "coordinates": [
          120.69258071422037,
          24.170530438539977
        ]
      },
      "properties": {
        "routeId": "taichung-kel-0275-71e45c-d6",
        "city": "taichung",
        "route_name": "KEL-0275",
        "car_seq": "KEL-0275",
        "arrival_time": "1535",
        "departure_time": "1543",
        "district": "北屯區",
        "village": "平昌里",
        "location": "北平路四段117號",
        "type": "沿街",
        "collection_type": "recycling",
        "day_of_week": 6
      }
    },
    {
      "type": "Feature",
      "geometry": {
        "type": "Point",
        "coordinates": [
          120.69215071491416,
          24.170326854650508
        ]
      },
      "properties": {
        "routeId": "taichung-kel-0275-71e45c-d6",
        "city": "taichung",
        "route_name": "KEL-0275",
        "car_seq": "KEL-0275",
        "arrival_time": "1537",
        "departure_time": "1543",
        "district": "北屯區",
        "village": "平昌里",
        "location": "北平路四段106號",
        "type": "沿街",
        "collection_type": "garbage",
        "day_of_week": 6
      }
    },
    {
      "type": "Feature",
      "geometry": {
        "type": "Point",
        "coordinates": [
          120.69215071491416,
          24.170326854650508
        ]
      },
      "properties": {
        "routeId": "taichung-kel-0275-71e45c-d6",
        "city": "taichung",
        "route_name": "KEL-0275",
        "car_seq": "KEL-0275",
        "arrival_time": "1537",
        "departure_time": "1545",
        "district": "北屯區",
        "village": "平昌里",
        "location": "北平路四段106號",
        "type": "沿街",
        "collection_type": "recycling",
        "day_of_week": 6
      }
    },
    {
      "type": "Feature",
      "geometry": {
        "type": "Point",
        "coordinates": [
          120.69156355687834,
          24.17074504278548
        ]
      },
      "properties": {
        "routeId": "taichung-kel-0275-71e45c-d6",
        "city": "taichung",
        "route_name": "KEL-0275",
        "car_seq": "KEL-0275",
        "arrival_time": "1540",
        "departure_time": "1543",
        "district": "北屯區",
        "village": "平昌里",
        "location": "北平路四段89之51號",
        "type": "沿街",
        "collection_type": "garbage",
        "day_of_week": 6
      }
    },
    {
      "type": "Feature",
      "geometry": {
        "type": "Point",
        "coordinates": [
          120.69156355687834,
          24.17074504278548
        ]
      },
      "properties": {
        "routeId": "taichung-kel-0275-71e45c-d6",
        "city": "taichung",
        "route_name": "KEL-0275",
        "car_seq": "KEL-0275",
        "arrival_time": "1540",
        "departure_time": "1545",
        "district": "北屯區",
        "village": "平昌里",
        "location": "北平路四段89之51號",
        "type": "沿街",
        "collection_type": "recycling",
        "day_of_week": 6
      }
    },
    {
      "type": "Feature",
      "geometry": {
        "type": "Point",
        "coordinates": [
          120.69137257055704,
          24.169863704776585
        ]
      },
      "properties": {
        "routeId": "taichung-kel-0275-71e45c-d6",
        "city": "taichung",
        "route_name": "KEL-0275",
        "car_seq": "KEL-0275",
        "arrival_time": "1541",
        "departure_time": "1547",
        "district": "北屯區",
        "village": "平昌里",
        "location": "昌平路一段93之2號",
        "type": "沿街",
        "collection_type": "garbage",
        "day_of_week": 6
      }
    },
    {
      "type": "Feature",
      "geometry": {
        "type": "Point",
        "coordinates": [
          120.69137257055704,
          24.169863704776585
        ]
      },
      "properties": {
        "routeId": "taichung-kel-0275-71e45c-d6",
        "city": "taichung",
        "route_name": "KEL-0275",
        "car_seq": "KEL-0275",
        "arrival_time": "1541",
        "departure_time": "1549",
        "district": "北屯區",
        "village": "平昌里",
        "location": "昌平路一段93之2號",
        "type": "沿街",
        "collection_type": "recycling",
        "day_of_week": 6
      }
    },
    {
      "type": "Feature",
      "geometry": {
        "type": "Point",
        "coordinates": [
          120.69179284466378,
          24.169316566954873
        ]
      },
      "properties": {
        "routeId": "taichung-kel-0275-71e45c-d6",
        "city": "taichung",
        "route_name": "KEL-0275",
        "car_seq": "KEL-0275",
        "arrival_time": "1542",
        "departure_time": "1548",
        "district": "北屯區",
        "village": "平昌里",
        "location": "昌平路一段91之2號",
        "type": "沿街",
        "collection_type": "garbage",
        "day_of_week": 6
      }
    },
    {
      "type": "Feature",
      "geometry": {
        "type": "Point",
        "coordinates": [
          120.69179284466378,
          24.169316566954873
        ]
      },
      "properties": {
        "routeId": "taichung-kel-0275-71e45c-d6",
        "city": "taichung",
        "route_name": "KEL-0275",
        "car_seq": "KEL-0275",
        "arrival_time": "1542",
        "departure_time": "1550",
        "district": "北屯區",
        "village": "平昌里",
        "location": "昌平路一段91之2號",
        "type": "沿街",
        "collection_type": "recycling",
        "day_of_week": 6
      }
    },
    {
      "type": "Feature",
      "geometry": {
        "type": "Point",
        "coordinates": [
          120.68961326995301,
          24.16718124354399
        ]
      },
      "properties": {
        "routeId": "taichung-kel-0275-71e45c-d6",
        "city": "taichung",
        "route_name": "KEL-0275",
        "car_seq": "KEL-0275",
        "arrival_time": "1545",
        "departure_time": "1551",
        "district": "北屯區",
        "village": "平昌里",
        "location": "漢口路五段127號",
        "type": "沿街",
        "collection_type": "garbage",
        "day_of_week": 6
      }
    },
    {
      "type": "Feature",
      "geometry": {
        "type": "Point",
        "coordinates": [
          120.68961326995301,
          24.16718124354399
        ]
      },
      "properties": {
        "routeId": "taichung-kel-0275-71e45c-d6",
        "city": "taichung",
        "route_name": "KEL-0275",
        "car_seq": "KEL-0275",
        "arrival_time": "1545",
        "departure_time": "1553",
        "district": "北屯區",
        "village": "平昌里",
        "location": "漢口路五段127號",
        "type": "沿街",
        "collection_type": "recycling",
        "day_of_week": 6
      }
    },
    {
      "type": "Feature",
      "geometry": {
        "type": "Point",
        "coordinates": [
          120.68874909277797,
          24.16579953586617
        ]
      },
      "properties": {
        "routeId": "taichung-kel-0275-71e45c-d6",
        "city": "taichung",
        "route_name": "KEL-0275",
        "car_seq": "KEL-0275",
        "arrival_time": "1548",
        "departure_time": "1554",
        "district": "北屯區",
        "village": "平昌里",
        "location": "崇興路一段111號",
        "type": "沿街",
        "collection_type": "garbage",
        "day_of_week": 6
      }
    },
    {
      "type": "Feature",
      "geometry": {
        "type": "Point",
        "coordinates": [
          120.68874909277797,
          24.16579953586617
        ]
      },
      "properties": {
        "routeId": "taichung-kel-0275-71e45c-d6",
        "city": "taichung",
        "route_name": "KEL-0275",
        "car_seq": "KEL-0275",
        "arrival_time": "1548",
        "departure_time": "1556",
        "district": "北屯區",
        "village": "平昌里",
        "location": "崇興路一段111號",
        "type": "沿街",
        "collection_type": "recycling",
        "day_of_week": 6
      }
    },
    {
      "type": "Feature",
      "geometry": {
        "type": "Point",
        "coordinates": [
          120.68926944907706,
          24.165781824812278
        ]
      },
      "properties": {
        "routeId": "taichung-kel-0275-71e45c-d6",
        "city": "taichung",
        "route_name": "KEL-0275",
        "car_seq": "KEL-0275",
        "arrival_time": "1550",
        "departure_time": "1556",
        "district": "北屯區",
        "village": "平昌里",
        "location": "崇興路一段97號",
        "type": "沿街",
        "collection_type": "garbage",
        "day_of_week": 6
      }
    },
    {
      "type": "Feature",
      "geometry": {
        "type": "Point",
        "coordinates": [
          120.68926944907706,
          24.165781824812278
        ]
      },
      "properties": {
        "routeId": "taichung-kel-0275-71e45c-d6",
        "city": "taichung",
        "route_name": "KEL-0275",
        "car_seq": "KEL-0275",
        "arrival_time": "1550",
        "departure_time": "1558",
        "district": "北屯區",
        "village": "平昌里",
        "location": "崇興路一段97號",
        "type": "沿街",
        "collection_type": "recycling",
        "day_of_week": 6
      }
    },
    {
      "type": "Feature",
      "geometry": {
        "type": "Point",
        "coordinates": [
          120.68942930438347,
          24.165113720732666
        ]
      },
      "properties": {
        "routeId": "taichung-kel-0275-71e45c-d6",
        "city": "taichung",
        "route_name": "KEL-0275",
        "car_seq": "KEL-0275",
        "arrival_time": "1552",
        "departure_time": "1558",
        "district": "北屯區",
        "village": "平昌里",
        "location": "太原路三段121號",
        "type": "沿街",
        "collection_type": "garbage",
        "day_of_week": 6
      }
    },
    {
      "type": "Feature",
      "geometry": {
        "type": "Point",
        "coordinates": [
          120.68942930438347,
          24.165113720732666
        ]
      },
      "properties": {
        "routeId": "taichung-kel-0275-71e45c-d6",
        "city": "taichung",
        "route_name": "KEL-0275",
        "car_seq": "KEL-0275",
        "arrival_time": "1552",
        "departure_time": "1600",
        "district": "北屯區",
        "village": "平昌里",
        "location": "太原路三段121號",
        "type": "沿街",
        "collection_type": "recycling",
        "day_of_week": 6
      }
    },
    {
      "type": "Feature",
      "geometry": {
        "type": "Point",
        "coordinates": [
          120.68861638622761,
          24.165493352570678
        ]
      },
      "properties": {
        "routeId": "taichung-kel-0275-71e45c-d6",
        "city": "taichung",
        "route_name": "KEL-0275",
        "car_seq": "KEL-0275",
        "arrival_time": "1554",
        "departure_time": "1600",
        "district": "北屯區",
        "village": "平昌里",
        "location": "太原路三段101巷12號",
        "type": "沿街",
        "collection_type": "garbage",
        "day_of_week": 6
      }
    },
    {
      "type": "Feature",
      "geometry": {
        "type": "Point",
        "coordinates": [
          120.68861638622761,
          24.165493352570678
        ]
      },
      "properties": {
        "routeId": "taichung-kel-0275-71e45c-d6",
        "city": "taichung",
        "route_name": "KEL-0275",
        "car_seq": "KEL-0275",
        "arrival_time": "1554",
        "departure_time": "1602",
        "district": "北屯區",
        "village": "平昌里",
        "location": "太原路三段101巷12號",
        "type": "沿街",
        "collection_type": "recycling",
        "day_of_week": 6
      }
    },
    {
      "type": "Feature",
      "geometry": {
        "type": "Point",
        "coordinates": [
          120.6889017814133,
          24.166388647540078
        ]
      },
      "properties": {
        "routeId": "taichung-kel-0275-71e45c-d6",
        "city": "taichung",
        "route_name": "KEL-0275",
        "car_seq": "KEL-0275",
        "arrival_time": "1555",
        "departure_time": "1601",
        "district": "北屯區",
        "village": "平昌里",
        "location": "柳陽東街8之2號",
        "type": "沿街",
        "collection_type": "garbage",
        "day_of_week": 6
      }
    },
    {
      "type": "Feature",
      "geometry": {
        "type": "Point",
        "coordinates": [
          120.6889017814133,
          24.166388647540078
        ]
      },
      "properties": {
        "routeId": "taichung-kel-0275-71e45c-d6",
        "city": "taichung",
        "route_name": "KEL-0275",
        "car_seq": "KEL-0275",
        "arrival_time": "1555",
        "departure_time": "1603",
        "district": "北屯區",
        "village": "平昌里",
        "location": "柳陽東街8之2號",
        "type": "沿街",
        "collection_type": "recycling",
        "day_of_week": 6
      }
    },
    {
      "type": "Feature",
      "geometry": {
        "type": "Point",
        "coordinates": [
          120.68908094281308,
          24.166572217173428
        ]
      },
      "properties": {
        "routeId": "taichung-kel-0275-71e45c-d6",
        "city": "taichung",
        "route_name": "KEL-0275",
        "car_seq": "KEL-0275",
        "arrival_time": "1557",
        "departure_time": "1603",
        "district": "北屯區",
        "village": "平昌里",
        "location": "柳陽東街9巷1號",
        "type": "沿街",
        "collection_type": "garbage",
        "day_of_week": 6
      }
    },
    {
      "type": "Feature",
      "geometry": {
        "type": "Point",
        "coordinates": [
          120.68908094281308,
          24.166572217173428
        ]
      },
      "properties": {
        "routeId": "taichung-kel-0275-71e45c-d6",
        "city": "taichung",
        "route_name": "KEL-0275",
        "car_seq": "KEL-0275",
        "arrival_time": "1557",
        "departure_time": "1605",
        "district": "北屯區",
        "village": "平昌里",
        "location": "柳陽東街9巷1號",
        "type": "沿街",
        "collection_type": "recycling",
        "day_of_week": 6
      }
    },
    {
      "type": "Feature",
      "geometry": {
        "type": "Point",
        "coordinates": [
          120.68917174358265,
          24.167237418631757
        ]
      },
      "properties": {
        "routeId": "taichung-kel-0275-71e45c-d6",
        "city": "taichung",
        "route_name": "KEL-0275",
        "car_seq": "KEL-0275",
        "arrival_time": "1558",
        "departure_time": "1604",
        "district": "北屯區",
        "village": "平昌里",
        "location": "柳陽東街11號",
        "type": "沿街",
        "collection_type": "garbage",
        "day_of_week": 6
      }
    },
    {
      "type": "Feature",
      "geometry": {
        "type": "Point",
        "coordinates": [
          120.68917174358265,
          24.167237418631757
        ]
      },
      "properties": {
        "routeId": "taichung-kel-0275-71e45c-d6",
        "city": "taichung",
        "route_name": "KEL-0275",
        "car_seq": "KEL-0275",
        "arrival_time": "1558",
        "departure_time": "1606",
        "district": "北屯區",
        "village": "平昌里",
        "location": "柳陽東街11號",
        "type": "沿街",
        "collection_type": "recycling",
        "day_of_week": 6
      }
    },
    {
      "type": "Feature",
      "geometry": {
        "type": "Point",
        "coordinates": [
          120.68924926245987,
          24.167494631482644
        ]
      },
      "properties": {
        "routeId": "taichung-kel-0275-71e45c-d6",
        "city": "taichung",
        "route_name": "KEL-0275",
        "car_seq": "KEL-0275",
        "arrival_time": "1559",
        "departure_time": "1605",
        "district": "北屯區",
        "village": "平昌里",
        "location": "柳陽東街18號",
        "type": "沿街",
        "collection_type": "garbage",
        "day_of_week": 6
      }
    },
    {
      "type": "Feature",
      "geometry": {
        "type": "Point",
        "coordinates": [
          120.68924926245987,
          24.167494631482644
        ]
      },
      "properties": {
        "routeId": "taichung-kel-0275-71e45c-d6",
        "city": "taichung",
        "route_name": "KEL-0275",
        "car_seq": "KEL-0275",
        "arrival_time": "1559",
        "departure_time": "1607",
        "district": "北屯區",
        "village": "平昌里",
        "location": "柳陽東街18號",
        "type": "沿街",
        "collection_type": "recycling",
        "day_of_week": 6
      }
    },
    {
      "type": "Feature",
      "geometry": {
        "type": "Point",
        "coordinates": [
          120.68870611310231,
          24.16742428738985
        ]
      },
      "properties": {
        "routeId": "taichung-kel-0275-71e45c-d6",
        "city": "taichung",
        "route_name": "KEL-0275",
        "car_seq": "KEL-0275",
        "arrival_time": "1600",
        "departure_time": "1606",
        "district": "北屯區",
        "village": "平安里",
        "location": "柳陽西街3之1號",
        "type": "沿街",
        "collection_type": "garbage",
        "day_of_week": 6
      }
    },
    {
      "type": "Feature",
      "geometry": {
        "type": "Point",
        "coordinates": [
          120.68870611310231,
          24.16742428738985
        ]
      },
      "properties": {
        "routeId": "taichung-kel-0275-71e45c-d6",
        "city": "taichung",
        "route_name": "KEL-0275",
        "car_seq": "KEL-0275",
        "arrival_time": "1600",
        "departure_time": "1608",
        "district": "北屯區",
        "village": "平安里",
        "location": "柳陽西街3之1號",
        "type": "沿街",
        "collection_type": "recycling",
        "day_of_week": 6
      }
    },
    {
      "type": "Feature",
      "geometry": {
        "type": "Point",
        "coordinates": [
          120.68870166007011,
          24.167661649340985
        ]
      },
      "properties": {
        "routeId": "taichung-kel-0275-71e45c-d6",
        "city": "taichung",
        "route_name": "KEL-0275",
        "car_seq": "KEL-0275",
        "arrival_time": "1601",
        "departure_time": "1607",
        "district": "北屯區",
        "village": "平安里",
        "location": "柳陽西街2-1號",
        "type": "沿街",
        "collection_type": "garbage",
        "day_of_week": 6
      }
    },
    {
      "type": "Feature",
      "geometry": {
        "type": "Point",
        "coordinates": [
          120.68870166007011,
          24.167661649340985
        ]
      },
      "properties": {
        "routeId": "taichung-kel-0275-71e45c-d6",
        "city": "taichung",
        "route_name": "KEL-0275",
        "car_seq": "KEL-0275",
        "arrival_time": "1601",
        "departure_time": "1609",
        "district": "北屯區",
        "village": "平安里",
        "location": "柳陽西街2-1號",
        "type": "沿街",
        "collection_type": "recycling",
        "day_of_week": 6
      }
    },
    {
      "type": "Feature",
      "geometry": {
        "type": "Point",
        "coordinates": [
          120.68835501180284,
          24.167025279387385
        ]
      },
      "properties": {
        "routeId": "taichung-kel-0275-71e45c-d6",
        "city": "taichung",
        "route_name": "KEL-0275",
        "car_seq": "KEL-0275",
        "arrival_time": "1603",
        "departure_time": "1609",
        "district": "北屯區",
        "village": "平安里",
        "location": "漢口路五段97號",
        "type": "沿街",
        "collection_type": "garbage",
        "day_of_week": 6
      }
    },
    {
      "type": "Feature",
      "geometry": {
        "type": "Point",
        "coordinates": [
          120.68835501180284,
          24.167025279387385
        ]
      },
      "properties": {
        "routeId": "taichung-kel-0275-71e45c-d6",
        "city": "taichung",
        "route_name": "KEL-0275",
        "car_seq": "KEL-0275",
        "arrival_time": "1603",
        "departure_time": "1611",
        "district": "北屯區",
        "village": "平安里",
        "location": "漢口路五段97號",
        "type": "沿街",
        "collection_type": "recycling",
        "day_of_week": 6
      }
    },
    {
      "type": "Feature",
      "geometry": {
        "type": "Point",
        "coordinates": [
          120.68792598335662,
          24.167041277998297
        ]
      },
      "properties": {
        "routeId": "taichung-kel-0275-71e45c-d6",
        "city": "taichung",
        "route_name": "KEL-0275",
        "car_seq": "KEL-0275",
        "arrival_time": "1604",
        "departure_time": "1610",
        "district": "北屯區",
        "village": "平安里",
        "location": "漢口路五段79號",
        "type": "沿街",
        "collection_type": "garbage",
        "day_of_week": 6
      }
    },
    {
      "type": "Feature",
      "geometry": {
        "type": "Point",
        "coordinates": [
          120.68792598335662,
          24.167041277998297
        ]
      },
      "properties": {
        "routeId": "taichung-kel-0275-71e45c-d6",
        "city": "taichung",
        "route_name": "KEL-0275",
        "car_seq": "KEL-0275",
        "arrival_time": "1604",
        "departure_time": "1612",
        "district": "北屯區",
        "village": "平安里",
        "location": "漢口路五段79號",
        "type": "沿街",
        "collection_type": "recycling",
        "day_of_week": 6
      }
    },
    {
      "type": "Feature",
      "geometry": {
        "type": "Point",
        "coordinates": [
          120.68724303986373,
          24.16706742761934
        ]
      },
      "properties": {
        "routeId": "taichung-kel-0275-71e45c-d6",
        "city": "taichung",
        "route_name": "KEL-0275",
        "car_seq": "KEL-0275",
        "arrival_time": "1605",
        "departure_time": "1611",
        "district": "北屯區",
        "village": "平安里",
        "location": "漢口路五段55號",
        "type": "沿街",
        "collection_type": "garbage",
        "day_of_week": 6
      }
    },
    {
      "type": "Feature",
      "geometry": {
        "type": "Point",
        "coordinates": [
          120.68724303986373,
          24.16706742761934
        ]
      },
      "properties": {
        "routeId": "taichung-kel-0275-71e45c-d6",
        "city": "taichung",
        "route_name": "KEL-0275",
        "car_seq": "KEL-0275",
        "arrival_time": "1605",
        "departure_time": "1613",
        "district": "北屯區",
        "village": "平安里",
        "location": "漢口路五段55號",
        "type": "沿街",
        "collection_type": "recycling",
        "day_of_week": 6
      }
    },
    {
      "type": "Feature",
      "geometry": {
        "type": "Point",
        "coordinates": [
          120.68760314978698,
          24.167301753307537
        ]
      },
      "properties": {
        "routeId": "taichung-kel-0275-71e45c-d6",
        "city": "taichung",
        "route_name": "KEL-0275",
        "car_seq": "KEL-0275",
        "arrival_time": "1607",
        "departure_time": "1613",
        "district": "北屯區",
        "village": "平安里",
        "location": "漢口路五段71巷7號",
        "type": "沿街",
        "collection_type": "garbage",
        "day_of_week": 6
      }
    },
    {
      "type": "Feature",
      "geometry": {
        "type": "Point",
        "coordinates": [
          120.68760314978698,
          24.167301753307537
        ]
      },
      "properties": {
        "routeId": "taichung-kel-0275-71e45c-d6",
        "city": "taichung",
        "route_name": "KEL-0275",
        "car_seq": "KEL-0275",
        "arrival_time": "1607",
        "departure_time": "1615",
        "district": "北屯區",
        "village": "平安里",
        "location": "漢口路五段71巷7號",
        "type": "沿街",
        "collection_type": "recycling",
        "day_of_week": 6
      }
    },
    {
      "type": "Feature",
      "geometry": {
        "type": "Point",
        "coordinates": [
          120.6882646582764,
          24.16970821151317
        ]
      },
      "properties": {
        "routeId": "taichung-kel-0275-71e45c-d6",
        "city": "taichung",
        "route_name": "KEL-0275",
        "car_seq": "KEL-0275",
        "arrival_time": "1817",
        "departure_time": "1823",
        "district": "北屯區",
        "village": "平安里",
        "location": "文昌東七街49號",
        "type": "沿街",
        "collection_type": "garbage",
        "day_of_week": 6
      }
    },
    {
      "type": "Feature",
      "geometry": {
        "type": "Point",
        "coordinates": [
          120.6882646582764,
          24.16970821151317
        ]
      },
      "properties": {
        "routeId": "taichung-kel-0275-71e45c-d6",
        "city": "taichung",
        "route_name": "KEL-0275",
        "car_seq": "KEL-0275",
        "arrival_time": "1817",
        "departure_time": "1823",
        "district": "北屯區",
        "village": "平安里",
        "location": "文昌東七街49號",
        "type": "沿街",
        "collection_type": "recycling",
        "day_of_week": 6
      }
    },
    {
      "type": "Feature",
      "geometry": {
        "type": "Point",
        "coordinates": [
          120.68808746817088,
          24.16895499619131
        ]
      },
      "properties": {
        "routeId": "taichung-kel-0275-71e45c-d6",
        "city": "taichung",
        "route_name": "KEL-0275",
        "car_seq": "KEL-0275",
        "arrival_time": "1818",
        "departure_time": "1824",
        "district": "北屯區",
        "village": "平安里",
        "location": "文昌東七街31號",
        "type": "沿街",
        "collection_type": "garbage",
        "day_of_week": 6
      }
    },
    {
      "type": "Feature",
      "geometry": {
        "type": "Point",
        "coordinates": [
          120.68808746817088,
          24.16895499619131
        ]
      },
      "properties": {
        "routeId": "taichung-kel-0275-71e45c-d6",
        "city": "taichung",
        "route_name": "KEL-0275",
        "car_seq": "KEL-0275",
        "arrival_time": "1818",
        "departure_time": "1824",
        "district": "北屯區",
        "village": "平安里",
        "location": "文昌東七街31號",
        "type": "沿街",
        "collection_type": "recycling",
        "day_of_week": 6
      }
    },
    {
      "type": "Feature",
      "geometry": {
        "type": "Point",
        "coordinates": [
          120.68827418986095,
          24.168498306239655
        ]
      },
      "properties": {
        "routeId": "taichung-kel-0275-71e45c-d6",
        "city": "taichung",
        "route_name": "KEL-0275",
        "car_seq": "KEL-0275",
        "arrival_time": "1819",
        "departure_time": "1825",
        "district": "北屯區",
        "village": "平安里",
        "location": "文昌東七街16號",
        "type": "沿街",
        "collection_type": "garbage",
        "day_of_week": 6
      }
    },
    {
      "type": "Feature",
      "geometry": {
        "type": "Point",
        "coordinates": [
          120.68827418986095,
          24.168498306239655
        ]
      },
      "properties": {
        "routeId": "taichung-kel-0275-71e45c-d6",
        "city": "taichung",
        "route_name": "KEL-0275",
        "car_seq": "KEL-0275",
        "arrival_time": "1819",
        "departure_time": "1825",
        "district": "北屯區",
        "village": "平安里",
        "location": "文昌東七街16號",
        "type": "沿街",
        "collection_type": "recycling",
        "day_of_week": 6
      }
    },
    {
      "type": "Feature",
      "geometry": {
        "type": "Point",
        "coordinates": [
          120.68765898688073,
          24.168257961155902
        ]
      },
      "properties": {
        "routeId": "taichung-kel-0275-71e45c-d6",
        "city": "taichung",
        "route_name": "KEL-0275",
        "car_seq": "KEL-0275",
        "arrival_time": "1822",
        "departure_time": "1828",
        "district": "北屯區",
        "village": "平安里",
        "location": "青島路四段63號",
        "type": "沿街",
        "collection_type": "garbage",
        "day_of_week": 6
      }
    },
    {
      "type": "Feature",
      "geometry": {
        "type": "Point",
        "coordinates": [
          120.68765898688073,
          24.168257961155902
        ]
      },
      "properties": {
        "routeId": "taichung-kel-0275-71e45c-d6",
        "city": "taichung",
        "route_name": "KEL-0275",
        "car_seq": "KEL-0275",
        "arrival_time": "1822",
        "departure_time": "1828",
        "district": "北屯區",
        "village": "平安里",
        "location": "青島路四段63號",
        "type": "沿街",
        "collection_type": "recycling",
        "day_of_week": 6
      }
    },
    {
      "type": "Feature",
      "geometry": {
        "type": "Point",
        "coordinates": [
          120.68633701156674,
          24.16876866280488
        ]
      },
      "properties": {
        "routeId": "taichung-kel-0275-71e45c-d6",
        "city": "taichung",
        "route_name": "KEL-0275",
        "car_seq": "KEL-0275",
        "arrival_time": "1825",
        "departure_time": "1831",
        "district": "北屯區",
        "village": "平安里",
        "location": "文昌東六街44號",
        "type": "沿街",
        "collection_type": "garbage",
        "day_of_week": 6
      }
    },
    {
      "type": "Feature",
      "geometry": {
        "type": "Point",
        "coordinates": [
          120.68633701156674,
          24.16876866280488
        ]
      },
      "properties": {
        "routeId": "taichung-kel-0275-71e45c-d6",
        "city": "taichung",
        "route_name": "KEL-0275",
        "car_seq": "KEL-0275",
        "arrival_time": "1825",
        "departure_time": "1831",
        "district": "北屯區",
        "village": "平安里",
        "location": "文昌東六街44號",
        "type": "沿街",
        "collection_type": "recycling",
        "day_of_week": 6
      }
    },
    {
      "type": "Feature",
      "geometry": {
        "type": "Point",
        "coordinates": [
          120.686414951058,
          24.169512511344593
        ]
      },
      "properties": {
        "routeId": "taichung-kel-0275-71e45c-d6",
        "city": "taichung",
        "route_name": "KEL-0275",
        "car_seq": "KEL-0275",
        "arrival_time": "1827",
        "departure_time": "1833",
        "district": "北屯區",
        "village": "平安里",
        "location": "文昌東六街66號",
        "type": "沿街",
        "collection_type": "garbage",
        "day_of_week": 6
      }
    },
    {
      "type": "Feature",
      "geometry": {
        "type": "Point",
        "coordinates": [
          120.686414951058,
          24.169512511344593
        ]
      },
      "properties": {
        "routeId": "taichung-kel-0275-71e45c-d6",
        "city": "taichung",
        "route_name": "KEL-0275",
        "car_seq": "KEL-0275",
        "arrival_time": "1827",
        "departure_time": "1833",
        "district": "北屯區",
        "village": "平安里",
        "location": "文昌東六街66號",
        "type": "沿街",
        "collection_type": "recycling",
        "day_of_week": 6
      }
    },
    {
      "type": "Feature",
      "geometry": {
        "type": "Point",
        "coordinates": [
          120.68618235339125,
          24.169911091341675
        ]
      },
      "properties": {
        "routeId": "taichung-kel-0275-71e45c-d6",
        "city": "taichung",
        "route_name": "KEL-0275",
        "car_seq": "KEL-0275",
        "arrival_time": "1829",
        "departure_time": "1835",
        "district": "北屯區",
        "village": "平安里",
        "location": "文昌東六街75號",
        "type": "沿街",
        "collection_type": "garbage",
        "day_of_week": 6
      }
    },
    {
      "type": "Feature",
      "geometry": {
        "type": "Point",
        "coordinates": [
          120.68618235339125,
          24.169911091341675
        ]
      },
      "properties": {
        "routeId": "taichung-kel-0275-71e45c-d6",
        "city": "taichung",
        "route_name": "KEL-0275",
        "car_seq": "KEL-0275",
        "arrival_time": "1829",
        "departure_time": "1835",
        "district": "北屯區",
        "village": "平安里",
        "location": "文昌東六街75號",
        "type": "沿街",
        "collection_type": "recycling",
        "day_of_week": 6
      }
    },
    {
      "type": "Feature",
      "geometry": {
        "type": "Point",
        "coordinates": [
          120.68650056455685,
          24.170628526629976
        ]
      },
      "properties": {
        "routeId": "taichung-kel-0275-71e45c-d6",
        "city": "taichung",
        "route_name": "KEL-0275",
        "car_seq": "KEL-0275",
        "arrival_time": "1831",
        "departure_time": "1837",
        "district": "北屯區",
        "village": "平安里",
        "location": "文昌東六街84號",
        "type": "沿街",
        "collection_type": "garbage",
        "day_of_week": 6
      }
    },
    {
      "type": "Feature",
      "geometry": {
        "type": "Point",
        "coordinates": [
          120.68650056455685,
          24.170628526629976
        ]
      },
      "properties": {
        "routeId": "taichung-kel-0275-71e45c-d6",
        "city": "taichung",
        "route_name": "KEL-0275",
        "car_seq": "KEL-0275",
        "arrival_time": "1831",
        "departure_time": "1837",
        "district": "北屯區",
        "village": "平安里",
        "location": "文昌東六街84號",
        "type": "沿街",
        "collection_type": "recycling",
        "day_of_week": 6
      }
    },
    {
      "type": "Feature",
      "geometry": {
        "type": "Point",
        "coordinates": [
          120.68705391376588,
          24.170565067489505
        ]
      },
      "properties": {
        "routeId": "taichung-kel-0275-71e45c-d6",
        "city": "taichung",
        "route_name": "KEL-0275",
        "car_seq": "KEL-0275",
        "arrival_time": "1833",
        "departure_time": "1839",
        "district": "北屯區",
        "village": "平安里",
        "location": "北平路四段38號",
        "type": "沿街",
        "collection_type": "garbage",
        "day_of_week": 6
      }
    },
    {
      "type": "Feature",
      "geometry": {
        "type": "Point",
        "coordinates": [
          120.68705391376588,
          24.170565067489505
        ]
      },
      "properties": {
        "routeId": "taichung-kel-0275-71e45c-d6",
        "city": "taichung",
        "route_name": "KEL-0275",
        "car_seq": "KEL-0275",
        "arrival_time": "1833",
        "departure_time": "1839",
        "district": "北屯區",
        "village": "平安里",
        "location": "北平路四段38號",
        "type": "沿街",
        "collection_type": "recycling",
        "day_of_week": 6
      }
    },
    {
      "type": "Feature",
      "geometry": {
        "type": "Point",
        "coordinates": [
          120.68726586028761,
          24.170421737910097
        ]
      },
      "properties": {
        "routeId": "taichung-kel-0275-71e45c-d6",
        "city": "taichung",
        "route_name": "KEL-0275",
        "car_seq": "KEL-0275",
        "arrival_time": "1836",
        "departure_time": "1842",
        "district": "北屯區",
        "village": "平安里",
        "location": "熱河路二段103號",
        "type": "沿街",
        "collection_type": "garbage",
        "day_of_week": 6
      }
    },
    {
      "type": "Feature",
      "geometry": {
        "type": "Point",
        "coordinates": [
          120.68726586028761,
          24.170421737910097
        ]
      },
      "properties": {
        "routeId": "taichung-kel-0275-71e45c-d6",
        "city": "taichung",
        "route_name": "KEL-0275",
        "car_seq": "KEL-0275",
        "arrival_time": "1836",
        "departure_time": "1842",
        "district": "北屯區",
        "village": "平安里",
        "location": "熱河路二段103號",
        "type": "沿街",
        "collection_type": "recycling",
        "day_of_week": 6
      }
    },
    {
      "type": "Feature",
      "geometry": {
        "type": "Point",
        "coordinates": [
          120.687507112464,
          24.170048970673793
        ]
      },
      "properties": {
        "routeId": "taichung-kel-0275-71e45c-d6",
        "city": "taichung",
        "route_name": "KEL-0275",
        "car_seq": "KEL-0275",
        "arrival_time": "1837",
        "departure_time": "1843",
        "district": "北屯區",
        "village": "平安里",
        "location": "熱河路二段96號",
        "type": "沿街",
        "collection_type": "garbage",
        "day_of_week": 6
      }
    },
    {
      "type": "Feature",
      "geometry": {
        "type": "Point",
        "coordinates": [
          120.687507112464,
          24.170048970673793
        ]
      },
      "properties": {
        "routeId": "taichung-kel-0275-71e45c-d6",
        "city": "taichung",
        "route_name": "KEL-0275",
        "car_seq": "KEL-0275",
        "arrival_time": "1837",
        "departure_time": "1843",
        "district": "北屯區",
        "village": "平安里",
        "location": "熱河路二段96號",
        "type": "沿街",
        "collection_type": "recycling",
        "day_of_week": 6
      }
    },
    {
      "type": "Feature",
      "geometry": {
        "type": "Point",
        "coordinates": [
          120.6874254525326,
          24.169670376863863
        ]
      },
      "properties": {
        "routeId": "taichung-kel-0275-71e45c-d6",
        "city": "taichung",
        "route_name": "KEL-0275",
        "car_seq": "KEL-0275",
        "arrival_time": "1838",
        "departure_time": "1844",
        "district": "北屯區",
        "village": "平安里",
        "location": "熱河路二段56號",
        "type": "沿街",
        "collection_type": "garbage",
        "day_of_week": 6
      }
    },
    {
      "type": "Feature",
      "geometry": {
        "type": "Point",
        "coordinates": [
          120.6874254525326,
          24.169670376863863
        ]
      },
      "properties": {
        "routeId": "taichung-kel-0275-71e45c-d6",
        "city": "taichung",
        "route_name": "KEL-0275",
        "car_seq": "KEL-0275",
        "arrival_time": "1838",
        "departure_time": "1844",
        "district": "北屯區",
        "village": "平安里",
        "location": "熱河路二段56號",
        "type": "沿街",
        "collection_type": "recycling",
        "day_of_week": 6
      }
    },
    {
      "type": "Feature",
      "geometry": {
        "type": "Point",
        "coordinates": [
          120.68707007835015,
          24.16902488475937
        ]
      },
      "properties": {
        "routeId": "taichung-kel-0275-71e45c-d6",
        "city": "taichung",
        "route_name": "KEL-0275",
        "car_seq": "KEL-0275",
        "arrival_time": "1840",
        "departure_time": "1846",
        "district": "北屯區",
        "village": "平安里",
        "location": "熱河路二段39號",
        "type": "沿街",
        "collection_type": "garbage",
        "day_of_week": 6
      }
    },
    {
      "type": "Feature",
      "geometry": {
        "type": "Point",
        "coordinates": [
          120.68707007835015,
          24.16902488475937
        ]
      },
      "properties": {
        "routeId": "taichung-kel-0275-71e45c-d6",
        "city": "taichung",
        "route_name": "KEL-0275",
        "car_seq": "KEL-0275",
        "arrival_time": "1840",
        "departure_time": "1846",
        "district": "北屯區",
        "village": "平安里",
        "location": "熱河路二段39號",
        "type": "沿街",
        "collection_type": "recycling",
        "day_of_week": 6
      }
    },
    {
      "type": "Feature",
      "geometry": {
        "type": "Point",
        "coordinates": [
          120.68698013197537,
          24.168618743373415
        ]
      },
      "properties": {
        "routeId": "taichung-kel-0275-71e45c-d6",
        "city": "taichung",
        "route_name": "KEL-0275",
        "car_seq": "KEL-0275",
        "arrival_time": "1841",
        "departure_time": "1847",
        "district": "北屯區",
        "village": "平安里",
        "location": "熱河路二段13號",
        "type": "沿街",
        "collection_type": "garbage",
        "day_of_week": 6
      }
    },
    {
      "type": "Feature",
      "geometry": {
        "type": "Point",
        "coordinates": [
          120.68698013197537,
          24.168618743373415
        ]
      },
      "properties": {
        "routeId": "taichung-kel-0275-71e45c-d6",
        "city": "taichung",
        "route_name": "KEL-0275",
        "car_seq": "KEL-0275",
        "arrival_time": "1841",
        "departure_time": "1847",
        "district": "北屯區",
        "village": "平安里",
        "location": "熱河路二段13號",
        "type": "沿街",
        "collection_type": "recycling",
        "day_of_week": 6
      }
    },
    {
      "type": "Feature",
      "geometry": {
        "type": "Point",
        "coordinates": [
          120.68720071937761,
          24.167625802469143
        ]
      },
      "properties": {
        "routeId": "taichung-kel-0275-71e45c-d6",
        "city": "taichung",
        "route_name": "KEL-0275",
        "car_seq": "KEL-0275",
        "arrival_time": "1842",
        "departure_time": "1848",
        "district": "北屯區",
        "village": "平安里",
        "location": "熱河路一段84號",
        "type": "沿街",
        "collection_type": "garbage",
        "day_of_week": 6
      }
    },
    {
      "type": "Feature",
      "geometry": {
        "type": "Point",
        "coordinates": [
          120.68720071937761,
          24.167625802469143
        ]
      },
      "properties": {
        "routeId": "taichung-kel-0275-71e45c-d6",
        "city": "taichung",
        "route_name": "KEL-0275",
        "car_seq": "KEL-0275",
        "arrival_time": "1842",
        "departure_time": "1848",
        "district": "北屯區",
        "village": "平安里",
        "location": "熱河路一段84號",
        "type": "沿街",
        "collection_type": "recycling",
        "day_of_week": 6
      }
    },
    {
      "type": "Feature",
      "geometry": {
        "type": "Point",
        "coordinates": [
          120.68674966529402,
          24.167358693364452
        ]
      },
      "properties": {
        "routeId": "taichung-kel-0275-71e45c-d6",
        "city": "taichung",
        "route_name": "KEL-0275",
        "car_seq": "KEL-0275",
        "arrival_time": "1844",
        "departure_time": "1850",
        "district": "北屯區",
        "village": "平安里",
        "location": "熱河路一段69號",
        "type": "沿街",
        "collection_type": "garbage",
        "day_of_week": 6
      }
    },
    {
      "type": "Feature",
      "geometry": {
        "type": "Point",
        "coordinates": [
          120.68674966529402,
          24.167358693364452
        ]
      },
      "properties": {
        "routeId": "taichung-kel-0275-71e45c-d6",
        "city": "taichung",
        "route_name": "KEL-0275",
        "car_seq": "KEL-0275",
        "arrival_time": "1844",
        "departure_time": "1850",
        "district": "北屯區",
        "village": "平安里",
        "location": "熱河路一段69號",
        "type": "沿街",
        "collection_type": "recycling",
        "day_of_week": 6
      }
    },
    {
      "type": "Feature",
      "geometry": {
        "type": "Point",
        "coordinates": [
          120.68663868849883,
          24.167102304450477
        ]
      },
      "properties": {
        "routeId": "taichung-kel-0275-71e45c-d6",
        "city": "taichung",
        "route_name": "KEL-0275",
        "car_seq": "KEL-0275",
        "arrival_time": "1845",
        "departure_time": "1851",
        "district": "北屯區",
        "village": "平安里",
        "location": "漢口路五段37號",
        "type": "沿街",
        "collection_type": "garbage",
        "day_of_week": 6
      }
    },
    {
      "type": "Feature",
      "geometry": {
        "type": "Point",
        "coordinates": [
          120.68663868849883,
          24.167102304450477
        ]
      },
      "properties": {
        "routeId": "taichung-kel-0275-71e45c-d6",
        "city": "taichung",
        "route_name": "KEL-0275",
        "car_seq": "KEL-0275",
        "arrival_time": "1845",
        "departure_time": "1851",
        "district": "北屯區",
        "village": "平安里",
        "location": "漢口路五段37號",
        "type": "沿街",
        "collection_type": "recycling",
        "day_of_week": 6
      }
    },
    {
      "type": "Feature",
      "geometry": {
        "type": "Point",
        "coordinates": [
          120.68628997478301,
          24.167513503901198
        ]
      },
      "properties": {
        "routeId": "taichung-kel-0275-71e45c-d6",
        "city": "taichung",
        "route_name": "KEL-0275",
        "car_seq": "KEL-0275",
        "arrival_time": "1846",
        "departure_time": "1852",
        "district": "北屯區",
        "village": "平安里",
        "location": "文昌東六街22號",
        "type": "沿街",
        "collection_type": "garbage",
        "day_of_week": 6
      }
    },
    {
      "type": "Feature",
      "geometry": {
        "type": "Point",
        "coordinates": [
          120.68628997478301,
          24.167513503901198
        ]
      },
      "properties": {
        "routeId": "taichung-kel-0275-71e45c-d6",
        "city": "taichung",
        "route_name": "KEL-0275",
        "car_seq": "KEL-0275",
        "arrival_time": "1846",
        "departure_time": "1852",
        "district": "北屯區",
        "village": "平安里",
        "location": "文昌東六街22號",
        "type": "沿街",
        "collection_type": "recycling",
        "day_of_week": 6
      }
    },
    {
      "type": "Feature",
      "geometry": {
        "type": "Point",
        "coordinates": [
          120.68629374186166,
          24.16790915706524
        ]
      },
      "properties": {
        "routeId": "taichung-kel-0275-71e45c-d6",
        "city": "taichung",
        "route_name": "KEL-0275",
        "car_seq": "KEL-0275",
        "arrival_time": "1847",
        "departure_time": "1853",
        "district": "北屯區",
        "village": "平安里",
        "location": "文昌東六街30號",
        "type": "沿街",
        "collection_type": "garbage",
        "day_of_week": 6
      }
    },
    {
      "type": "Feature",
      "geometry": {
        "type": "Point",
        "coordinates": [
          120.68629374186166,
          24.16790915706524
        ]
      },
      "properties": {
        "routeId": "taichung-kel-0275-71e45c-d6",
        "city": "taichung",
        "route_name": "KEL-0275",
        "car_seq": "KEL-0275",
        "arrival_time": "1847",
        "departure_time": "1853",
        "district": "北屯區",
        "village": "平安里",
        "location": "文昌東六街30號",
        "type": "沿街",
        "collection_type": "recycling",
        "day_of_week": 6
      }
    },
    {
      "type": "Feature",
      "geometry": {
        "type": "Point",
        "coordinates": [
          120.68826327956431,
          24.167884590169635
        ]
      },
      "properties": {
        "routeId": "taichung-kel-0275-71e45c-d6",
        "city": "taichung",
        "route_name": "KEL-0275",
        "car_seq": "KEL-0275",
        "arrival_time": "1848",
        "departure_time": "1854",
        "district": "北屯區",
        "village": "平安里",
        "location": "青島路四段116號",
        "type": "沿街",
        "collection_type": "garbage",
        "day_of_week": 6
      }
    },
    {
      "type": "Feature",
      "geometry": {
        "type": "Point",
        "coordinates": [
          120.68826327956431,
          24.167884590169635
        ]
      },
      "properties": {
        "routeId": "taichung-kel-0275-71e45c-d6",
        "city": "taichung",
        "route_name": "KEL-0275",
        "car_seq": "KEL-0275",
        "arrival_time": "1848",
        "departure_time": "1854",
        "district": "北屯區",
        "village": "平安里",
        "location": "青島路四段116號",
        "type": "沿街",
        "collection_type": "recycling",
        "day_of_week": 6
      }
    },
    {
      "type": "Feature",
      "geometry": {
        "type": "Point",
        "coordinates": [
          120.68866077859873,
          24.167844210402265
        ]
      },
      "properties": {
        "routeId": "taichung-kel-0275-71e45c-d6",
        "city": "taichung",
        "route_name": "KEL-0275",
        "car_seq": "KEL-0275",
        "arrival_time": "1849",
        "departure_time": "1855",
        "district": "北屯區",
        "village": "平安里",
        "location": "青島路四段136號",
        "type": "沿街",
        "collection_type": "garbage",
        "day_of_week": 6
      }
    },
    {
      "type": "Feature",
      "geometry": {
        "type": "Point",
        "coordinates": [
          120.68866077859873,
          24.167844210402265
        ]
      },
      "properties": {
        "routeId": "taichung-kel-0275-71e45c-d6",
        "city": "taichung",
        "route_name": "KEL-0275",
        "car_seq": "KEL-0275",
        "arrival_time": "1849",
        "departure_time": "1855",
        "district": "北屯區",
        "village": "平安里",
        "location": "青島路四段136號",
        "type": "沿街",
        "collection_type": "recycling",
        "day_of_week": 6
      }
    },
    {
      "type": "Feature",
      "geometry": {
        "type": "Point",
        "coordinates": [
          120.68874778141279,
          24.167842690452947
        ]
      },
      "properties": {
        "routeId": "taichung-kel-0275-71e45c-d6",
        "city": "taichung",
        "route_name": "KEL-0275",
        "car_seq": "KEL-0275",
        "arrival_time": "1850",
        "departure_time": "1856",
        "district": "北屯區",
        "village": "平安里",
        "location": "青島路四段142號",
        "type": "沿街",
        "collection_type": "garbage",
        "day_of_week": 6
      }
    },
    {
      "type": "Feature",
      "geometry": {
        "type": "Point",
        "coordinates": [
          120.68874778141279,
          24.167842690452947
        ]
      },
      "properties": {
        "routeId": "taichung-kel-0275-71e45c-d6",
        "city": "taichung",
        "route_name": "KEL-0275",
        "car_seq": "KEL-0275",
        "arrival_time": "1850",
        "departure_time": "1856",
        "district": "北屯區",
        "village": "平安里",
        "location": "青島路四段142號",
        "type": "沿街",
        "collection_type": "recycling",
        "day_of_week": 6
      }
    },
    {
      "type": "Feature",
      "geometry": {
        "type": "Point",
        "coordinates": [
          120.68973732430358,
          24.16764858119931
        ]
      },
      "properties": {
        "routeId": "taichung-kel-0275-71e45c-d6",
        "city": "taichung",
        "route_name": "KEL-0275",
        "car_seq": "KEL-0275",
        "arrival_time": "1851",
        "departure_time": "1857",
        "district": "北屯區",
        "village": "平昌里",
        "location": "青島路四段152號",
        "type": "沿街",
        "collection_type": "garbage",
        "day_of_week": 6
      }
    },
    {
      "type": "Feature",
      "geometry": {
        "type": "Point",
        "coordinates": [
          120.68973732430358,
          24.16764858119931
        ]
      },
      "properties": {
        "routeId": "taichung-kel-0275-71e45c-d6",
        "city": "taichung",
        "route_name": "KEL-0275",
        "car_seq": "KEL-0275",
        "arrival_time": "1851",
        "departure_time": "1857",
        "district": "北屯區",
        "village": "平昌里",
        "location": "青島路四段152號",
        "type": "沿街",
        "collection_type": "recycling",
        "day_of_week": 6
      }
    },
    {
      "type": "Feature",
      "geometry": {
        "type": "Point",
        "coordinates": [
          120.69098130066116,
          24.16845461408797
        ]
      },
      "properties": {
        "routeId": "taichung-kel-0275-71e45c-d6",
        "city": "taichung",
        "route_name": "KEL-0275",
        "car_seq": "KEL-0275",
        "arrival_time": "1852",
        "departure_time": "1858",
        "district": "北屯區",
        "village": "平昌里",
        "location": "天津路四段210號",
        "type": "沿街",
        "collection_type": "garbage",
        "day_of_week": 6
      }
    },
    {
      "type": "Feature",
      "geometry": {
        "type": "Point",
        "coordinates": [
          120.69098130066116,
          24.16845461408797
        ]
      },
      "properties": {
        "routeId": "taichung-kel-0275-71e45c-d6",
        "city": "taichung",
        "route_name": "KEL-0275",
        "car_seq": "KEL-0275",
        "arrival_time": "1852",
        "departure_time": "1858",
        "district": "北屯區",
        "village": "平昌里",
        "location": "天津路四段210號",
        "type": "沿街",
        "collection_type": "recycling",
        "day_of_week": 6
      }
    },
    {
      "type": "Feature",
      "geometry": {
        "type": "Point",
        "coordinates": [
          120.69105533309961,
          24.16824023711352
        ]
      },
      "properties": {
        "routeId": "taichung-kel-0275-71e45c-d6",
        "city": "taichung",
        "route_name": "KEL-0275",
        "car_seq": "KEL-0275",
        "arrival_time": "1855",
        "departure_time": "1901",
        "district": "北屯區",
        "village": "平昌里",
        "location": "文昌東十街29號",
        "type": "沿街",
        "collection_type": "garbage",
        "day_of_week": 6
      }
    },
    {
      "type": "Feature",
      "geometry": {
        "type": "Point",
        "coordinates": [
          120.69105533309961,
          24.16824023711352
        ]
      },
      "properties": {
        "routeId": "taichung-kel-0275-71e45c-d6",
        "city": "taichung",
        "route_name": "KEL-0275",
        "car_seq": "KEL-0275",
        "arrival_time": "1855",
        "departure_time": "1901",
        "district": "北屯區",
        "village": "平昌里",
        "location": "文昌東十街29號",
        "type": "沿街",
        "collection_type": "recycling",
        "day_of_week": 6
      }
    },
    {
      "type": "Feature",
      "geometry": {
        "type": "Point",
        "coordinates": [
          120.69086603323414,
          24.167977561682157
        ]
      },
      "properties": {
        "routeId": "taichung-kel-0275-71e45c-d6",
        "city": "taichung",
        "route_name": "KEL-0275",
        "car_seq": "KEL-0275",
        "arrival_time": "1856",
        "departure_time": "1902",
        "district": "北屯區",
        "village": "平昌里",
        "location": "文昌東十街15號",
        "type": "沿街",
        "collection_type": "garbage",
        "day_of_week": 6
      }
    },
    {
      "type": "Feature",
      "geometry": {
        "type": "Point",
        "coordinates": [
          120.69086603323414,
          24.167977561682157
        ]
      },
      "properties": {
        "routeId": "taichung-kel-0275-71e45c-d6",
        "city": "taichung",
        "route_name": "KEL-0275",
        "car_seq": "KEL-0275",
        "arrival_time": "1856",
        "departure_time": "1902",
        "district": "北屯區",
        "village": "平昌里",
        "location": "文昌東十街15號",
        "type": "沿街",
        "collection_type": "recycling",
        "day_of_week": 6
      }
    },
    {
      "type": "Feature",
      "geometry": {
        "type": "Point",
        "coordinates": [
          120.69056371114803,
          24.167728363240787
        ]
      },
      "properties": {
        "routeId": "taichung-kel-0275-71e45c-d6",
        "city": "taichung",
        "route_name": "KEL-0275",
        "car_seq": "KEL-0275",
        "arrival_time": "1858",
        "departure_time": "1904",
        "district": "北屯區",
        "village": "平昌里",
        "location": "青島路四段189號",
        "type": "沿街",
        "collection_type": "garbage",
        "day_of_week": 6
      }
    },
    {
      "type": "Feature",
      "geometry": {
        "type": "Point",
        "coordinates": [
          120.69056371114803,
          24.167728363240787
        ]
      },
      "properties": {
        "routeId": "taichung-kel-0275-71e45c-d6",
        "city": "taichung",
        "route_name": "KEL-0275",
        "car_seq": "KEL-0275",
        "arrival_time": "1858",
        "departure_time": "1904",
        "district": "北屯區",
        "village": "平昌里",
        "location": "青島路四段189號",
        "type": "沿街",
        "collection_type": "recycling",
        "day_of_week": 6
      }
    },
    {
      "type": "Feature",
      "geometry": {
        "type": "Point",
        "coordinates": [
          120.69082380779989,
          24.168878852207982
        ]
      },
      "properties": {
        "routeId": "taichung-kel-0275-71e45c-d6",
        "city": "taichung",
        "route_name": "KEL-0275",
        "car_seq": "KEL-0275",
        "arrival_time": "1900",
        "departure_time": "1906",
        "district": "北屯區",
        "village": "平昌里",
        "location": "文昌東八街36號",
        "type": "沿街",
        "collection_type": "garbage",
        "day_of_week": 6
      }
    },
    {
      "type": "Feature",
      "geometry": {
        "type": "Point",
        "coordinates": [
          120.69082380779989,
          24.168878852207982
        ]
      },
      "properties": {
        "routeId": "taichung-kel-0275-71e45c-d6",
        "city": "taichung",
        "route_name": "KEL-0275",
        "car_seq": "KEL-0275",
        "arrival_time": "1900",
        "departure_time": "1906",
        "district": "北屯區",
        "village": "平昌里",
        "location": "文昌東八街36號",
        "type": "沿街",
        "collection_type": "recycling",
        "day_of_week": 6
      }
    },
    {
      "type": "Feature",
      "geometry": {
        "type": "Point",
        "coordinates": [
          120.69094385018933,
          24.169334984374803
        ]
      },
      "properties": {
        "routeId": "taichung-kel-0275-71e45c-d6",
        "city": "taichung",
        "route_name": "KEL-0275",
        "car_seq": "KEL-0275",
        "arrival_time": "1901",
        "departure_time": "1907",
        "district": "北屯區",
        "village": "平昌里",
        "location": "文昌東八街54號",
        "type": "沿街",
        "collection_type": "garbage",
        "day_of_week": 6
      }
    },
    {
      "type": "Feature",
      "geometry": {
        "type": "Point",
        "coordinates": [
          120.69094385018933,
          24.169334984374803
        ]
      },
      "properties": {
        "routeId": "taichung-kel-0275-71e45c-d6",
        "city": "taichung",
        "route_name": "KEL-0275",
        "car_seq": "KEL-0275",
        "arrival_time": "1901",
        "departure_time": "1907",
        "district": "北屯區",
        "village": "平昌里",
        "location": "文昌東八街54號",
        "type": "沿街",
        "collection_type": "recycling",
        "day_of_week": 6
      }
    },
    {
      "type": "Feature",
      "geometry": {
        "type": "Point",
        "coordinates": [
          120.69116436161961,
          24.169396559320255
        ]
      },
      "properties": {
        "routeId": "taichung-kel-0275-71e45c-d6",
        "city": "taichung",
        "route_name": "KEL-0275",
        "car_seq": "KEL-0275",
        "arrival_time": "1906",
        "departure_time": "1912",
        "district": "北屯區",
        "village": "平昌里",
        "location": "文昌東九街51號",
        "type": "沿街",
        "collection_type": "garbage",
        "day_of_week": 6
      }
    },
    {
      "type": "Feature",
      "geometry": {
        "type": "Point",
        "coordinates": [
          120.69116436161961,
          24.169396559320255
        ]
      },
      "properties": {
        "routeId": "taichung-kel-0275-71e45c-d6",
        "city": "taichung",
        "route_name": "KEL-0275",
        "car_seq": "KEL-0275",
        "arrival_time": "1906",
        "departure_time": "1912",
        "district": "北屯區",
        "village": "平昌里",
        "location": "文昌東九街51號",
        "type": "沿街",
        "collection_type": "recycling",
        "day_of_week": 6
      }
    },
    {
      "type": "Feature",
      "geometry": {
        "type": "Point",
        "coordinates": [
          120.69172107819332,
          24.169202300713003
        ]
      },
      "properties": {
        "routeId": "taichung-kel-0275-71e45c-d6",
        "city": "taichung",
        "route_name": "KEL-0275",
        "car_seq": "KEL-0275",
        "arrival_time": "1908",
        "departure_time": "1914",
        "district": "北屯區",
        "village": "平昌里",
        "location": "文昌東九街2號",
        "type": "沿街",
        "collection_type": "garbage",
        "day_of_week": 6
      }
    },
    {
      "type": "Feature",
      "geometry": {
        "type": "Point",
        "coordinates": [
          120.69172107819332,
          24.169202300713003
        ]
      },
      "properties": {
        "routeId": "taichung-kel-0275-71e45c-d6",
        "city": "taichung",
        "route_name": "KEL-0275",
        "car_seq": "KEL-0275",
        "arrival_time": "1908",
        "departure_time": "1914",
        "district": "北屯區",
        "village": "平昌里",
        "location": "文昌東九街2號",
        "type": "沿街",
        "collection_type": "recycling",
        "day_of_week": 6
      }
    },
    {
      "type": "Feature",
      "geometry": {
        "type": "Point",
        "coordinates": [
          120.69021138000309,
          24.16903959506319
        ]
      },
      "properties": {
        "routeId": "taichung-kel-0275-71e45c-d6",
        "city": "taichung",
        "route_name": "KEL-0275",
        "car_seq": "KEL-0275",
        "arrival_time": "1910",
        "departure_time": "1916",
        "district": "北屯區",
        "village": "平昌里",
        "location": "天津路四段159號",
        "type": "沿街",
        "collection_type": "garbage",
        "day_of_week": 6
      }
    },
    {
      "type": "Feature",
      "geometry": {
        "type": "Point",
        "coordinates": [
          120.69021138000309,
          24.16903959506319
        ]
      },
      "properties": {
        "routeId": "taichung-kel-0275-71e45c-d6",
        "city": "taichung",
        "route_name": "KEL-0275",
        "car_seq": "KEL-0275",
        "arrival_time": "1910",
        "departure_time": "1916",
        "district": "北屯區",
        "village": "平昌里",
        "location": "天津路四段159號",
        "type": "沿街",
        "collection_type": "recycling",
        "day_of_week": 6
      }
    },
    {
      "type": "Feature",
      "geometry": {
        "type": "Point",
        "coordinates": [
          120.68927228564945,
          24.169286351493373
        ]
      },
      "properties": {
        "routeId": "taichung-kel-0275-71e45c-d6",
        "city": "taichung",
        "route_name": "KEL-0275",
        "car_seq": "KEL-0275",
        "arrival_time": "1912",
        "departure_time": "1918",
        "district": "北屯區",
        "village": "平昌里",
        "location": "天津路四段129號",
        "type": "沿街",
        "collection_type": "garbage",
        "day_of_week": 6
      }
    },
    {
      "type": "Feature",
      "geometry": {
        "type": "Point",
        "coordinates": [
          120.68927228564945,
          24.169286351493373
        ]
      },
      "properties": {
        "routeId": "taichung-kel-0275-71e45c-d6",
        "city": "taichung",
        "route_name": "KEL-0275",
        "car_seq": "KEL-0275",
        "arrival_time": "1912",
        "departure_time": "1918",
        "district": "北屯區",
        "village": "平昌里",
        "location": "天津路四段129號",
        "type": "沿街",
        "collection_type": "recycling",
        "day_of_week": 6
      }
    },
    {
      "type": "Feature",
      "geometry": {
        "type": "Point",
        "coordinates": [
          120.6886871011978,
          24.169323072223957
        ]
      },
      "properties": {
        "routeId": "taichung-kel-0275-71e45c-d6",
        "city": "taichung",
        "route_name": "KEL-0275",
        "car_seq": "KEL-0275",
        "arrival_time": "1914",
        "departure_time": "1920",
        "district": "北屯區",
        "village": "平安里",
        "location": "天津路四段101號",
        "type": "沿街",
        "collection_type": "garbage",
        "day_of_week": 6
      }
    },
    {
      "type": "Feature",
      "geometry": {
        "type": "Point",
        "coordinates": [
          120.6886871011978,
          24.169323072223957
        ]
      },
      "properties": {
        "routeId": "taichung-kel-0275-71e45c-d6",
        "city": "taichung",
        "route_name": "KEL-0275",
        "car_seq": "KEL-0275",
        "arrival_time": "1914",
        "departure_time": "1920",
        "district": "北屯區",
        "village": "平安里",
        "location": "天津路四段101號",
        "type": "沿街",
        "collection_type": "recycling",
        "day_of_week": 6
      }
    },
    {
      "type": "Feature",
      "geometry": {
        "type": "Point",
        "coordinates": [
          120.68785179674735,
          24.169385761942472
        ]
      },
      "properties": {
        "routeId": "taichung-kel-0275-71e45c-d6",
        "city": "taichung",
        "route_name": "KEL-0275",
        "car_seq": "KEL-0275",
        "arrival_time": "1916",
        "departure_time": "1922",
        "district": "北屯區",
        "village": "平安里",
        "location": "天津路四段69號",
        "type": "沿街",
        "collection_type": "garbage",
        "day_of_week": 6
      }
    },
    {
      "type": "Feature",
      "geometry": {
        "type": "Point",
        "coordinates": [
          120.68785179674735,
          24.169385761942472
        ]
      },
      "properties": {
        "routeId": "taichung-kel-0275-71e45c-d6",
        "city": "taichung",
        "route_name": "KEL-0275",
        "car_seq": "KEL-0275",
        "arrival_time": "1916",
        "departure_time": "1922",
        "district": "北屯區",
        "village": "平安里",
        "location": "天津路四段69號",
        "type": "沿街",
        "collection_type": "recycling",
        "day_of_week": 6
      }
    },
    {
      "type": "Feature",
      "geometry": {
        "type": "Point",
        "coordinates": [
          120.68629141137984,
          24.170917060826024
        ]
      },
      "properties": {
        "routeId": "taichung-kel-0275-71e45c-d6",
        "city": "taichung",
        "route_name": "KEL-0275",
        "car_seq": "KEL-0275",
        "arrival_time": "1932",
        "departure_time": "1938",
        "district": "北屯區",
        "village": "平安里",
        "location": "北平路四段25號",
        "type": "定點",
        "collection_type": "garbage",
        "day_of_week": 6
      }
    },
    {
      "type": "Feature",
      "geometry": {
        "type": "Point",
        "coordinates": [
          120.68629141137984,
          24.170917060826024
        ]
      },
      "properties": {
        "routeId": "taichung-kel-0275-71e45c-d6",
        "city": "taichung",
        "route_name": "KEL-0275",
        "car_seq": "KEL-0275",
        "arrival_time": "1932",
        "departure_time": "1938",
        "district": "北屯區",
        "village": "平安里",
        "location": "北平路四段25號",
        "type": "定點",
        "collection_type": "recycling",
        "day_of_week": 6
      }
    },
    {
      "type": "Feature",
      "geometry": {
        "type": "Point",
        "coordinates": [
          120.68804812339357,
          24.170991480678335
        ]
      },
      "properties": {
        "routeId": "taichung-kel-0275-71e45c-d6",
        "city": "taichung",
        "route_name": "KEL-0275",
        "car_seq": "KEL-0275",
        "arrival_time": "1939",
        "departure_time": "1945",
        "district": "北屯區",
        "village": "平安里",
        "location": "文昌三街44號",
        "type": "沿街",
        "collection_type": "garbage",
        "day_of_week": 6
      }
    },
    {
      "type": "Feature",
      "geometry": {
        "type": "Point",
        "coordinates": [
          120.68804812339357,
          24.170991480678335
        ]
      },
      "properties": {
        "routeId": "taichung-kel-0275-71e45c-d6",
        "city": "taichung",
        "route_name": "KEL-0275",
        "car_seq": "KEL-0275",
        "arrival_time": "1939",
        "departure_time": "1945",
        "district": "北屯區",
        "village": "平安里",
        "location": "文昌三街44號",
        "type": "沿街",
        "collection_type": "recycling",
        "day_of_week": 6
      }
    },
    {
      "type": "Feature",
      "geometry": {
        "type": "Point",
        "coordinates": [
          120.68853381459427,
          24.17124307213203
        ]
      },
      "properties": {
        "routeId": "taichung-kel-0275-71e45c-d6",
        "city": "taichung",
        "route_name": "KEL-0275",
        "car_seq": "KEL-0275",
        "arrival_time": "1940",
        "departure_time": "1946",
        "district": "北屯區",
        "village": "平安里",
        "location": "文昌三街69號",
        "type": "沿街",
        "collection_type": "garbage",
        "day_of_week": 6
      }
    },
    {
      "type": "Feature",
      "geometry": {
        "type": "Point",
        "coordinates": [
          120.68853381459427,
          24.17124307213203
        ]
      },
      "properties": {
        "routeId": "taichung-kel-0275-71e45c-d6",
        "city": "taichung",
        "route_name": "KEL-0275",
        "car_seq": "KEL-0275",
        "arrival_time": "1940",
        "departure_time": "1946",
        "district": "北屯區",
        "village": "平安里",
        "location": "文昌三街69號",
        "type": "沿街",
        "collection_type": "recycling",
        "day_of_week": 6
      }
    },
    {
      "type": "Feature",
      "geometry": {
        "type": "Point",
        "coordinates": [
          120.68947180908233,
          24.17110354099078
        ]
      },
      "properties": {
        "routeId": "taichung-kel-0275-71e45c-d6",
        "city": "taichung",
        "route_name": "KEL-0275",
        "car_seq": "KEL-0275",
        "arrival_time": "1942",
        "departure_time": "1948",
        "district": "北屯區",
        "village": "平安里",
        "location": "文昌三街119號",
        "type": "沿街",
        "collection_type": "garbage",
        "day_of_week": 6
      }
    },
    {
      "type": "Feature",
      "geometry": {
        "type": "Point",
        "coordinates": [
          120.68947180908233,
          24.17110354099078
        ]
      },
      "properties": {
        "routeId": "taichung-kel-0275-71e45c-d6",
        "city": "taichung",
        "route_name": "KEL-0275",
        "car_seq": "KEL-0275",
        "arrival_time": "1942",
        "departure_time": "1948",
        "district": "北屯區",
        "village": "平安里",
        "location": "文昌三街119號",
        "type": "沿街",
        "collection_type": "recycling",
        "day_of_week": 6
      }
    },
    {
      "type": "Feature",
      "geometry": {
        "type": "Point",
        "coordinates": [
          120.69005771207706,
          24.171012995196854
        ]
      },
      "properties": {
        "routeId": "taichung-kel-0275-71e45c-d6",
        "city": "taichung",
        "route_name": "KEL-0275",
        "car_seq": "KEL-0275",
        "arrival_time": "1944",
        "departure_time": "1950",
        "district": "北屯區",
        "village": "平安里",
        "location": "文昌三街143號",
        "type": "沿街",
        "collection_type": "garbage",
        "day_of_week": 6
      }
    },
    {
      "type": "Feature",
      "geometry": {
        "type": "Point",
        "coordinates": [
          120.69005771207706,
          24.171012995196854
        ]
      },
      "properties": {
        "routeId": "taichung-kel-0275-71e45c-d6",
        "city": "taichung",
        "route_name": "KEL-0275",
        "car_seq": "KEL-0275",
        "arrival_time": "1944",
        "departure_time": "1950",
        "district": "北屯區",
        "village": "平安里",
        "location": "文昌三街143號",
        "type": "沿街",
        "collection_type": "recycling",
        "day_of_week": 6
      }
    },
    {
      "type": "Feature",
      "geometry": {
        "type": "Point",
        "coordinates": [
          120.68840162826596,
          24.170461010325052
        ]
      },
      "properties": {
        "routeId": "taichung-kel-0275-71e45c-d6",
        "city": "taichung",
        "route_name": "KEL-0275",
        "car_seq": "KEL-0275",
        "arrival_time": "1946",
        "departure_time": "1952",
        "district": "北屯區",
        "village": "平安里",
        "location": "北平路四段46之12號",
        "type": "沿街",
        "collection_type": "garbage",
        "day_of_week": 6
      }
    },
    {
      "type": "Feature",
      "geometry": {
        "type": "Point",
        "coordinates": [
          120.68840162826596,
          24.170461010325052
        ]
      },
      "properties": {
        "routeId": "taichung-kel-0275-71e45c-d6",
        "city": "taichung",
        "route_name": "KEL-0275",
        "car_seq": "KEL-0275",
        "arrival_time": "1946",
        "departure_time": "1952",
        "district": "北屯區",
        "village": "平安里",
        "location": "北平路四段46之12號",
        "type": "沿街",
        "collection_type": "recycling",
        "day_of_week": 6
      }
    },
    {
      "type": "Feature",
      "geometry": {
        "type": "Point",
        "coordinates": [
          120.68819044832516,
          24.170443188336034
        ]
      },
      "properties": {
        "routeId": "taichung-kel-0275-71e45c-d6",
        "city": "taichung",
        "route_name": "KEL-0275",
        "car_seq": "KEL-0275",
        "arrival_time": "1947",
        "departure_time": "1953",
        "district": "北屯區",
        "village": "平安里",
        "location": "北平路四段46之7號",
        "type": "沿街",
        "collection_type": "garbage",
        "day_of_week": 6
      }
    },
    {
      "type": "Feature",
      "geometry": {
        "type": "Point",
        "coordinates": [
          120.68819044832516,
          24.170443188336034
        ]
      },
      "properties": {
        "routeId": "taichung-kel-0275-71e45c-d6",
        "city": "taichung",
        "route_name": "KEL-0275",
        "car_seq": "KEL-0275",
        "arrival_time": "1947",
        "departure_time": "1953",
        "district": "北屯區",
        "village": "平安里",
        "location": "北平路四段46之7號",
        "type": "沿街",
        "collection_type": "recycling",
        "day_of_week": 6
      }
    },
    {
      "type": "Feature",
      "geometry": {
        "type": "Point",
        "coordinates": [
          120.68783980984439,
          24.17050685895091
        ]
      },
      "properties": {
        "routeId": "taichung-kel-0275-71e45c-d6",
        "city": "taichung",
        "route_name": "KEL-0275",
        "car_seq": "KEL-0275",
        "arrival_time": "1948",
        "departure_time": "1954",
        "district": "北屯區",
        "village": "平安里",
        "location": "北平路四段44之6號",
        "type": "沿街",
        "collection_type": "garbage",
        "day_of_week": 6
      }
    },
    {
      "type": "Feature",
      "geometry": {
        "type": "Point",
        "coordinates": [
          120.68783980984439,
          24.17050685895091
        ]
      },
      "properties": {
        "routeId": "taichung-kel-0275-71e45c-d6",
        "city": "taichung",
        "route_name": "KEL-0275",
        "car_seq": "KEL-0275",
        "arrival_time": "1948",
        "departure_time": "1954",
        "district": "北屯區",
        "village": "平安里",
        "location": "北平路四段44之6號",
        "type": "沿街",
        "collection_type": "recycling",
        "day_of_week": 6
      }
    }
  ]
}