{
  "type": "FeatureCollection",
  "features": [
    {
      "type": "Feature",
      "geometry": {
        "type": "LineString",
        "coordinates": [
          [
            120.575458,
            24.281664
          ],
          [
            120.575458,
            24.281664
          ],
          [
            120.575464,
            24.281595
          ],
          [
            120.575036,
            24.281563
          ],
          [
            120.574946,
            24.28196
          ],
          [
            120.574915,
            24.28235
          ],
          [
            120.574847,
            24.282768
          ],
          [
            120.57482,
            24.283105
          ],
          [
            120.574791,
            24.283281
          ],
          [
            120.574748,
            24.283719
          ],
          [
            120.574723,
            24.284112
          ],
          [
            120.574698,
            24.284266
          ],
          [
            120.574608,
            24.284596
          ],
          [
            120.574563,
            24.284722
          ],
          [
            120.574373,
            24.285244
          ],
          [
            120.574321,
            24.285394
          ],
          [
            120.574186,
            24.285659
          ],
          [
            120.574015,
            24.285957
          ],
          [
            120.574155,
            24.285992
          ],
          [
            120.574334,
            24.28626
          ],
          [
            120.574893,
            24.28727
          ],
          [
            120.574945,
            24.287376
          ],
          [
            120.574945,
            24.287376
          ],
          [
            120.574893,
            24.28727
          ],
          [
            120.574334,
            24.28626
          ],
          [
            120.574155,
            24.285992
          ],
          [
            120.574015,
            24.285957
          ],
          [
            120.573638,
            24.286427
          ],
          [
            120.573347,
            24.286831
          ],
          [
            120.573333,
            24.28685
          ],
          [
            120.573125,
            24.287259
          ],
          [
            120.572679,
            24.288058
          ],
          [
            120.572406,
            24.288631
          ],
          [
            120.572111,
            24.28921
          ],
          [
            120.571368,
            24.290643
          ],
          [
            120.571325,
            24.290729
          ],
          [
            120.571263,
            24.290791
          ],
          [
            120.571126,
            24.290824
          ],
          [
            120.570229,
            24.291015
          ],
          [
            120.569217,
            24.291208
          ],
          [
            120.569179,
            24.291216
          ],
          [
            120.568471,
            24.291372
          ],
          [
            120.567906,
            24.2915
          ],
          [
            120.567012,
            24.291669
          ],
          [
            120.56645,
            24.291773
          ],
          [
            120.566545,
            24.292009
          ],
          [
            120.566478,
            24.292095
          ],
          [
            120.566465,
            24.292139
          ],
          [
            120.566465,
            24.292139
          ],
          [
            120.566397,
            24.292375
          ],
          [
            120.566037,
            24.292583
          ],
          [
            120.56601,
            24.292597
          ],
          [
            120.566101,
            24.292707
          ],
          [
            120.566101,
            24.292707
          ],
          [
            120.56601,
            24.292597
          ],
          [
            120.565738,
            24.292742
          ],
          [
            120.565589,
            24.292523
          ],
          [
            120.565509,
            24.292379
          ],
          [
            120.56546,
            24.292268
          ],
          [
            120.565357,
            24.291995
          ],
          [
            120.565172,
            24.292042
          ],
          [
            120.564198,
            24.292132
          ],
          [
            120.563954,
            24.29219
          ],
          [
            120.563715,
            24.292249
          ],
          [
            120.563635,
            24.292415
          ],
          [
            120.56363,
            24.292605
          ],
          [
            120.563762,
            24.293179
          ],
          [
            120.563778,
            24.293256
          ],
          [
            120.563822,
            24.293494
          ],
          [
            120.563958,
            24.29423
          ],
          [
            120.564162,
            24.295339
          ],
          [
            120.563301,
            24.29545
          ],
          [
            120.563168,
            24.294712
          ],
          [
            120.563168,
            24.294712
          ],
          [
            120.563301,
            24.29545
          ],
          [
            120.564162,
            24.295339
          ],
          [
            120.564458,
            24.296983
          ],
          [
            120.564481,
            24.297074
          ],
          [
            120.564509,
            24.297176
          ],
          [
            120.562159,
            24.296534
          ],
          [
            120.561493,
            24.296344
          ],
          [
            120.557806,
            24.295349
          ],
          [
            120.555452,
            24.294712
          ],
          [
            120.555302,
            24.294663
          ],
          [
            120.553695,
            24.29422
          ],
          [
            120.552647,
            24.293928
          ],
          [
            120.552261,
            24.293833
          ],
          [
            120.551986,
            24.293756
          ],
          [
            120.550598,
            24.293388
          ],
          [
            120.548868,
            24.292905
          ],
          [
            120.544972,
            24.291855
          ],
          [
            120.542899,
            24.291287
          ],
          [
            120.542539,
            24.291151
          ],
          [
            120.542143,
            24.290951
          ],
          [
            120.541806,
            24.290739
          ],
          [
            120.541421,
            24.290461
          ],
          [
            120.541037,
            24.290098
          ],
          [
            120.540657,
            24.289705
          ],
          [
            120.540557,
            24.2896
          ],
          [
            120.540633,
            24.289537
          ],
          [
            120.54071,
            24.289475
          ],
          [
            120.540792,
            24.289579
          ],
          [
            120.541173,
            24.289981
          ],
          [
            120.541371,
            24.290179
          ],
          [
            120.541555,
            24.290337
          ],
          [
            120.541886,
            24.290592
          ],
          [
            120.542307,
            24.290848
          ],
          [
            120.542673,
            24.291019
          ],
          [
            120.543056,
            24.291163
          ],
          [
            120.543705,
            24.291345
          ],
          [
            120.54362,
            24.291252
          ],
          [
            120.543739,
            24.291146
          ],
          [
            120.544056,
            24.290995
          ],
          [
            120.544056,
            24.290995
          ],
          [
            120.543739,
            24.291146
          ],
          [
            120.54362,
            24.291252
          ],
          [
            120.543705,
            24.291345
          ],
          [
            120.544923,
            24.291658
          ],
          [
            120.545741,
            24.291885
          ],
          [
            120.547855,
            24.292463
          ],
          [
            120.548913,
            24.292755
          ],
          [
            120.550649,
            24.293231
          ],
          [
            120.551943,
            24.29357
          ],
          [
            120.551664,
            24.292668
          ],
          [
            120.551434,
            24.291866
          ],
          [
            120.550991,
            24.290139
          ],
          [
            120.550103,
            24.286452
          ],
          [
            120.549822,
            24.285247
          ],
          [
            120.549726,
            24.28486
          ],
          [
            120.549683,
            24.284685
          ],
          [
            120.549603,
            24.28435
          ],
          [
            120.549307,
            24.283056
          ],
          [
            120.548928,
            24.281573
          ],
          [
            120.548774,
            24.281665
          ],
          [
            120.548689,
            24.281783
          ],
          [
            120.548595,
            24.282076
          ],
          [
            120.548262,
            24.282704
          ],
          [
            120.548038,
            24.283038
          ],
          [
            120.547131,
            24.284002
          ],
          [
            120.54617,
            24.284947
          ],
          [
            120.545689,
            24.285355
          ],
          [
            120.545777,
            24.28551
          ],
          [
            120.545806,
            24.285534
          ],
          [
            120.545833,
            24.285533
          ],
          [
            120.546358,
            24.285375
          ],
          [
            120.546466,
            24.285672
          ],
          [
            120.546466,
            24.285672
          ],
          [
            120.546358,
            24.285375
          ],
          [
            120.545833,
            24.285533
          ],
          [
            120.545806,
            24.285534
          ],
          [
            120.545777,
            24.28551
          ],
          [
            120.545689,
            24.285355
          ],
          [
            120.545162,
            24.285805
          ],
          [
            120.545079,
            24.28587
          ],
          [
            120.544783,
            24.286133
          ],
          [
            120.543993,
            24.286808
          ],
          [
            120.543246,
            24.287442
          ],
          [
            120.541812,
            24.288695
          ],
          [
            120.540792,
            24.289579
          ],
          [
            120.540729,
            24.289645
          ],
          [
            120.540657,
            24.289705
          ],
          [
            120.540557,
            24.2896
          ],
          [
            120.540337,
            24.289377
          ],
          [
            120.5402,
            24.289197
          ],
          [
            120.540101,
            24.289098
          ],
          [
            120.539655,
            24.288527
          ],
          [
            120.539404,
            24.288176
          ],
          [
            120.539109,
            24.287699
          ],
          [
            120.538778,
            24.287019
          ],
          [
            120.538318,
            24.285963
          ],
          [
            120.53711,
            24.283127
          ],
          [
            120.536404,
            24.281472
          ],
          [
            120.536338,
            24.281317
          ],
          [
            120.53647,
            24.281273
          ],
          [
            120.536561,
            24.281243
          ],
          [
            120.536963,
            24.28109
          ],
          [
            120.537867,
            24.280742
          ],
          [
            120.537976,
            24.280615
          ],
          [
            120.541051,
            24.279501
          ],
          [
            120.541334,
            24.279393
          ],
          [
            120.541424,
            24.279368
          ],
          [
            120.542545,
            24.278963
          ],
          [
            120.543372,
            24.278664
          ],
          [
            120.545733,
            24.27781
          ],
          [
            120.545065,
            24.276247
          ],
          [
            120.544991,
            24.276157
          ],
          [
            120.544689,
            24.275485
          ],
          [
            120.544572,
            24.27541
          ],
          [
            120.544473,
            24.275424
          ],
          [
            120.543535,
            24.275766
          ],
          [
            120.543011,
            24.275955
          ],
          [
            120.542862,
            24.276002
          ],
          [
            120.542765,
            24.276008
          ],
          [
            120.542675,
            24.275971
          ],
          [
            120.542292,
            24.275689
          ],
          [
            120.542171,
            24.27559
          ],
          [
            120.542103,
            24.275472
          ],
          [
            120.541928,
            24.275076
          ],
          [
            120.541752,
            24.274682
          ],
          [
            120.541572,
            24.274276
          ],
          [
            120.541498,
            24.274082
          ],
          [
            120.541423,
            24.273915
          ],
          [
            120.542955,
            24.27336
          ],
          [
            120.542825,
            24.273052
          ],
          [
            120.542461,
            24.272106
          ],
          [
            120.542347,
            24.272102
          ],
          [
            120.542188,
            24.272059
          ],
          [
            120.542119,
            24.272048
          ],
          [
            120.541992,
            24.272054
          ],
          [
            120.541905,
            24.272034
          ],
          [
            120.541342,
            24.271743
          ],
          [
            120.541309,
            24.271739
          ],
          [
            120.541066,
            24.271819
          ],
          [
            120.541049,
            24.271817
          ],
          [
            120.541038,
            24.271804
          ],
          [
            120.541005,
            24.27171
          ],
          [
            120.541006,
            24.271658
          ],
          [
            120.540992,
            24.271623
          ],
          [
            120.54096,
            24.27158
          ],
          [
            120.540913,
            24.271481
          ],
          [
            120.540877,
            24.271423
          ],
          [
            120.54076,
            24.271321
          ],
          [
            120.540636,
            24.271193
          ],
          [
            120.540589,
            24.271146
          ],
          [
            120.54054,
            24.270957
          ],
          [
            120.54054,
            24.270957
          ],
          [
            120.540589,
            24.271146
          ],
          [
            120.540763,
            24.271047
          ],
          [
            120.541865,
            24.27068
          ],
          [
            120.542605,
            24.270437
          ],
          [
            120.543107,
            24.270272
          ],
          [
            120.543223,
            24.270234
          ],
          [
            120.544196,
            24.269912
          ],
          [
            120.544776,
            24.271372
          ],
          [
            120.544961,
            24.271849
          ],
          [
            120.544693,
            24.271949
          ],
          [
            120.544693,
            24.271949
          ],
          [
            120.544961,
            24.271849
          ],
          [
            120.545201,
            24.27247
          ],
          [
            120.545242,
            24.272576
          ],
          [
            120.545252,
            24.272601
          ],
          [
            120.545341,
            24.272924
          ],
          [
            120.545907,
            24.274358
          ],
          [
            120.546425,
            24.275745
          ],
          [
            120.547068,
            24.275516
          ],
          [
            120.547299,
            24.275434
          ],
          [
            120.547345,
            24.275417
          ],
          [
            120.547391,
            24.275401
          ],
          [
            120.548757,
            24.274905
          ],
          [
            120.54903,
            24.27481
          ],
          [
            120.549661,
            24.274577
          ],
          [
            120.549848,
            24.27499
          ],
          [
            120.549899,
            24.275107
          ],
          [
            120.549899,
            24.275107
          ],
          [
            120.549848,
            24.27499
          ],
          [
            120.549661,
            24.274577
          ],
          [
            120.549872,
            24.274496
          ],
          [
            120.550292,
            24.274349
          ],
          [
            120.550551,
            24.274259
          ],
          [
            120.551035,
            24.274082
          ],
          [
            120.551596,
            24.27388
          ],
          [
            120.552079,
            24.273711
          ],
          [
            120.552651,
            24.274484
          ],
          [
            120.553113,
            24.275142
          ],
          [
            120.553171,
            24.275214
          ],
          [
            120.553251,
            24.275335
          ],
          [
            120.5533,
            24.275407
          ],
          [
            120.551765,
            24.275964
          ],
          [
            120.549639,
            24.276736
          ],
          [
            120.549574,
            24.276907
          ],
          [
            120.549823,
            24.277635
          ],
          [
            120.549766,
            24.277725
          ],
          [
            120.54975,
            24.277782
          ],
          [
            120.54975,
            24.277782
          ],
          [
            120.549766,
            24.277725
          ],
          [
            120.549823,
            24.277635
          ],
          [
            120.549574,
            24.276907
          ],
          [
            120.549145,
            24.277715
          ],
          [
            120.548747,
            24.27854
          ],
          [
            120.548516,
            24.279037
          ],
          [
            120.548814,
            24.280192
          ],
          [
            120.548989,
            24.280992
          ],
          [
            120.549098,
            24.281446
          ],
          [
            120.54943,
            24.281418
          ],
          [
            120.549775,
            24.281391
          ],
          [
            120.550069,
            24.281329
          ],
          [
            120.550196,
            24.281302
          ],
          [
            120.550364,
            24.281256
          ],
          [
            120.550812,
            24.2811
          ],
          [
            120.551798,
            24.280694
          ],
          [
            120.551859,
            24.280422
          ],
          [
            120.551868,
            24.280347
          ],
          [
            120.551868,
            24.280347
          ],
          [
            120.551859,
            24.280422
          ],
          [
            120.551798,
            24.280694
          ],
          [
            120.551976,
            24.280624
          ],
          [
            120.552814,
            24.280274
          ],
          [
            120.553346,
            24.280052
          ],
          [
            120.55384,
            24.279857
          ],
          [
            120.555763,
            24.279045
          ],
          [
            120.556183,
            24.278888
          ],
          [
            120.557262,
            24.278493
          ],
          [
            120.557884,
            24.278269
          ],
          [
            120.558176,
            24.278162
          ],
          [
            120.558692,
            24.277979
          ],
          [
            120.560176,
            24.277457
          ],
          [
            120.560257,
            24.277404
          ],
          [
            120.560778,
            24.277254
          ],
          [
            120.561366,
            24.277145
          ],
          [
            120.561512,
            24.277125
          ],
          [
            120.561956,
            24.277122
          ],
          [
            120.562248,
            24.277131
          ],
          [
            120.563086,
            24.27715
          ],
          [
            120.563553,
            24.277136
          ],
          [
            120.56391,
            24.277115
          ],
          [
            120.564143,
            24.277098
          ],
          [
            120.564207,
            24.277092
          ],
          [
            120.564498,
            24.277066
          ],
          [
            120.564542,
            24.277063
          ],
          [
            120.564996,
            24.27702
          ],
          [
            120.565748,
            24.276954
          ],
          [
            120.566397,
            24.27689
          ],
          [
            120.567295,
            24.276809
          ],
          [
            120.568298,
            24.276734
          ],
          [
            120.568771,
            24.276652
          ],
          [
            120.569293,
            24.276498
          ],
          [
            120.569789,
            24.276319
          ],
          [
            120.570256,
            24.276108
          ],
          [
            120.570668,
            24.275928
          ],
          [
            120.570862,
            24.275811
          ],
          [
            120.571328,
            24.275508
          ],
          [
            120.571449,
            24.275388
          ],
          [
            120.571532,
            24.275461
          ],
          [
            120.571883,
            24.27574
          ],
          [
            120.572052,
            24.275865
          ],
          [
            120.57241,
            24.276153
          ],
          [
            120.572885,
            24.276472
          ],
          [
            120.573073,
            24.2766
          ],
          [
            120.573003,
            24.276714
          ],
          [
            120.572918,
            24.276839
          ],
          [
            120.572824,
            24.276969
          ],
          [
            120.572703,
            24.277028
          ],
          [
            120.572703,
            24.277028
          ],
          [
            120.572824,
            24.276969
          ],
          [
            120.572918,
            24.276839
          ],
          [
            120.573003,
            24.276714
          ],
          [
            120.572814,
            24.276598
          ],
          [
            120.572515,
            24.276387
          ],
          [
            120.571835,
            24.275878
          ],
          [
            120.571418,
            24.275572
          ],
          [
            120.571328,
            24.275508
          ],
          [
            120.57112,
            24.275326
          ],
          [
            120.570331,
            24.274654
          ],
          [
            120.569808,
            24.274094
          ],
          [
            120.569665,
            24.273941
          ],
          [
            120.569382,
            24.273638
          ],
          [
            120.569015,
            24.273242
          ],
          [
            120.568667,
            24.2728
          ],
          [
            120.568318,
            24.272196
          ],
          [
            120.56807,
            24.271687
          ],
          [
            120.568219,
            24.271688
          ],
          [
            120.568897,
            24.271734
          ],
          [
            120.569083,
            24.271725
          ],
          [
            120.569452,
            24.271666
          ],
          [
            120.569715,
            24.271621
          ],
          [
            120.570547,
            24.271498
          ],
          [
            120.571008,
            24.271401
          ],
          [
            120.571103,
            24.271384
          ],
          [
            120.571229,
            24.271361
          ],
          [
            120.57158,
            24.271261
          ],
          [
            120.571908,
            24.271122
          ],
          [
            120.572069,
            24.271306
          ],
          [
            120.572254,
            24.271759
          ],
          [
            120.572396,
            24.272068
          ],
          [
            120.57242,
            24.272106
          ],
          [
            120.57242,
            24.272106
          ],
          [
            120.572588,
            24.272371
          ],
          [
            120.572776,
            24.272667
          ],
          [
            120.57281,
            24.272714
          ],
          [
            120.572891,
            24.272839
          ],
          [
            120.572973,
            24.273
          ],
          [
            120.573071,
            24.273152
          ],
          [
            120.573215,
            24.273241
          ],
          [
            120.573426,
            24.273335
          ],
          [
            120.573524,
            24.273385
          ],
          [
            120.573756,
            24.273573
          ],
          [
            120.574002,
            24.273747
          ],
          [
            120.574148,
            24.273806
          ],
          [
            120.574148,
            24.273806
          ],
          [
            120.574267,
            24.273854
          ],
          [
            120.574067,
            24.27419
          ],
          [
            120.574386,
            24.274309
          ],
          [
            120.57449,
            24.274423
          ],
          [
            120.57413,
            24.27531
          ],
          [
            120.574469,
            24.275425
          ],
          [
            120.57475,
            24.275511
          ],
          [
            120.575163,
            24.275616
          ],
          [
            120.575533,
            24.275664
          ],
          [
            120.575769,
            24.275673
          ],
          [
            120.575914,
            24.275659
          ],
          [
            120.575918,
            24.275546
          ],
          [
            120.575918,
            24.275546
          ],
          [
            120.575914,
            24.275659
          ],
          [
            120.576417,
            24.275646
          ],
          [
            120.577131,
            24.275608
          ],
          [
            120.577138,
            24.275387
          ],
          [
            120.577179,
            24.274424
          ],
          [
            120.57719,
            24.273976
          ],
          [
            120.577183,
            24.273723
          ],
          [
            120.577163,
            24.273572
          ],
          [
            120.577137,
            24.273439
          ],
          [
            120.577014,
            24.273112
          ],
          [
            120.576991,
            24.273048
          ],
          [
            120.576675,
            24.272279
          ],
          [
            120.576369,
            24.271509
          ],
          [
            120.576112,
            24.270866
          ],
          [
            120.575842,
            24.27017
          ],
          [
            120.575551,
            24.269443
          ],
          [
            120.575433,
            24.269138
          ],
          [
            120.575261,
            24.268689
          ],
          [
            120.575103,
            24.26831
          ],
          [
            120.574804,
            24.267541
          ],
          [
            120.57434,
            24.266397
          ],
          [
            120.574427,
            24.26637
          ],
          [
            120.575618,
            24.265982
          ],
          [
            120.575187,
            24.264849
          ],
          [
            120.575533,
            24.264734
          ],
          [
            120.576075,
            24.264569
          ],
          [
            120.576687,
            24.265642
          ],
          [
            120.577277,
            24.26667
          ],
          [
            120.577627,
            24.267317
          ],
          [
            120.577627,
            24.267317
          ],
          [
            120.577277,
            24.26667
          ],
          [
            120.576687,
            24.265642
          ],
          [
            120.576075,
            24.264569
          ],
          [
            120.576186,
            24.26454
          ],
          [
            120.576313,
            24.264533
          ],
          [
            120.57641,
            24.264572
          ],
          [
            120.576475,
            24.264658
          ],
          [
            120.576757,
            24.265137
          ],
          [
            120.577128,
            24.265615
          ],
          [
            120.577773,
            24.266598
          ],
          [
            120.577922,
            24.266879
          ],
          [
            120.578022,
            24.267092
          ],
          [
            120.578134,
            24.26723
          ],
          [
            120.578218,
            24.26728
          ],
          [
            120.578325,
            24.267266
          ],
          [
            120.578391,
            24.267209
          ],
          [
            120.57853,
            24.267336
          ],
          [
            120.57899,
            24.267528
          ],
          [
            120.579769,
            24.267836
          ],
          [
            120.58,
            24.267956
          ],
          [
            120.58,
            24.267956
          ],
          [
            120.58007,
            24.267993
          ],
          [
            120.580192,
            24.268106
          ],
          [
            120.580299,
            24.268192
          ],
          [
            120.580385,
            24.268213
          ],
          [
            120.58045,
            24.268192
          ],
          [
            120.580745,
            24.267983
          ],
          [
            120.580809,
            24.267983
          ],
          [
            120.580852,
            24.267983
          ],
          [
            120.580916,
            24.268005
          ],
          [
            120.581053,
            24.268146
          ],
          [
            120.581437,
            24.268594
          ],
          [
            120.581769,
            24.269121
          ],
          [
            120.581753,
            24.269185
          ],
          [
            120.581702,
            24.269496
          ],
          [
            120.581625,
            24.269676
          ],
          [
            120.581495,
            24.269887
          ],
          [
            120.581337,
            24.27008
          ],
          [
            120.581061,
            24.270319
          ],
          [
            120.580874,
            24.270472
          ],
          [
            120.580811,
            24.270538
          ],
          [
            120.580787,
            24.27061
          ],
          [
            120.580744,
            24.270791
          ],
          [
            120.580253,
            24.270781
          ],
          [
            120.579757,
            24.270839
          ],
          [
            120.579879,
            24.271526
          ],
          [
            120.579854,
            24.27174
          ],
          [
            120.579619,
            24.272169
          ],
          [
            120.579686,
            24.272141
          ],
          [
            120.579686,
            24.272141
          ],
          [
            120.579619,
            24.272169
          ],
          [
            120.579219,
            24.272757
          ],
          [
            120.579107,
            24.272904
          ],
          [
            120.578942,
            24.273187
          ],
          [
            120.57893,
            24.273203
          ],
          [
            120.578881,
            24.273274
          ],
          [
            120.578744,
            24.273401
          ],
          [
            120.578707,
            24.273435
          ],
          [
            120.578488,
            24.273536
          ],
          [
            120.578201,
            24.273593
          ],
          [
            120.577278,
            24.273713
          ],
          [
            120.577275,
            24.273978
          ],
          [
            120.577631,
            24.273978
          ],
          [
            120.577674,
            24.273797
          ],
          [
            120.578803,
            24.273739
          ],
          [
            120.578803,
            24.273739
          ],
          [
            120.577674,
            24.273797
          ],
          [
            120.577631,
            24.273978
          ],
          [
            120.577275,
            24.273978
          ],
          [
            120.577264,
            24.274273
          ],
          [
            120.577257,
            24.274431
          ],
          [
            120.577245,
            24.275266
          ],
          [
            120.577241,
            24.275612
          ],
          [
            120.577391,
            24.275978
          ],
          [
            120.577459,
            24.276081
          ],
          [
            120.577522,
            24.276192
          ],
          [
            120.57788,
            24.275866
          ],
          [
            120.57775,
            24.275669
          ],
          [
            120.577804,
            24.275571
          ],
          [
            120.577804,
            24.275571
          ],
          [
            120.57775,
            24.275669
          ],
          [
            120.57788,
            24.275866
          ],
          [
            120.577522,
            24.276192
          ],
          [
            120.577665,
            24.276368
          ],
          [
            120.577895,
            24.27668
          ],
          [
            120.577955,
            24.276556
          ],
          [
            120.578127,
            24.27632
          ],
          [
            120.578538,
            24.275868
          ],
          [
            120.578843,
            24.275451
          ],
          [
            120.578898,
            24.275366
          ],
          [
            120.578931,
            24.275314
          ],
          [
            120.579067,
            24.275104
          ],
          [
            120.579231,
            24.274807
          ],
          [
            120.579407,
            24.274801
          ],
          [
            120.579612,
            24.274758
          ],
          [
            120.579744,
            24.274684
          ],
          [
            120.57989,
            24.274679
          ],
          [
            120.580048,
            24.274714
          ],
          [
            120.580134,
            24.27484
          ],
          [
            120.580207,
            24.274945
          ],
          [
            120.580216,
            24.274974
          ],
          [
            120.580243,
            24.275023
          ],
          [
            120.580243,
            24.275023
          ],
          [
            120.580216,
            24.274974
          ],
          [
            120.580207,
            24.274945
          ],
          [
            120.580134,
            24.27484
          ],
          [
            120.580048,
            24.274714
          ],
          [
            120.57989,
            24.274679
          ],
          [
            120.579744,
            24.274684
          ],
          [
            120.579705,
            24.274642
          ],
          [
            120.579648,
            24.274521
          ],
          [
            120.579563,
            24.27437
          ],
          [
            120.579641,
            24.27435
          ],
          [
            120.579796,
            24.27434
          ],
          [
            120.580043,
            24.274335
          ],
          [
            120.580307,
            24.274346
          ],
          [
            120.580631,
            24.274375
          ],
          [
            120.581067,
            24.274449
          ],
          [
            120.581151,
            24.27447
          ],
          [
            120.581334,
            24.274516
          ],
          [
            120.581485,
            24.274565
          ],
          [
            120.581664,
            24.274638
          ],
          [
            120.582022,
            24.274823
          ],
          [
            120.581992,
            24.274978
          ],
          [
            120.581992,
            24.274978
          ],
          [
            120.582022,
            24.274823
          ],
          [
            120.582187,
            24.274908
          ],
          [
            120.582445,
            24.275034
          ],
          [
            120.582875,
            24.275433
          ],
          [
            120.58308,
            24.275611
          ],
          [
            120.58324,
            24.275908
          ],
          [
            120.583531,
            24.276342
          ],
          [
            120.583728,
            24.276631
          ],
          [
            120.583951,
            24.276864
          ],
          [
            120.584257,
            24.277199
          ],
          [
            120.584293,
            24.27729
          ],
          [
            120.584333,
            24.277387
          ],
          [
            120.584353,
            24.277436
          ],
          [
            120.584452,
            24.277554
          ],
          [
            120.584671,
            24.277771
          ],
          [
            120.584658,
            24.27784
          ],
          [
            120.584489,
            24.278009
          ],
          [
            120.584469,
            24.278094
          ],
          [
            120.584526,
            24.278256
          ],
          [
            120.58467,
            24.278468
          ],
          [
            120.584822,
            24.278642
          ],
          [
            120.584064,
            24.278943
          ],
          [
            120.583337,
            24.279232
          ],
          [
            120.582957,
            24.279433
          ],
          [
            120.582924,
            24.279451
          ],
          [
            120.582709,
            24.279526
          ],
          [
            120.582545,
            24.279529
          ],
          [
            120.582497,
            24.279543
          ],
          [
            120.582276,
            24.279629
          ],
          [
            120.58217,
            24.27963
          ],
          [
            120.582056,
            24.279609
          ],
          [
            120.581948,
            24.279571
          ],
          [
            120.581862,
            24.279548
          ],
          [
            120.581829,
            24.279559
          ],
          [
            120.581816,
            24.279526
          ],
          [
            120.58165,
            24.279248
          ],
          [
            120.581619,
            24.279222
          ],
          [
            120.581561,
            24.279173
          ],
          [
            120.58153,
            24.279101
          ],
          [
            120.58153,
            24.279101
          ],
          [
            120.581561,
            24.279173
          ],
          [
            120.581619,
            24.279222
          ],
          [
            120.58165,
            24.279248
          ],
          [
            120.581816,
            24.279526
          ],
          [
            120.581829,
            24.279559
          ],
          [
            120.581862,
            24.279548
          ],
          [
            120.581948,
            24.279571
          ],
          [
            120.582056,
            24.279609
          ],
          [
            120.58217,
            24.27963
          ],
          [
            120.582276,
            24.279629
          ],
          [
            120.582497,
            24.279543
          ],
          [
            120.582545,
            24.279529
          ],
          [
            120.582709,
            24.279526
          ],
          [
            120.582924,
            24.279451
          ],
          [
            120.582957,
            24.279433
          ],
          [
            120.583337,
            24.279232
          ],
          [
            120.584064,
            24.278943
          ],
          [
            120.584822,
            24.278642
          ],
          [
            120.584982,
            24.278873
          ],
          [
            120.585024,
            24.279091
          ],
          [
            120.585075,
            24.279219
          ],
          [
            120.585232,
            24.279478
          ],
          [
            120.585438,
            24.279733
          ],
          [
            120.585604,
            24.279886
          ],
          [
            120.586506,
            24.281114
          ],
          [
            120.586552,
            24.281187
          ],
          [
            120.586697,
            24.28126
          ],
          [
            120.586865,
            24.281316
          ],
          [
            120.586984,
            24.281322
          ],
          [
            120.587118,
            24.28138
          ],
          [
            120.587304,
            24.281634
          ],
          [
            120.587442,
            24.281854
          ],
          [
            120.587542,
            24.28217
          ],
          [
            120.587615,
            24.282417
          ],
          [
            120.587629,
            24.282699
          ],
          [
            120.587699,
            24.282806
          ],
          [
            120.58785,
            24.282895
          ],
          [
            120.587944,
            24.282965
          ],
          [
            120.588041,
            24.28309
          ],
          [
            120.58819,
            24.28332
          ],
          [
            120.588302,
            24.283582
          ],
          [
            120.588335,
            24.283833
          ],
          [
            120.588393,
            24.283913
          ],
          [
            120.588536,
            24.283923
          ],
          [
            120.588658,
            24.283936
          ],
          [
            120.588773,
            24.283944
          ],
          [
            120.589257,
            24.28419
          ],
          [
            120.589363,
            24.284086
          ],
          [
            120.589363,
            24.284086
          ],
          [
            120.589257,
            24.28419
          ],
          [
            120.589341,
            24.284316
          ],
          [
            120.589445,
            24.284416
          ],
          [
            120.589552,
            24.284546
          ],
          [
            120.589643,
            24.28462
          ],
          [
            120.589722,
            24.284667
          ],
          [
            120.589909,
            24.284794
          ],
          [
            120.590046,
            24.284852
          ],
          [
            120.590167,
            24.284983
          ],
          [
            120.590463,
            24.285506
          ],
          [
            120.590502,
            24.285706
          ],
          [
            120.590545,
            24.285762
          ],
          [
            120.5906,
            24.285789
          ],
          [
            120.590684,
            24.285833
          ],
          [
            120.590735,
            24.285871
          ],
          [
            120.590778,
            24.285913
          ],
          [
            120.590848,
            24.285951
          ],
          [
            120.590912,
            24.285985
          ],
          [
            120.590894,
            24.286039
          ],
          [
            120.590898,
            24.286122
          ],
          [
            120.590888,
            24.28627
          ],
          [
            120.590881,
            24.286292
          ],
          [
            120.590861,
            24.286363
          ],
          [
            120.590857,
            24.286404
          ],
          [
            120.590877,
            24.286449
          ],
          [
            120.590952,
            24.286583
          ],
          [
            120.591042,
            24.286874
          ],
          [
            120.591149,
            24.287005
          ],
          [
            120.591143,
            24.287238
          ],
          [
            120.591157,
            24.287385
          ],
          [
            120.591162,
            24.287438
          ],
          [
            120.59128,
            24.287522
          ],
          [
            120.591362,
            24.287576
          ],
          [
            120.591399,
            24.2876
          ],
          [
            120.591561,
            24.287607
          ],
          [
            120.591729,
            24.287658
          ],
          [
            120.59183,
            24.287868
          ],
          [
            120.591889,
            24.287987
          ],
          [
            120.591996,
            24.28809
          ],
          [
            120.592075,
            24.288123
          ],
          [
            120.592097,
            24.288131
          ],
          [
            120.592302,
            24.28812
          ],
          [
            120.592407,
            24.288127
          ],
          [
            120.592532,
            24.288141
          ],
          [
            120.592813,
            24.288247
          ],
          [
            120.593002,
            24.288303
          ],
          [
            120.593174,
            24.28842
          ],
          [
            120.593499,
            24.288654
          ],
          [
            120.593694,
            24.288714
          ],
          [
            120.59391,
            24.288902
          ],
          [
            120.59425,
            24.289508
          ],
          [
            120.594476,
            24.28964
          ],
          [
            120.594678,
            24.289768
          ],
          [
            120.595159,
            24.29032
          ],
          [
            120.595298,
            24.290471
          ],
          [
            120.595326,
            24.290642
          ],
          [
            120.595285,
            24.290864
          ],
          [
            120.595277,
            24.290984
          ],
          [
            120.595299,
            24.291099
          ],
          [
            120.59537,
            24.291238
          ],
          [
            120.595387,
            24.291385
          ],
          [
            120.595313,
            24.291487
          ],
          [
            120.595318,
            24.291584
          ],
          [
            120.595389,
            24.291666
          ],
          [
            120.595468,
            24.291739
          ],
          [
            120.595711,
            24.291921
          ],
          [
            120.595825,
            24.291986
          ],
          [
            120.595977,
            24.292032
          ],
          [
            120.59609,
            24.292089
          ],
          [
            120.596088,
            24.292235
          ],
          [
            120.596113,
            24.292348
          ],
          [
            120.596264,
            24.292488
          ],
          [
            120.596357,
            24.292629
          ],
          [
            120.596402,
            24.292728
          ],
          [
            120.596437,
            24.292812
          ],
          [
            120.596478,
            24.292882
          ],
          [
            120.596573,
            24.29297
          ],
          [
            120.596655,
            24.29311
          ],
          [
            120.596666,
            24.293324
          ],
          [
            120.596626,
            24.293477
          ],
          [
            120.596608,
            24.293579
          ],
          [
            120.596612,
            24.293605
          ],
          [
            120.596612,
            24.293605
          ],
          [
            120.596608,
            24.293579
          ],
          [
            120.596626,
            24.293477
          ],
          [
            120.596666,
            24.293324
          ],
          [
            120.596655,
            24.29311
          ],
          [
            120.596573,
            24.29297
          ],
          [
            120.596478,
            24.292882
          ],
          [
            120.596437,
            24.292812
          ],
          [
            120.596402,
            24.292728
          ],
          [
            120.596357,
            24.292629
          ],
          [
            120.596264,
            24.292488
          ],
          [
            120.596113,
            24.292348
          ],
          [
            120.596088,
            24.292235
          ],
          [
            120.59609,
            24.292089
          ],
          [
            120.595977,
            24.292032
          ],
          [
            120.595825,
            24.291986
          ],
          [
            120.595711,
            24.291921
          ],
          [
            120.595468,
            24.291739
          ],
          [
            120.595389,
            24.291666
          ],
          [
            120.595318,
            24.291584
          ],
          [
            120.595313,
            24.291487
          ],
          [
            120.595387,
            24.291385
          ],
          [
            120.59537,
            24.291238
          ],
          [
            120.595299,
            24.291099
          ],
          [
            120.595277,
            24.290984
          ],
          [
            120.595285,
            24.290864
          ],
          [
            120.595326,
            24.290642
          ],
          [
            120.595298,
            24.290471
          ],
          [
            120.595159,
            24.29032
          ],
          [
            120.594678,
            24.289768
          ],
          [
            120.594476,
            24.28964
          ],
          [
            120.59425,
            24.289508
          ],
          [
            120.59391,
            24.288902
          ],
          [
            120.593694,
            24.288714
          ],
          [
            120.593499,
            24.288654
          ],
          [
            120.593174,
            24.28842
          ],
          [
            120.593002,
            24.288303
          ],
          [
            120.592813,
            24.288247
          ],
          [
            120.592532,
            24.288141
          ],
          [
            120.592407,
            24.288127
          ],
          [
            120.592302,
            24.28812
          ],
          [
            120.592097,
            24.288131
          ],
          [
            120.592075,
            24.288123
          ],
          [
            120.591996,
            24.28809
          ],
          [
            120.591889,
            24.287987
          ],
          [
            120.59183,
            24.287868
          ],
          [
            120.591729,
            24.287658
          ],
          [
            120.591561,
            24.287607
          ],
          [
            120.591399,
            24.2876
          ],
          [
            120.591362,
            24.287576
          ],
          [
            120.59128,
            24.287522
          ],
          [
            120.591162,
            24.287438
          ],
          [
            120.591157,
            24.287385
          ],
          [
            120.591143,
            24.287238
          ],
          [
            120.591149,
            24.287005
          ],
          [
            120.591042,
            24.286874
          ],
          [
            120.590952,
            24.286583
          ],
          [
            120.590877,
            24.286449
          ],
          [
            120.590857,
            24.286404
          ],
          [
            120.590861,
            24.286363
          ],
          [
            120.590881,
            24.286292
          ],
          [
            120.590888,
            24.28627
          ],
          [
            120.590898,
            24.286122
          ],
          [
            120.590894,
            24.286039
          ],
          [
            120.590912,
            24.285985
          ],
          [
            120.590848,
            24.285951
          ],
          [
            120.590778,
            24.285913
          ],
          [
            120.590735,
            24.285871
          ],
          [
            120.590684,
            24.285833
          ],
          [
            120.5906,
            24.285789
          ],
          [
            120.590545,
            24.285762
          ],
          [
            120.590502,
            24.285706
          ],
          [
            120.590463,
            24.285506
          ],
          [
            120.590167,
            24.284983
          ],
          [
            120.590046,
            24.284852
          ],
          [
            120.589909,
            24.284794
          ],
          [
            120.589722,
            24.284667
          ],
          [
            120.589643,
            24.28462
          ],
          [
            120.589552,
            24.284546
          ],
          [
            120.589445,
            24.284416
          ],
          [
            120.589341,
            24.284316
          ],
          [
            120.589257,
            24.28419
          ],
          [
            120.589016,
            24.284358
          ],
          [
            120.588875,
            24.284459
          ],
          [
            120.58887,
            24.28446
          ],
          [
            120.58887,
            24.28446
          ],
          [
            120.588835,
            24.284465
          ],
          [
            120.588806,
            24.284441
          ],
          [
            120.588771,
            24.284285
          ],
          [
            120.588682,
            24.284281
          ],
          [
            120.588542,
            24.284284
          ],
          [
            120.588224,
            24.284317
          ],
          [
            120.587906,
            24.284473
          ],
          [
            120.58774,
            24.2845
          ],
          [
            120.587611,
            24.284539
          ],
          [
            120.587439,
            24.284546
          ],
          [
            120.587452,
            24.284662
          ],
          [
            120.587475,
            24.284835
          ],
          [
            120.58751,
            24.284939
          ],
          [
            120.587522,
            24.284976
          ],
          [
            120.587671,
            24.285198
          ],
          [
            120.587627,
            24.285435
          ],
          [
            120.587645,
            24.285602
          ],
          [
            120.587767,
            24.285737
          ],
          [
            120.587883,
            24.285968
          ],
          [
            120.587911,
            24.286109
          ],
          [
            120.587823,
            24.286206
          ],
          [
            120.587695,
            24.286289
          ],
          [
            120.587564,
            24.286341
          ],
          [
            120.58749,
            24.28637
          ],
          [
            120.587628,
            24.286601
          ],
          [
            120.587801,
            24.286749
          ],
          [
            120.588001,
            24.286982
          ],
          [
            120.588149,
            24.287172
          ],
          [
            120.588233,
            24.287279
          ],
          [
            120.588267,
            24.287359
          ],
          [
            120.588302,
            24.287506
          ],
          [
            120.588372,
            24.287684
          ],
          [
            120.588403,
            24.287761
          ],
          [
            120.588449,
            24.287873
          ],
          [
            120.588616,
            24.288233
          ],
          [
            120.588748,
            24.288445
          ],
          [
            120.588903,
            24.288647
          ],
          [
            120.588992,
            24.288681
          ],
          [
            120.58907,
            24.28876
          ],
          [
            120.589223,
            24.289095
          ],
          [
            120.589329,
            24.289212
          ],
          [
            120.589456,
            24.289343
          ],
          [
            120.589693,
            24.289728
          ],
          [
            120.589806,
            24.289787
          ],
          [
            120.589872,
            24.289852
          ],
          [
            120.589921,
            24.289939
          ],
          [
            120.589962,
            24.290156
          ],
          [
            120.590217,
            24.290031
          ],
          [
            120.590419,
            24.289909
          ],
          [
            120.590647,
            24.289674
          ],
          [
            120.590721,
            24.289632
          ],
          [
            120.590869,
            24.289632
          ],
          [
            120.591016,
            24.289642
          ],
          [
            120.591055,
            24.289642
          ],
          [
            120.591093,
            24.289626
          ],
          [
            120.591125,
            24.28959
          ],
          [
            120.591204,
            24.289516
          ],
          [
            120.591252,
            24.289489
          ],
          [
            120.591355,
            24.289447
          ],
          [
            120.591457,
            24.289414
          ],
          [
            120.591552,
            24.289391
          ],
          [
            120.591655,
            24.289342
          ],
          [
            120.591707,
            24.289303
          ],
          [
            120.591755,
            24.289319
          ],
          [
            120.591815,
            24.289297
          ],
          [
            120.591854,
            24.289266
          ],
          [
            120.591903,
            24.289242
          ],
          [
            120.591929,
            24.289195
          ],
          [
            120.591874,
            24.289116
          ],
          [
            120.59187,
            24.289061
          ],
          [
            120.59187,
            24.289061
          ],
          [
            120.59187,
            24.289061
          ],
          [
            120.591874,
            24.289116
          ],
          [
            120.591929,
            24.289195
          ],
          [
            120.591903,
            24.289242
          ],
          [
            120.591854,
            24.289266
          ],
          [
            120.591815,
            24.289297
          ],
          [
            120.591755,
            24.289319
          ],
          [
            120.591707,
            24.289303
          ],
          [
            120.591655,
            24.289342
          ],
          [
            120.591552,
            24.289391
          ],
          [
            120.591457,
            24.289414
          ],
          [
            120.591355,
            24.289447
          ],
          [
            120.591252,
            24.289489
          ],
          [
            120.591204,
            24.289516
          ],
          [
            120.591125,
            24.28959
          ],
          [
            120.591093,
            24.289626
          ],
          [
            120.591055,
            24.289642
          ],
          [
            120.591016,
            24.289642
          ],
          [
            120.590869,
            24.289632
          ],
          [
            120.590721,
            24.289632
          ],
          [
            120.590647,
            24.289674
          ],
          [
            120.590419,
            24.289909
          ],
          [
            120.590217,
            24.290031
          ],
          [
            120.589962,
            24.290156
          ],
          [
            120.590027,
            24.290459
          ],
          [
            120.590174,
            24.290811
          ],
          [
            120.590237,
            24.290978
          ],
          [
            120.590357,
            24.291198
          ],
          [
            120.590391,
            24.291284
          ],
          [
            120.590382,
            24.291334
          ],
          [
            120.590332,
            24.291396
          ],
          [
            120.590259,
            24.291525
          ],
          [
            120.590111,
            24.291937
          ],
          [
            120.590093,
            24.292138
          ],
          [
            120.590091,
            24.292211
          ],
          [
            120.590063,
            24.292241
          ],
          [
            120.589892,
            24.292305
          ],
          [
            120.589739,
            24.292387
          ],
          [
            120.589684,
            24.292369
          ],
          [
            120.58938,
            24.292349
          ],
          [
            120.588957,
            24.292596
          ],
          [
            120.588869,
            24.292648
          ],
          [
            120.588605,
            24.292888
          ],
          [
            120.588589,
            24.293043
          ],
          [
            120.588852,
            24.293449
          ],
          [
            120.589082,
            24.293789
          ],
          [
            120.589313,
            24.294126
          ],
          [
            120.589589,
            24.294466
          ],
          [
            120.590092,
            24.295028
          ],
          [
            120.590472,
            24.295448
          ],
          [
            120.590657,
            24.295632
          ],
          [
            120.591204,
            24.296195
          ],
          [
            120.592478,
            24.297441
          ],
          [
            120.593092,
            24.298043
          ],
          [
            120.593332,
            24.298272
          ],
          [
            120.593739,
            24.298692
          ],
          [
            120.594542,
            24.299473
          ],
          [
            120.595124,
            24.300241
          ],
          [
            120.595689,
            24.30072
          ],
          [
            120.595974,
            24.300995
          ],
          [
            120.596261,
            24.301277
          ],
          [
            120.596664,
            24.301481
          ],
          [
            120.59757,
            24.301918
          ],
          [
            120.598279,
            24.30227
          ],
          [
            120.598933,
            24.30259
          ],
          [
            120.599435,
            24.302832
          ],
          [
            120.599963,
            24.303125
          ],
          [
            120.600205,
            24.303247
          ],
          [
            120.600155,
            24.30302
          ],
          [
            120.600071,
            24.302656
          ],
          [
            120.600123,
            24.302526
          ],
          [
            120.600212,
            24.302364
          ],
          [
            120.600345,
            24.302283
          ],
          [
            120.600556,
            24.302192
          ],
          [
            120.601199,
            24.301922
          ],
          [
            120.601328,
            24.301868
          ],
          [
            120.601473,
            24.301802
          ],
          [
            120.601516,
            24.301774
          ],
          [
            120.601537,
            24.301671
          ],
          [
            120.601562,
            24.301596
          ],
          [
            120.601615,
            24.301452
          ],
          [
            120.601611,
            24.301334
          ],
          [
            120.601533,
            24.30111
          ],
          [
            120.60147,
            24.300892
          ],
          [
            120.601406,
            24.300675
          ],
          [
            120.601272,
            24.300278
          ],
          [
            120.601154,
            24.299914
          ],
          [
            120.600989,
            24.299423
          ],
          [
            120.600935,
            24.299282
          ],
          [
            120.600935,
            24.299282
          ],
          [
            120.600882,
            24.299146
          ],
          [
            120.60076,
            24.298873
          ],
          [
            120.600656,
            24.29864
          ],
          [
            120.600513,
            24.298423
          ],
          [
            120.600688,
            24.298352
          ],
          [
            120.600982,
            24.298953
          ],
          [
            120.60117,
            24.299277
          ],
          [
            120.601217,
            24.299362
          ],
          [
            120.601256,
            24.299399
          ],
          [
            120.601488,
            24.299645
          ],
          [
            120.6015,
            24.299772
          ],
          [
            120.60151,
            24.299817
          ],
          [
            120.601551,
            24.299868
          ],
          [
            120.601612,
            24.299931
          ],
          [
            120.601651,
            24.300003
          ],
          [
            120.601758,
            24.300243
          ],
          [
            120.601797,
            24.30037
          ],
          [
            120.601818,
            24.300497
          ],
          [
            120.601835,
            24.30064
          ],
          [
            120.601877,
            24.300721
          ],
          [
            120.601927,
            24.300785
          ],
          [
            120.601927,
            24.300899
          ],
          [
            120.601921,
            24.301115
          ],
          [
            120.601938,
            24.301222
          ],
          [
            120.60201,
            24.301326
          ],
          [
            120.60197,
            24.301454
          ],
          [
            120.602074,
            24.301416
          ],
          [
            120.60226,
            24.301288
          ],
          [
            120.602719,
            24.300936
          ],
          [
            120.602719,
            24.300936
          ],
          [
            120.60226,
            24.301288
          ],
          [
            120.602074,
            24.301416
          ],
          [
            120.60197,
            24.301454
          ],
          [
            120.601933,
            24.301514
          ],
          [
            120.602008,
            24.301643
          ],
          [
            120.602087,
            24.301814
          ],
          [
            120.602172,
            24.302095
          ],
          [
            120.602375,
            24.302594
          ],
          [
            120.602428,
            24.302768
          ],
          [
            120.602447,
            24.302845
          ],
          [
            120.602564,
            24.303299
          ],
          [
            120.602703,
            24.303759
          ],
          [
            120.602803,
            24.304073
          ],
          [
            120.602931,
            24.304514
          ],
          [
            120.602996,
            24.304764
          ],
          [
            120.603045,
            24.304914
          ],
          [
            120.603079,
            24.304953
          ],
          [
            120.603186,
            24.304987
          ],
          [
            120.603263,
            24.305015
          ],
          [
            120.603326,
            24.305051
          ],
          [
            120.603565,
            24.305099
          ],
          [
            120.604358,
            24.30531
          ],
          [
            120.604606,
            24.305302
          ],
          [
            120.604773,
            24.305305
          ],
          [
            120.604938,
            24.305299
          ],
          [
            120.605083,
            24.305294
          ],
          [
            120.605185,
            24.305324
          ],
          [
            120.605271,
            24.305331
          ],
          [
            120.605417,
            24.305324
          ],
          [
            120.605501,
            24.305324
          ],
          [
            120.605619,
            24.305329
          ],
          [
            120.605814,
            24.305322
          ],
          [
            120.605916,
            24.305298
          ],
          [
            120.606045,
            24.305295
          ],
          [
            120.606213,
            24.305296
          ],
          [
            120.60637,
            24.305292
          ],
          [
            120.606384,
            24.305292
          ],
          [
            120.606384,
            24.305292
          ],
          [
            120.606418,
            24.305291
          ],
          [
            120.606463,
            24.305274
          ],
          [
            120.60652,
            24.305251
          ],
          [
            120.606582,
            24.305239
          ],
          [
            120.606611,
            24.305235
          ],
          [
            120.606671,
            24.305259
          ],
          [
            120.606719,
            24.305267
          ],
          [
            120.606749,
            24.305281
          ],
          [
            120.606787,
            24.305296
          ],
          [
            120.606976,
            24.305296
          ],
          [
            120.607291,
            24.305308
          ],
          [
            120.607499,
            24.305301
          ],
          [
            120.607695,
            24.305272
          ],
          [
            120.607895,
            24.305237
          ],
          [
            120.608016,
            24.305198
          ],
          [
            120.608232,
            24.305149
          ],
          [
            120.608547,
            24.30505
          ],
          [
            120.608572,
            24.305049
          ],
          [
            120.608476,
            24.30497
          ],
          [
            120.608328,
            24.304866
          ],
          [
            120.608077,
            24.304693
          ],
          [
            120.607992,
            24.304646
          ],
          [
            120.607917,
            24.304601
          ],
          [
            120.607752,
            24.304508
          ],
          [
            120.607619,
            24.304338
          ],
          [
            120.607504,
            24.30425
          ],
          [
            120.607353,
            24.304179
          ],
          [
            120.607247,
            24.304157
          ],
          [
            120.607151,
            24.304138
          ],
          [
            120.607214,
            24.30405
          ],
          [
            120.607265,
            24.303962
          ],
          [
            120.607185,
            24.303941
          ],
          [
            120.607083,
            24.303902
          ],
          [
            120.607034,
            24.303874
          ],
          [
            120.607034,
            24.303874
          ],
          [
            120.607083,
            24.303902
          ],
          [
            120.607185,
            24.303941
          ],
          [
            120.607265,
            24.303962
          ],
          [
            120.607214,
            24.30405
          ],
          [
            120.607151,
            24.304138
          ],
          [
            120.607247,
            24.304157
          ],
          [
            120.607353,
            24.304179
          ],
          [
            120.607504,
            24.30425
          ],
          [
            120.607619,
            24.304338
          ],
          [
            120.607752,
            24.304508
          ],
          [
            120.607917,
            24.304601
          ],
          [
            120.607992,
            24.304646
          ],
          [
            120.608077,
            24.304693
          ],
          [
            120.608328,
            24.304866
          ],
          [
            120.608476,
            24.30497
          ],
          [
            120.608572,
            24.305049
          ],
          [
            120.608757,
            24.305109
          ],
          [
            120.608901,
            24.305134
          ],
          [
            120.609104,
            24.305147
          ],
          [
            120.609301,
            24.305163
          ],
          [
            120.609782,
            24.305173
          ],
          [
            120.61013,
            24.305224
          ],
          [
            120.61028,
            24.305321
          ],
          [
            120.610472,
            24.305455
          ],
          [
            120.610775,
            24.305555
          ],
          [
            120.610834,
            24.305667
          ],
          [
            120.610849,
            24.305796
          ],
          [
            120.61083,
            24.305958
          ],
          [
            120.610763,
            24.306401
          ],
          [
            120.610805,
            24.306575
          ],
          [
            120.610869,
            24.306725
          ],
          [
            120.610838,
            24.306773
          ],
          [
            120.610786,
            24.306856
          ],
          [
            120.610688,
            24.307061
          ],
          [
            120.610608,
            24.307289
          ],
          [
            120.610421,
            24.307494
          ],
          [
            120.610113,
            24.307696
          ],
          [
            120.609903,
            24.307883
          ],
          [
            120.609645,
            24.308083
          ],
          [
            120.608519,
            24.30864
          ],
          [
            120.607424,
            24.309153
          ],
          [
            120.605206,
            24.31023
          ],
          [
            120.604983,
            24.310385
          ],
          [
            120.604912,
            24.310523
          ],
          [
            120.604876,
            24.310628
          ],
          [
            120.604884,
            24.310916
          ],
          [
            120.604846,
            24.310971
          ],
          [
            120.60463,
            24.311049
          ],
          [
            120.604248,
            24.311087
          ],
          [
            120.603608,
            24.309754
          ],
          [
            120.603173,
            24.309951
          ],
          [
            120.603224,
            24.310107
          ],
          [
            120.60348,
            24.310903
          ],
          [
            120.603525,
            24.311528
          ],
          [
            120.603354,
            24.311523
          ],
          [
            120.603051,
            24.31113
          ],
          [
            120.602587,
            24.310735
          ],
          [
            120.602073,
            24.310455
          ],
          [
            120.600656,
            24.30986
          ],
          [
            120.600414,
            24.309997
          ],
          [
            120.599826,
            24.310101
          ],
          [
            120.598806,
            24.310174
          ],
          [
            120.598294,
            24.310129
          ],
          [
            120.597601,
            24.310191
          ],
          [
            120.597388,
            24.309993
          ],
          [
            120.596628,
            24.310193
          ],
          [
            120.59482,
            24.310334
          ],
          [
            120.594735,
            24.310327
          ],
          [
            120.594661,
            24.31027
          ],
          [
            120.594468,
            24.310085
          ],
          [
            120.594523,
            24.309989
          ],
          [
            120.594391,
            24.309839
          ],
          [
            120.59434,
            24.309802
          ],
          [
            120.593432,
            24.31022
          ],
          [
            120.592945,
            24.310485
          ],
          [
            120.592379,
            24.310754
          ],
          [
            120.591338,
            24.311241
          ],
          [
            120.591227,
            24.311305
          ],
          [
            120.591134,
            24.311337
          ],
          [
            120.591056,
            24.311352
          ],
          [
            120.59095,
            24.311351
          ],
          [
            120.590244,
            24.311325
          ],
          [
            120.590154,
            24.311324
          ],
          [
            120.590154,
            24.311324
          ],
          [
            120.589721,
            24.31132
          ],
          [
            120.589045,
            24.311336
          ],
          [
            120.589003,
            24.31085
          ],
          [
            120.588948,
            24.310214
          ],
          [
            120.588899,
            24.309145
          ],
          [
            120.588845,
            24.308622
          ],
          [
            120.588818,
            24.308172
          ],
          [
            120.588778,
            24.307594
          ],
          [
            120.588751,
            24.307162
          ],
          [
            120.588717,
            24.306729
          ],
          [
            120.588598,
            24.305356
          ],
          [
            120.588498,
            24.304036
          ],
          [
            120.588527,
            24.304008
          ],
          [
            120.590295,
            24.304494
          ],
          [
            120.590292,
            24.304429
          ],
          [
            120.590308,
            24.304373
          ],
          [
            120.590335,
            24.304278
          ],
          [
            120.587159,
            24.303382
          ],
          [
            120.587181,
            24.303323
          ],
          [
            120.587201,
            24.303257
          ],
          [
            120.587232,
            24.303145
          ],
          [
            120.588171,
            24.303397
          ],
          [
            120.588171,
            24.303397
          ],
          [
            120.589552,
            24.303768
          ],
          [
            120.589901,
            24.303877
          ],
          [
            120.590101,
            24.303932
          ],
          [
            120.590327,
            24.303997
          ],
          [
            120.590337,
            24.303942
          ],
          [
            120.590426,
            24.303511
          ],
          [
            120.590606,
            24.302949
          ],
          [
            120.590643,
            24.302824
          ],
          [
            120.590656,
            24.302732
          ],
          [
            120.590607,
            24.302628
          ],
          [
            120.590438,
            24.302431
          ],
          [
            120.590131,
            24.302033
          ],
          [
            120.590042,
            24.30196
          ],
          [
            120.589994,
            24.301854
          ],
          [
            120.589902,
            24.301566
          ],
          [
            120.589667,
            24.301297
          ],
          [
            120.589461,
            24.301092
          ],
          [
            120.589328,
            24.300893
          ],
          [
            120.589304,
            24.300808
          ],
          [
            120.589308,
            24.300764
          ],
          [
            120.589461,
            24.300544
          ],
          [
            120.58973,
            24.300209
          ],
          [
            120.589914,
            24.300034
          ],
          [
            120.590141,
            24.299854
          ],
          [
            120.590619,
            24.299525
          ],
          [
            120.590619,
            24.299525
          ],
          [
            120.591228,
            24.299105
          ],
          [
            120.59135,
            24.299018
          ],
          [
            120.591415,
            24.298988
          ],
          [
            120.592028,
            24.298869
          ],
          [
            120.592119,
            24.298841
          ],
          [
            120.591984,
            24.298674
          ],
          [
            120.591674,
            24.298484
          ],
          [
            120.59159,
            24.298475
          ],
          [
            120.591179,
            24.29833
          ],
          [
            120.591102,
            24.298274
          ],
          [
            120.590838,
            24.298013
          ],
          [
            120.590627,
            24.297891
          ],
          [
            120.590515,
            24.297887
          ],
          [
            120.590417,
            24.29786
          ],
          [
            120.590013,
            24.297689
          ],
          [
            120.589697,
            24.297569
          ],
          [
            120.589781,
            24.297767
          ],
          [
            120.589925,
            24.297967
          ],
          [
            120.589938,
            24.298037
          ],
          [
            120.58964,
            24.298147
          ],
          [
            120.58964,
            24.298147
          ],
          [
            120.589938,
            24.298037
          ],
          [
            120.589925,
            24.297967
          ],
          [
            120.589781,
            24.297767
          ],
          [
            120.589697,
            24.297569
          ],
          [
            120.589608,
            24.297523
          ],
          [
            120.589557,
            24.297447
          ],
          [
            120.589413,
            24.297007
          ],
          [
            120.589261,
            24.297024
          ],
          [
            120.588754,
            24.297036
          ],
          [
            120.588484,
            24.297041
          ],
          [
            120.588311,
            24.297047
          ],
          [
            120.587853,
            24.297066
          ],
          [
            120.587638,
            24.297064
          ],
          [
            120.586824,
            24.297078
          ],
          [
            120.586015,
            24.297088
          ],
          [
            120.5857,
            24.296997
          ],
          [
            120.585587,
            24.296965
          ],
          [
            120.585665,
            24.297116
          ],
          [
            120.585749,
            24.297235
          ],
          [
            120.585866,
            24.297318
          ],
          [
            120.58601,
            24.297363
          ],
          [
            120.586125,
            24.297389
          ],
          [
            120.585964,
            24.29756
          ],
          [
            120.58646,
            24.298604
          ],
          [
            120.58646,
            24.298604
          ],
          [
            120.585964,
            24.29756
          ],
          [
            120.586125,
            24.297389
          ],
          [
            120.58601,
            24.297363
          ],
          [
            120.585866,
            24.297318
          ],
          [
            120.585749,
            24.297235
          ],
          [
            120.585665,
            24.297116
          ],
          [
            120.585587,
            24.296965
          ],
          [
            120.5857,
            24.296997
          ],
          [
            120.586015,
            24.297088
          ],
          [
            120.586824,
            24.297078
          ],
          [
            120.587638,
            24.297064
          ],
          [
            120.587853,
            24.297066
          ],
          [
            120.588311,
            24.297047
          ],
          [
            120.588484,
            24.297041
          ],
          [
            120.588754,
            24.297036
          ],
          [
            120.589261,
            24.297024
          ],
          [
            120.589413,
            24.297007
          ],
          [
            120.589201,
            24.296549
          ],
          [
            120.589088,
            24.296247
          ],
          [
            120.58888,
            24.2959
          ],
          [
            120.588736,
            24.295672
          ],
          [
            120.588617,
            24.295507
          ],
          [
            120.588052,
            24.294414
          ],
          [
            120.587923,
            24.294209
          ],
          [
            120.58784,
            24.294108
          ],
          [
            120.587814,
            24.293928
          ],
          [
            120.587643,
            24.293658
          ],
          [
            120.586946,
            24.29395
          ],
          [
            120.586212,
            24.29421
          ],
          [
            120.586347,
            24.294578
          ],
          [
            120.586599,
            24.294996
          ],
          [
            120.586746,
            24.295064
          ],
          [
            120.586809,
            24.295137
          ],
          [
            120.586879,
            24.295172
          ],
          [
            120.586879,
            24.295172
          ],
          [
            120.586809,
            24.295137
          ],
          [
            120.586746,
            24.295064
          ],
          [
            120.586599,
            24.294996
          ],
          [
            120.586347,
            24.294578
          ],
          [
            120.586212,
            24.29421
          ],
          [
            120.585849,
            24.294322
          ],
          [
            120.585558,
            24.294352
          ],
          [
            120.585493,
            24.294378
          ],
          [
            120.58548,
            24.2944
          ],
          [
            120.585443,
            24.294436
          ],
          [
            120.585137,
            24.294557
          ],
          [
            120.585105,
            24.294584
          ],
          [
            120.585086,
            24.294613
          ],
          [
            120.585059,
            24.294647
          ],
          [
            120.584615,
            24.294823
          ],
          [
            120.584255,
            24.294935
          ],
          [
            120.584008,
            24.295013
          ],
          [
            120.583988,
            24.29492
          ],
          [
            120.583958,
            24.294823
          ],
          [
            120.583961,
            24.294689
          ],
          [
            120.583918,
            24.294567
          ],
          [
            120.583757,
            24.294414
          ],
          [
            120.58361,
            24.294411
          ],
          [
            120.583512,
            24.294345
          ],
          [
            120.583333,
            24.294383
          ],
          [
            120.583082,
            24.294444
          ],
          [
            120.582855,
            24.293939
          ],
          [
            120.582853,
            24.293525
          ],
          [
            120.58268,
            24.293549
          ],
          [
            120.58268,
            24.293549
          ],
          [
            120.582561,
            24.293565
          ],
          [
            120.582336,
            24.293635
          ],
          [
            120.582243,
            24.293663
          ],
          [
            120.582307,
            24.293824
          ],
          [
            120.582368,
            24.294045
          ],
          [
            120.582346,
            24.294306
          ],
          [
            120.5824,
            24.294522
          ],
          [
            120.582433,
            24.29461
          ],
          [
            120.582451,
            24.294659
          ],
          [
            120.582671,
            24.294875
          ],
          [
            120.582989,
            24.295356
          ],
          [
            120.582522,
            24.29556
          ],
          [
            120.582423,
            24.295649
          ],
          [
            120.582385,
            24.295754
          ],
          [
            120.582398,
            24.296116
          ],
          [
            120.581633,
            24.29593
          ],
          [
            120.580524,
            24.295646
          ],
          [
            120.58019,
            24.295567
          ],
          [
            120.579919,
            24.295463
          ],
          [
            120.579605,
            24.295301
          ],
          [
            120.579198,
            24.295055
          ],
          [
            120.577851,
            24.294241
          ],
          [
            120.577612,
            24.294088
          ],
          [
            120.578368,
            24.293744
          ],
          [
            120.579539,
            24.293178
          ],
          [
            120.579193,
            24.292302
          ],
          [
            120.578982,
            24.291859
          ],
          [
            120.578907,
            24.291783
          ],
          [
            120.578879,
            24.291748
          ],
          [
            120.57891,
            24.291716
          ],
          [
            120.579016,
            24.291625
          ],
          [
            120.579074,
            24.291571
          ],
          [
            120.579086,
            24.291518
          ],
          [
            120.579009,
            24.291476
          ],
          [
            120.578802,
            24.291312
          ],
          [
            120.578745,
            24.291227
          ],
          [
            120.578709,
            24.291132
          ],
          [
            120.578689,
            24.29106
          ],
          [
            120.578674,
            24.291034
          ],
          [
            120.578674,
            24.291034
          ],
          [
            120.578689,
            24.29106
          ],
          [
            120.578709,
            24.291132
          ],
          [
            120.578745,
            24.291227
          ],
          [
            120.578802,
            24.291312
          ],
          [
            120.579009,
            24.291476
          ],
          [
            120.579086,
            24.291518
          ],
          [
            120.579074,
            24.291571
          ],
          [
            120.579016,
            24.291625
          ],
          [
            120.57891,
            24.291716
          ],
          [
            120.578879,
            24.291748
          ],
          [
            120.578907,
            24.291783
          ],
          [
            120.578982,
            24.291859
          ],
          [
            120.579193,
            24.292302
          ],
          [
            120.579539,
            24.293178
          ],
          [
            120.578368,
            24.293744
          ],
          [
            120.577612,
            24.294088
          ],
          [
            120.577479,
            24.294016
          ],
          [
            120.575319,
            24.292664
          ],
          [
            120.574979,
            24.293145
          ],
          [
            120.575018,
            24.293258
          ],
          [
            120.575147,
            24.29353
          ],
          [
            120.575191,
            24.293709
          ],
          [
            120.575205,
            24.293853
          ],
          [
            120.57526,
            24.294206
          ],
          [
            120.575368,
            24.294792
          ],
          [
            120.575528,
            24.295181
          ],
          [
            120.575062,
            24.295302
          ],
          [
            120.574868,
            24.295328
          ],
          [
            120.574366,
            24.295229
          ],
          [
            120.574079,
            24.295066
          ],
          [
            120.57396,
            24.294951
          ],
          [
            120.573523,
            24.294385
          ],
          [
            120.573499,
            24.294332
          ],
          [
            120.573494,
            24.294273
          ],
          [
            120.573444,
            24.294213
          ],
          [
            120.573108,
            24.294046
          ],
          [
            120.57293,
            24.293954
          ],
          [
            120.572623,
            24.293689
          ],
          [
            120.572366,
            24.293508
          ],
          [
            120.57219,
            24.293347
          ],
          [
            120.572087,
            24.293269
          ],
          [
            120.571832,
            24.292937
          ],
          [
            120.571539,
            24.292552
          ],
          [
            120.571387,
            24.292411
          ],
          [
            120.571258,
            24.292319
          ],
          [
            120.571208,
            24.292637
          ],
          [
            120.571162,
            24.292783
          ],
          [
            120.571182,
            24.292901
          ],
          [
            120.571274,
            24.293173
          ],
          [
            120.571319,
            24.293276
          ],
          [
            120.571389,
            24.293437
          ],
          [
            120.571408,
            24.293511
          ],
          [
            120.571408,
            24.293511
          ],
          [
            120.571389,
            24.293437
          ],
          [
            120.571319,
            24.293276
          ],
          [
            120.571274,
            24.293173
          ],
          [
            120.571182,
            24.292901
          ],
          [
            120.571162,
            24.292783
          ],
          [
            120.571208,
            24.292637
          ],
          [
            120.571258,
            24.292319
          ],
          [
            120.571275,
            24.292155
          ],
          [
            120.571249,
            24.292005
          ],
          [
            120.571175,
            24.291337
          ],
          [
            120.571126,
            24.290824
          ],
          [
            120.570229,
            24.291015
          ],
          [
            120.569217,
            24.291208
          ],
          [
            120.569179,
            24.291216
          ],
          [
            120.568471,
            24.291372
          ],
          [
            120.568508,
            24.291594
          ],
          [
            120.568533,
            24.291688
          ],
          [
            120.568533,
            24.291688
          ],
          [
            120.568508,
            24.291594
          ],
          [
            120.568471,
            24.291372
          ],
          [
            120.567906,
            24.2915
          ],
          [
            120.568008,
            24.29167
          ],
          [
            120.56804,
            24.291738
          ],
          [
            120.56804,
            24.291738
          ],
          [
            120.568008,
            24.29167
          ],
          [
            120.567906,
            24.2915
          ],
          [
            120.567012,
            24.291669
          ],
          [
            120.567334,
            24.292136
          ],
          [
            120.567431,
            24.292304
          ],
          [
            120.567431,
            24.292304
          ],
          [
            120.56748,
            24.292389
          ],
          [
            120.567601,
            24.29258
          ],
          [
            120.567515,
            24.292663
          ],
          [
            120.567177,
            24.292931
          ],
          [
            120.567023,
            24.293009
          ],
          [
            120.566985,
            24.293001
          ],
          [
            120.566793,
            24.293055
          ],
          [
            120.566831,
            24.293083
          ],
          [
            120.566934,
            24.293174
          ],
          [
            120.566977,
            24.293246
          ],
          [
            120.567135,
            24.293446
          ],
          [
            120.567345,
            24.293693
          ],
          [
            120.567588,
            24.29396
          ],
          [
            120.567654,
            24.294262
          ],
          [
            120.567753,
            24.294605
          ],
          [
            120.567771,
            24.2949
          ],
          [
            120.567833,
            24.295035
          ],
          [
            120.567902,
            24.29513
          ],
          [
            120.567902,
            24.29513
          ],
          [
            120.567948,
            24.295194
          ],
          [
            120.568033,
            24.295309
          ],
          [
            120.568115,
            24.295334
          ],
          [
            120.568206,
            24.295414
          ],
          [
            120.568636,
            24.295204
          ],
          [
            120.56876,
            24.295147
          ],
          [
            120.569153,
            24.294919
          ],
          [
            120.569215,
            24.295009
          ],
          [
            120.569425,
            24.295317
          ],
          [
            120.569488,
            24.295447
          ],
          [
            120.569449,
            24.295643
          ],
          [
            120.569471,
            24.295744
          ],
          [
            120.569512,
            24.295929
          ],
          [
            120.56962,
            24.296302
          ],
          [
            120.569644,
            24.296493
          ],
          [
            120.569687,
            24.296643
          ],
          [
            120.57016,
            24.296755
          ],
          [
            120.570268,
            24.29704
          ],
          [
            120.570294,
            24.2972
          ],
          [
            120.570343,
            24.297247
          ],
          [
            120.570882,
            24.297156
          ],
          [
            120.570933,
            24.297389
          ],
          [
            120.571081,
            24.297851
          ],
          [
            120.57111,
            24.298018
          ],
          [
            120.571155,
            24.298201
          ],
          [
            120.571135,
            24.298324
          ],
          [
            120.571155,
            24.298443
          ],
          [
            120.571187,
            24.298724
          ],
          [
            120.571155,
            24.298835
          ],
          [
            120.573709,
            24.299507
          ],
          [
            120.574759,
            24.299826
          ],
          [
            120.574727,
            24.299911
          ],
          [
            120.574697,
            24.299987
          ],
          [
            120.574677,
            24.300058
          ],
          [
            120.571087,
            24.299077
          ],
          [
            120.569195,
            24.298551
          ],
          [
            120.568487,
            24.298347
          ],
          [
            120.567811,
            24.298152
          ],
          [
            120.564543,
            24.297264
          ],
          [
            120.564559,
            24.297348
          ],
          [
            120.564564,
            24.297462
          ],
          [
            120.564564,
            24.297645
          ],
          [
            120.564538,
            24.298473
          ],
          [
            120.564449,
            24.298937
          ],
          [
            120.564372,
            24.299257
          ],
          [
            120.564324,
            24.29951
          ],
          [
            120.564271,
            24.299663
          ],
          [
            120.563931,
            24.301143
          ],
          [
            120.563833,
            24.301577
          ],
          [
            120.563668,
            24.302358
          ],
          [
            120.563536,
            24.302939
          ],
          [
            120.56325,
            24.303621
          ],
          [
            120.5632,
            24.303809
          ],
          [
            120.563189,
            24.30395
          ],
          [
            120.563344,
            24.304655
          ],
          [
            120.56352,
            24.305237
          ],
          [
            120.56352,
            24.305431
          ],
          [
            120.563493,
            24.305549
          ],
          [
            120.563289,
            24.306194
          ],
          [
            120.563235,
            24.306316
          ],
          [
            120.563103,
            24.306667
          ],
          [
            120.563039,
            24.306904
          ],
          [
            120.562778,
            24.308361
          ],
          [
            120.562755,
            24.308486
          ],
          [
            120.562614,
            24.309368
          ],
          [
            120.562585,
            24.309569
          ],
          [
            120.562582,
            24.30997
          ],
          [
            120.562652,
            24.310537
          ],
          [
            120.562704,
            24.310988
          ],
          [
            120.562743,
            24.311305
          ],
          [
            120.562761,
            24.311542
          ],
          [
            120.562818,
            24.312081
          ],
          [
            120.562861,
            24.31245
          ],
          [
            120.562962,
            24.312816
          ],
          [
            120.563205,
            24.31344
          ],
          [
            120.563273,
            24.313669
          ],
          [
            120.563367,
            24.314023
          ],
          [
            120.563448,
            24.314373
          ],
          [
            120.56408,
            24.316598
          ],
          [
            120.56404,
            24.316685
          ],
          [
            120.564203,
            24.316881
          ],
          [
            120.564501,
            24.317248
          ],
          [
            120.56433,
            24.317463
          ],
          [
            120.564346,
            24.317552
          ],
          [
            120.56439,
            24.317749
          ],
          [
            120.564154,
            24.31774
          ],
          [
            120.564041,
            24.317759
          ],
          [
            120.563946,
            24.317882
          ],
          [
            120.563898,
            24.317912
          ],
          [
            120.563637,
            24.317928
          ],
          [
            120.563637,
            24.317928
          ],
          [
            120.563615,
            24.317929
          ],
          [
            120.563304,
            24.317945
          ],
          [
            120.563214,
            24.317928
          ],
          [
            120.563088,
            24.317881
          ],
          [
            120.562958,
            24.317874
          ],
          [
            120.562526,
            24.317883
          ],
          [
            120.562231,
            24.317863
          ],
          [
            120.561753,
            24.317885
          ],
          [
            120.561601,
            24.31787
          ],
          [
            120.561039,
            24.317747
          ],
          [
            120.561103,
            24.317859
          ],
          [
            120.561118,
            24.318042
          ],
          [
            120.561079,
            24.318471
          ],
          [
            120.560818,
            24.318537
          ],
          [
            120.560728,
            24.318641
          ],
          [
            120.560703,
            24.318672
          ],
          [
            120.56065,
            24.318683
          ],
          [
            120.560546,
            24.318607
          ],
          [
            120.560447,
            24.318593
          ],
          [
            120.560298,
            24.318654
          ],
          [
            120.560211,
            24.31882
          ],
          [
            120.560207,
            24.318856
          ],
          [
            120.560207,
            24.318856
          ],
          [
            120.560211,
            24.31882
          ],
          [
            120.560298,
            24.318654
          ],
          [
            120.560447,
            24.318593
          ],
          [
            120.560546,
            24.318607
          ],
          [
            120.56065,
            24.318683
          ],
          [
            120.560703,
            24.318672
          ],
          [
            120.560728,
            24.318641
          ],
          [
            120.560818,
            24.318537
          ],
          [
            120.561079,
            24.318471
          ],
          [
            120.561118,
            24.318042
          ],
          [
            120.561103,
            24.317859
          ],
          [
            120.561039,
            24.317747
          ],
          [
            120.560582,
            24.317689
          ],
          [
            120.55954,
            24.317616
          ],
          [
            120.559368,
            24.317613
          ],
          [
            120.559113,
            24.317648
          ],
          [
            120.558555,
            24.317807
          ],
          [
            120.558394,
            24.317889
          ],
          [
            120.55781,
            24.318141
          ],
          [
            120.557124,
            24.318133
          ],
          [
            120.556849,
            24.317981
          ],
          [
            120.556492,
            24.31796
          ],
          [
            120.556467,
            24.318283
          ],
          [
            120.556444,
            24.318318
          ],
          [
            120.556479,
            24.318386
          ],
          [
            120.55664,
            24.318702
          ],
          [
            120.55676,
            24.318914
          ],
          [
            120.556857,
            24.318867
          ],
          [
            120.556857,
            24.318867
          ],
          [
            120.55676,
            24.318914
          ],
          [
            120.55664,
            24.318702
          ],
          [
            120.556479,
            24.318386
          ],
          [
            120.556444,
            24.318318
          ],
          [
            120.556467,
            24.318283
          ],
          [
            120.556492,
            24.31796
          ],
          [
            120.556498,
            24.317718
          ],
          [
            120.556523,
            24.317449
          ],
          [
            120.556687,
            24.316955
          ],
          [
            120.556536,
            24.316925
          ],
          [
            120.556281,
            24.317051
          ],
          [
            120.556037,
            24.317033
          ],
          [
            120.554976,
            24.316803
          ],
          [
            120.554575,
            24.316873
          ],
          [
            120.554721,
            24.317091
          ],
          [
            120.554137,
            24.317269
          ],
          [
            120.554239,
            24.31741
          ],
          [
            120.55441,
            24.317595
          ],
          [
            120.554533,
            24.317767
          ],
          [
            120.554597,
            24.317853
          ],
          [
            120.554717,
            24.318116
          ],
          [
            120.55482,
            24.318268
          ],
          [
            120.554827,
            24.318284
          ],
          [
            120.554827,
            24.318284
          ],
          [
            120.55482,
            24.318268
          ],
          [
            120.554717,
            24.318116
          ],
          [
            120.554597,
            24.317853
          ],
          [
            120.554533,
            24.317767
          ],
          [
            120.55441,
            24.317595
          ],
          [
            120.554239,
            24.31741
          ],
          [
            120.554137,
            24.317269
          ],
          [
            120.554721,
            24.317091
          ],
          [
            120.554575,
            24.316873
          ],
          [
            120.554976,
            24.316803
          ],
          [
            120.556037,
            24.317033
          ],
          [
            120.556281,
            24.317051
          ],
          [
            120.556536,
            24.316925
          ],
          [
            120.556687,
            24.316955
          ],
          [
            120.556957,
            24.316008
          ],
          [
            120.556836,
            24.314416
          ],
          [
            120.556807,
            24.314173
          ],
          [
            120.557079,
            24.312829
          ],
          [
            120.556992,
            24.312588
          ],
          [
            120.556895,
            24.312284
          ],
          [
            120.556988,
            24.312275
          ],
          [
            120.556988,
            24.312275
          ],
          [
            120.556895,
            24.312284
          ],
          [
            120.556831,
            24.311543
          ],
          [
            120.556775,
            24.311256
          ],
          [
            120.556865,
            24.310919
          ],
          [
            120.556464,
            24.310887
          ],
          [
            120.556308,
            24.310882
          ],
          [
            120.556075,
            24.310917
          ],
          [
            120.555774,
            24.310971
          ],
          [
            120.555217,
            24.311118
          ],
          [
            120.55507,
            24.311152
          ],
          [
            120.554942,
            24.311163
          ],
          [
            120.554696,
            24.311173
          ],
          [
            120.55456,
            24.311153
          ],
          [
            120.55444,
            24.311106
          ],
          [
            120.554324,
            24.311043
          ],
          [
            120.554164,
            24.310955
          ],
          [
            120.55401,
            24.310921
          ],
          [
            120.553787,
            24.310899
          ],
          [
            120.553631,
            24.310924
          ],
          [
            120.553485,
            24.310944
          ],
          [
            120.553194,
            24.310992
          ],
          [
            120.55299,
            24.311052
          ],
          [
            120.552788,
            24.311123
          ],
          [
            120.552416,
            24.311184
          ],
          [
            120.55179,
            24.310802
          ],
          [
            120.551962,
            24.310556
          ],
          [
            120.551957,
            24.310158
          ],
          [
            120.551976,
            24.310092
          ],
          [
            120.552218,
            24.310056
          ],
          [
            120.552339,
            24.31003
          ],
          [
            120.552465,
            24.309945
          ],
          [
            120.552478,
            24.309722
          ],
          [
            120.552352,
            24.309528
          ],
          [
            120.552349,
            24.309442
          ],
          [
            120.552566,
            24.309219
          ],
          [
            120.552626,
            24.308946
          ],
          [
            120.55286,
            24.308761
          ],
          [
            120.553192,
            24.308395
          ],
          [
            120.553209,
            24.308358
          ],
          [
            120.553199,
            24.308202
          ],
          [
            120.553245,
            24.30815
          ],
          [
            120.553828,
            24.308037
          ],
          [
            120.553858,
            24.307986
          ],
          [
            120.553813,
            24.307754
          ],
          [
            120.553813,
            24.307754
          ],
          [
            120.553755,
            24.307459
          ],
          [
            120.553821,
            24.30737
          ],
          [
            120.554024,
            24.307401
          ],
          [
            120.5549,
            24.307476
          ],
          [
            120.555151,
            24.30741
          ],
          [
            120.555211,
            24.307377
          ],
          [
            120.555702,
            24.307339
          ],
          [
            120.555804,
            24.307427
          ],
          [
            120.555981,
            24.307931
          ],
          [
            120.556084,
            24.308317
          ],
          [
            120.556159,
            24.308647
          ],
          [
            120.556183,
            24.308828
          ],
          [
            120.556241,
            24.309031
          ],
          [
            120.556318,
            24.30924
          ],
          [
            120.556362,
            24.309467
          ],
          [
            120.556392,
            24.309692
          ],
          [
            120.556474,
            24.310093
          ],
          [
            120.556464,
            24.310887
          ],
          [
            120.556865,
            24.310919
          ],
          [
            120.557073,
            24.31093
          ],
          [
            120.557282,
            24.31086
          ],
          [
            120.557589,
            24.310597
          ],
          [
            120.557917,
            24.310459
          ],
          [
            120.558566,
            24.309933
          ],
          [
            120.557914,
            24.30871
          ],
          [
            120.557184,
            24.307272
          ],
          [
            120.556412,
            24.305792
          ],
          [
            120.554813,
            24.302786
          ],
          [
            120.554533,
            24.302139
          ],
          [
            120.554427,
            24.301627
          ],
          [
            120.554357,
            24.301221
          ],
          [
            120.554223,
            24.3009
          ],
          [
            120.553974,
            24.300109
          ],
          [
            120.55377,
            24.299499
          ],
          [
            120.553683,
            24.299197
          ],
          [
            120.553436,
            24.298344
          ],
          [
            120.553217,
            24.297517
          ],
          [
            120.55285,
            24.296844
          ],
          [
            120.552757,
            24.296509
          ],
          [
            120.552748,
            24.296477
          ],
          [
            120.552721,
            24.29635
          ],
          [
            120.552691,
            24.296228
          ],
          [
            120.552652,
            24.296097
          ],
          [
            120.552464,
            24.295416
          ],
          [
            120.552423,
            24.295297
          ],
          [
            120.5522,
            24.294479
          ],
          [
            120.552102,
            24.294124
          ],
          [
            120.552088,
            24.294069
          ],
          [
            120.552041,
            24.293936
          ],
          [
            120.552008,
            24.293849
          ],
          [
            120.551986,
            24.293756
          ],
          [
            120.551965,
            24.293663
          ],
          [
            120.551943,
            24.29357
          ],
          [
            120.552206,
            24.29365
          ],
          [
            120.552755,
            24.293799
          ],
          [
            120.553742,
            24.294058
          ],
          [
            120.554147,
            24.294174
          ],
          [
            120.555171,
            24.294453
          ],
          [
            120.555422,
            24.294528
          ],
          [
            120.555577,
            24.294572
          ],
          [
            120.556487,
            24.29481
          ],
          [
            120.557914,
            24.295199
          ],
          [
            120.558092,
            24.295118
          ],
          [
            120.558576,
            24.294901
          ],
          [
            120.558542,
            24.294833
          ],
          [
            120.558196,
            24.293673
          ],
          [
            120.557989,
            24.29297
          ],
          [
            120.557768,
            24.29224
          ],
          [
            120.557625,
            24.291764
          ],
          [
            120.557529,
            24.291543
          ],
          [
            120.558048,
            24.291394
          ],
          [
            120.557848,
            24.291085
          ],
          [
            120.557775,
            24.291042
          ],
          [
            120.557624,
            24.291086
          ],
          [
            120.557624,
            24.291086
          ],
          [
            120.557775,
            24.291042
          ],
          [
            120.557848,
            24.291085
          ],
          [
            120.558048,
            24.291394
          ],
          [
            120.559133,
            24.29116
          ],
          [
            120.563852,
            24.289955
          ],
          [
            120.563316,
            24.289545
          ],
          [
            120.563123,
            24.289436
          ],
          [
            120.562924,
            24.289178
          ],
          [
            120.562742,
            24.288715
          ],
          [
            120.562779,
            24.288706
          ],
          [
            120.56368,
            24.288479
          ],
          [
            120.56368,
            24.288479
          ],
          [
            120.566768,
            24.2877
          ],
          [
            120.566446,
            24.286683
          ],
          [
            120.566425,
            24.286584
          ],
          [
            120.566442,
            24.286498
          ],
          [
            120.566386,
            24.286266
          ],
          [
            120.567067,
            24.28609
          ],
          [
            120.567067,
            24.28609
          ],
          [
            120.566386,
            24.286266
          ],
          [
            120.563608,
            24.286949
          ],
          [
            120.562264,
            24.287268
          ],
          [
            120.562089,
            24.286673
          ],
          [
            120.562065,
            24.286359
          ],
          [
            120.562054,
            24.286291
          ],
          [
            120.562036,
            24.286184
          ],
          [
            120.561988,
            24.285926
          ],
          [
            120.561945,
            24.285723
          ],
          [
            120.561899,
            24.285486
          ],
          [
            120.561808,
            24.28535
          ],
          [
            120.561584,
            24.285081
          ],
          [
            120.561375,
            24.284903
          ],
          [
            120.561204,
            24.284644
          ],
          [
            120.560919,
            24.284331
          ],
          [
            120.560511,
            24.283879
          ],
          [
            120.560383,
            24.283766
          ],
          [
            120.560271,
            24.283494
          ],
          [
            120.559371,
            24.284364
          ],
          [
            120.559315,
            24.284428
          ],
          [
            120.558726,
            24.284543
          ],
          [
            120.5587,
            24.284557
          ],
          [
            120.558686,
            24.284578
          ],
          [
            120.558746,
            24.284928
          ],
          [
            120.558741,
            24.284969
          ],
          [
            120.558383,
            24.28533
          ],
          [
            120.558345,
            24.285346
          ],
          [
            120.558052,
            24.285444
          ],
          [
            120.557905,
            24.284826
          ],
          [
            120.557644,
            24.284655
          ],
          [
            120.557644,
            24.284655
          ],
          [
            120.557905,
            24.284826
          ],
          [
            120.558052,
            24.285444
          ],
          [
            120.55692,
            24.285814
          ],
          [
            120.555763,
            24.286192
          ],
          [
            120.554609,
            24.286572
          ],
          [
            120.553899,
            24.284711
          ],
          [
            120.55455,
            24.284483
          ],
          [
            120.55461,
            24.284445
          ],
          [
            120.554655,
            24.284432
          ],
          [
            120.554743,
            24.28443
          ],
          [
            120.554743,
            24.28443
          ]
        ]
      },
      "properties": {
        "routeId": "taichung-ked-3329-a722fc-d4",
        "city": "taichung",
        "source_file": "taichung/taichung-ked-3329-a722fc-d4.geojson",
        "distance_km": 68.568,
        "duration_min": 128.24143333333333,
        "valhalla_config": "valhalla.json"
      }
    }
  ]
}