{
  "type": "FeatureCollection",
  "features": [
    {
      "type": "Feature",
      "geometry": {
        "type": "LineString",
        "coordinates": [
          [
            120.665345,
            24.189733
          ],
          [
            120.665058,
            24.190123
          ],
          [
            120.664839,
            24.189992
          ],
          [
            120.664521,
            24.189802
          ],
          [
            120.663998,
            24.189489
          ],
          [
            120.663512,
            24.189189
          ],
          [
            120.663047,
            24.188901
          ],
          [
            120.663852,
            24.187588
          ],
          [
            120.663865,
            24.187566
          ],
          [
            120.664379,
            24.186728
          ],
          [
            120.66479,
            24.186058
          ],
          [
            120.664531,
            24.185923
          ],
          [
            120.664221,
            24.185762
          ],
          [
            120.664193,
            24.185748
          ],
          [
            120.664096,
            24.185698
          ],
          [
            120.664045,
            24.185786
          ],
          [
            120.663778,
            24.186243
          ],
          [
            120.663719,
            24.186347
          ],
          [
            120.663279,
            24.187106
          ],
          [
            120.66301,
            24.187558
          ],
          [
            120.662902,
            24.187739
          ],
          [
            120.662743,
            24.188001
          ],
          [
            120.662511,
            24.188397
          ],
          [
            120.662484,
            24.188451
          ],
          [
            120.662441,
            24.188542
          ],
          [
            120.662597,
            24.188637
          ],
          [
            120.663047,
            24.188901
          ],
          [
            120.663512,
            24.189189
          ],
          [
            120.663998,
            24.189489
          ],
          [
            120.664521,
            24.189802
          ],
          [
            120.664839,
            24.189992
          ],
          [
            120.665058,
            24.190123
          ],
          [
            120.665345,
            24.189733
          ],
          [
            120.665058,
            24.190123
          ],
          [
            120.664839,
            24.189992
          ],
          [
            120.664521,
            24.189802
          ],
          [
            120.663998,
            24.189489
          ],
          [
            120.663512,
            24.189189
          ],
          [
            120.663047,
            24.188901
          ],
          [
            120.662597,
            24.188637
          ],
          [
            120.662441,
            24.188542
          ],
          [
            120.662349,
            24.18849
          ],
          [
            120.662392,
            24.188414
          ],
          [
            120.662415,
            24.188373
          ],
          [
            120.66249,
            24.18824
          ],
          [
            120.662555,
            24.188125
          ],
          [
            120.662651,
            24.187955
          ],
          [
            120.663159,
            24.187056
          ],
          [
            120.663209,
            24.186975
          ],
          [
            120.663416,
            24.186613
          ],
          [
            120.663573,
            24.186344
          ],
          [
            120.663905,
            24.185772
          ],
          [
            120.663928,
            24.185732
          ],
          [
            120.663982,
            24.185639
          ],
          [
            120.66402,
            24.185575
          ],
          [
            120.664079,
            24.185474
          ],
          [
            120.66423,
            24.185216
          ],
          [
            120.664522,
            24.184718
          ],
          [
            120.664936,
            24.184011
          ],
          [
            120.665043,
            24.183829
          ],
          [
            120.665112,
            24.183954
          ],
          [
            120.664888,
            24.184334
          ],
          [
            120.664508,
            24.184989
          ],
          [
            120.664224,
            24.185478
          ],
          [
            120.664197,
            24.185525
          ],
          [
            120.664133,
            24.185635
          ],
          [
            120.66423,
            24.185686
          ],
          [
            120.664826,
            24.186
          ],
          [
            120.66479,
            24.186058
          ],
          [
            120.664531,
            24.185923
          ],
          [
            120.664221,
            24.185762
          ],
          [
            120.664193,
            24.185748
          ],
          [
            120.664096,
            24.185698
          ],
          [
            120.663982,
            24.185639
          ],
          [
            120.66402,
            24.185575
          ],
          [
            120.664079,
            24.185474
          ],
          [
            120.664936,
            24.184011
          ],
          [
            120.665043,
            24.183829
          ],
          [
            120.665613,
            24.182905
          ],
          [
            120.665645,
            24.182844
          ],
          [
            120.665704,
            24.182737
          ],
          [
            120.665746,
            24.182648
          ],
          [
            120.666233,
            24.181687
          ],
          [
            120.666251,
            24.181651
          ],
          [
            120.665973,
            24.181562
          ],
          [
            120.665885,
            24.181514
          ],
          [
            120.665241,
            24.18226
          ],
          [
            120.665274,
            24.18232
          ],
          [
            120.665357,
            24.182513
          ],
          [
            120.665636,
            24.182058
          ],
          [
            120.665357,
            24.182513
          ],
          [
            120.665274,
            24.18232
          ],
          [
            120.665241,
            24.18226
          ],
          [
            120.665885,
            24.181514
          ],
          [
            120.665973,
            24.181562
          ],
          [
            120.666035,
            24.181582
          ],
          [
            120.666251,
            24.181651
          ],
          [
            120.666354,
            24.181447
          ],
          [
            120.666561,
            24.181034
          ],
          [
            120.666725,
            24.180734
          ],
          [
            120.666903,
            24.180436
          ],
          [
            120.667052,
            24.180196
          ],
          [
            120.667294,
            24.179888
          ],
          [
            120.667454,
            24.179666
          ],
          [
            120.667535,
            24.17975
          ],
          [
            120.666998,
            24.180466
          ],
          [
            120.666841,
            24.180726
          ],
          [
            120.666463,
            24.181492
          ],
          [
            120.666344,
            24.181733
          ],
          [
            120.666141,
            24.182142
          ],
          [
            120.665961,
            24.182484
          ],
          [
            120.665874,
            24.182646
          ],
          [
            120.66585,
            24.182693
          ],
          [
            120.665807,
            24.182787
          ],
          [
            120.665757,
            24.182893
          ],
          [
            120.665203,
            24.183797
          ],
          [
            120.665112,
            24.183954
          ],
          [
            120.664888,
            24.184334
          ],
          [
            120.664508,
            24.184989
          ],
          [
            120.664224,
            24.185478
          ],
          [
            120.664197,
            24.185525
          ],
          [
            120.664133,
            24.185635
          ],
          [
            120.664096,
            24.185698
          ],
          [
            120.663982,
            24.185639
          ],
          [
            120.66402,
            24.185575
          ],
          [
            120.664079,
            24.185474
          ],
          [
            120.66423,
            24.185216
          ],
          [
            120.664936,
            24.184011
          ],
          [
            120.665043,
            24.183829
          ],
          [
            120.665613,
            24.182905
          ],
          [
            120.665645,
            24.182844
          ],
          [
            120.665704,
            24.182737
          ],
          [
            120.665746,
            24.182648
          ],
          [
            120.666233,
            24.181687
          ],
          [
            120.666251,
            24.181651
          ],
          [
            120.665973,
            24.181562
          ],
          [
            120.666141,
            24.181247
          ],
          [
            120.66632,
            24.180912
          ],
          [
            120.666561,
            24.181034
          ],
          [
            120.666725,
            24.180734
          ],
          [
            120.666903,
            24.180436
          ],
          [
            120.667052,
            24.180196
          ],
          [
            120.667294,
            24.179888
          ],
          [
            120.667454,
            24.179666
          ],
          [
            120.667535,
            24.17975
          ],
          [
            120.666998,
            24.180466
          ],
          [
            120.666841,
            24.180726
          ],
          [
            120.666463,
            24.181492
          ],
          [
            120.666344,
            24.181733
          ],
          [
            120.666141,
            24.182142
          ],
          [
            120.665961,
            24.182484
          ],
          [
            120.665874,
            24.182646
          ],
          [
            120.66585,
            24.182693
          ],
          [
            120.665807,
            24.182787
          ],
          [
            120.665757,
            24.182893
          ],
          [
            120.665203,
            24.183797
          ],
          [
            120.665112,
            24.183954
          ],
          [
            120.664888,
            24.184334
          ],
          [
            120.664508,
            24.184989
          ],
          [
            120.664224,
            24.185478
          ],
          [
            120.664197,
            24.185525
          ],
          [
            120.664133,
            24.185635
          ],
          [
            120.664096,
            24.185698
          ],
          [
            120.663982,
            24.185639
          ],
          [
            120.66402,
            24.185575
          ],
          [
            120.664079,
            24.185474
          ],
          [
            120.664522,
            24.184718
          ],
          [
            120.664936,
            24.184011
          ],
          [
            120.665043,
            24.183829
          ],
          [
            120.665613,
            24.182905
          ],
          [
            120.665645,
            24.182844
          ],
          [
            120.665704,
            24.182737
          ],
          [
            120.665746,
            24.182648
          ],
          [
            120.666233,
            24.181687
          ],
          [
            120.666251,
            24.181651
          ],
          [
            120.666354,
            24.181447
          ],
          [
            120.666561,
            24.181034
          ],
          [
            120.666725,
            24.180734
          ],
          [
            120.666903,
            24.180436
          ],
          [
            120.667052,
            24.180196
          ],
          [
            120.667294,
            24.179888
          ],
          [
            120.667176,
            24.179792
          ],
          [
            120.667294,
            24.179888
          ],
          [
            120.667454,
            24.179666
          ],
          [
            120.667535,
            24.17975
          ],
          [
            120.666998,
            24.180466
          ],
          [
            120.666841,
            24.180726
          ],
          [
            120.666463,
            24.181492
          ],
          [
            120.666344,
            24.181733
          ],
          [
            120.666141,
            24.182142
          ],
          [
            120.665961,
            24.182484
          ],
          [
            120.665874,
            24.182646
          ],
          [
            120.66585,
            24.182693
          ],
          [
            120.665807,
            24.182787
          ],
          [
            120.665757,
            24.182893
          ],
          [
            120.665203,
            24.183797
          ],
          [
            120.665112,
            24.183954
          ],
          [
            120.665043,
            24.183829
          ],
          [
            120.665015,
            24.183814
          ],
          [
            120.664671,
            24.183629
          ],
          [
            120.664942,
            24.183172
          ],
          [
            120.664671,
            24.183629
          ],
          [
            120.665015,
            24.183814
          ],
          [
            120.665043,
            24.183829
          ],
          [
            120.665613,
            24.182905
          ],
          [
            120.665645,
            24.182844
          ],
          [
            120.665704,
            24.182737
          ],
          [
            120.665746,
            24.182648
          ],
          [
            120.666233,
            24.181687
          ],
          [
            120.666251,
            24.181651
          ],
          [
            120.666354,
            24.181447
          ],
          [
            120.666561,
            24.181034
          ],
          [
            120.666725,
            24.180734
          ],
          [
            120.666903,
            24.180436
          ],
          [
            120.667052,
            24.180196
          ],
          [
            120.667294,
            24.179888
          ],
          [
            120.667454,
            24.179666
          ],
          [
            120.667692,
            24.179351
          ],
          [
            120.66789,
            24.179088
          ],
          [
            120.668063,
            24.178866
          ],
          [
            120.668442,
            24.178382
          ],
          [
            120.668473,
            24.178342
          ],
          [
            120.668588,
            24.178196
          ],
          [
            120.668696,
            24.178265
          ],
          [
            120.668574,
            24.178418
          ],
          [
            120.668276,
            24.178791
          ],
          [
            120.667874,
            24.179311
          ],
          [
            120.667535,
            24.17975
          ],
          [
            120.666998,
            24.180466
          ],
          [
            120.666841,
            24.180726
          ],
          [
            120.666463,
            24.181492
          ],
          [
            120.666344,
            24.181733
          ],
          [
            120.666141,
            24.182142
          ],
          [
            120.665961,
            24.182484
          ],
          [
            120.665874,
            24.182646
          ],
          [
            120.66585,
            24.182693
          ],
          [
            120.665807,
            24.182787
          ],
          [
            120.665704,
            24.182737
          ],
          [
            120.665746,
            24.182648
          ],
          [
            120.666233,
            24.181687
          ],
          [
            120.666251,
            24.181651
          ],
          [
            120.665973,
            24.181562
          ],
          [
            120.665885,
            24.181514
          ],
          [
            120.665241,
            24.18226
          ],
          [
            120.665274,
            24.18232
          ],
          [
            120.665357,
            24.182513
          ],
          [
            120.665636,
            24.182058
          ],
          [
            120.665357,
            24.182513
          ],
          [
            120.665274,
            24.18232
          ],
          [
            120.665241,
            24.18226
          ],
          [
            120.665885,
            24.181514
          ],
          [
            120.665973,
            24.181562
          ],
          [
            120.666251,
            24.181651
          ],
          [
            120.666354,
            24.181447
          ],
          [
            120.666561,
            24.181034
          ],
          [
            120.666725,
            24.180734
          ],
          [
            120.666903,
            24.180436
          ],
          [
            120.667052,
            24.180196
          ],
          [
            120.667294,
            24.179888
          ],
          [
            120.667454,
            24.179666
          ],
          [
            120.66789,
            24.179088
          ],
          [
            120.66831,
            24.178551
          ],
          [
            120.668442,
            24.178382
          ],
          [
            120.668473,
            24.178342
          ],
          [
            120.668588,
            24.178196
          ],
          [
            120.668696,
            24.178265
          ],
          [
            120.668574,
            24.178418
          ],
          [
            120.668276,
            24.178791
          ],
          [
            120.667874,
            24.179311
          ],
          [
            120.667535,
            24.17975
          ],
          [
            120.666998,
            24.180466
          ],
          [
            120.666841,
            24.180726
          ],
          [
            120.666463,
            24.181492
          ],
          [
            120.666344,
            24.181733
          ],
          [
            120.666141,
            24.182142
          ],
          [
            120.665961,
            24.182484
          ],
          [
            120.665874,
            24.182646
          ],
          [
            120.66585,
            24.182693
          ],
          [
            120.665807,
            24.182787
          ],
          [
            120.665704,
            24.182737
          ],
          [
            120.665746,
            24.182648
          ],
          [
            120.666233,
            24.181687
          ],
          [
            120.666251,
            24.181651
          ],
          [
            120.666035,
            24.181582
          ],
          [
            120.665973,
            24.181562
          ],
          [
            120.666141,
            24.181247
          ],
          [
            120.66632,
            24.180912
          ],
          [
            120.666561,
            24.181034
          ],
          [
            120.666725,
            24.180734
          ],
          [
            120.666903,
            24.180436
          ],
          [
            120.667052,
            24.180196
          ],
          [
            120.667294,
            24.179888
          ],
          [
            120.667176,
            24.179792
          ],
          [
            120.667294,
            24.179888
          ],
          [
            120.667454,
            24.179666
          ],
          [
            120.66789,
            24.179088
          ],
          [
            120.668442,
            24.178382
          ],
          [
            120.668473,
            24.178342
          ],
          [
            120.668588,
            24.178196
          ],
          [
            120.669153,
            24.177454
          ],
          [
            120.669389,
            24.177209
          ],
          [
            120.669696,
            24.176791
          ],
          [
            120.669858,
            24.176572
          ],
          [
            120.669899,
            24.176515
          ],
          [
            120.669997,
            24.176618
          ],
          [
            120.669968,
            24.176658
          ],
          [
            120.669809,
            24.176879
          ],
          [
            120.669499,
            24.177274
          ],
          [
            120.669262,
            24.177504
          ],
          [
            120.66911,
            24.177697
          ],
          [
            120.668775,
            24.178145
          ],
          [
            120.668755,
            24.178172
          ],
          [
            120.668696,
            24.178265
          ],
          [
            120.668574,
            24.178418
          ],
          [
            120.668276,
            24.178791
          ],
          [
            120.667874,
            24.179311
          ],
          [
            120.667535,
            24.17975
          ],
          [
            120.667454,
            24.179666
          ],
          [
            120.667692,
            24.179351
          ],
          [
            120.66789,
            24.179088
          ],
          [
            120.668063,
            24.178866
          ],
          [
            120.66831,
            24.178551
          ],
          [
            120.668442,
            24.178382
          ],
          [
            120.668473,
            24.178342
          ],
          [
            120.668588,
            24.178196
          ],
          [
            120.669153,
            24.177454
          ],
          [
            120.669389,
            24.177209
          ],
          [
            120.669858,
            24.176572
          ],
          [
            120.669899,
            24.176515
          ],
          [
            120.669934,
            24.176471
          ],
          [
            120.670075,
            24.176291
          ],
          [
            120.670163,
            24.176179
          ],
          [
            120.670627,
            24.175553
          ],
          [
            120.670689,
            24.175462
          ],
          [
            120.670878,
            24.175222
          ],
          [
            120.670997,
            24.175007
          ],
          [
            120.671079,
            24.175045
          ],
          [
            120.670894,
            24.175352
          ],
          [
            120.670841,
            24.175434
          ],
          [
            120.670667,
            24.175675
          ],
          [
            120.6705,
            24.175893
          ],
          [
            120.670226,
            24.176285
          ],
          [
            120.670134,
            24.17641
          ],
          [
            120.670024,
            24.176578
          ],
          [
            120.669997,
            24.176618
          ],
          [
            120.669968,
            24.176658
          ],
          [
            120.669809,
            24.176879
          ],
          [
            120.669499,
            24.177274
          ],
          [
            120.669389,
            24.177209
          ],
          [
            120.669696,
            24.176791
          ],
          [
            120.669858,
            24.176572
          ],
          [
            120.669899,
            24.176515
          ],
          [
            120.669934,
            24.176471
          ],
          [
            120.670163,
            24.176179
          ],
          [
            120.670627,
            24.175553
          ],
          [
            120.670689,
            24.175462
          ],
          [
            120.670878,
            24.175222
          ],
          [
            120.670997,
            24.175007
          ],
          [
            120.670694,
            24.174843
          ],
          [
            120.670521,
            24.175096
          ],
          [
            120.67051,
            24.175112
          ],
          [
            120.670285,
            24.175452
          ],
          [
            120.670257,
            24.175495
          ],
          [
            120.670285,
            24.175452
          ],
          [
            120.67051,
            24.175112
          ],
          [
            120.670521,
            24.175096
          ],
          [
            120.670694,
            24.174843
          ],
          [
            120.670997,
            24.175007
          ],
          [
            120.671079,
            24.175045
          ],
          [
            120.670894,
            24.175352
          ],
          [
            120.670841,
            24.175434
          ],
          [
            120.670667,
            24.175675
          ],
          [
            120.6705,
            24.175893
          ],
          [
            120.670226,
            24.176285
          ],
          [
            120.670134,
            24.17641
          ],
          [
            120.670024,
            24.176578
          ],
          [
            120.669997,
            24.176618
          ],
          [
            120.669899,
            24.176515
          ],
          [
            120.669934,
            24.176471
          ],
          [
            120.670163,
            24.176179
          ],
          [
            120.670627,
            24.175553
          ],
          [
            120.670651,
            24.175517
          ],
          [
            120.670689,
            24.175462
          ],
          [
            120.670878,
            24.175222
          ],
          [
            120.670997,
            24.175007
          ],
          [
            120.671079,
            24.175045
          ],
          [
            120.670894,
            24.175352
          ],
          [
            120.670841,
            24.175434
          ],
          [
            120.670667,
            24.175675
          ],
          [
            120.6705,
            24.175893
          ],
          [
            120.670226,
            24.176285
          ],
          [
            120.670134,
            24.17641
          ],
          [
            120.670024,
            24.176578
          ],
          [
            120.669997,
            24.176618
          ],
          [
            120.669899,
            24.176515
          ],
          [
            120.669934,
            24.176471
          ],
          [
            120.670075,
            24.176291
          ],
          [
            120.670163,
            24.176179
          ],
          [
            120.670627,
            24.175553
          ],
          [
            120.670689,
            24.175462
          ],
          [
            120.670878,
            24.175222
          ],
          [
            120.670997,
            24.175007
          ],
          [
            120.670694,
            24.174843
          ],
          [
            120.670521,
            24.175096
          ],
          [
            120.67051,
            24.175112
          ],
          [
            120.670633,
            24.175186
          ],
          [
            120.67051,
            24.175112
          ],
          [
            120.670521,
            24.175096
          ],
          [
            120.670694,
            24.174843
          ],
          [
            120.670825,
            24.174914
          ],
          [
            120.670997,
            24.175007
          ],
          [
            120.671073,
            24.174797
          ],
          [
            120.671171,
            24.174459
          ],
          [
            120.671222,
            24.174283
          ],
          [
            120.671076,
            24.174256
          ],
          [
            120.671222,
            24.174283
          ],
          [
            120.671272,
            24.174059
          ],
          [
            120.671278,
            24.17401
          ],
          [
            120.671302,
            24.173924
          ],
          [
            120.671342,
            24.173719
          ],
          [
            120.671454,
            24.173732
          ],
          [
            120.671411,
            24.173938
          ],
          [
            120.671392,
            24.17403
          ],
          [
            120.671337,
            24.174244
          ],
          [
            120.67129,
            24.174424
          ],
          [
            120.67126,
            24.174513
          ],
          [
            120.671154,
            24.174824
          ],
          [
            120.671143,
            24.174857
          ],
          [
            120.671079,
            24.175045
          ],
          [
            120.670997,
            24.175007
          ],
          [
            120.670694,
            24.174843
          ],
          [
            120.670521,
            24.175096
          ],
          [
            120.67051,
            24.175112
          ],
          [
            120.670285,
            24.175452
          ],
          [
            120.670257,
            24.175495
          ],
          [
            120.670285,
            24.175452
          ],
          [
            120.67051,
            24.175112
          ],
          [
            120.670521,
            24.175096
          ],
          [
            120.670694,
            24.174843
          ],
          [
            120.670997,
            24.175007
          ],
          [
            120.671079,
            24.175045
          ],
          [
            120.671371,
            24.175194
          ],
          [
            120.671271,
            24.175381
          ],
          [
            120.671371,
            24.175194
          ],
          [
            120.671079,
            24.175045
          ],
          [
            120.670894,
            24.175352
          ],
          [
            120.670841,
            24.175434
          ],
          [
            120.670667,
            24.175675
          ],
          [
            120.6705,
            24.175893
          ],
          [
            120.670226,
            24.176285
          ],
          [
            120.670134,
            24.17641
          ],
          [
            120.670024,
            24.176578
          ],
          [
            120.669997,
            24.176618
          ],
          [
            120.669899,
            24.176515
          ],
          [
            120.669934,
            24.176471
          ],
          [
            120.670163,
            24.176179
          ],
          [
            120.670627,
            24.175553
          ],
          [
            120.670651,
            24.175517
          ],
          [
            120.670689,
            24.175462
          ],
          [
            120.670878,
            24.175222
          ],
          [
            120.670997,
            24.175007
          ],
          [
            120.671079,
            24.175045
          ],
          [
            120.670894,
            24.175352
          ],
          [
            120.670841,
            24.175434
          ],
          [
            120.670956,
            24.175493
          ],
          [
            120.671,
            24.175544
          ],
          [
            120.671122,
            24.175681
          ],
          [
            120.671055,
            24.175814
          ],
          [
            120.670984,
            24.175957
          ],
          [
            120.67093,
            24.176109
          ],
          [
            120.670846,
            24.176173
          ],
          [
            120.670643,
            24.176009
          ],
          [
            120.6705,
            24.175893
          ],
          [
            120.670226,
            24.176285
          ],
          [
            120.670355,
            24.176379
          ],
          [
            120.670226,
            24.176285
          ],
          [
            120.670134,
            24.17641
          ],
          [
            120.670024,
            24.176578
          ],
          [
            120.669997,
            24.176618
          ],
          [
            120.669968,
            24.176658
          ],
          [
            120.669809,
            24.176879
          ],
          [
            120.669574,
            24.177178
          ],
          [
            120.669499,
            24.177274
          ],
          [
            120.669389,
            24.177209
          ],
          [
            120.669858,
            24.176572
          ],
          [
            120.669899,
            24.176515
          ],
          [
            120.669934,
            24.176471
          ],
          [
            120.670163,
            24.176179
          ],
          [
            120.670627,
            24.175553
          ],
          [
            120.670689,
            24.175462
          ],
          [
            120.670878,
            24.175222
          ],
          [
            120.670997,
            24.175007
          ],
          [
            120.670694,
            24.174843
          ],
          [
            120.670521,
            24.175096
          ],
          [
            120.67051,
            24.175112
          ],
          [
            120.670633,
            24.175186
          ],
          [
            120.67051,
            24.175112
          ],
          [
            120.670521,
            24.175096
          ],
          [
            120.670694,
            24.174843
          ],
          [
            120.670825,
            24.174914
          ],
          [
            120.670997,
            24.175007
          ],
          [
            120.671073,
            24.174797
          ],
          [
            120.671171,
            24.174459
          ],
          [
            120.671222,
            24.174283
          ],
          [
            120.671076,
            24.174256
          ],
          [
            120.671222,
            24.174283
          ],
          [
            120.671272,
            24.174059
          ],
          [
            120.671278,
            24.17401
          ],
          [
            120.671302,
            24.173924
          ],
          [
            120.671342,
            24.173719
          ],
          [
            120.671454,
            24.173732
          ],
          [
            120.671411,
            24.173938
          ],
          [
            120.671392,
            24.17403
          ],
          [
            120.671337,
            24.174244
          ],
          [
            120.67129,
            24.174424
          ],
          [
            120.671154,
            24.174824
          ],
          [
            120.671079,
            24.175045
          ],
          [
            120.670894,
            24.175352
          ],
          [
            120.670841,
            24.175434
          ],
          [
            120.670667,
            24.175675
          ],
          [
            120.6705,
            24.175893
          ],
          [
            120.670226,
            24.176285
          ],
          [
            120.670134,
            24.17641
          ],
          [
            120.670024,
            24.176578
          ],
          [
            120.669997,
            24.176618
          ],
          [
            120.669968,
            24.176658
          ],
          [
            120.669809,
            24.176879
          ],
          [
            120.669499,
            24.177274
          ],
          [
            120.669262,
            24.177504
          ],
          [
            120.669211,
            24.177569
          ],
          [
            120.66911,
            24.177697
          ],
          [
            120.668775,
            24.178145
          ],
          [
            120.668755,
            24.178172
          ],
          [
            120.668696,
            24.178265
          ],
          [
            120.668588,
            24.178196
          ],
          [
            120.669153,
            24.177454
          ],
          [
            120.669389,
            24.177209
          ],
          [
            120.669858,
            24.176572
          ],
          [
            120.669899,
            24.176515
          ],
          [
            120.669934,
            24.176471
          ],
          [
            120.670163,
            24.176179
          ],
          [
            120.670627,
            24.175553
          ],
          [
            120.670689,
            24.175462
          ],
          [
            120.670878,
            24.175222
          ],
          [
            120.670997,
            24.175007
          ],
          [
            120.671073,
            24.174797
          ],
          [
            120.671171,
            24.174459
          ],
          [
            120.671222,
            24.174283
          ],
          [
            120.671272,
            24.174059
          ],
          [
            120.671278,
            24.17401
          ],
          [
            120.671302,
            24.173924
          ],
          [
            120.671342,
            24.173719
          ],
          [
            120.671454,
            24.173732
          ],
          [
            120.671411,
            24.173938
          ],
          [
            120.671392,
            24.17403
          ],
          [
            120.67129,
            24.174424
          ],
          [
            120.67126,
            24.174513
          ],
          [
            120.671154,
            24.174824
          ],
          [
            120.671143,
            24.174857
          ],
          [
            120.671079,
            24.175045
          ],
          [
            120.671371,
            24.175194
          ],
          [
            120.671271,
            24.175381
          ],
          [
            120.671371,
            24.175194
          ],
          [
            120.671079,
            24.175045
          ],
          [
            120.670894,
            24.175352
          ],
          [
            120.670841,
            24.175434
          ],
          [
            120.670667,
            24.175675
          ],
          [
            120.6705,
            24.175893
          ],
          [
            120.670226,
            24.176285
          ],
          [
            120.670134,
            24.17641
          ],
          [
            120.670024,
            24.176578
          ],
          [
            120.669997,
            24.176618
          ],
          [
            120.669968,
            24.176658
          ],
          [
            120.669809,
            24.176879
          ],
          [
            120.669499,
            24.177274
          ],
          [
            120.669262,
            24.177504
          ],
          [
            120.66911,
            24.177697
          ],
          [
            120.668893,
            24.177988
          ],
          [
            120.668775,
            24.178145
          ],
          [
            120.668755,
            24.178172
          ],
          [
            120.668696,
            24.178265
          ],
          [
            120.668588,
            24.178196
          ],
          [
            120.669153,
            24.177454
          ],
          [
            120.669389,
            24.177209
          ],
          [
            120.669858,
            24.176572
          ],
          [
            120.669899,
            24.176515
          ],
          [
            120.669934,
            24.176471
          ],
          [
            120.670163,
            24.176179
          ],
          [
            120.670627,
            24.175553
          ],
          [
            120.670689,
            24.175462
          ],
          [
            120.670878,
            24.175222
          ],
          [
            120.670997,
            24.175007
          ],
          [
            120.671079,
            24.175045
          ],
          [
            120.670894,
            24.175352
          ],
          [
            120.670841,
            24.175434
          ],
          [
            120.670956,
            24.175493
          ],
          [
            120.671,
            24.175544
          ],
          [
            120.671122,
            24.175681
          ],
          [
            120.671055,
            24.175814
          ],
          [
            120.670984,
            24.175957
          ],
          [
            120.67093,
            24.176109
          ],
          [
            120.670846,
            24.176173
          ],
          [
            120.670643,
            24.176009
          ],
          [
            120.6705,
            24.175893
          ],
          [
            120.670226,
            24.176285
          ],
          [
            120.670355,
            24.176379
          ],
          [
            120.670226,
            24.176285
          ],
          [
            120.670134,
            24.17641
          ],
          [
            120.670024,
            24.176578
          ],
          [
            120.669997,
            24.176618
          ],
          [
            120.669968,
            24.176658
          ],
          [
            120.669809,
            24.176879
          ],
          [
            120.669574,
            24.177178
          ],
          [
            120.669499,
            24.177274
          ],
          [
            120.669262,
            24.177504
          ],
          [
            120.66911,
            24.177697
          ],
          [
            120.668775,
            24.178145
          ],
          [
            120.668755,
            24.178172
          ],
          [
            120.668696,
            24.178265
          ],
          [
            120.66863,
            24.178348
          ],
          [
            120.668574,
            24.178418
          ],
          [
            120.668276,
            24.178791
          ],
          [
            120.667874,
            24.179311
          ],
          [
            120.668157,
            24.179501
          ],
          [
            120.668494,
            24.179081
          ],
          [
            120.668157,
            24.179501
          ],
          [
            120.667874,
            24.179311
          ],
          [
            120.667535,
            24.17975
          ],
          [
            120.667454,
            24.179666
          ],
          [
            120.66789,
            24.179088
          ],
          [
            120.668442,
            24.178382
          ],
          [
            120.668473,
            24.178342
          ],
          [
            120.668588,
            24.178196
          ],
          [
            120.669153,
            24.177454
          ],
          [
            120.669389,
            24.177209
          ],
          [
            120.669499,
            24.177274
          ],
          [
            120.669262,
            24.177504
          ],
          [
            120.669211,
            24.177569
          ],
          [
            120.66911,
            24.177697
          ],
          [
            120.668775,
            24.178145
          ],
          [
            120.668755,
            24.178172
          ],
          [
            120.668696,
            24.178265
          ],
          [
            120.668574,
            24.178418
          ],
          [
            120.668276,
            24.178791
          ],
          [
            120.667874,
            24.179311
          ],
          [
            120.668061,
            24.179437
          ],
          [
            120.667874,
            24.179311
          ],
          [
            120.667535,
            24.17975
          ],
          [
            120.667454,
            24.179666
          ],
          [
            120.66789,
            24.179088
          ],
          [
            120.668442,
            24.178382
          ],
          [
            120.668473,
            24.178342
          ],
          [
            120.668588,
            24.178196
          ],
          [
            120.669153,
            24.177454
          ],
          [
            120.669389,
            24.177209
          ],
          [
            120.669499,
            24.177274
          ],
          [
            120.669262,
            24.177504
          ],
          [
            120.66911,
            24.177697
          ],
          [
            120.668893,
            24.177988
          ],
          [
            120.668775,
            24.178145
          ],
          [
            120.668755,
            24.178172
          ],
          [
            120.668696,
            24.178265
          ],
          [
            120.668574,
            24.178418
          ],
          [
            120.668276,
            24.178791
          ],
          [
            120.667874,
            24.179311
          ],
          [
            120.667535,
            24.17975
          ],
          [
            120.666998,
            24.180466
          ],
          [
            120.666977,
            24.180501
          ],
          [
            120.666841,
            24.180726
          ],
          [
            120.666463,
            24.181492
          ],
          [
            120.666344,
            24.181733
          ],
          [
            120.666141,
            24.182142
          ],
          [
            120.665961,
            24.182484
          ],
          [
            120.665874,
            24.182646
          ],
          [
            120.66585,
            24.182693
          ],
          [
            120.665807,
            24.182787
          ],
          [
            120.665704,
            24.182737
          ],
          [
            120.665746,
            24.182648
          ],
          [
            120.666233,
            24.181687
          ],
          [
            120.666251,
            24.181651
          ],
          [
            120.666354,
            24.181447
          ],
          [
            120.666561,
            24.181034
          ],
          [
            120.666725,
            24.180734
          ],
          [
            120.666903,
            24.180436
          ],
          [
            120.667052,
            24.180196
          ],
          [
            120.667294,
            24.179888
          ],
          [
            120.667454,
            24.179666
          ],
          [
            120.66789,
            24.179088
          ],
          [
            120.668442,
            24.178382
          ],
          [
            120.668473,
            24.178342
          ],
          [
            120.668588,
            24.178196
          ],
          [
            120.668696,
            24.178265
          ],
          [
            120.66863,
            24.178348
          ],
          [
            120.668574,
            24.178418
          ],
          [
            120.668276,
            24.178791
          ],
          [
            120.667874,
            24.179311
          ],
          [
            120.667535,
            24.17975
          ],
          [
            120.666998,
            24.180466
          ],
          [
            120.666841,
            24.180726
          ],
          [
            120.666463,
            24.181492
          ],
          [
            120.666344,
            24.181733
          ],
          [
            120.666299,
            24.181824
          ],
          [
            120.666141,
            24.182142
          ],
          [
            120.665961,
            24.182484
          ],
          [
            120.665874,
            24.182646
          ],
          [
            120.66585,
            24.182693
          ],
          [
            120.665807,
            24.182787
          ],
          [
            120.665704,
            24.182737
          ],
          [
            120.665746,
            24.182648
          ],
          [
            120.666233,
            24.181687
          ],
          [
            120.666251,
            24.181651
          ],
          [
            120.666354,
            24.181447
          ],
          [
            120.666561,
            24.181034
          ],
          [
            120.666725,
            24.180734
          ],
          [
            120.666903,
            24.180436
          ],
          [
            120.667052,
            24.180196
          ],
          [
            120.667294,
            24.179888
          ],
          [
            120.667454,
            24.179666
          ],
          [
            120.66789,
            24.179088
          ],
          [
            120.668442,
            24.178382
          ],
          [
            120.668473,
            24.178342
          ],
          [
            120.668588,
            24.178196
          ],
          [
            120.668696,
            24.178265
          ],
          [
            120.668574,
            24.178418
          ],
          [
            120.668276,
            24.178791
          ],
          [
            120.667874,
            24.179311
          ],
          [
            120.668157,
            24.179501
          ],
          [
            120.668494,
            24.179081
          ],
          [
            120.668157,
            24.179501
          ],
          [
            120.667874,
            24.179311
          ],
          [
            120.667535,
            24.17975
          ],
          [
            120.666998,
            24.180466
          ],
          [
            120.666841,
            24.180726
          ],
          [
            120.666463,
            24.181492
          ],
          [
            120.666344,
            24.181733
          ],
          [
            120.666141,
            24.182142
          ],
          [
            120.665961,
            24.182484
          ],
          [
            120.666152,
            24.18248
          ],
          [
            120.665961,
            24.182484
          ],
          [
            120.665874,
            24.182646
          ],
          [
            120.66585,
            24.182693
          ],
          [
            120.665807,
            24.182787
          ],
          [
            120.665704,
            24.182737
          ],
          [
            120.665746,
            24.182648
          ],
          [
            120.666233,
            24.181687
          ],
          [
            120.666251,
            24.181651
          ],
          [
            120.666354,
            24.181447
          ],
          [
            120.666561,
            24.181034
          ],
          [
            120.666725,
            24.180734
          ],
          [
            120.666903,
            24.180436
          ],
          [
            120.667052,
            24.180196
          ],
          [
            120.667294,
            24.179888
          ],
          [
            120.667454,
            24.179666
          ],
          [
            120.66789,
            24.179088
          ],
          [
            120.668442,
            24.178382
          ],
          [
            120.668473,
            24.178342
          ],
          [
            120.668588,
            24.178196
          ],
          [
            120.668696,
            24.178265
          ],
          [
            120.668574,
            24.178418
          ],
          [
            120.668276,
            24.178791
          ],
          [
            120.667874,
            24.179311
          ],
          [
            120.668061,
            24.179437
          ],
          [
            120.667874,
            24.179311
          ],
          [
            120.667535,
            24.17975
          ],
          [
            120.666998,
            24.180466
          ],
          [
            120.666977,
            24.180501
          ],
          [
            120.666841,
            24.180726
          ],
          [
            120.666463,
            24.181492
          ],
          [
            120.666344,
            24.181733
          ],
          [
            120.666141,
            24.182142
          ],
          [
            120.665961,
            24.182484
          ],
          [
            120.665874,
            24.182646
          ],
          [
            120.66585,
            24.182693
          ],
          [
            120.665807,
            24.182787
          ],
          [
            120.665757,
            24.182893
          ],
          [
            120.665203,
            24.183797
          ],
          [
            120.665112,
            24.183954
          ],
          [
            120.665043,
            24.183829
          ],
          [
            120.665613,
            24.182905
          ],
          [
            120.665645,
            24.182844
          ],
          [
            120.665704,
            24.182737
          ],
          [
            120.665746,
            24.182648
          ],
          [
            120.666233,
            24.181687
          ],
          [
            120.666251,
            24.181651
          ],
          [
            120.666354,
            24.181447
          ],
          [
            120.666561,
            24.181034
          ],
          [
            120.666725,
            24.180734
          ],
          [
            120.666903,
            24.180436
          ],
          [
            120.667052,
            24.180196
          ],
          [
            120.667294,
            24.179888
          ],
          [
            120.667454,
            24.179666
          ],
          [
            120.667535,
            24.17975
          ],
          [
            120.666998,
            24.180466
          ],
          [
            120.666841,
            24.180726
          ],
          [
            120.666463,
            24.181492
          ],
          [
            120.666344,
            24.181733
          ],
          [
            120.666299,
            24.181824
          ],
          [
            120.666141,
            24.182142
          ],
          [
            120.665961,
            24.182484
          ],
          [
            120.665874,
            24.182646
          ],
          [
            120.66585,
            24.182693
          ],
          [
            120.665807,
            24.182787
          ],
          [
            120.665757,
            24.182893
          ],
          [
            120.665616,
            24.183123
          ],
          [
            120.665203,
            24.183797
          ],
          [
            120.665112,
            24.183954
          ],
          [
            120.664888,
            24.184334
          ],
          [
            120.665121,
            24.184246
          ],
          [
            120.664888,
            24.184334
          ],
          [
            120.664508,
            24.184989
          ],
          [
            120.664781,
            24.185113
          ],
          [
            120.665035,
            24.184662
          ],
          [
            120.664781,
            24.185113
          ],
          [
            120.664508,
            24.184989
          ],
          [
            120.664224,
            24.185478
          ],
          [
            120.664197,
            24.185525
          ],
          [
            120.664133,
            24.185635
          ],
          [
            120.664096,
            24.185698
          ],
          [
            120.663982,
            24.185639
          ],
          [
            120.66402,
            24.185575
          ],
          [
            120.664079,
            24.185474
          ],
          [
            120.664936,
            24.184011
          ],
          [
            120.665043,
            24.183829
          ],
          [
            120.665613,
            24.182905
          ],
          [
            120.665645,
            24.182844
          ],
          [
            120.665704,
            24.182737
          ],
          [
            120.665746,
            24.182648
          ],
          [
            120.666233,
            24.181687
          ],
          [
            120.666251,
            24.181651
          ],
          [
            120.666354,
            24.181447
          ],
          [
            120.666561,
            24.181034
          ],
          [
            120.666725,
            24.180734
          ],
          [
            120.666903,
            24.180436
          ],
          [
            120.667052,
            24.180196
          ],
          [
            120.667294,
            24.179888
          ],
          [
            120.667454,
            24.179666
          ],
          [
            120.667535,
            24.17975
          ],
          [
            120.666998,
            24.180466
          ],
          [
            120.666841,
            24.180726
          ],
          [
            120.666463,
            24.181492
          ],
          [
            120.666344,
            24.181733
          ],
          [
            120.666141,
            24.182142
          ],
          [
            120.665961,
            24.182484
          ],
          [
            120.666152,
            24.18248
          ],
          [
            120.665961,
            24.182484
          ],
          [
            120.665874,
            24.182646
          ],
          [
            120.66585,
            24.182693
          ],
          [
            120.665807,
            24.182787
          ],
          [
            120.665757,
            24.182893
          ],
          [
            120.665203,
            24.183797
          ],
          [
            120.665112,
            24.183954
          ],
          [
            120.664888,
            24.184334
          ],
          [
            120.664508,
            24.184989
          ],
          [
            120.66474,
            24.185095
          ],
          [
            120.664508,
            24.184989
          ],
          [
            120.664224,
            24.185478
          ],
          [
            120.664197,
            24.185525
          ],
          [
            120.664133,
            24.185635
          ],
          [
            120.66423,
            24.185686
          ],
          [
            120.664826,
            24.186
          ],
          [
            120.666058,
            24.186649
          ],
          [
            120.667777,
            24.18754
          ],
          [
            120.668435,
            24.187892
          ],
          [
            120.669659,
            24.188511
          ],
          [
            120.669633,
            24.188547
          ],
          [
            120.669146,
            24.1883
          ],
          [
            120.668416,
            24.187931
          ],
          [
            120.668019,
            24.188596
          ],
          [
            120.667854,
            24.188887
          ],
          [
            120.667796,
            24.188992
          ],
          [
            120.667854,
            24.188887
          ],
          [
            120.668019,
            24.188596
          ],
          [
            120.668416,
            24.187931
          ],
          [
            120.667722,
            24.187579
          ],
          [
            120.666026,
            24.1867
          ],
          [
            120.665455,
            24.186403
          ],
          [
            120.66479,
            24.186058
          ],
          [
            120.664221,
            24.185762
          ],
          [
            120.664193,
            24.185748
          ],
          [
            120.664096,
            24.185698
          ],
          [
            120.663982,
            24.185639
          ],
          [
            120.66402,
            24.185575
          ],
          [
            120.664079,
            24.185474
          ],
          [
            120.664936,
            24.184011
          ],
          [
            120.665043,
            24.183829
          ],
          [
            120.665613,
            24.182905
          ],
          [
            120.665645,
            24.182844
          ],
          [
            120.665704,
            24.182737
          ],
          [
            120.665807,
            24.182787
          ],
          [
            120.665757,
            24.182893
          ],
          [
            120.665203,
            24.183797
          ],
          [
            120.665112,
            24.183954
          ],
          [
            120.664888,
            24.184334
          ],
          [
            120.664508,
            24.184989
          ],
          [
            120.664224,
            24.185478
          ],
          [
            120.664197,
            24.185525
          ],
          [
            120.664133,
            24.185635
          ],
          [
            120.66423,
            24.185686
          ],
          [
            120.664826,
            24.186
          ],
          [
            120.666058,
            24.186649
          ],
          [
            120.667777,
            24.18754
          ],
          [
            120.668435,
            24.187892
          ],
          [
            120.669659,
            24.188511
          ],
          [
            120.669633,
            24.188547
          ],
          [
            120.669146,
            24.1883
          ],
          [
            120.668416,
            24.187931
          ],
          [
            120.668019,
            24.188596
          ],
          [
            120.667854,
            24.188887
          ],
          [
            120.667663,
            24.18923
          ],
          [
            120.66793,
            24.189363
          ],
          [
            120.668159,
            24.189478
          ],
          [
            120.667663,
            24.18923
          ],
          [
            120.667854,
            24.188887
          ],
          [
            120.668019,
            24.188596
          ],
          [
            120.668416,
            24.187931
          ],
          [
            120.667722,
            24.187579
          ],
          [
            120.666026,
            24.1867
          ],
          [
            120.665455,
            24.186403
          ],
          [
            120.66479,
            24.186058
          ],
          [
            120.664221,
            24.185762
          ],
          [
            120.664193,
            24.185748
          ],
          [
            120.664096,
            24.185698
          ],
          [
            120.663982,
            24.185639
          ],
          [
            120.66402,
            24.185575
          ],
          [
            120.664079,
            24.185474
          ],
          [
            120.664936,
            24.184011
          ],
          [
            120.665043,
            24.183829
          ],
          [
            120.665613,
            24.182905
          ],
          [
            120.665645,
            24.182844
          ],
          [
            120.665704,
            24.182737
          ],
          [
            120.665807,
            24.182787
          ],
          [
            120.665757,
            24.182893
          ],
          [
            120.665616,
            24.183123
          ],
          [
            120.665203,
            24.183797
          ],
          [
            120.665112,
            24.183954
          ],
          [
            120.664888,
            24.184334
          ],
          [
            120.665121,
            24.184246
          ],
          [
            120.664888,
            24.184334
          ],
          [
            120.664508,
            24.184989
          ],
          [
            120.664781,
            24.185113
          ],
          [
            120.665035,
            24.184662
          ],
          [
            120.664781,
            24.185113
          ],
          [
            120.66474,
            24.185095
          ],
          [
            120.664508,
            24.184989
          ],
          [
            120.664224,
            24.185478
          ],
          [
            120.664197,
            24.185525
          ],
          [
            120.664133,
            24.185635
          ],
          [
            120.66423,
            24.185686
          ],
          [
            120.664826,
            24.186
          ],
          [
            120.666058,
            24.186649
          ],
          [
            120.667777,
            24.18754
          ],
          [
            120.668435,
            24.187892
          ],
          [
            120.669659,
            24.188511
          ],
          [
            120.670204,
            24.188789
          ],
          [
            120.671024,
            24.189177
          ],
          [
            120.67105,
            24.189189
          ],
          [
            120.671063,
            24.189196
          ],
          [
            120.671174,
            24.189245
          ],
          [
            120.671381,
            24.189358
          ],
          [
            120.671476,
            24.189405
          ],
          [
            120.6719,
            24.189621
          ],
          [
            120.672268,
            24.189808
          ],
          [
            120.673181,
            24.190258
          ],
          [
            120.673198,
            24.19027
          ],
          [
            120.673276,
            24.190316
          ],
          [
            120.673167,
            24.190324
          ],
          [
            120.673139,
            24.190311
          ],
          [
            120.671493,
            24.189465
          ],
          [
            120.671448,
            24.189442
          ],
          [
            120.671356,
            24.189394
          ],
          [
            120.671146,
            24.189286
          ],
          [
            120.67104,
            24.189234
          ],
          [
            120.670178,
            24.188823
          ],
          [
            120.669633,
            24.188547
          ],
          [
            120.669146,
            24.1883
          ],
          [
            120.668416,
            24.187931
          ],
          [
            120.668019,
            24.188596
          ],
          [
            120.667854,
            24.188887
          ],
          [
            120.667796,
            24.188992
          ],
          [
            120.667854,
            24.188887
          ],
          [
            120.668019,
            24.188596
          ],
          [
            120.668416,
            24.187931
          ],
          [
            120.667722,
            24.187579
          ],
          [
            120.667777,
            24.18754
          ],
          [
            120.668435,
            24.187892
          ],
          [
            120.669659,
            24.188511
          ],
          [
            120.670204,
            24.188789
          ],
          [
            120.671024,
            24.189177
          ],
          [
            120.67105,
            24.189189
          ],
          [
            120.671063,
            24.189196
          ],
          [
            120.671174,
            24.189245
          ],
          [
            120.671381,
            24.189358
          ],
          [
            120.671476,
            24.189405
          ],
          [
            120.672268,
            24.189808
          ],
          [
            120.673181,
            24.190258
          ],
          [
            120.673198,
            24.19027
          ],
          [
            120.673276,
            24.190316
          ],
          [
            120.673367,
            24.190208
          ],
          [
            120.67388,
            24.189597
          ],
          [
            120.674358,
            24.189018
          ],
          [
            120.674417,
            24.188948
          ],
          [
            120.674498,
            24.188995
          ],
          [
            120.674432,
            24.189076
          ],
          [
            120.674107,
            24.189474
          ],
          [
            120.673809,
            24.189825
          ],
          [
            120.673484,
            24.190216
          ],
          [
            120.673446,
            24.190262
          ],
          [
            120.67336,
            24.190366
          ],
          [
            120.673276,
            24.190316
          ],
          [
            120.673167,
            24.190324
          ],
          [
            120.673139,
            24.190311
          ],
          [
            120.671493,
            24.189465
          ],
          [
            120.671448,
            24.189442
          ],
          [
            120.671356,
            24.189394
          ],
          [
            120.671146,
            24.189286
          ],
          [
            120.67104,
            24.189234
          ],
          [
            120.670178,
            24.188823
          ],
          [
            120.669633,
            24.188547
          ],
          [
            120.669146,
            24.1883
          ],
          [
            120.668416,
            24.187931
          ],
          [
            120.668019,
            24.188596
          ],
          [
            120.667854,
            24.188887
          ],
          [
            120.667663,
            24.18923
          ],
          [
            120.66793,
            24.189363
          ],
          [
            120.667663,
            24.18923
          ],
          [
            120.667854,
            24.188887
          ],
          [
            120.668019,
            24.188596
          ],
          [
            120.668416,
            24.187931
          ],
          [
            120.667722,
            24.187579
          ],
          [
            120.667777,
            24.18754
          ],
          [
            120.668435,
            24.187892
          ],
          [
            120.669659,
            24.188511
          ],
          [
            120.670204,
            24.188789
          ],
          [
            120.671024,
            24.189177
          ],
          [
            120.67105,
            24.189189
          ],
          [
            120.671063,
            24.189196
          ],
          [
            120.671174,
            24.189245
          ],
          [
            120.671381,
            24.189358
          ],
          [
            120.671476,
            24.189405
          ],
          [
            120.672268,
            24.189808
          ],
          [
            120.673181,
            24.190258
          ],
          [
            120.673198,
            24.19027
          ],
          [
            120.673276,
            24.190316
          ],
          [
            120.673367,
            24.190208
          ],
          [
            120.67388,
            24.189597
          ],
          [
            120.674358,
            24.189018
          ],
          [
            120.674417,
            24.188948
          ],
          [
            120.674466,
            24.18889
          ],
          [
            120.67485,
            24.188428
          ],
          [
            120.674908,
            24.188357
          ],
          [
            120.674967,
            24.188289
          ],
          [
            120.675373,
            24.187804
          ],
          [
            120.675424,
            24.187739
          ],
          [
            120.675484,
            24.187663
          ],
          [
            120.675544,
            24.18759
          ],
          [
            120.675738,
            24.187349
          ],
          [
            120.67591,
            24.187135
          ],
          [
            120.676132,
            24.18686
          ],
          [
            120.67673,
            24.186152
          ],
          [
            120.676942,
            24.185889
          ],
          [
            120.677021,
            24.185792
          ],
          [
            120.677069,
            24.185885
          ],
          [
            120.676987,
            24.185987
          ],
          [
            120.676856,
            24.186148
          ],
          [
            120.676186,
            24.186946
          ],
          [
            120.675618,
            24.187643
          ],
          [
            120.675558,
            24.187715
          ],
          [
            120.675498,
            24.18779
          ],
          [
            120.675042,
            24.188342
          ],
          [
            120.674988,
            24.188406
          ],
          [
            120.674925,
            24.188482
          ],
          [
            120.674543,
            24.188943
          ],
          [
            120.674498,
            24.188995
          ],
          [
            120.674432,
            24.189076
          ],
          [
            120.674107,
            24.189474
          ],
          [
            120.673809,
            24.189825
          ],
          [
            120.673446,
            24.190262
          ],
          [
            120.67336,
            24.190366
          ],
          [
            120.673276,
            24.190316
          ],
          [
            120.673167,
            24.190324
          ],
          [
            120.673139,
            24.190311
          ],
          [
            120.671493,
            24.189465
          ],
          [
            120.671448,
            24.189442
          ],
          [
            120.671356,
            24.189394
          ],
          [
            120.671146,
            24.189286
          ],
          [
            120.67104,
            24.189234
          ],
          [
            120.670178,
            24.188823
          ],
          [
            120.669633,
            24.188547
          ],
          [
            120.669146,
            24.1883
          ],
          [
            120.668416,
            24.187931
          ],
          [
            120.668019,
            24.188596
          ],
          [
            120.667854,
            24.188887
          ],
          [
            120.667663,
            24.18923
          ],
          [
            120.668159,
            24.189478
          ],
          [
            120.667663,
            24.18923
          ],
          [
            120.667854,
            24.188887
          ],
          [
            120.668019,
            24.188596
          ],
          [
            120.668416,
            24.187931
          ],
          [
            120.667722,
            24.187579
          ],
          [
            120.667777,
            24.18754
          ],
          [
            120.668435,
            24.187892
          ],
          [
            120.669659,
            24.188511
          ],
          [
            120.670204,
            24.188789
          ],
          [
            120.671024,
            24.189177
          ],
          [
            120.67105,
            24.189189
          ],
          [
            120.671063,
            24.189196
          ],
          [
            120.671174,
            24.189245
          ],
          [
            120.671381,
            24.189358
          ],
          [
            120.671476,
            24.189405
          ],
          [
            120.6719,
            24.189621
          ],
          [
            120.672268,
            24.189808
          ],
          [
            120.673181,
            24.190258
          ],
          [
            120.673198,
            24.19027
          ],
          [
            120.673276,
            24.190316
          ],
          [
            120.673167,
            24.190324
          ],
          [
            120.673139,
            24.190311
          ],
          [
            120.671493,
            24.189465
          ],
          [
            120.671448,
            24.189442
          ],
          [
            120.671356,
            24.189394
          ],
          [
            120.671146,
            24.189286
          ],
          [
            120.67104,
            24.189234
          ],
          [
            120.670178,
            24.188823
          ],
          [
            120.669633,
            24.188547
          ],
          [
            120.669659,
            24.188511
          ],
          [
            120.670608,
            24.187031
          ],
          [
            120.671232,
            24.186074
          ],
          [
            120.670954,
            24.185896
          ],
          [
            120.671591,
            24.184898
          ],
          [
            120.671623,
            24.184847
          ],
          [
            120.672226,
            24.183954
          ],
          [
            120.672319,
            24.183817
          ],
          [
            120.672546,
            24.183477
          ],
          [
            120.673245,
            24.182428
          ],
          [
            120.673181,
            24.182322
          ],
          [
            120.673058,
            24.182169
          ],
          [
            120.672676,
            24.182089
          ],
          [
            120.672588,
            24.182419
          ],
          [
            120.672676,
            24.182089
          ],
          [
            120.673058,
            24.182169
          ],
          [
            120.673181,
            24.182322
          ],
          [
            120.673245,
            24.182428
          ],
          [
            120.672546,
            24.183477
          ],
          [
            120.672319,
            24.183817
          ],
          [
            120.672226,
            24.183954
          ],
          [
            120.671623,
            24.184847
          ],
          [
            120.671591,
            24.184898
          ],
          [
            120.670954,
            24.185896
          ],
          [
            120.671232,
            24.186074
          ],
          [
            120.672948,
            24.187157
          ],
          [
            120.673088,
            24.187231
          ],
          [
            120.674824,
            24.188305
          ],
          [
            120.674908,
            24.188357
          ],
          [
            120.674988,
            24.188406
          ],
          [
            120.674925,
            24.188482
          ],
          [
            120.674543,
            24.188943
          ],
          [
            120.674498,
            24.188995
          ],
          [
            120.674432,
            24.189076
          ],
          [
            120.674107,
            24.189474
          ],
          [
            120.673809,
            24.189825
          ],
          [
            120.673484,
            24.190216
          ],
          [
            120.673446,
            24.190262
          ],
          [
            120.67336,
            24.190366
          ],
          [
            120.673276,
            24.190316
          ],
          [
            120.673367,
            24.190208
          ],
          [
            120.67388,
            24.189597
          ],
          [
            120.674358,
            24.189018
          ],
          [
            120.674417,
            24.188948
          ],
          [
            120.674466,
            24.18889
          ],
          [
            120.67485,
            24.188428
          ],
          [
            120.674908,
            24.188357
          ],
          [
            120.674967,
            24.188289
          ],
          [
            120.675373,
            24.187804
          ],
          [
            120.675424,
            24.187739
          ],
          [
            120.675484,
            24.187663
          ],
          [
            120.675544,
            24.18759
          ],
          [
            120.675738,
            24.187349
          ],
          [
            120.67591,
            24.187135
          ],
          [
            120.676132,
            24.18686
          ],
          [
            120.67673,
            24.186152
          ],
          [
            120.676942,
            24.185889
          ],
          [
            120.677021,
            24.185792
          ],
          [
            120.676956,
            24.185647
          ],
          [
            120.676425,
            24.184521
          ],
          [
            120.676377,
            24.18442
          ],
          [
            120.676362,
            24.184345
          ],
          [
            120.676304,
            24.184267
          ],
          [
            120.675352,
            24.18299
          ],
          [
            120.675193,
            24.18279
          ],
          [
            120.674898,
            24.182474
          ],
          [
            120.674626,
            24.182238
          ],
          [
            120.674447,
            24.182086
          ],
          [
            120.67406,
            24.181795
          ],
          [
            120.673822,
            24.181666
          ],
          [
            120.673245,
            24.182428
          ],
          [
            120.672546,
            24.183477
          ],
          [
            120.672204,
            24.183316
          ],
          [
            120.672052,
            24.183245
          ],
          [
            120.671537,
            24.18299
          ],
          [
            120.672052,
            24.183245
          ],
          [
            120.671468,
            24.183568
          ],
          [
            120.671288,
            24.183479
          ],
          [
            120.671468,
            24.183568
          ],
          [
            120.672052,
            24.183245
          ],
          [
            120.672204,
            24.183316
          ],
          [
            120.672546,
            24.183477
          ],
          [
            120.673245,
            24.182428
          ],
          [
            120.673181,
            24.182322
          ],
          [
            120.673058,
            24.182169
          ],
          [
            120.672676,
            24.182089
          ],
          [
            120.672588,
            24.182419
          ],
          [
            120.672676,
            24.182089
          ],
          [
            120.673058,
            24.182169
          ],
          [
            120.673181,
            24.182322
          ],
          [
            120.673245,
            24.182428
          ],
          [
            120.672546,
            24.183477
          ],
          [
            120.672435,
            24.183425
          ],
          [
            120.67233,
            24.183375
          ],
          [
            120.672204,
            24.183316
          ],
          [
            120.672052,
            24.183245
          ],
          [
            120.671537,
            24.18299
          ],
          [
            120.671458,
            24.182951
          ],
          [
            120.671138,
            24.183406
          ],
          [
            120.671128,
            24.183423
          ],
          [
            120.670846,
            24.183893
          ],
          [
            120.670816,
            24.183943
          ],
          [
            120.670846,
            24.183893
          ],
          [
            120.671128,
            24.183423
          ],
          [
            120.671138,
            24.183406
          ],
          [
            120.671288,
            24.183479
          ],
          [
            120.671468,
            24.183568
          ],
          [
            120.672052,
            24.183245
          ],
          [
            120.672204,
            24.183316
          ],
          [
            120.672435,
            24.183425
          ],
          [
            120.672546,
            24.183477
          ],
          [
            120.672319,
            24.183817
          ],
          [
            120.672226,
            24.183954
          ],
          [
            120.671623,
            24.184847
          ],
          [
            120.671393,
            24.184729
          ],
          [
            120.671332,
            24.184724
          ],
          [
            120.671201,
            24.184919
          ],
          [
            120.67099,
            24.185235
          ],
          [
            120.670549,
            24.18501
          ],
          [
            120.67099,
            24.185235
          ],
          [
            120.671201,
            24.184919
          ],
          [
            120.671332,
            24.184724
          ],
          [
            120.671393,
            24.184729
          ],
          [
            120.671623,
            24.184847
          ],
          [
            120.672226,
            24.183954
          ],
          [
            120.672319,
            24.183817
          ],
          [
            120.672546,
            24.183477
          ],
          [
            120.67233,
            24.183375
          ],
          [
            120.672546,
            24.183477
          ],
          [
            120.672319,
            24.183817
          ],
          [
            120.672226,
            24.183954
          ],
          [
            120.671623,
            24.184847
          ],
          [
            120.671591,
            24.184898
          ],
          [
            120.670954,
            24.185896
          ],
          [
            120.670666,
            24.18574
          ],
          [
            120.670476,
            24.185637
          ],
          [
            120.670336,
            24.185304
          ],
          [
            120.67019,
            24.184955
          ],
          [
            120.670263,
            24.184864
          ],
          [
            120.670523,
            24.184431
          ],
          [
            120.670641,
            24.184235
          ],
          [
            120.670712,
            24.184117
          ],
          [
            120.670816,
            24.183943
          ],
          [
            120.670712,
            24.184117
          ],
          [
            120.670641,
            24.184235
          ],
          [
            120.670523,
            24.184431
          ],
          [
            120.670263,
            24.184864
          ],
          [
            120.67019,
            24.184955
          ],
          [
            120.670476,
            24.185637
          ],
          [
            120.670546,
            24.185817
          ],
          [
            120.670571,
            24.185881
          ],
          [
            120.670414,
            24.186128
          ],
          [
            120.670346,
            24.186234
          ],
          [
            120.669974,
            24.186043
          ],
          [
            120.669873,
            24.185987
          ],
          [
            120.669516,
            24.185789
          ],
          [
            120.6699,
            24.185328
          ],
          [
            120.67019,
            24.184955
          ],
          [
            120.670263,
            24.184864
          ],
          [
            120.670549,
            24.18501
          ],
          [
            120.670263,
            24.184864
          ],
          [
            120.67019,
            24.184955
          ],
          [
            120.670476,
            24.185637
          ],
          [
            120.670571,
            24.185881
          ],
          [
            120.670624,
            24.186026
          ],
          [
            120.67067,
            24.186117
          ],
          [
            120.670767,
            24.18619
          ],
          [
            120.670318,
            24.186883
          ],
          [
            120.670164,
            24.186801
          ],
          [
            120.670318,
            24.186883
          ],
          [
            120.670767,
            24.18619
          ],
          [
            120.67067,
            24.186117
          ],
          [
            120.670654,
            24.186086
          ],
          [
            120.670624,
            24.186026
          ],
          [
            120.670571,
            24.185881
          ],
          [
            120.670476,
            24.185637
          ],
          [
            120.670336,
            24.185304
          ],
          [
            120.670476,
            24.185637
          ],
          [
            120.670666,
            24.18574
          ],
          [
            120.670954,
            24.185896
          ],
          [
            120.671161,
            24.185571
          ],
          [
            120.670954,
            24.185896
          ],
          [
            120.670767,
            24.18619
          ],
          [
            120.67067,
            24.186117
          ],
          [
            120.670624,
            24.186026
          ],
          [
            120.670571,
            24.185881
          ],
          [
            120.670546,
            24.185817
          ],
          [
            120.670476,
            24.185637
          ],
          [
            120.67019,
            24.184955
          ],
          [
            120.670263,
            24.184864
          ],
          [
            120.670523,
            24.184431
          ],
          [
            120.670641,
            24.184235
          ],
          [
            120.670712,
            24.184117
          ],
          [
            120.670874,
            24.18412
          ],
          [
            120.67104,
            24.184039
          ],
          [
            120.671426,
            24.183858
          ],
          [
            120.671662,
            24.184305
          ],
          [
            120.671777,
            24.184265
          ],
          [
            120.671662,
            24.184305
          ],
          [
            120.671426,
            24.183858
          ],
          [
            120.67104,
            24.184039
          ],
          [
            120.670874,
            24.18412
          ],
          [
            120.670712,
            24.184117
          ],
          [
            120.670641,
            24.184235
          ],
          [
            120.670523,
            24.184431
          ],
          [
            120.670263,
            24.184864
          ],
          [
            120.67019,
            24.184955
          ],
          [
            120.670476,
            24.185637
          ],
          [
            120.670571,
            24.185881
          ],
          [
            120.670414,
            24.186128
          ],
          [
            120.670346,
            24.186234
          ],
          [
            120.670029,
            24.186729
          ],
          [
            120.669177,
            24.186262
          ],
          [
            120.668945,
            24.186659
          ],
          [
            120.668882,
            24.186768
          ],
          [
            120.668945,
            24.186659
          ],
          [
            120.669177,
            24.186262
          ],
          [
            120.669516,
            24.185789
          ],
          [
            120.669873,
            24.185987
          ],
          [
            120.669974,
            24.186043
          ],
          [
            120.670346,
            24.186234
          ],
          [
            120.670029,
            24.186729
          ],
          [
            120.670164,
            24.186801
          ],
          [
            120.670029,
            24.186729
          ],
          [
            120.669781,
            24.18712
          ],
          [
            120.66949,
            24.18696
          ],
          [
            120.669781,
            24.18712
          ],
          [
            120.670029,
            24.186729
          ],
          [
            120.670346,
            24.186234
          ],
          [
            120.670571,
            24.185881
          ],
          [
            120.670624,
            24.186026
          ],
          [
            120.670654,
            24.186086
          ],
          [
            120.67067,
            24.186117
          ],
          [
            120.670767,
            24.18619
          ],
          [
            120.670954,
            24.185896
          ],
          [
            120.671161,
            24.185571
          ],
          [
            120.670954,
            24.185896
          ],
          [
            120.670767,
            24.18619
          ],
          [
            120.670318,
            24.186883
          ],
          [
            120.670029,
            24.186729
          ],
          [
            120.669177,
            24.186262
          ],
          [
            120.668723,
            24.186007
          ],
          [
            120.668205,
            24.186865
          ],
          [
            120.667018,
            24.186226
          ],
          [
            120.667206,
            24.185922
          ],
          [
            120.667478,
            24.186073
          ],
          [
            120.667206,
            24.185922
          ],
          [
            120.667018,
            24.186226
          ],
          [
            120.668205,
            24.186865
          ],
          [
            120.668723,
            24.186007
          ],
          [
            120.669177,
            24.186262
          ],
          [
            120.669516,
            24.185789
          ],
          [
            120.6699,
            24.185328
          ],
          [
            120.67019,
            24.184955
          ],
          [
            120.670263,
            24.184864
          ],
          [
            120.670523,
            24.184431
          ],
          [
            120.670641,
            24.184235
          ],
          [
            120.670712,
            24.184117
          ],
          [
            120.670874,
            24.18412
          ],
          [
            120.67104,
            24.184039
          ],
          [
            120.671426,
            24.183858
          ],
          [
            120.671662,
            24.184305
          ],
          [
            120.671777,
            24.184265
          ],
          [
            120.671662,
            24.184305
          ],
          [
            120.671426,
            24.183858
          ],
          [
            120.671504,
            24.183809
          ],
          [
            120.671568,
            24.183757
          ],
          [
            120.671595,
            24.18363
          ],
          [
            120.671921,
            24.183789
          ],
          [
            120.672226,
            24.183954
          ],
          [
            120.671623,
            24.184847
          ],
          [
            120.671591,
            24.184898
          ],
          [
            120.670954,
            24.185896
          ],
          [
            120.670767,
            24.18619
          ],
          [
            120.670318,
            24.186883
          ],
          [
            120.670029,
            24.186729
          ],
          [
            120.669781,
            24.18712
          ],
          [
            120.669501,
            24.187558
          ],
          [
            120.669015,
            24.187298
          ],
          [
            120.668681,
            24.187119
          ],
          [
            120.66882,
            24.186877
          ],
          [
            120.668882,
            24.186768
          ],
          [
            120.668945,
            24.186659
          ],
          [
            120.66949,
            24.18696
          ],
          [
            120.669781,
            24.18712
          ],
          [
            120.669501,
            24.187558
          ],
          [
            120.668716,
            24.187138
          ],
          [
            120.668681,
            24.187119
          ],
          [
            120.668541,
            24.187041
          ],
          [
            120.668205,
            24.186865
          ],
          [
            120.668502,
            24.186372
          ],
          [
            120.668205,
            24.186865
          ],
          [
            120.667018,
            24.186226
          ],
          [
            120.667206,
            24.185922
          ],
          [
            120.667478,
            24.186073
          ],
          [
            120.667206,
            24.185922
          ],
          [
            120.667018,
            24.186226
          ],
          [
            120.66806,
            24.186787
          ],
          [
            120.667702,
            24.186594
          ],
          [
            120.668205,
            24.186865
          ],
          [
            120.668541,
            24.187041
          ],
          [
            120.668681,
            24.187119
          ],
          [
            120.669015,
            24.187298
          ],
          [
            120.668681,
            24.187119
          ],
          [
            120.668541,
            24.187041
          ],
          [
            120.668205,
            24.186865
          ],
          [
            120.667018,
            24.186226
          ],
          [
            120.667206,
            24.185922
          ],
          [
            120.66727,
            24.185827
          ],
          [
            120.667206,
            24.185922
          ],
          [
            120.667018,
            24.186226
          ],
          [
            120.668205,
            24.186865
          ],
          [
            120.668541,
            24.187041
          ],
          [
            120.668681,
            24.187119
          ],
          [
            120.668716,
            24.187138
          ],
          [
            120.668681,
            24.187119
          ],
          [
            120.668541,
            24.187041
          ],
          [
            120.668205,
            24.186865
          ],
          [
            120.667018,
            24.186226
          ],
          [
            120.667206,
            24.185922
          ],
          [
            120.667378,
            24.185668
          ],
          [
            120.667421,
            24.185693
          ],
          [
            120.667378,
            24.185668
          ],
          [
            120.667206,
            24.185922
          ],
          [
            120.667018,
            24.186226
          ],
          [
            120.668205,
            24.186865
          ],
          [
            120.668502,
            24.186372
          ],
          [
            120.668205,
            24.186865
          ],
          [
            120.66806,
            24.186787
          ],
          [
            120.668205,
            24.186865
          ],
          [
            120.668723,
            24.186007
          ],
          [
            120.668367,
            24.185819
          ],
          [
            120.66846,
            24.185664
          ],
          [
            120.668367,
            24.185819
          ],
          [
            120.668723,
            24.186007
          ],
          [
            120.668205,
            24.186865
          ],
          [
            120.667702,
            24.186594
          ],
          [
            120.667018,
            24.186226
          ],
          [
            120.667206,
            24.185922
          ],
          [
            120.66727,
            24.185827
          ],
          [
            120.667378,
            24.185668
          ],
          [
            120.667494,
            24.185495
          ],
          [
            120.667378,
            24.185668
          ],
          [
            120.667206,
            24.185922
          ],
          [
            120.667018,
            24.186226
          ],
          [
            120.666481,
            24.185973
          ],
          [
            120.66605,
            24.18575
          ],
          [
            120.665577,
            24.185502
          ],
          [
            120.666043,
            24.184703
          ],
          [
            120.665577,
            24.185502
          ],
          [
            120.66605,
            24.18575
          ],
          [
            120.666481,
            24.185973
          ],
          [
            120.667018,
            24.186226
          ],
          [
            120.667206,
            24.185922
          ],
          [
            120.667378,
            24.185668
          ],
          [
            120.667421,
            24.185693
          ],
          [
            120.667378,
            24.185668
          ],
          [
            120.667206,
            24.185922
          ],
          [
            120.667018,
            24.186226
          ],
          [
            120.666481,
            24.185973
          ],
          [
            120.66605,
            24.18575
          ],
          [
            120.665577,
            24.185502
          ],
          [
            120.665127,
            24.18527
          ],
          [
            120.665429,
            24.184694
          ],
          [
            120.665127,
            24.18527
          ],
          [
            120.665577,
            24.185502
          ],
          [
            120.66605,
            24.18575
          ],
          [
            120.666481,
            24.185973
          ],
          [
            120.667018,
            24.186226
          ],
          [
            120.668205,
            24.186865
          ],
          [
            120.668723,
            24.186007
          ],
          [
            120.668367,
            24.185819
          ],
          [
            120.66846,
            24.185664
          ],
          [
            120.668367,
            24.185819
          ],
          [
            120.668723,
            24.186007
          ],
          [
            120.668205,
            24.186865
          ],
          [
            120.667018,
            24.186226
          ],
          [
            120.666481,
            24.185973
          ],
          [
            120.66605,
            24.18575
          ],
          [
            120.665577,
            24.185502
          ],
          [
            120.665127,
            24.18527
          ],
          [
            120.665272,
            24.184993
          ],
          [
            120.665127,
            24.18527
          ],
          [
            120.665006,
            24.185215
          ],
          [
            120.665127,
            24.18527
          ],
          [
            120.665577,
            24.185502
          ],
          [
            120.66605,
            24.18575
          ],
          [
            120.666481,
            24.185973
          ],
          [
            120.667018,
            24.186226
          ],
          [
            120.667206,
            24.185922
          ],
          [
            120.667378,
            24.185668
          ],
          [
            120.667494,
            24.185495
          ],
          [
            120.667378,
            24.185668
          ],
          [
            120.667206,
            24.185922
          ],
          [
            120.667018,
            24.186226
          ],
          [
            120.666481,
            24.185973
          ],
          [
            120.66605,
            24.18575
          ],
          [
            120.665577,
            24.185502
          ],
          [
            120.666043,
            24.184703
          ],
          [
            120.665658,
            24.185363
          ],
          [
            120.665577,
            24.185502
          ],
          [
            120.665127,
            24.18527
          ],
          [
            120.665429,
            24.184694
          ],
          [
            120.665127,
            24.18527
          ],
          [
            120.665577,
            24.185502
          ],
          [
            120.66605,
            24.18575
          ],
          [
            120.666125,
            24.185789
          ],
          [
            120.66605,
            24.18575
          ],
          [
            120.665577,
            24.185502
          ],
          [
            120.665127,
            24.18527
          ],
          [
            120.665272,
            24.184993
          ],
          [
            120.665127,
            24.18527
          ],
          [
            120.665577,
            24.185502
          ],
          [
            120.66605,
            24.18575
          ],
          [
            120.666481,
            24.185973
          ],
          [
            120.666909,
            24.185324
          ],
          [
            120.666481,
            24.185973
          ],
          [
            120.66605,
            24.18575
          ],
          [
            120.665577,
            24.185502
          ],
          [
            120.665127,
            24.18527
          ],
          [
            120.665006,
            24.185215
          ],
          [
            120.665127,
            24.18527
          ],
          [
            120.665577,
            24.185502
          ],
          [
            120.665658,
            24.185363
          ],
          [
            120.665577,
            24.185502
          ],
          [
            120.66605,
            24.18575
          ],
          [
            120.666125,
            24.185789
          ],
          [
            120.666481,
            24.185973
          ],
          [
            120.666909,
            24.185324
          ],
          [
            120.666481,
            24.185973
          ],
          [
            120.666058,
            24.186649
          ],
          [
            120.666026,
            24.1867
          ],
          [
            120.665455,
            24.186403
          ],
          [
            120.66479,
            24.186058
          ],
          [
            120.664221,
            24.185762
          ],
          [
            120.664193,
            24.185748
          ],
          [
            120.664096,
            24.185698
          ],
          [
            120.664045,
            24.185786
          ],
          [
            120.663901,
            24.186033
          ],
          [
            120.663778,
            24.186243
          ],
          [
            120.663719,
            24.186347
          ],
          [
            120.663396,
            24.186904
          ],
          [
            120.663279,
            24.187106
          ],
          [
            120.663365,
            24.187152
          ],
          [
            120.663461,
            24.187201
          ],
          [
            120.663365,
            24.187152
          ],
          [
            120.663279,
            24.187106
          ],
          [
            120.66301,
            24.187558
          ],
          [
            120.662902,
            24.187739
          ],
          [
            120.662743,
            24.188001
          ],
          [
            120.662688,
            24.188094
          ],
          [
            120.662511,
            24.188397
          ],
          [
            120.662484,
            24.188451
          ],
          [
            120.662441,
            24.188542
          ],
          [
            120.6624,
            24.188621
          ],
          [
            120.66236,
            24.18868
          ],
          [
            120.66231,
            24.188769
          ],
          [
            120.662027,
            24.189271
          ],
          [
            120.662005,
            24.189311
          ],
          [
            120.66198,
            24.18935
          ],
          [
            120.661919,
            24.189457
          ],
          [
            120.661823,
            24.189422
          ],
          [
            120.661884,
            24.189313
          ],
          [
            120.662265,
            24.18864
          ],
          [
            120.662298,
            24.188581
          ],
          [
            120.662349,
            24.18849
          ],
          [
            120.662392,
            24.188414
          ],
          [
            120.662415,
            24.188373
          ],
          [
            120.66249,
            24.18824
          ],
          [
            120.662555,
            24.188125
          ],
          [
            120.662651,
            24.187955
          ],
          [
            120.663159,
            24.187056
          ],
          [
            120.663209,
            24.186975
          ],
          [
            120.663416,
            24.186613
          ],
          [
            120.663573,
            24.186344
          ],
          [
            120.663905,
            24.185772
          ],
          [
            120.663928,
            24.185732
          ],
          [
            120.663982,
            24.185639
          ],
          [
            120.66402,
            24.185575
          ],
          [
            120.664133,
            24.185635
          ],
          [
            120.664096,
            24.185698
          ],
          [
            120.664045,
            24.185786
          ],
          [
            120.663901,
            24.186033
          ],
          [
            120.663778,
            24.186243
          ],
          [
            120.663719,
            24.186347
          ],
          [
            120.663396,
            24.186904
          ],
          [
            120.663279,
            24.187106
          ],
          [
            120.66301,
            24.187558
          ],
          [
            120.662902,
            24.187739
          ],
          [
            120.662743,
            24.188001
          ],
          [
            120.662511,
            24.188397
          ],
          [
            120.662484,
            24.188451
          ],
          [
            120.662441,
            24.188542
          ],
          [
            120.6624,
            24.188621
          ],
          [
            120.66236,
            24.18868
          ],
          [
            120.662005,
            24.189311
          ],
          [
            120.66198,
            24.18935
          ],
          [
            120.661919,
            24.189457
          ],
          [
            120.661842,
            24.189566
          ],
          [
            120.661635,
            24.189924
          ],
          [
            120.661389,
            24.190348
          ],
          [
            120.661232,
            24.190634
          ],
          [
            120.661133,
            24.190596
          ],
          [
            120.661221,
            24.190448
          ],
          [
            120.661306,
            24.190294
          ],
          [
            120.661741,
            24.189562
          ],
          [
            120.661764,
            24.189522
          ],
          [
            120.661823,
            24.189422
          ],
          [
            120.661884,
            24.189313
          ],
          [
            120.662265,
            24.18864
          ],
          [
            120.662298,
            24.188581
          ],
          [
            120.662349,
            24.18849
          ],
          [
            120.662392,
            24.188414
          ],
          [
            120.662415,
            24.188373
          ],
          [
            120.66249,
            24.18824
          ],
          [
            120.662555,
            24.188125
          ],
          [
            120.662651,
            24.187955
          ],
          [
            120.663159,
            24.187056
          ],
          [
            120.663209,
            24.186975
          ],
          [
            120.663416,
            24.186613
          ],
          [
            120.663573,
            24.186344
          ],
          [
            120.663905,
            24.185772
          ],
          [
            120.663928,
            24.185732
          ],
          [
            120.663982,
            24.185639
          ],
          [
            120.66402,
            24.185575
          ],
          [
            120.664133,
            24.185635
          ],
          [
            120.664096,
            24.185698
          ],
          [
            120.664045,
            24.185786
          ],
          [
            120.663778,
            24.186243
          ],
          [
            120.663719,
            24.186347
          ],
          [
            120.663279,
            24.187106
          ],
          [
            120.663365,
            24.187152
          ],
          [
            120.663461,
            24.187201
          ],
          [
            120.663365,
            24.187152
          ],
          [
            120.663279,
            24.187106
          ],
          [
            120.66301,
            24.187558
          ],
          [
            120.662902,
            24.187739
          ],
          [
            120.662743,
            24.188001
          ],
          [
            120.662511,
            24.188397
          ],
          [
            120.662484,
            24.188451
          ],
          [
            120.662441,
            24.188542
          ],
          [
            120.6624,
            24.188621
          ],
          [
            120.66236,
            24.18868
          ],
          [
            120.662005,
            24.189311
          ],
          [
            120.66198,
            24.18935
          ],
          [
            120.661919,
            24.189457
          ],
          [
            120.661842,
            24.189566
          ],
          [
            120.661389,
            24.190348
          ],
          [
            120.661355,
            24.19041
          ],
          [
            120.661232,
            24.190634
          ],
          [
            120.661133,
            24.190596
          ],
          [
            120.661221,
            24.190448
          ],
          [
            120.661306,
            24.190294
          ],
          [
            120.661741,
            24.189562
          ],
          [
            120.661764,
            24.189522
          ],
          [
            120.661823,
            24.189422
          ],
          [
            120.661884,
            24.189313
          ],
          [
            120.662265,
            24.18864
          ],
          [
            120.662298,
            24.188581
          ],
          [
            120.662349,
            24.18849
          ],
          [
            120.662392,
            24.188414
          ],
          [
            120.662415,
            24.188373
          ],
          [
            120.66249,
            24.18824
          ],
          [
            120.662555,
            24.188125
          ],
          [
            120.662651,
            24.187955
          ],
          [
            120.663159,
            24.187056
          ],
          [
            120.663209,
            24.186975
          ],
          [
            120.663416,
            24.186613
          ],
          [
            120.663573,
            24.186344
          ],
          [
            120.663905,
            24.185772
          ],
          [
            120.663928,
            24.185732
          ],
          [
            120.663982,
            24.185639
          ],
          [
            120.66402,
            24.185575
          ],
          [
            120.664133,
            24.185635
          ],
          [
            120.664096,
            24.185698
          ],
          [
            120.664045,
            24.185786
          ],
          [
            120.663778,
            24.186243
          ],
          [
            120.663719,
            24.186347
          ],
          [
            120.663279,
            24.187106
          ],
          [
            120.66301,
            24.187558
          ],
          [
            120.662902,
            24.187739
          ],
          [
            120.662743,
            24.188001
          ],
          [
            120.662688,
            24.188094
          ],
          [
            120.662511,
            24.188397
          ],
          [
            120.662484,
            24.188451
          ],
          [
            120.662441,
            24.188542
          ],
          [
            120.6624,
            24.188621
          ],
          [
            120.66236,
            24.18868
          ],
          [
            120.662005,
            24.189311
          ],
          [
            120.66198,
            24.18935
          ],
          [
            120.661919,
            24.189457
          ],
          [
            120.661842,
            24.189566
          ],
          [
            120.661389,
            24.190348
          ],
          [
            120.661232,
            24.190634
          ],
          [
            120.660994,
            24.191061
          ],
          [
            120.660881,
            24.191263
          ],
          [
            120.66085,
            24.19132
          ],
          [
            120.66083,
            24.191349
          ],
          [
            120.660716,
            24.191537
          ],
          [
            120.660608,
            24.19149
          ],
          [
            120.660717,
            24.191307
          ],
          [
            120.661133,
            24.190596
          ],
          [
            120.661221,
            24.190448
          ],
          [
            120.661306,
            24.190294
          ],
          [
            120.661741,
            24.189562
          ],
          [
            120.661764,
            24.189522
          ],
          [
            120.661823,
            24.189422
          ],
          [
            120.661884,
            24.189313
          ],
          [
            120.662265,
            24.18864
          ],
          [
            120.662298,
            24.188581
          ],
          [
            120.662349,
            24.18849
          ],
          [
            120.662441,
            24.188542
          ],
          [
            120.6624,
            24.188621
          ],
          [
            120.66236,
            24.18868
          ],
          [
            120.66231,
            24.188769
          ],
          [
            120.662027,
            24.189271
          ],
          [
            120.662005,
            24.189311
          ],
          [
            120.66198,
            24.18935
          ],
          [
            120.661919,
            24.189457
          ],
          [
            120.661842,
            24.189566
          ],
          [
            120.661389,
            24.190348
          ],
          [
            120.661232,
            24.190634
          ],
          [
            120.660881,
            24.191263
          ],
          [
            120.66085,
            24.19132
          ],
          [
            120.66083,
            24.191349
          ],
          [
            120.660716,
            24.191537
          ],
          [
            120.660788,
            24.191577
          ],
          [
            120.660855,
            24.19161
          ],
          [
            120.660788,
            24.191577
          ],
          [
            120.660716,
            24.191537
          ],
          [
            120.660675,
            24.1916
          ],
          [
            120.660437,
            24.191983
          ],
          [
            120.66033,
            24.192156
          ],
          [
            120.660169,
            24.19241
          ],
          [
            120.660034,
            24.192608
          ],
          [
            120.660016,
            24.19264
          ],
          [
            120.660005,
            24.192663
          ],
          [
            120.659947,
            24.192758
          ],
          [
            120.659754,
            24.193053
          ],
          [
            120.659637,
            24.193052
          ],
          [
            120.659699,
            24.192951
          ],
          [
            120.659906,
            24.192615
          ],
          [
            120.659915,
            24.192603
          ],
          [
            120.660069,
            24.192356
          ],
          [
            120.660166,
            24.192197
          ],
          [
            120.660541,
            24.191598
          ],
          [
            120.660572,
            24.191546
          ],
          [
            120.660608,
            24.19149
          ],
          [
            120.660717,
            24.191307
          ],
          [
            120.661133,
            24.190596
          ],
          [
            120.661221,
            24.190448
          ],
          [
            120.661306,
            24.190294
          ],
          [
            120.661741,
            24.189562
          ],
          [
            120.661764,
            24.189522
          ],
          [
            120.661823,
            24.189422
          ],
          [
            120.661919,
            24.189457
          ],
          [
            120.661842,
            24.189566
          ],
          [
            120.661635,
            24.189924
          ],
          [
            120.661389,
            24.190348
          ],
          [
            120.661232,
            24.190634
          ],
          [
            120.660881,
            24.191263
          ],
          [
            120.66085,
            24.19132
          ],
          [
            120.66083,
            24.191349
          ],
          [
            120.660716,
            24.191537
          ],
          [
            120.660675,
            24.1916
          ],
          [
            120.66033,
            24.192156
          ],
          [
            120.660169,
            24.19241
          ],
          [
            120.660161,
            24.192422
          ],
          [
            120.660034,
            24.192608
          ],
          [
            120.660016,
            24.19264
          ],
          [
            120.660005,
            24.192663
          ],
          [
            120.659947,
            24.192758
          ],
          [
            120.659754,
            24.193053
          ],
          [
            120.659637,
            24.193052
          ],
          [
            120.659699,
            24.192951
          ],
          [
            120.659906,
            24.192615
          ],
          [
            120.659915,
            24.192603
          ],
          [
            120.660069,
            24.192356
          ],
          [
            120.660166,
            24.192197
          ],
          [
            120.660541,
            24.191598
          ],
          [
            120.660572,
            24.191546
          ],
          [
            120.660608,
            24.19149
          ],
          [
            120.660717,
            24.191307
          ],
          [
            120.661133,
            24.190596
          ],
          [
            120.661221,
            24.190448
          ],
          [
            120.661306,
            24.190294
          ],
          [
            120.661741,
            24.189562
          ],
          [
            120.661764,
            24.189522
          ],
          [
            120.661823,
            24.189422
          ],
          [
            120.661919,
            24.189457
          ],
          [
            120.661842,
            24.189566
          ],
          [
            120.661389,
            24.190348
          ],
          [
            120.661355,
            24.19041
          ],
          [
            120.661232,
            24.190634
          ],
          [
            120.660881,
            24.191263
          ],
          [
            120.66085,
            24.19132
          ],
          [
            120.66083,
            24.191349
          ],
          [
            120.660716,
            24.191537
          ],
          [
            120.660675,
            24.1916
          ],
          [
            120.66033,
            24.192156
          ],
          [
            120.660169,
            24.19241
          ],
          [
            120.660034,
            24.192608
          ],
          [
            120.660016,
            24.19264
          ],
          [
            120.660005,
            24.192663
          ],
          [
            120.659947,
            24.192758
          ],
          [
            120.659754,
            24.193053
          ],
          [
            120.65981,
            24.19315
          ],
          [
            120.659815,
            24.193159
          ],
          [
            120.659918,
            24.193437
          ],
          [
            120.660461,
            24.193253
          ],
          [
            120.660307,
            24.192933
          ],
          [
            120.660159,
            24.192849
          ],
          [
            120.659947,
            24.192758
          ],
          [
            120.659754,
            24.193053
          ],
          [
            120.659637,
            24.193052
          ],
          [
            120.659699,
            24.192951
          ],
          [
            120.659906,
            24.192615
          ],
          [
            120.659915,
            24.192603
          ],
          [
            120.660069,
            24.192356
          ],
          [
            120.660166,
            24.192197
          ],
          [
            120.660541,
            24.191598
          ],
          [
            120.660572,
            24.191546
          ],
          [
            120.660608,
            24.19149
          ],
          [
            120.660717,
            24.191307
          ],
          [
            120.661133,
            24.190596
          ],
          [
            120.661232,
            24.190634
          ],
          [
            120.660994,
            24.191061
          ],
          [
            120.660881,
            24.191263
          ],
          [
            120.66085,
            24.19132
          ],
          [
            120.66083,
            24.191349
          ],
          [
            120.660716,
            24.191537
          ],
          [
            120.660675,
            24.1916
          ],
          [
            120.66033,
            24.192156
          ],
          [
            120.660169,
            24.19241
          ],
          [
            120.660034,
            24.192608
          ],
          [
            120.660016,
            24.19264
          ],
          [
            120.660005,
            24.192663
          ],
          [
            120.659947,
            24.192758
          ],
          [
            120.659754,
            24.193053
          ],
          [
            120.659637,
            24.193052
          ],
          [
            120.659699,
            24.192951
          ],
          [
            120.659906,
            24.192615
          ],
          [
            120.659915,
            24.192603
          ],
          [
            120.660069,
            24.192356
          ],
          [
            120.660094,
            24.192314
          ],
          [
            120.660166,
            24.192197
          ],
          [
            120.660541,
            24.191598
          ],
          [
            120.660572,
            24.191546
          ],
          [
            120.660608,
            24.19149
          ],
          [
            120.660716,
            24.191537
          ],
          [
            120.660788,
            24.191577
          ],
          [
            120.660855,
            24.19161
          ],
          [
            120.660788,
            24.191577
          ],
          [
            120.660716,
            24.191537
          ],
          [
            120.660608,
            24.19149
          ],
          [
            120.660717,
            24.191307
          ],
          [
            120.661133,
            24.190596
          ],
          [
            120.661221,
            24.190448
          ],
          [
            120.661148,
            24.190429
          ],
          [
            120.661051,
            24.19039
          ],
          [
            120.661043,
            24.190386
          ],
          [
            120.661051,
            24.19039
          ],
          [
            120.661148,
            24.190429
          ],
          [
            120.661221,
            24.190448
          ],
          [
            120.661306,
            24.190294
          ],
          [
            120.661741,
            24.189562
          ],
          [
            120.661764,
            24.189522
          ],
          [
            120.661823,
            24.189422
          ],
          [
            120.661919,
            24.189457
          ],
          [
            120.661842,
            24.189566
          ],
          [
            120.661389,
            24.190348
          ],
          [
            120.661232,
            24.190634
          ],
          [
            120.660881,
            24.191263
          ],
          [
            120.66085,
            24.19132
          ],
          [
            120.66083,
            24.191349
          ],
          [
            120.660716,
            24.191537
          ],
          [
            120.660675,
            24.1916
          ],
          [
            120.660437,
            24.191983
          ],
          [
            120.66033,
            24.192156
          ],
          [
            120.660169,
            24.19241
          ],
          [
            120.660034,
            24.192608
          ],
          [
            120.660016,
            24.19264
          ],
          [
            120.660005,
            24.192663
          ],
          [
            120.659947,
            24.192758
          ],
          [
            120.659754,
            24.193053
          ],
          [
            120.659637,
            24.193052
          ],
          [
            120.659699,
            24.192951
          ],
          [
            120.659906,
            24.192615
          ],
          [
            120.659915,
            24.192603
          ],
          [
            120.660069,
            24.192356
          ],
          [
            120.660166,
            24.192197
          ],
          [
            120.660541,
            24.191598
          ],
          [
            120.660572,
            24.191546
          ],
          [
            120.660608,
            24.19149
          ],
          [
            120.660717,
            24.191307
          ],
          [
            120.661133,
            24.190596
          ],
          [
            120.661221,
            24.190448
          ],
          [
            120.661306,
            24.190294
          ],
          [
            120.661578,
            24.189836
          ],
          [
            120.661741,
            24.189562
          ],
          [
            120.661764,
            24.189522
          ],
          [
            120.661823,
            24.189422
          ],
          [
            120.661919,
            24.189457
          ],
          [
            120.661842,
            24.189566
          ],
          [
            120.661389,
            24.190348
          ],
          [
            120.661232,
            24.190634
          ],
          [
            120.660881,
            24.191263
          ],
          [
            120.66085,
            24.19132
          ],
          [
            120.66083,
            24.191349
          ],
          [
            120.660716,
            24.191537
          ],
          [
            120.660675,
            24.1916
          ],
          [
            120.66033,
            24.192156
          ],
          [
            120.660169,
            24.19241
          ],
          [
            120.660161,
            24.192422
          ],
          [
            120.660034,
            24.192608
          ],
          [
            120.660016,
            24.19264
          ],
          [
            120.660005,
            24.192663
          ],
          [
            120.659947,
            24.192758
          ],
          [
            120.659754,
            24.193053
          ],
          [
            120.659637,
            24.193052
          ],
          [
            120.659699,
            24.192951
          ],
          [
            120.659906,
            24.192615
          ],
          [
            120.659915,
            24.192603
          ],
          [
            120.660069,
            24.192356
          ],
          [
            120.660166,
            24.192197
          ],
          [
            120.660541,
            24.191598
          ],
          [
            120.660572,
            24.191546
          ],
          [
            120.660608,
            24.19149
          ],
          [
            120.660717,
            24.191307
          ],
          [
            120.661133,
            24.190596
          ],
          [
            120.661221,
            24.190448
          ],
          [
            120.661306,
            24.190294
          ],
          [
            120.661741,
            24.189562
          ],
          [
            120.661764,
            24.189522
          ],
          [
            120.661823,
            24.189422
          ],
          [
            120.661884,
            24.189313
          ],
          [
            120.662251,
            24.188664
          ],
          [
            120.662265,
            24.18864
          ],
          [
            120.662298,
            24.188581
          ],
          [
            120.662349,
            24.18849
          ],
          [
            120.662392,
            24.188414
          ],
          [
            120.662415,
            24.188373
          ],
          [
            120.66249,
            24.18824
          ],
          [
            120.662492,
            24.188236
          ],
          [
            120.662555,
            24.188125
          ],
          [
            120.662651,
            24.187955
          ],
          [
            120.663159,
            24.187056
          ],
          [
            120.663209,
            24.186975
          ],
          [
            120.663416,
            24.186613
          ],
          [
            120.663573,
            24.186344
          ],
          [
            120.663905,
            24.185772
          ],
          [
            120.663928,
            24.185732
          ],
          [
            120.663982,
            24.185639
          ],
          [
            120.66402,
            24.185575
          ],
          [
            120.664133,
            24.185635
          ],
          [
            120.664096,
            24.185698
          ],
          [
            120.664045,
            24.185786
          ],
          [
            120.663778,
            24.186243
          ],
          [
            120.663719,
            24.186347
          ],
          [
            120.663279,
            24.187106
          ],
          [
            120.66301,
            24.187558
          ],
          [
            120.662902,
            24.187739
          ],
          [
            120.662743,
            24.188001
          ],
          [
            120.662511,
            24.188397
          ],
          [
            120.662484,
            24.188451
          ],
          [
            120.662441,
            24.188542
          ],
          [
            120.6624,
            24.188621
          ],
          [
            120.66236,
            24.18868
          ],
          [
            120.662005,
            24.189311
          ],
          [
            120.66198,
            24.18935
          ],
          [
            120.661919,
            24.189457
          ],
          [
            120.661842,
            24.189566
          ],
          [
            120.661389,
            24.190348
          ],
          [
            120.661232,
            24.190634
          ],
          [
            120.660881,
            24.191263
          ],
          [
            120.66085,
            24.19132
          ],
          [
            120.66083,
            24.191349
          ],
          [
            120.660716,
            24.191537
          ],
          [
            120.660675,
            24.1916
          ],
          [
            120.66033,
            24.192156
          ],
          [
            120.660169,
            24.19241
          ],
          [
            120.660034,
            24.192608
          ],
          [
            120.660016,
            24.19264
          ],
          [
            120.660005,
            24.192663
          ],
          [
            120.659947,
            24.192758
          ],
          [
            120.659754,
            24.193053
          ],
          [
            120.65981,
            24.19315
          ],
          [
            120.659815,
            24.193159
          ],
          [
            120.659918,
            24.193437
          ],
          [
            120.660461,
            24.193253
          ],
          [
            120.660307,
            24.192933
          ],
          [
            120.660159,
            24.192849
          ],
          [
            120.659947,
            24.192758
          ],
          [
            120.659754,
            24.193053
          ],
          [
            120.659637,
            24.193052
          ],
          [
            120.659699,
            24.192951
          ],
          [
            120.659906,
            24.192615
          ],
          [
            120.659915,
            24.192603
          ],
          [
            120.660069,
            24.192356
          ],
          [
            120.660166,
            24.192197
          ],
          [
            120.660541,
            24.191598
          ],
          [
            120.660572,
            24.191546
          ],
          [
            120.660608,
            24.19149
          ],
          [
            120.660717,
            24.191307
          ],
          [
            120.661133,
            24.190596
          ],
          [
            120.661221,
            24.190448
          ],
          [
            120.661306,
            24.190294
          ],
          [
            120.661741,
            24.189562
          ],
          [
            120.661764,
            24.189522
          ],
          [
            120.661823,
            24.189422
          ],
          [
            120.661884,
            24.189313
          ],
          [
            120.662265,
            24.18864
          ],
          [
            120.662298,
            24.188581
          ],
          [
            120.662349,
            24.18849
          ],
          [
            120.662392,
            24.188414
          ],
          [
            120.662415,
            24.188373
          ],
          [
            120.66249,
            24.18824
          ],
          [
            120.662555,
            24.188125
          ],
          [
            120.662651,
            24.187955
          ],
          [
            120.663159,
            24.187056
          ],
          [
            120.663209,
            24.186975
          ],
          [
            120.663416,
            24.186613
          ],
          [
            120.663573,
            24.186344
          ],
          [
            120.663895,
            24.18579
          ],
          [
            120.663905,
            24.185772
          ],
          [
            120.663928,
            24.185732
          ],
          [
            120.663982,
            24.185639
          ],
          [
            120.66402,
            24.185575
          ],
          [
            120.664133,
            24.185635
          ],
          [
            120.664096,
            24.185698
          ],
          [
            120.664045,
            24.185786
          ],
          [
            120.663778,
            24.186243
          ],
          [
            120.663719,
            24.186347
          ],
          [
            120.663279,
            24.187106
          ],
          [
            120.66301,
            24.187558
          ],
          [
            120.662902,
            24.187739
          ],
          [
            120.662743,
            24.188001
          ],
          [
            120.662511,
            24.188397
          ],
          [
            120.662484,
            24.188451
          ],
          [
            120.662441,
            24.188542
          ],
          [
            120.6624,
            24.188621
          ],
          [
            120.66236,
            24.18868
          ],
          [
            120.662005,
            24.189311
          ],
          [
            120.66198,
            24.18935
          ],
          [
            120.661919,
            24.189457
          ],
          [
            120.661842,
            24.189566
          ],
          [
            120.661389,
            24.190348
          ],
          [
            120.661232,
            24.190634
          ],
          [
            120.660881,
            24.191263
          ],
          [
            120.66085,
            24.19132
          ],
          [
            120.66083,
            24.191349
          ],
          [
            120.660716,
            24.191537
          ],
          [
            120.660675,
            24.1916
          ],
          [
            120.66033,
            24.192156
          ],
          [
            120.660169,
            24.19241
          ],
          [
            120.660034,
            24.192608
          ],
          [
            120.660016,
            24.19264
          ],
          [
            120.660005,
            24.192663
          ],
          [
            120.659947,
            24.192758
          ],
          [
            120.659754,
            24.193053
          ],
          [
            120.659637,
            24.193052
          ],
          [
            120.659699,
            24.192951
          ],
          [
            120.659906,
            24.192615
          ],
          [
            120.659915,
            24.192603
          ],
          [
            120.660069,
            24.192356
          ],
          [
            120.660094,
            24.192314
          ],
          [
            120.660166,
            24.192197
          ],
          [
            120.660541,
            24.191598
          ],
          [
            120.660572,
            24.191546
          ],
          [
            120.660608,
            24.19149
          ],
          [
            120.660717,
            24.191307
          ],
          [
            120.661133,
            24.190596
          ],
          [
            120.661221,
            24.190448
          ],
          [
            120.661306,
            24.190294
          ],
          [
            120.661741,
            24.189562
          ],
          [
            120.661764,
            24.189522
          ],
          [
            120.661823,
            24.189422
          ],
          [
            120.661884,
            24.189313
          ],
          [
            120.662265,
            24.18864
          ],
          [
            120.662298,
            24.188581
          ],
          [
            120.662349,
            24.18849
          ],
          [
            120.662392,
            24.188414
          ],
          [
            120.662415,
            24.188373
          ],
          [
            120.66249,
            24.18824
          ],
          [
            120.662555,
            24.188125
          ],
          [
            120.662651,
            24.187955
          ],
          [
            120.663159,
            24.187056
          ],
          [
            120.663209,
            24.186975
          ],
          [
            120.663416,
            24.186613
          ],
          [
            120.663573,
            24.186344
          ],
          [
            120.663905,
            24.185772
          ],
          [
            120.663928,
            24.185732
          ],
          [
            120.663982,
            24.185639
          ],
          [
            120.66402,
            24.185575
          ],
          [
            120.664079,
            24.185474
          ],
          [
            120.664936,
            24.184011
          ],
          [
            120.665043,
            24.183829
          ],
          [
            120.665613,
            24.182905
          ],
          [
            120.665645,
            24.182844
          ],
          [
            120.665704,
            24.182737
          ],
          [
            120.665746,
            24.182648
          ],
          [
            120.666233,
            24.181687
          ],
          [
            120.666251,
            24.181651
          ],
          [
            120.666354,
            24.181447
          ],
          [
            120.666561,
            24.181034
          ],
          [
            120.666725,
            24.180734
          ],
          [
            120.666903,
            24.180436
          ],
          [
            120.667052,
            24.180196
          ],
          [
            120.667294,
            24.179888
          ],
          [
            120.667454,
            24.179666
          ],
          [
            120.66789,
            24.179088
          ],
          [
            120.668442,
            24.178382
          ],
          [
            120.668473,
            24.178342
          ],
          [
            120.668588,
            24.178196
          ],
          [
            120.668495,
            24.178194
          ],
          [
            120.668468,
            24.178193
          ],
          [
            120.66808,
            24.178187
          ],
          [
            120.667911,
            24.178184
          ],
          [
            120.66808,
            24.178187
          ],
          [
            120.668468,
            24.178193
          ],
          [
            120.668495,
            24.178194
          ],
          [
            120.668588,
            24.178196
          ],
          [
            120.668696,
            24.178265
          ],
          [
            120.668574,
            24.178418
          ],
          [
            120.668276,
            24.178791
          ],
          [
            120.667874,
            24.179311
          ],
          [
            120.667535,
            24.17975
          ],
          [
            120.666998,
            24.180466
          ],
          [
            120.666841,
            24.180726
          ],
          [
            120.666463,
            24.181492
          ],
          [
            120.666344,
            24.181733
          ],
          [
            120.666141,
            24.182142
          ],
          [
            120.665961,
            24.182484
          ],
          [
            120.665874,
            24.182646
          ],
          [
            120.66585,
            24.182693
          ],
          [
            120.665807,
            24.182787
          ],
          [
            120.665757,
            24.182893
          ],
          [
            120.665203,
            24.183797
          ],
          [
            120.665112,
            24.183954
          ],
          [
            120.664888,
            24.184334
          ],
          [
            120.664508,
            24.184989
          ],
          [
            120.664224,
            24.185478
          ],
          [
            120.664197,
            24.185525
          ],
          [
            120.664133,
            24.185635
          ],
          [
            120.664096,
            24.185698
          ],
          [
            120.664045,
            24.185786
          ],
          [
            120.663778,
            24.186243
          ],
          [
            120.663719,
            24.186347
          ],
          [
            120.663279,
            24.187106
          ],
          [
            120.66301,
            24.187558
          ],
          [
            120.662902,
            24.187739
          ],
          [
            120.662743,
            24.188001
          ],
          [
            120.662511,
            24.188397
          ],
          [
            120.662484,
            24.188451
          ],
          [
            120.662441,
            24.188542
          ],
          [
            120.6624,
            24.188621
          ],
          [
            120.66236,
            24.18868
          ],
          [
            120.662005,
            24.189311
          ],
          [
            120.66198,
            24.18935
          ],
          [
            120.661919,
            24.189457
          ],
          [
            120.661842,
            24.189566
          ],
          [
            120.661389,
            24.190348
          ],
          [
            120.661232,
            24.190634
          ],
          [
            120.661133,
            24.190596
          ],
          [
            120.661221,
            24.190448
          ],
          [
            120.661148,
            24.190429
          ],
          [
            120.661051,
            24.19039
          ],
          [
            120.661043,
            24.190386
          ],
          [
            120.661051,
            24.19039
          ],
          [
            120.661148,
            24.190429
          ],
          [
            120.661221,
            24.190448
          ],
          [
            120.661306,
            24.190294
          ],
          [
            120.661741,
            24.189562
          ],
          [
            120.661764,
            24.189522
          ],
          [
            120.661823,
            24.189422
          ],
          [
            120.661884,
            24.189313
          ],
          [
            120.662265,
            24.18864
          ],
          [
            120.662298,
            24.188581
          ],
          [
            120.662349,
            24.18849
          ],
          [
            120.662392,
            24.188414
          ],
          [
            120.662415,
            24.188373
          ],
          [
            120.66249,
            24.18824
          ],
          [
            120.662555,
            24.188125
          ],
          [
            120.662651,
            24.187955
          ],
          [
            120.663159,
            24.187056
          ],
          [
            120.663209,
            24.186975
          ],
          [
            120.663416,
            24.186613
          ],
          [
            120.663573,
            24.186344
          ],
          [
            120.663905,
            24.185772
          ],
          [
            120.663928,
            24.185732
          ],
          [
            120.663982,
            24.185639
          ],
          [
            120.66402,
            24.185575
          ],
          [
            120.664079,
            24.185474
          ],
          [
            120.664936,
            24.184011
          ],
          [
            120.665043,
            24.183829
          ],
          [
            120.665613,
            24.182905
          ],
          [
            120.665645,
            24.182844
          ],
          [
            120.665704,
            24.182737
          ],
          [
            120.665746,
            24.182648
          ],
          [
            120.666233,
            24.181687
          ],
          [
            120.666251,
            24.181651
          ],
          [
            120.666354,
            24.181447
          ],
          [
            120.666561,
            24.181034
          ],
          [
            120.666725,
            24.180734
          ],
          [
            120.666903,
            24.180436
          ],
          [
            120.667052,
            24.180196
          ],
          [
            120.667294,
            24.179888
          ],
          [
            120.667454,
            24.179666
          ],
          [
            120.66789,
            24.179088
          ],
          [
            120.667596,
            24.178897
          ],
          [
            120.6674,
            24.17877
          ],
          [
            120.667664,
            24.178453
          ],
          [
            120.6674,
            24.17877
          ],
          [
            120.667596,
            24.178897
          ],
          [
            120.66789,
            24.179088
          ],
          [
            120.668442,
            24.178382
          ],
          [
            120.668473,
            24.178342
          ],
          [
            120.668588,
            24.178196
          ],
          [
            120.668696,
            24.178265
          ],
          [
            120.668574,
            24.178418
          ],
          [
            120.668276,
            24.178791
          ],
          [
            120.667874,
            24.179311
          ],
          [
            120.667535,
            24.17975
          ],
          [
            120.666998,
            24.180466
          ],
          [
            120.666841,
            24.180726
          ],
          [
            120.666463,
            24.181492
          ],
          [
            120.666344,
            24.181733
          ],
          [
            120.666141,
            24.182142
          ],
          [
            120.665961,
            24.182484
          ],
          [
            120.665874,
            24.182646
          ],
          [
            120.66585,
            24.182693
          ],
          [
            120.665807,
            24.182787
          ],
          [
            120.665757,
            24.182893
          ],
          [
            120.665203,
            24.183797
          ],
          [
            120.665112,
            24.183954
          ],
          [
            120.664888,
            24.184334
          ],
          [
            120.664508,
            24.184989
          ],
          [
            120.664224,
            24.185478
          ],
          [
            120.664197,
            24.185525
          ],
          [
            120.664133,
            24.185635
          ],
          [
            120.664096,
            24.185698
          ],
          [
            120.664045,
            24.185786
          ],
          [
            120.663778,
            24.186243
          ],
          [
            120.663719,
            24.186347
          ],
          [
            120.663279,
            24.187106
          ],
          [
            120.66301,
            24.187558
          ],
          [
            120.662902,
            24.187739
          ],
          [
            120.662743,
            24.188001
          ],
          [
            120.662511,
            24.188397
          ],
          [
            120.662484,
            24.188451
          ],
          [
            120.662441,
            24.188542
          ],
          [
            120.6624,
            24.188621
          ],
          [
            120.66236,
            24.18868
          ],
          [
            120.662005,
            24.189311
          ],
          [
            120.66198,
            24.18935
          ],
          [
            120.661919,
            24.189457
          ],
          [
            120.661842,
            24.189566
          ],
          [
            120.661389,
            24.190348
          ],
          [
            120.661232,
            24.190634
          ],
          [
            120.661133,
            24.190596
          ],
          [
            120.661221,
            24.190448
          ],
          [
            120.661306,
            24.190294
          ],
          [
            120.661578,
            24.189836
          ],
          [
            120.661741,
            24.189562
          ],
          [
            120.661764,
            24.189522
          ],
          [
            120.661823,
            24.189422
          ],
          [
            120.661884,
            24.189313
          ],
          [
            120.662251,
            24.188664
          ],
          [
            120.662265,
            24.18864
          ],
          [
            120.662298,
            24.188581
          ],
          [
            120.662349,
            24.18849
          ],
          [
            120.662392,
            24.188414
          ],
          [
            120.662415,
            24.188373
          ],
          [
            120.66249,
            24.18824
          ],
          [
            120.662555,
            24.188125
          ],
          [
            120.662651,
            24.187955
          ],
          [
            120.663159,
            24.187056
          ],
          [
            120.663209,
            24.186975
          ],
          [
            120.663416,
            24.186613
          ],
          [
            120.663573,
            24.186344
          ],
          [
            120.663905,
            24.185772
          ],
          [
            120.663928,
            24.185732
          ],
          [
            120.663982,
            24.185639
          ],
          [
            120.66402,
            24.185575
          ],
          [
            120.664079,
            24.185474
          ],
          [
            120.664936,
            24.184011
          ],
          [
            120.665043,
            24.183829
          ],
          [
            120.665613,
            24.182905
          ],
          [
            120.665645,
            24.182844
          ],
          [
            120.665704,
            24.182737
          ],
          [
            120.665746,
            24.182648
          ],
          [
            120.666233,
            24.181687
          ],
          [
            120.666251,
            24.181651
          ],
          [
            120.666354,
            24.181447
          ],
          [
            120.666561,
            24.181034
          ],
          [
            120.666725,
            24.180734
          ],
          [
            120.666903,
            24.180436
          ],
          [
            120.667052,
            24.180196
          ],
          [
            120.667294,
            24.179888
          ],
          [
            120.667454,
            24.179666
          ],
          [
            120.66789,
            24.179088
          ],
          [
            120.667596,
            24.178897
          ],
          [
            120.6674,
            24.17877
          ],
          [
            120.667247,
            24.178673
          ],
          [
            120.667018,
            24.178522
          ],
          [
            120.666635,
            24.179
          ],
          [
            120.666736,
            24.179066
          ],
          [
            120.666798,
            24.179108
          ],
          [
            120.666858,
            24.179163
          ],
          [
            120.666996,
            24.179289
          ],
          [
            120.667173,
            24.179432
          ],
          [
            120.667454,
            24.179666
          ],
          [
            120.667535,
            24.17975
          ],
          [
            120.666998,
            24.180466
          ],
          [
            120.666841,
            24.180726
          ],
          [
            120.666463,
            24.181492
          ],
          [
            120.666344,
            24.181733
          ],
          [
            120.666141,
            24.182142
          ],
          [
            120.665961,
            24.182484
          ],
          [
            120.665874,
            24.182646
          ],
          [
            120.66585,
            24.182693
          ],
          [
            120.665807,
            24.182787
          ],
          [
            120.665757,
            24.182893
          ],
          [
            120.665203,
            24.183797
          ],
          [
            120.665112,
            24.183954
          ],
          [
            120.664888,
            24.184334
          ],
          [
            120.664508,
            24.184989
          ],
          [
            120.664224,
            24.185478
          ],
          [
            120.664197,
            24.185525
          ],
          [
            120.664133,
            24.185635
          ],
          [
            120.664096,
            24.185698
          ],
          [
            120.664045,
            24.185786
          ],
          [
            120.663778,
            24.186243
          ],
          [
            120.663719,
            24.186347
          ],
          [
            120.663279,
            24.187106
          ],
          [
            120.66301,
            24.187558
          ],
          [
            120.662902,
            24.187739
          ],
          [
            120.662743,
            24.188001
          ],
          [
            120.662511,
            24.188397
          ],
          [
            120.662484,
            24.188451
          ],
          [
            120.662441,
            24.188542
          ],
          [
            120.662349,
            24.18849
          ],
          [
            120.662392,
            24.188414
          ],
          [
            120.662415,
            24.188373
          ],
          [
            120.66249,
            24.18824
          ],
          [
            120.662492,
            24.188236
          ],
          [
            120.662555,
            24.188125
          ],
          [
            120.662651,
            24.187955
          ],
          [
            120.663159,
            24.187056
          ],
          [
            120.663209,
            24.186975
          ],
          [
            120.663416,
            24.186613
          ],
          [
            120.663573,
            24.186344
          ],
          [
            120.663895,
            24.18579
          ],
          [
            120.663905,
            24.185772
          ],
          [
            120.663928,
            24.185732
          ],
          [
            120.663982,
            24.185639
          ],
          [
            120.66402,
            24.185575
          ],
          [
            120.664079,
            24.185474
          ],
          [
            120.664936,
            24.184011
          ],
          [
            120.665043,
            24.183829
          ],
          [
            120.665613,
            24.182905
          ],
          [
            120.665645,
            24.182844
          ],
          [
            120.665704,
            24.182737
          ],
          [
            120.665746,
            24.182648
          ],
          [
            120.666233,
            24.181687
          ],
          [
            120.666251,
            24.181651
          ],
          [
            120.666354,
            24.181447
          ],
          [
            120.666561,
            24.181034
          ],
          [
            120.666725,
            24.180734
          ],
          [
            120.666903,
            24.180436
          ],
          [
            120.667052,
            24.180196
          ],
          [
            120.667294,
            24.179888
          ],
          [
            120.667454,
            24.179666
          ],
          [
            120.66789,
            24.179088
          ],
          [
            120.668442,
            24.178382
          ],
          [
            120.668473,
            24.178342
          ],
          [
            120.668588,
            24.178196
          ],
          [
            120.668495,
            24.178194
          ],
          [
            120.668468,
            24.178193
          ],
          [
            120.66808,
            24.178187
          ],
          [
            120.667911,
            24.178184
          ],
          [
            120.6679,
            24.178184
          ],
          [
            120.667706,
            24.178181
          ],
          [
            120.667625,
            24.178179
          ],
          [
            120.667548,
            24.178178
          ],
          [
            120.667182,
            24.178172
          ],
          [
            120.666817,
            24.178164
          ],
          [
            120.666812,
            24.178491
          ],
          [
            120.666552,
            24.178489
          ],
          [
            120.666446,
            24.178488
          ],
          [
            120.666202,
            24.178487
          ],
          [
            120.666241,
            24.178573
          ],
          [
            120.666454,
            24.178804
          ],
          [
            120.666635,
            24.179
          ],
          [
            120.666736,
            24.179066
          ],
          [
            120.666798,
            24.179108
          ],
          [
            120.666858,
            24.179163
          ],
          [
            120.666996,
            24.179289
          ],
          [
            120.6674,
            24.17877
          ],
          [
            120.667664,
            24.178453
          ],
          [
            120.6674,
            24.17877
          ],
          [
            120.666996,
            24.179289
          ],
          [
            120.666858,
            24.179163
          ],
          [
            120.666798,
            24.179108
          ],
          [
            120.666736,
            24.179066
          ],
          [
            120.666635,
            24.179
          ],
          [
            120.666454,
            24.178804
          ],
          [
            120.666241,
            24.178573
          ],
          [
            120.666202,
            24.178487
          ],
          [
            120.666179,
            24.178385
          ],
          [
            120.666176,
            24.178323
          ],
          [
            120.666179,
            24.178385
          ],
          [
            120.666202,
            24.178487
          ],
          [
            120.666241,
            24.178573
          ],
          [
            120.666454,
            24.178804
          ],
          [
            120.666635,
            24.179
          ],
          [
            120.667018,
            24.178522
          ],
          [
            120.666635,
            24.179
          ],
          [
            120.666454,
            24.178804
          ],
          [
            120.666241,
            24.178573
          ],
          [
            120.666202,
            24.178487
          ],
          [
            120.666446,
            24.178488
          ],
          [
            120.666202,
            24.178487
          ],
          [
            120.666179,
            24.178385
          ],
          [
            120.666176,
            24.178323
          ],
          [
            120.666179,
            24.178385
          ],
          [
            120.666202,
            24.178487
          ],
          [
            120.666241,
            24.178573
          ],
          [
            120.666454,
            24.178804
          ],
          [
            120.666635,
            24.179
          ],
          [
            120.666384,
            24.17912
          ],
          [
            120.666189,
            24.179213
          ],
          [
            120.666178,
            24.179249
          ],
          [
            120.66652,
            24.179646
          ],
          [
            120.666287,
            24.179927
          ],
          [
            120.666105,
            24.180154
          ],
          [
            120.665985,
            24.180739
          ],
          [
            120.66632,
            24.180912
          ],
          [
            120.666267,
            24.181012
          ],
          [
            120.666267,
            24.181012
          ],
          [
            120.66632,
            24.180912
          ],
          [
            120.666561,
            24.181034
          ],
          [
            120.666725,
            24.180734
          ],
          [
            120.666903,
            24.180436
          ],
          [
            120.667052,
            24.180196
          ],
          [
            120.667294,
            24.179888
          ],
          [
            120.667454,
            24.179666
          ],
          [
            120.667535,
            24.17975
          ],
          [
            120.666998,
            24.180466
          ],
          [
            120.666841,
            24.180726
          ],
          [
            120.666463,
            24.181492
          ],
          [
            120.666344,
            24.181733
          ],
          [
            120.666141,
            24.182142
          ],
          [
            120.665961,
            24.182484
          ],
          [
            120.665874,
            24.182646
          ],
          [
            120.66585,
            24.182693
          ],
          [
            120.665807,
            24.182787
          ],
          [
            120.665757,
            24.182893
          ],
          [
            120.665203,
            24.183797
          ],
          [
            120.665112,
            24.183954
          ],
          [
            120.664888,
            24.184334
          ],
          [
            120.664508,
            24.184989
          ],
          [
            120.664224,
            24.185478
          ],
          [
            120.664197,
            24.185525
          ],
          [
            120.664133,
            24.185635
          ],
          [
            120.664096,
            24.185698
          ],
          [
            120.664045,
            24.185786
          ],
          [
            120.663778,
            24.186243
          ],
          [
            120.663719,
            24.186347
          ],
          [
            120.663279,
            24.187106
          ],
          [
            120.663365,
            24.187152
          ],
          [
            120.663534,
            24.187238
          ],
          [
            120.663649,
            24.187354
          ],
          [
            120.663779,
            24.187504
          ],
          [
            120.663852,
            24.187588
          ],
          [
            120.663246,
            24.188577
          ],
          [
            120.663852,
            24.187588
          ],
          [
            120.663896,
            24.187643
          ],
          [
            120.663948,
            24.18773
          ],
          [
            120.664032,
            24.18785
          ],
          [
            120.66413,
            24.188014
          ],
          [
            120.664185,
            24.188071
          ],
          [
            120.664227,
            24.188104
          ],
          [
            120.664273,
            24.188122
          ],
          [
            120.664056,
            24.188424
          ],
          [
            120.663931,
            24.1886
          ],
          [
            120.664056,
            24.188424
          ],
          [
            120.664273,
            24.188122
          ],
          [
            120.664348,
            24.188132
          ],
          [
            120.664374,
            24.188126
          ],
          [
            120.664417,
            24.188129
          ],
          [
            120.664606,
            24.188231
          ],
          [
            120.664765,
            24.188342
          ],
          [
            120.664833,
            24.18839
          ],
          [
            120.664866,
            24.188438
          ],
          [
            120.664943,
            24.188486
          ],
          [
            120.664866,
            24.188438
          ],
          [
            120.664833,
            24.18839
          ],
          [
            120.664765,
            24.188342
          ],
          [
            120.664606,
            24.188231
          ],
          [
            120.664417,
            24.188129
          ],
          [
            120.664374,
            24.188126
          ],
          [
            120.664348,
            24.188132
          ],
          [
            120.664273,
            24.188122
          ],
          [
            120.664227,
            24.188104
          ],
          [
            120.664185,
            24.188071
          ],
          [
            120.66413,
            24.188014
          ],
          [
            120.664032,
            24.18785
          ],
          [
            120.663948,
            24.18773
          ],
          [
            120.663896,
            24.187643
          ],
          [
            120.663852,
            24.187588
          ],
          [
            120.663779,
            24.187504
          ],
          [
            120.663852,
            24.187588
          ],
          [
            120.663896,
            24.187643
          ],
          [
            120.663948,
            24.18773
          ],
          [
            120.664032,
            24.18785
          ],
          [
            120.66413,
            24.188014
          ],
          [
            120.664185,
            24.188071
          ],
          [
            120.664227,
            24.188104
          ],
          [
            120.664273,
            24.188122
          ],
          [
            120.664056,
            24.188424
          ],
          [
            120.664415,
            24.188632
          ],
          [
            120.664056,
            24.188424
          ],
          [
            120.664273,
            24.188122
          ],
          [
            120.664227,
            24.188104
          ],
          [
            120.664185,
            24.188071
          ],
          [
            120.66413,
            24.188014
          ],
          [
            120.664032,
            24.18785
          ],
          [
            120.663948,
            24.18773
          ],
          [
            120.663896,
            24.187643
          ],
          [
            120.663852,
            24.187588
          ],
          [
            120.663246,
            24.188577
          ],
          [
            120.663047,
            24.188901
          ],
          [
            120.663512,
            24.189189
          ],
          [
            120.663793,
            24.188794
          ],
          [
            120.664141,
            24.189001
          ],
          [
            120.663793,
            24.188794
          ],
          [
            120.663931,
            24.1886
          ],
          [
            120.663793,
            24.188794
          ],
          [
            120.664293,
            24.189092
          ],
          [
            120.664705,
            24.189332
          ],
          [
            120.664293,
            24.189092
          ],
          [
            120.664575,
            24.188724
          ],
          [
            120.664833,
            24.18839
          ],
          [
            120.664866,
            24.188438
          ],
          [
            120.664943,
            24.188486
          ],
          [
            120.665283,
            24.188699
          ],
          [
            120.665322,
            24.188716
          ],
          [
            120.665084,
            24.189038
          ],
          [
            120.664973,
            24.188969
          ],
          [
            120.664575,
            24.188724
          ],
          [
            120.664415,
            24.188632
          ],
          [
            120.664575,
            24.188724
          ],
          [
            120.664293,
            24.189092
          ],
          [
            120.664141,
            24.189001
          ],
          [
            120.664293,
            24.189092
          ],
          [
            120.664575,
            24.188724
          ],
          [
            120.664833,
            24.18839
          ],
          [
            120.664866,
            24.188438
          ],
          [
            120.665209,
            24.188653
          ],
          [
            120.665283,
            24.188699
          ],
          [
            120.665322,
            24.188716
          ],
          [
            120.665377,
            24.188738
          ],
          [
            120.665547,
            24.188835
          ],
          [
            120.665713,
            24.188921
          ],
          [
            120.665886,
            24.188987
          ],
          [
            120.665899,
            24.188989
          ],
          [
            120.665983,
            24.189
          ],
          [
            120.666033,
            24.189007
          ],
          [
            120.666093,
            24.189031
          ],
          [
            120.666033,
            24.189007
          ],
          [
            120.665983,
            24.189
          ],
          [
            120.665899,
            24.188989
          ],
          [
            120.665886,
            24.188987
          ],
          [
            120.665713,
            24.188921
          ],
          [
            120.665547,
            24.188835
          ],
          [
            120.665377,
            24.188738
          ],
          [
            120.665322,
            24.188716
          ],
          [
            120.665084,
            24.189038
          ],
          [
            120.664819,
            24.189398
          ],
          [
            120.664705,
            24.189332
          ],
          [
            120.664819,
            24.189398
          ],
          [
            120.665084,
            24.189038
          ],
          [
            120.665322,
            24.188716
          ],
          [
            120.665377,
            24.188738
          ],
          [
            120.665547,
            24.188835
          ],
          [
            120.665713,
            24.188921
          ],
          [
            120.665886,
            24.188987
          ],
          [
            120.665899,
            24.188989
          ],
          [
            120.665983,
            24.189
          ],
          [
            120.666033,
            24.189007
          ],
          [
            120.666172,
            24.189063
          ],
          [
            120.666451,
            24.189187
          ],
          [
            120.666679,
            24.189287
          ],
          [
            120.666674,
            24.189411
          ],
          [
            120.667129,
            24.189701
          ],
          [
            120.666674,
            24.189411
          ],
          [
            120.666679,
            24.189287
          ],
          [
            120.666781,
            24.189116
          ],
          [
            120.666679,
            24.189287
          ],
          [
            120.666451,
            24.189187
          ],
          [
            120.666172,
            24.189063
          ],
          [
            120.666033,
            24.189007
          ],
          [
            120.665983,
            24.189
          ],
          [
            120.665899,
            24.188989
          ],
          [
            120.665886,
            24.188987
          ],
          [
            120.665713,
            24.188921
          ],
          [
            120.665547,
            24.188835
          ],
          [
            120.665377,
            24.188738
          ],
          [
            120.665322,
            24.188716
          ],
          [
            120.665084,
            24.189038
          ],
          [
            120.664973,
            24.188969
          ],
          [
            120.665084,
            24.189038
          ],
          [
            120.665322,
            24.188716
          ],
          [
            120.665377,
            24.188738
          ],
          [
            120.665547,
            24.188835
          ],
          [
            120.665713,
            24.188921
          ],
          [
            120.665886,
            24.188987
          ],
          [
            120.665899,
            24.188989
          ],
          [
            120.665983,
            24.189
          ],
          [
            120.666033,
            24.189007
          ],
          [
            120.666172,
            24.189063
          ],
          [
            120.666451,
            24.189187
          ],
          [
            120.666679,
            24.189287
          ],
          [
            120.666869,
            24.188971
          ],
          [
            120.666679,
            24.189287
          ],
          [
            120.666451,
            24.189187
          ],
          [
            120.666172,
            24.189063
          ],
          [
            120.666033,
            24.189007
          ],
          [
            120.665983,
            24.189
          ],
          [
            120.665899,
            24.188989
          ],
          [
            120.665886,
            24.188987
          ],
          [
            120.665713,
            24.188921
          ],
          [
            120.665547,
            24.188835
          ],
          [
            120.665377,
            24.188738
          ],
          [
            120.665322,
            24.188716
          ],
          [
            120.665283,
            24.188699
          ],
          [
            120.665209,
            24.188653
          ],
          [
            120.665283,
            24.188699
          ],
          [
            120.665322,
            24.188716
          ],
          [
            120.665377,
            24.188738
          ],
          [
            120.665547,
            24.188835
          ],
          [
            120.665713,
            24.188921
          ],
          [
            120.665886,
            24.188987
          ],
          [
            120.665899,
            24.188989
          ],
          [
            120.665983,
            24.189
          ],
          [
            120.666033,
            24.189007
          ],
          [
            120.666093,
            24.189031
          ],
          [
            120.666172,
            24.189063
          ],
          [
            120.666451,
            24.189187
          ],
          [
            120.666679,
            24.189287
          ],
          [
            120.666674,
            24.189411
          ],
          [
            120.667316,
            24.18982
          ],
          [
            120.667355,
            24.189843
          ],
          [
            120.667458,
            24.189911
          ],
          [
            120.667618,
            24.190244
          ],
          [
            120.667702,
            24.190436
          ],
          [
            120.667752,
            24.19054
          ],
          [
            120.667775,
            24.190575
          ],
          [
            120.667873,
            24.190469
          ],
          [
            120.667908,
            24.190458
          ],
          [
            120.667908,
            24.190458
          ],
          [
            120.667873,
            24.190469
          ],
          [
            120.667775,
            24.190575
          ],
          [
            120.667752,
            24.19054
          ],
          [
            120.667702,
            24.190436
          ],
          [
            120.667618,
            24.190244
          ],
          [
            120.667458,
            24.189911
          ],
          [
            120.667355,
            24.189843
          ],
          [
            120.667316,
            24.18982
          ],
          [
            120.667129,
            24.189701
          ],
          [
            120.666674,
            24.189411
          ],
          [
            120.666679,
            24.189287
          ],
          [
            120.666781,
            24.189116
          ],
          [
            120.666869,
            24.188971
          ],
          [
            120.666679,
            24.189287
          ],
          [
            120.666674,
            24.189411
          ],
          [
            120.667316,
            24.18982
          ],
          [
            120.667355,
            24.189843
          ],
          [
            120.667458,
            24.189911
          ],
          [
            120.667618,
            24.190244
          ],
          [
            120.667702,
            24.190436
          ],
          [
            120.667752,
            24.19054
          ],
          [
            120.667775,
            24.190575
          ],
          [
            120.667873,
            24.190469
          ],
          [
            120.667908,
            24.190458
          ],
          [
            120.667908,
            24.190458
          ],
          [
            120.667873,
            24.190469
          ],
          [
            120.667775,
            24.190575
          ],
          [
            120.667752,
            24.19054
          ],
          [
            120.667702,
            24.190436
          ],
          [
            120.667618,
            24.190244
          ],
          [
            120.667458,
            24.189911
          ],
          [
            120.667355,
            24.189843
          ],
          [
            120.667316,
            24.18982
          ],
          [
            120.666674,
            24.189411
          ],
          [
            120.666679,
            24.189287
          ],
          [
            120.666933,
            24.188864
          ],
          [
            120.666986,
            24.188775
          ],
          [
            120.667182,
            24.188446
          ],
          [
            120.667306,
            24.18824
          ],
          [
            120.667722,
            24.187579
          ],
          [
            120.666026,
            24.1867
          ],
          [
            120.666058,
            24.186649
          ],
          [
            120.666481,
            24.185973
          ],
          [
            120.667018,
            24.186226
          ],
          [
            120.667206,
            24.185922
          ],
          [
            120.667378,
            24.185668
          ],
          [
            120.667499,
            24.185488
          ],
          [
            120.667499,
            24.185488
          ],
          [
            120.667378,
            24.185668
          ],
          [
            120.667206,
            24.185922
          ],
          [
            120.667018,
            24.186226
          ],
          [
            120.668205,
            24.186865
          ],
          [
            120.668723,
            24.186007
          ],
          [
            120.669177,
            24.186262
          ],
          [
            120.669388,
            24.185968
          ],
          [
            120.669388,
            24.185968
          ],
          [
            120.669516,
            24.185789
          ],
          [
            120.6699,
            24.185328
          ],
          [
            120.67019,
            24.184955
          ],
          [
            120.670263,
            24.184864
          ],
          [
            120.670523,
            24.184431
          ],
          [
            120.670641,
            24.184235
          ],
          [
            120.670712,
            24.184117
          ],
          [
            120.670846,
            24.183893
          ],
          [
            120.671128,
            24.183423
          ],
          [
            120.671138,
            24.183406
          ],
          [
            120.671458,
            24.182951
          ],
          [
            120.671693,
            24.182538
          ],
          [
            120.671716,
            24.182498
          ],
          [
            120.671741,
            24.182453
          ],
          [
            120.671959,
            24.182067
          ],
          [
            120.671984,
            24.182024
          ],
          [
            120.672009,
            24.181984
          ],
          [
            120.672093,
            24.18185
          ],
          [
            120.672093,
            24.18185
          ]
        ]
      },
      "properties": {
        "routeId": "taichung-kee-6306-2d7590-d2",
        "city": "taichung",
        "source_file": "taichung/taichung-kee-6306-2d7590-d2.geojson",
        "distance_km": 96.32,
        "duration_min": 175.85198333333338,
        "valhalla_config": "valhalla.json"
      }
    }
  ]
}