{
  "type": "FeatureCollection",
  "features": [
    {
      "type": "Feature",
      "geometry": {
        "type": "LineString",
        "coordinates": [
          [
            120.666523,
            24.184059
          ],
          [
            120.666502,
            24.183886
          ],
          [
            120.66638,
            24.183829
          ],
          [
            120.6663,
            24.183765
          ],
          [
            120.666257,
            24.183729
          ],
          [
            120.666272,
            24.183628
          ],
          [
            120.666286,
            24.183563
          ],
          [
            120.666374,
            24.183136
          ],
          [
            120.666386,
            24.183083
          ],
          [
            120.666412,
            24.182965
          ],
          [
            120.666475,
            24.182603
          ],
          [
            120.666412,
            24.182965
          ],
          [
            120.666374,
            24.183136
          ],
          [
            120.666272,
            24.183628
          ],
          [
            120.666257,
            24.183729
          ],
          [
            120.6663,
            24.183765
          ],
          [
            120.66638,
            24.183829
          ],
          [
            120.666502,
            24.183886
          ],
          [
            120.666523,
            24.184059
          ],
          [
            120.666502,
            24.183886
          ],
          [
            120.66638,
            24.183829
          ],
          [
            120.6663,
            24.183765
          ],
          [
            120.666257,
            24.183729
          ],
          [
            120.666272,
            24.183628
          ],
          [
            120.666286,
            24.183563
          ],
          [
            120.666374,
            24.183136
          ],
          [
            120.666412,
            24.182965
          ],
          [
            120.666498,
            24.182474
          ],
          [
            120.666503,
            24.182386
          ],
          [
            120.666386,
            24.1823
          ],
          [
            120.666443,
            24.18223
          ],
          [
            120.666386,
            24.1823
          ],
          [
            120.666503,
            24.182386
          ],
          [
            120.666498,
            24.182474
          ],
          [
            120.666676,
            24.182434
          ],
          [
            120.666918,
            24.182409
          ],
          [
            120.667022,
            24.182433
          ],
          [
            120.667165,
            24.182477
          ],
          [
            120.667306,
            24.182575
          ],
          [
            120.667165,
            24.182477
          ],
          [
            120.667022,
            24.182433
          ],
          [
            120.666918,
            24.182409
          ],
          [
            120.666676,
            24.182434
          ],
          [
            120.666498,
            24.182474
          ],
          [
            120.666412,
            24.182965
          ],
          [
            120.666386,
            24.183083
          ],
          [
            120.666412,
            24.182965
          ],
          [
            120.666498,
            24.182474
          ],
          [
            120.666676,
            24.182434
          ],
          [
            120.66715,
            24.181869
          ],
          [
            120.666676,
            24.182434
          ],
          [
            120.666498,
            24.182474
          ],
          [
            120.666475,
            24.182603
          ],
          [
            120.666498,
            24.182474
          ],
          [
            120.666676,
            24.182434
          ],
          [
            120.667481,
            24.181474
          ],
          [
            120.667617,
            24.181294
          ],
          [
            120.667626,
            24.181282
          ],
          [
            120.668009,
            24.180784
          ],
          [
            120.668224,
            24.180504
          ],
          [
            120.668092,
            24.180325
          ],
          [
            120.667868,
            24.180093
          ],
          [
            120.667836,
            24.18006
          ],
          [
            120.667535,
            24.17975
          ],
          [
            120.666998,
            24.180466
          ],
          [
            120.666841,
            24.180726
          ],
          [
            120.666463,
            24.181492
          ],
          [
            120.666344,
            24.181733
          ],
          [
            120.666141,
            24.182142
          ],
          [
            120.666278,
            24.182199
          ],
          [
            120.666386,
            24.1823
          ],
          [
            120.666443,
            24.18223
          ],
          [
            120.666386,
            24.1823
          ],
          [
            120.666503,
            24.182386
          ],
          [
            120.666498,
            24.182474
          ],
          [
            120.666676,
            24.182434
          ],
          [
            120.666918,
            24.182409
          ],
          [
            120.667022,
            24.182433
          ],
          [
            120.667165,
            24.182477
          ],
          [
            120.667306,
            24.182575
          ],
          [
            120.667165,
            24.182477
          ],
          [
            120.667022,
            24.182433
          ],
          [
            120.666918,
            24.182409
          ],
          [
            120.666676,
            24.182434
          ],
          [
            120.66715,
            24.181869
          ],
          [
            120.667481,
            24.181474
          ],
          [
            120.667617,
            24.181294
          ],
          [
            120.667626,
            24.181282
          ],
          [
            120.668009,
            24.180784
          ],
          [
            120.668224,
            24.180504
          ],
          [
            120.668092,
            24.180325
          ],
          [
            120.667868,
            24.180093
          ],
          [
            120.667836,
            24.18006
          ],
          [
            120.667868,
            24.180093
          ],
          [
            120.668092,
            24.180325
          ],
          [
            120.668224,
            24.180504
          ],
          [
            120.668396,
            24.180744
          ],
          [
            120.668459,
            24.180834
          ],
          [
            120.667936,
            24.181464
          ],
          [
            120.668329,
            24.181758
          ],
          [
            120.668407,
            24.181813
          ],
          [
            120.66884,
            24.182153
          ],
          [
            120.668881,
            24.18255
          ],
          [
            120.668759,
            24.182706
          ],
          [
            120.668461,
            24.183053
          ],
          [
            120.668189,
            24.183339
          ],
          [
            120.668461,
            24.183053
          ],
          [
            120.668572,
            24.182924
          ],
          [
            120.668759,
            24.182706
          ],
          [
            120.668881,
            24.18255
          ],
          [
            120.668872,
            24.182467
          ],
          [
            120.66884,
            24.182153
          ],
          [
            120.668407,
            24.181813
          ],
          [
            120.668323,
            24.181911
          ],
          [
            120.668407,
            24.181813
          ],
          [
            120.66884,
            24.182153
          ],
          [
            120.668881,
            24.18255
          ],
          [
            120.668759,
            24.182706
          ],
          [
            120.668461,
            24.183053
          ],
          [
            120.668109,
            24.183423
          ],
          [
            120.668093,
            24.183449
          ],
          [
            120.667938,
            24.183328
          ],
          [
            120.667779,
            24.183136
          ],
          [
            120.667609,
            24.182883
          ],
          [
            120.667519,
            24.182798
          ],
          [
            120.667493,
            24.182769
          ],
          [
            120.667463,
            24.182684
          ],
          [
            120.667165,
            24.182477
          ],
          [
            120.66769,
            24.181778
          ],
          [
            120.667782,
            24.181667
          ],
          [
            120.667782,
            24.181667
          ],
          [
            120.667481,
            24.181474
          ],
          [
            120.667626,
            24.181282
          ],
          [
            120.668224,
            24.180504
          ],
          [
            120.668396,
            24.180744
          ],
          [
            120.668459,
            24.180834
          ],
          [
            120.668248,
            24.181088
          ],
          [
            120.667936,
            24.181464
          ],
          [
            120.668329,
            24.181758
          ],
          [
            120.668407,
            24.181813
          ],
          [
            120.66884,
            24.182153
          ],
          [
            120.668881,
            24.18255
          ],
          [
            120.668759,
            24.182706
          ],
          [
            120.668461,
            24.183053
          ],
          [
            120.668189,
            24.183339
          ],
          [
            120.668461,
            24.183053
          ],
          [
            120.668759,
            24.182706
          ],
          [
            120.669279,
            24.182535
          ],
          [
            120.66918,
            24.182262
          ],
          [
            120.669121,
            24.182097
          ],
          [
            120.669008,
            24.181944
          ],
          [
            120.669046,
            24.1819
          ],
          [
            120.669008,
            24.181944
          ],
          [
            120.669121,
            24.182097
          ],
          [
            120.66918,
            24.182262
          ],
          [
            120.669279,
            24.182535
          ],
          [
            120.668759,
            24.182706
          ],
          [
            120.668572,
            24.182924
          ],
          [
            120.668759,
            24.182706
          ],
          [
            120.669279,
            24.182535
          ],
          [
            120.66918,
            24.182262
          ],
          [
            120.669271,
            24.182171
          ],
          [
            120.66918,
            24.182262
          ],
          [
            120.669279,
            24.182535
          ],
          [
            120.668759,
            24.182706
          ],
          [
            120.668881,
            24.18255
          ],
          [
            120.668872,
            24.182467
          ],
          [
            120.668881,
            24.18255
          ],
          [
            120.668759,
            24.182706
          ],
          [
            120.669279,
            24.182535
          ],
          [
            120.669382,
            24.182776
          ],
          [
            120.669447,
            24.182726
          ],
          [
            120.669382,
            24.182776
          ],
          [
            120.669279,
            24.182535
          ],
          [
            120.668759,
            24.182706
          ],
          [
            120.668881,
            24.18255
          ],
          [
            120.66884,
            24.182153
          ],
          [
            120.668407,
            24.181813
          ],
          [
            120.668323,
            24.181911
          ],
          [
            120.668407,
            24.181813
          ],
          [
            120.66884,
            24.182153
          ],
          [
            120.668881,
            24.18255
          ],
          [
            120.668759,
            24.182706
          ],
          [
            120.668915,
            24.183102
          ],
          [
            120.669059,
            24.183479
          ],
          [
            120.668945,
            24.183559
          ],
          [
            120.668633,
            24.183777
          ],
          [
            120.668555,
            24.183815
          ],
          [
            120.668453,
            24.183795
          ],
          [
            120.668414,
            24.183769
          ],
          [
            120.66822,
            24.18366
          ],
          [
            120.668093,
            24.183449
          ],
          [
            120.667938,
            24.183328
          ],
          [
            120.667779,
            24.183136
          ],
          [
            120.667609,
            24.182883
          ],
          [
            120.667519,
            24.182798
          ],
          [
            120.667493,
            24.182769
          ],
          [
            120.667463,
            24.182684
          ],
          [
            120.667165,
            24.182477
          ],
          [
            120.66769,
            24.181778
          ],
          [
            120.667782,
            24.181667
          ],
          [
            120.667782,
            24.181667
          ],
          [
            120.66769,
            24.181778
          ],
          [
            120.667165,
            24.182477
          ],
          [
            120.667463,
            24.182684
          ],
          [
            120.667493,
            24.182769
          ],
          [
            120.667519,
            24.182798
          ],
          [
            120.667609,
            24.182883
          ],
          [
            120.667779,
            24.183136
          ],
          [
            120.667938,
            24.183328
          ],
          [
            120.668093,
            24.183449
          ],
          [
            120.668109,
            24.183423
          ],
          [
            120.668461,
            24.183053
          ],
          [
            120.668759,
            24.182706
          ],
          [
            120.668915,
            24.183102
          ],
          [
            120.669059,
            24.183479
          ],
          [
            120.669285,
            24.183331
          ],
          [
            120.669059,
            24.183479
          ],
          [
            120.668915,
            24.183102
          ],
          [
            120.668759,
            24.182706
          ],
          [
            120.668881,
            24.18255
          ],
          [
            120.66884,
            24.182153
          ],
          [
            120.668407,
            24.181813
          ],
          [
            120.668329,
            24.181758
          ],
          [
            120.667936,
            24.181464
          ],
          [
            120.668248,
            24.181088
          ],
          [
            120.668459,
            24.180834
          ],
          [
            120.668661,
            24.181115
          ],
          [
            120.668836,
            24.181518
          ],
          [
            120.668883,
            24.181709
          ],
          [
            120.668911,
            24.181855
          ],
          [
            120.669008,
            24.181944
          ],
          [
            120.669121,
            24.182097
          ],
          [
            120.66918,
            24.182262
          ],
          [
            120.669279,
            24.182535
          ],
          [
            120.669382,
            24.182776
          ],
          [
            120.669469,
            24.182964
          ],
          [
            120.669543,
            24.183094
          ],
          [
            120.669573,
            24.183142
          ],
          [
            120.669673,
            24.183309
          ],
          [
            120.66976,
            24.183484
          ],
          [
            120.669808,
            24.18368
          ],
          [
            120.669827,
            24.183752
          ],
          [
            120.669808,
            24.18368
          ],
          [
            120.66976,
            24.183484
          ],
          [
            120.669673,
            24.183309
          ],
          [
            120.669573,
            24.183142
          ],
          [
            120.669543,
            24.183094
          ],
          [
            120.669469,
            24.182964
          ],
          [
            120.669382,
            24.182776
          ],
          [
            120.669279,
            24.182535
          ],
          [
            120.66918,
            24.182262
          ],
          [
            120.669121,
            24.182097
          ],
          [
            120.669008,
            24.181944
          ],
          [
            120.669046,
            24.1819
          ],
          [
            120.669008,
            24.181944
          ],
          [
            120.669121,
            24.182097
          ],
          [
            120.66918,
            24.182262
          ],
          [
            120.669279,
            24.182535
          ],
          [
            120.669382,
            24.182776
          ],
          [
            120.669469,
            24.182964
          ],
          [
            120.669543,
            24.183094
          ],
          [
            120.669573,
            24.183142
          ],
          [
            120.669673,
            24.183309
          ],
          [
            120.66976,
            24.183484
          ],
          [
            120.669808,
            24.18368
          ],
          [
            120.66995,
            24.184224
          ],
          [
            120.669968,
            24.184283
          ],
          [
            120.670033,
            24.184487
          ],
          [
            120.669968,
            24.184283
          ],
          [
            120.66995,
            24.184224
          ],
          [
            120.669808,
            24.18368
          ],
          [
            120.66976,
            24.183484
          ],
          [
            120.669673,
            24.183309
          ],
          [
            120.669573,
            24.183142
          ],
          [
            120.669543,
            24.183094
          ],
          [
            120.669469,
            24.182964
          ],
          [
            120.669382,
            24.182776
          ],
          [
            120.669279,
            24.182535
          ],
          [
            120.66918,
            24.182262
          ],
          [
            120.669271,
            24.182171
          ],
          [
            120.66918,
            24.182262
          ],
          [
            120.669279,
            24.182535
          ],
          [
            120.669382,
            24.182776
          ],
          [
            120.669447,
            24.182726
          ],
          [
            120.669382,
            24.182776
          ],
          [
            120.669469,
            24.182964
          ],
          [
            120.669543,
            24.183094
          ],
          [
            120.669573,
            24.183142
          ],
          [
            120.669673,
            24.183309
          ],
          [
            120.66976,
            24.183484
          ],
          [
            120.669808,
            24.18368
          ],
          [
            120.66995,
            24.184224
          ],
          [
            120.669968,
            24.184283
          ],
          [
            120.67009,
            24.184667
          ],
          [
            120.669987,
            24.184685
          ],
          [
            120.67009,
            24.184667
          ],
          [
            120.669968,
            24.184283
          ],
          [
            120.66995,
            24.184224
          ],
          [
            120.669808,
            24.18368
          ],
          [
            120.66976,
            24.183484
          ],
          [
            120.669673,
            24.183309
          ],
          [
            120.669573,
            24.183142
          ],
          [
            120.669059,
            24.183479
          ],
          [
            120.668945,
            24.183559
          ],
          [
            120.668633,
            24.183777
          ],
          [
            120.668555,
            24.183815
          ],
          [
            120.668378,
            24.183858
          ],
          [
            120.668032,
            24.183898
          ],
          [
            120.6686,
            24.184237
          ],
          [
            120.668871,
            24.184401
          ],
          [
            120.668702,
            24.18467
          ],
          [
            120.669289,
            24.184996
          ],
          [
            120.668702,
            24.18467
          ],
          [
            120.668871,
            24.184401
          ],
          [
            120.6686,
            24.184237
          ],
          [
            120.668032,
            24.183898
          ],
          [
            120.668378,
            24.183858
          ],
          [
            120.668555,
            24.183815
          ],
          [
            120.668633,
            24.183777
          ],
          [
            120.669059,
            24.183479
          ],
          [
            120.669285,
            24.183331
          ],
          [
            120.669573,
            24.183142
          ],
          [
            120.669673,
            24.183309
          ],
          [
            120.66976,
            24.183484
          ],
          [
            120.669808,
            24.18368
          ],
          [
            120.66995,
            24.184224
          ],
          [
            120.669968,
            24.184283
          ],
          [
            120.67009,
            24.184667
          ],
          [
            120.67019,
            24.184955
          ],
          [
            120.6699,
            24.185328
          ],
          [
            120.669516,
            24.185789
          ],
          [
            120.668988,
            24.185493
          ],
          [
            120.669072,
            24.185362
          ],
          [
            120.668988,
            24.185493
          ],
          [
            120.669516,
            24.185789
          ],
          [
            120.6699,
            24.185328
          ],
          [
            120.67019,
            24.184955
          ],
          [
            120.67009,
            24.184667
          ],
          [
            120.669968,
            24.184283
          ],
          [
            120.66995,
            24.184224
          ],
          [
            120.669827,
            24.183752
          ],
          [
            120.66995,
            24.184224
          ],
          [
            120.669968,
            24.184283
          ],
          [
            120.670033,
            24.184487
          ],
          [
            120.669968,
            24.184283
          ],
          [
            120.670641,
            24.184235
          ],
          [
            120.670712,
            24.184117
          ],
          [
            120.670846,
            24.183893
          ],
          [
            120.670595,
            24.183727
          ],
          [
            120.670515,
            24.18359
          ],
          [
            120.670508,
            24.183504
          ],
          [
            120.670957,
            24.182724
          ],
          [
            120.670407,
            24.18245
          ],
          [
            120.670451,
            24.182417
          ],
          [
            120.670883,
            24.182071
          ],
          [
            120.671296,
            24.181708
          ],
          [
            120.671406,
            24.181759
          ],
          [
            120.671296,
            24.181708
          ],
          [
            120.671026,
            24.181569
          ],
          [
            120.670921,
            24.181739
          ],
          [
            120.670757,
            24.182005
          ],
          [
            120.670883,
            24.182071
          ],
          [
            120.670451,
            24.182417
          ],
          [
            120.670407,
            24.18245
          ],
          [
            120.670957,
            24.182724
          ],
          [
            120.670508,
            24.183504
          ],
          [
            120.670515,
            24.18359
          ],
          [
            120.670595,
            24.183727
          ],
          [
            120.670846,
            24.183893
          ],
          [
            120.670712,
            24.184117
          ],
          [
            120.670641,
            24.184235
          ],
          [
            120.669968,
            24.184283
          ],
          [
            120.67009,
            24.184667
          ],
          [
            120.669987,
            24.184685
          ],
          [
            120.67009,
            24.184667
          ],
          [
            120.669968,
            24.184283
          ],
          [
            120.670641,
            24.184235
          ],
          [
            120.670712,
            24.184117
          ],
          [
            120.670846,
            24.183893
          ],
          [
            120.670595,
            24.183727
          ],
          [
            120.670515,
            24.18359
          ],
          [
            120.670508,
            24.183504
          ],
          [
            120.670957,
            24.182724
          ],
          [
            120.670407,
            24.18245
          ],
          [
            120.670451,
            24.182417
          ],
          [
            120.670883,
            24.182071
          ],
          [
            120.671057,
            24.18216
          ],
          [
            120.670883,
            24.182071
          ],
          [
            120.670451,
            24.182417
          ],
          [
            120.670407,
            24.18245
          ],
          [
            120.670957,
            24.182724
          ],
          [
            120.670508,
            24.183504
          ],
          [
            120.670515,
            24.18359
          ],
          [
            120.670595,
            24.183727
          ],
          [
            120.670846,
            24.183893
          ],
          [
            120.670712,
            24.184117
          ],
          [
            120.670641,
            24.184235
          ],
          [
            120.670523,
            24.184431
          ],
          [
            120.670263,
            24.184864
          ],
          [
            120.67019,
            24.184955
          ],
          [
            120.6699,
            24.185328
          ],
          [
            120.669347,
            24.185028
          ],
          [
            120.669289,
            24.184996
          ],
          [
            120.669347,
            24.185028
          ],
          [
            120.6699,
            24.185328
          ],
          [
            120.67019,
            24.184955
          ],
          [
            120.670263,
            24.184864
          ],
          [
            120.670523,
            24.184431
          ],
          [
            120.670641,
            24.184235
          ],
          [
            120.670712,
            24.184117
          ],
          [
            120.670846,
            24.183893
          ],
          [
            120.670595,
            24.183727
          ],
          [
            120.670515,
            24.18359
          ],
          [
            120.670508,
            24.183504
          ],
          [
            120.670957,
            24.182724
          ],
          [
            120.670407,
            24.18245
          ],
          [
            120.670451,
            24.182417
          ],
          [
            120.670883,
            24.182071
          ],
          [
            120.671446,
            24.18236
          ],
          [
            120.670883,
            24.182071
          ],
          [
            120.670451,
            24.182417
          ],
          [
            120.670407,
            24.18245
          ],
          [
            120.670957,
            24.182724
          ],
          [
            120.670508,
            24.183504
          ],
          [
            120.670515,
            24.18359
          ],
          [
            120.670595,
            24.183727
          ],
          [
            120.670846,
            24.183893
          ],
          [
            120.670712,
            24.184117
          ],
          [
            120.670641,
            24.184235
          ],
          [
            120.670523,
            24.184431
          ],
          [
            120.670263,
            24.184864
          ],
          [
            120.67019,
            24.184955
          ],
          [
            120.6699,
            24.185328
          ],
          [
            120.669516,
            24.185789
          ],
          [
            120.668988,
            24.185493
          ],
          [
            120.669072,
            24.185362
          ],
          [
            120.668988,
            24.185493
          ],
          [
            120.669516,
            24.185789
          ],
          [
            120.6699,
            24.185328
          ],
          [
            120.67019,
            24.184955
          ],
          [
            120.670263,
            24.184864
          ],
          [
            120.670523,
            24.184431
          ],
          [
            120.670641,
            24.184235
          ],
          [
            120.670712,
            24.184117
          ],
          [
            120.670846,
            24.183893
          ],
          [
            120.670595,
            24.183727
          ],
          [
            120.670515,
            24.18359
          ],
          [
            120.670508,
            24.183504
          ],
          [
            120.670533,
            24.18346
          ],
          [
            120.670892,
            24.182837
          ],
          [
            120.670957,
            24.182724
          ],
          [
            120.670407,
            24.18245
          ],
          [
            120.670451,
            24.182417
          ],
          [
            120.670883,
            24.182071
          ],
          [
            120.671296,
            24.181708
          ],
          [
            120.671406,
            24.181759
          ],
          [
            120.671296,
            24.181708
          ],
          [
            120.671026,
            24.181569
          ],
          [
            120.670921,
            24.181739
          ],
          [
            120.670757,
            24.182005
          ],
          [
            120.670883,
            24.182071
          ],
          [
            120.670451,
            24.182417
          ],
          [
            120.670407,
            24.18245
          ],
          [
            120.670253,
            24.182565
          ],
          [
            120.670293,
            24.182622
          ],
          [
            120.670413,
            24.182718
          ],
          [
            120.670293,
            24.182622
          ],
          [
            120.670253,
            24.182565
          ],
          [
            120.670407,
            24.18245
          ],
          [
            120.670451,
            24.182417
          ],
          [
            120.670883,
            24.182071
          ],
          [
            120.671057,
            24.18216
          ],
          [
            120.670883,
            24.182071
          ],
          [
            120.670451,
            24.182417
          ],
          [
            120.670407,
            24.18245
          ],
          [
            120.670253,
            24.182565
          ],
          [
            120.670185,
            24.182616
          ],
          [
            120.670062,
            24.182707
          ],
          [
            120.670123,
            24.182791
          ],
          [
            120.670062,
            24.182707
          ],
          [
            120.670185,
            24.182616
          ],
          [
            120.670253,
            24.182565
          ],
          [
            120.670407,
            24.18245
          ],
          [
            120.670451,
            24.182417
          ],
          [
            120.670883,
            24.182071
          ],
          [
            120.671446,
            24.18236
          ],
          [
            120.670883,
            24.182071
          ],
          [
            120.670451,
            24.182417
          ],
          [
            120.670183,
            24.182151
          ],
          [
            120.670025,
            24.181993
          ],
          [
            120.669898,
            24.181886
          ],
          [
            120.669712,
            24.181728
          ],
          [
            120.669461,
            24.18152
          ],
          [
            120.669516,
            24.181464
          ],
          [
            120.669461,
            24.18152
          ],
          [
            120.669712,
            24.181728
          ],
          [
            120.669898,
            24.181886
          ],
          [
            120.670025,
            24.181993
          ],
          [
            120.670183,
            24.182151
          ],
          [
            120.670451,
            24.182417
          ],
          [
            120.670407,
            24.18245
          ],
          [
            120.670957,
            24.182724
          ],
          [
            120.670533,
            24.18346
          ],
          [
            120.670892,
            24.182837
          ],
          [
            120.670957,
            24.182724
          ],
          [
            120.670407,
            24.18245
          ],
          [
            120.670451,
            24.182417
          ],
          [
            120.670183,
            24.182151
          ],
          [
            120.670025,
            24.181993
          ],
          [
            120.669898,
            24.181886
          ],
          [
            120.669712,
            24.181728
          ],
          [
            120.669461,
            24.18152
          ],
          [
            120.669779,
            24.181195
          ],
          [
            120.669461,
            24.18152
          ],
          [
            120.669712,
            24.181728
          ],
          [
            120.669898,
            24.181886
          ],
          [
            120.670025,
            24.181993
          ],
          [
            120.670183,
            24.182151
          ],
          [
            120.670451,
            24.182417
          ],
          [
            120.670407,
            24.18245
          ],
          [
            120.670253,
            24.182565
          ],
          [
            120.670293,
            24.182622
          ],
          [
            120.670413,
            24.182718
          ],
          [
            120.670293,
            24.182622
          ],
          [
            120.670253,
            24.182565
          ],
          [
            120.670407,
            24.18245
          ],
          [
            120.670451,
            24.182417
          ],
          [
            120.670183,
            24.182151
          ],
          [
            120.670025,
            24.181993
          ],
          [
            120.669898,
            24.181886
          ],
          [
            120.669712,
            24.181728
          ],
          [
            120.669461,
            24.18152
          ],
          [
            120.670192,
            24.180773
          ],
          [
            120.669461,
            24.18152
          ],
          [
            120.66938,
            24.181511
          ],
          [
            120.669008,
            24.181944
          ],
          [
            120.669121,
            24.182097
          ],
          [
            120.66918,
            24.182262
          ],
          [
            120.669279,
            24.182535
          ],
          [
            120.669382,
            24.182776
          ],
          [
            120.669469,
            24.182964
          ],
          [
            120.669543,
            24.183094
          ],
          [
            120.66973,
            24.182955
          ],
          [
            120.670062,
            24.182707
          ],
          [
            120.670123,
            24.182791
          ],
          [
            120.670062,
            24.182707
          ],
          [
            120.670185,
            24.182616
          ],
          [
            120.669931,
            24.18235
          ],
          [
            120.670183,
            24.182151
          ],
          [
            120.670025,
            24.181993
          ],
          [
            120.669898,
            24.181886
          ],
          [
            120.669712,
            24.181728
          ],
          [
            120.670446,
            24.180979
          ],
          [
            120.670588,
            24.180832
          ],
          [
            120.670412,
            24.180694
          ],
          [
            120.670588,
            24.180832
          ],
          [
            120.670446,
            24.180979
          ],
          [
            120.670215,
            24.181214
          ],
          [
            120.669712,
            24.181728
          ],
          [
            120.669461,
            24.18152
          ],
          [
            120.669516,
            24.181464
          ],
          [
            120.670332,
            24.18063
          ],
          [
            120.670588,
            24.180832
          ],
          [
            120.670446,
            24.180979
          ],
          [
            120.669866,
            24.181571
          ],
          [
            120.669712,
            24.181728
          ],
          [
            120.669898,
            24.181886
          ],
          [
            120.670025,
            24.181993
          ],
          [
            120.6701,
            24.182068
          ],
          [
            120.670025,
            24.181993
          ],
          [
            120.669898,
            24.181886
          ],
          [
            120.669712,
            24.181728
          ],
          [
            120.669461,
            24.18152
          ],
          [
            120.669779,
            24.181195
          ],
          [
            120.669461,
            24.18152
          ],
          [
            120.669712,
            24.181728
          ],
          [
            120.669898,
            24.181886
          ],
          [
            120.670025,
            24.181993
          ],
          [
            120.670183,
            24.182151
          ],
          [
            120.670109,
            24.182209
          ],
          [
            120.670183,
            24.182151
          ],
          [
            120.670025,
            24.181993
          ],
          [
            120.669898,
            24.181886
          ],
          [
            120.669712,
            24.181728
          ],
          [
            120.669461,
            24.18152
          ],
          [
            120.670192,
            24.180773
          ],
          [
            120.670332,
            24.18063
          ],
          [
            120.670412,
            24.180694
          ],
          [
            120.670588,
            24.180832
          ],
          [
            120.670446,
            24.180979
          ],
          [
            120.670215,
            24.181214
          ],
          [
            120.670446,
            24.180979
          ],
          [
            120.67068,
            24.181151
          ],
          [
            120.670852,
            24.180979
          ],
          [
            120.671095,
            24.180836
          ],
          [
            120.671298,
            24.181075
          ],
          [
            120.67161,
            24.181238
          ],
          [
            120.671298,
            24.181075
          ],
          [
            120.671095,
            24.180836
          ],
          [
            120.670852,
            24.180979
          ],
          [
            120.67068,
            24.181151
          ],
          [
            120.670446,
            24.180979
          ],
          [
            120.669866,
            24.181571
          ],
          [
            120.670446,
            24.180979
          ],
          [
            120.67068,
            24.181151
          ],
          [
            120.670852,
            24.180979
          ],
          [
            120.671095,
            24.180836
          ],
          [
            120.671298,
            24.181075
          ],
          [
            120.671322,
            24.181088
          ],
          [
            120.671298,
            24.181075
          ],
          [
            120.671095,
            24.180836
          ],
          [
            120.670852,
            24.180979
          ],
          [
            120.67068,
            24.181151
          ],
          [
            120.670772,
            24.181272
          ],
          [
            120.670025,
            24.181993
          ],
          [
            120.6701,
            24.182068
          ],
          [
            120.670025,
            24.181993
          ],
          [
            120.670772,
            24.181272
          ],
          [
            120.67068,
            24.181151
          ],
          [
            120.670852,
            24.180979
          ],
          [
            120.671095,
            24.180836
          ],
          [
            120.670533,
            24.180144
          ],
          [
            120.670741,
            24.180004
          ],
          [
            120.671225,
            24.179679
          ],
          [
            120.671058,
            24.179456
          ],
          [
            120.670728,
            24.179668
          ],
          [
            120.671058,
            24.179456
          ],
          [
            120.671225,
            24.179679
          ],
          [
            120.670533,
            24.180144
          ],
          [
            120.671095,
            24.180836
          ],
          [
            120.670852,
            24.180979
          ],
          [
            120.67068,
            24.181151
          ],
          [
            120.670772,
            24.181272
          ],
          [
            120.670025,
            24.181993
          ],
          [
            120.670183,
            24.182151
          ],
          [
            120.670109,
            24.182209
          ],
          [
            120.670183,
            24.182151
          ],
          [
            120.670025,
            24.181993
          ],
          [
            120.670772,
            24.181272
          ],
          [
            120.67068,
            24.181151
          ],
          [
            120.670852,
            24.180979
          ],
          [
            120.671095,
            24.180836
          ],
          [
            120.670533,
            24.180144
          ],
          [
            120.671225,
            24.179679
          ],
          [
            120.671058,
            24.179456
          ],
          [
            120.670938,
            24.179533
          ],
          [
            120.671058,
            24.179456
          ],
          [
            120.671138,
            24.179563
          ],
          [
            120.671058,
            24.179456
          ],
          [
            120.670957,
            24.17932
          ],
          [
            120.671058,
            24.179456
          ],
          [
            120.671225,
            24.179679
          ],
          [
            120.670533,
            24.180144
          ],
          [
            120.671095,
            24.180836
          ],
          [
            120.671298,
            24.181075
          ],
          [
            120.67161,
            24.181238
          ],
          [
            120.671322,
            24.181088
          ],
          [
            120.671298,
            24.181075
          ],
          [
            120.671095,
            24.180836
          ],
          [
            120.670533,
            24.180144
          ],
          [
            120.671225,
            24.179679
          ],
          [
            120.671058,
            24.179456
          ],
          [
            120.670902,
            24.179247
          ],
          [
            120.670739,
            24.179029
          ],
          [
            120.670642,
            24.1789
          ],
          [
            120.670739,
            24.179029
          ],
          [
            120.670902,
            24.179247
          ],
          [
            120.671058,
            24.179456
          ],
          [
            120.671225,
            24.179679
          ],
          [
            120.670741,
            24.180004
          ],
          [
            120.671225,
            24.179679
          ],
          [
            120.671058,
            24.179456
          ],
          [
            120.670728,
            24.179668
          ],
          [
            120.671058,
            24.179456
          ],
          [
            120.670902,
            24.179247
          ],
          [
            120.670739,
            24.179029
          ],
          [
            120.67051,
            24.17916
          ],
          [
            120.670739,
            24.179029
          ],
          [
            120.670902,
            24.179247
          ],
          [
            120.671058,
            24.179456
          ],
          [
            120.670938,
            24.179533
          ],
          [
            120.671058,
            24.179456
          ],
          [
            120.670902,
            24.179247
          ],
          [
            120.671109,
            24.179109
          ],
          [
            120.670787,
            24.178706
          ],
          [
            120.670189,
            24.177947
          ],
          [
            120.670091,
            24.178011
          ],
          [
            120.670189,
            24.177947
          ],
          [
            120.670787,
            24.178706
          ],
          [
            120.671109,
            24.179109
          ],
          [
            120.671442,
            24.179537
          ],
          [
            120.671225,
            24.179679
          ],
          [
            120.671138,
            24.179563
          ],
          [
            120.671058,
            24.179456
          ],
          [
            120.670957,
            24.17932
          ],
          [
            120.670902,
            24.179247
          ],
          [
            120.670739,
            24.179029
          ],
          [
            120.670642,
            24.1789
          ],
          [
            120.670739,
            24.179029
          ],
          [
            120.67051,
            24.17916
          ],
          [
            120.670739,
            24.179029
          ],
          [
            120.670572,
            24.178807
          ],
          [
            120.670787,
            24.178706
          ],
          [
            120.670189,
            24.177947
          ],
          [
            120.670091,
            24.178011
          ],
          [
            120.670189,
            24.177947
          ],
          [
            120.669784,
            24.177494
          ],
          [
            120.669499,
            24.177274
          ],
          [
            120.669389,
            24.177209
          ],
          [
            120.669858,
            24.176572
          ],
          [
            120.669899,
            24.176515
          ],
          [
            120.669934,
            24.176471
          ],
          [
            120.670163,
            24.176179
          ],
          [
            120.670627,
            24.175553
          ],
          [
            120.670689,
            24.175462
          ],
          [
            120.670878,
            24.175222
          ],
          [
            120.670997,
            24.175007
          ],
          [
            120.671073,
            24.174797
          ],
          [
            120.671171,
            24.174459
          ],
          [
            120.671222,
            24.174283
          ],
          [
            120.671272,
            24.174059
          ],
          [
            120.671278,
            24.17401
          ],
          [
            120.671302,
            24.173924
          ],
          [
            120.671161,
            24.173898
          ],
          [
            120.670852,
            24.17384
          ],
          [
            120.670368,
            24.173748
          ],
          [
            120.669359,
            24.173587
          ],
          [
            120.669017,
            24.173532
          ],
          [
            120.668991,
            24.173617
          ],
          [
            120.668895,
            24.173921
          ],
          [
            120.668843,
            24.174107
          ],
          [
            120.668841,
            24.174179
          ],
          [
            120.668843,
            24.174107
          ],
          [
            120.66871,
            24.174262
          ],
          [
            120.668611,
            24.17435
          ],
          [
            120.66842,
            24.174463
          ],
          [
            120.668124,
            24.174607
          ],
          [
            120.668043,
            24.17454
          ],
          [
            120.667792,
            24.174229
          ],
          [
            120.667843,
            24.174086
          ],
          [
            120.667895,
            24.173942
          ],
          [
            120.667977,
            24.17373
          ],
          [
            120.667999,
            24.17367
          ],
          [
            120.668016,
            24.173627
          ],
          [
            120.668104,
            24.173387
          ],
          [
            120.668192,
            24.173225
          ],
          [
            120.669396,
            24.173424
          ],
          [
            120.670319,
            24.173557
          ],
          [
            120.671167,
            24.173687
          ],
          [
            120.671215,
            24.173696
          ],
          [
            120.671342,
            24.173719
          ],
          [
            120.671454,
            24.173732
          ],
          [
            120.671411,
            24.173938
          ],
          [
            120.671302,
            24.173924
          ],
          [
            120.671161,
            24.173898
          ],
          [
            120.670852,
            24.17384
          ],
          [
            120.670368,
            24.173748
          ],
          [
            120.669359,
            24.173587
          ],
          [
            120.669017,
            24.173532
          ],
          [
            120.668487,
            24.173457
          ],
          [
            120.668341,
            24.173864
          ],
          [
            120.668043,
            24.17454
          ],
          [
            120.667792,
            24.174229
          ],
          [
            120.667895,
            24.173942
          ],
          [
            120.668016,
            24.173627
          ],
          [
            120.66805,
            24.173535
          ],
          [
            120.668104,
            24.173387
          ],
          [
            120.667781,
            24.173346
          ],
          [
            120.667542,
            24.173874
          ],
          [
            120.667792,
            24.174229
          ],
          [
            120.668043,
            24.17454
          ],
          [
            120.668124,
            24.174607
          ],
          [
            120.668198,
            24.174693
          ],
          [
            120.668332,
            24.174872
          ],
          [
            120.668501,
            24.17556
          ],
          [
            120.66853,
            24.175605
          ],
          [
            120.668501,
            24.17556
          ],
          [
            120.668332,
            24.174872
          ],
          [
            120.668198,
            24.174693
          ],
          [
            120.668124,
            24.174607
          ],
          [
            120.66842,
            24.174463
          ],
          [
            120.668611,
            24.17435
          ],
          [
            120.66871,
            24.174262
          ],
          [
            120.668843,
            24.174107
          ],
          [
            120.668841,
            24.174179
          ],
          [
            120.668843,
            24.174107
          ],
          [
            120.66871,
            24.174262
          ],
          [
            120.668611,
            24.17435
          ],
          [
            120.66842,
            24.174463
          ],
          [
            120.668124,
            24.174607
          ],
          [
            120.668043,
            24.17454
          ],
          [
            120.667792,
            24.174229
          ],
          [
            120.667843,
            24.174086
          ],
          [
            120.667895,
            24.173942
          ],
          [
            120.668016,
            24.173627
          ],
          [
            120.668104,
            24.173387
          ],
          [
            120.668192,
            24.173225
          ],
          [
            120.669396,
            24.173424
          ],
          [
            120.670319,
            24.173557
          ],
          [
            120.671167,
            24.173687
          ],
          [
            120.671215,
            24.173696
          ],
          [
            120.671342,
            24.173719
          ],
          [
            120.671454,
            24.173732
          ],
          [
            120.671411,
            24.173938
          ],
          [
            120.671392,
            24.17403
          ],
          [
            120.67129,
            24.174424
          ],
          [
            120.671154,
            24.174824
          ],
          [
            120.671079,
            24.175045
          ],
          [
            120.670894,
            24.175352
          ],
          [
            120.670841,
            24.175434
          ],
          [
            120.670667,
            24.175675
          ],
          [
            120.6705,
            24.175893
          ],
          [
            120.670226,
            24.176285
          ],
          [
            120.670134,
            24.17641
          ],
          [
            120.670024,
            24.176578
          ],
          [
            120.669997,
            24.176618
          ],
          [
            120.669899,
            24.176515
          ],
          [
            120.669422,
            24.176149
          ],
          [
            120.669057,
            24.175917
          ],
          [
            120.669008,
            24.175901
          ],
          [
            120.66893,
            24.175876
          ],
          [
            120.66879,
            24.175863
          ],
          [
            120.668683,
            24.175776
          ],
          [
            120.668654,
            24.175746
          ],
          [
            120.668592,
            24.175702
          ],
          [
            120.668501,
            24.17556
          ],
          [
            120.668332,
            24.174872
          ],
          [
            120.668198,
            24.174693
          ],
          [
            120.668124,
            24.174607
          ],
          [
            120.668043,
            24.17454
          ],
          [
            120.667792,
            24.174229
          ],
          [
            120.667895,
            24.173942
          ],
          [
            120.667977,
            24.17373
          ],
          [
            120.668016,
            24.173627
          ],
          [
            120.668104,
            24.173387
          ],
          [
            120.668192,
            24.173225
          ],
          [
            120.669396,
            24.173424
          ],
          [
            120.670319,
            24.173557
          ],
          [
            120.671167,
            24.173687
          ],
          [
            120.671215,
            24.173696
          ],
          [
            120.671342,
            24.173719
          ],
          [
            120.671454,
            24.173732
          ],
          [
            120.671411,
            24.173938
          ],
          [
            120.671392,
            24.17403
          ],
          [
            120.67129,
            24.174424
          ],
          [
            120.671154,
            24.174824
          ],
          [
            120.671079,
            24.175045
          ],
          [
            120.670894,
            24.175352
          ],
          [
            120.670841,
            24.175434
          ],
          [
            120.670667,
            24.175675
          ],
          [
            120.6705,
            24.175893
          ],
          [
            120.670226,
            24.176285
          ],
          [
            120.670134,
            24.17641
          ],
          [
            120.670024,
            24.176578
          ],
          [
            120.669997,
            24.176618
          ],
          [
            120.669899,
            24.176515
          ],
          [
            120.669422,
            24.176149
          ],
          [
            120.669458,
            24.176104
          ],
          [
            120.669564,
            24.175973
          ],
          [
            120.669458,
            24.176104
          ],
          [
            120.669422,
            24.176149
          ],
          [
            120.669057,
            24.175917
          ],
          [
            120.66893,
            24.175876
          ],
          [
            120.66879,
            24.175863
          ],
          [
            120.668683,
            24.175776
          ],
          [
            120.668654,
            24.175746
          ],
          [
            120.668592,
            24.175702
          ],
          [
            120.668501,
            24.17556
          ],
          [
            120.668332,
            24.174872
          ],
          [
            120.668198,
            24.174693
          ],
          [
            120.668124,
            24.174607
          ],
          [
            120.668043,
            24.17454
          ],
          [
            120.667792,
            24.174229
          ],
          [
            120.667895,
            24.173942
          ],
          [
            120.667999,
            24.17367
          ],
          [
            120.668016,
            24.173627
          ],
          [
            120.66805,
            24.173535
          ],
          [
            120.668104,
            24.173387
          ],
          [
            120.667781,
            24.173346
          ],
          [
            120.667542,
            24.173874
          ],
          [
            120.667792,
            24.174229
          ],
          [
            120.668043,
            24.17454
          ],
          [
            120.668124,
            24.174607
          ],
          [
            120.668198,
            24.174693
          ],
          [
            120.668332,
            24.174872
          ],
          [
            120.668501,
            24.17556
          ],
          [
            120.66853,
            24.175605
          ],
          [
            120.668501,
            24.17556
          ],
          [
            120.668332,
            24.174872
          ],
          [
            120.668198,
            24.174693
          ],
          [
            120.668124,
            24.174607
          ],
          [
            120.66842,
            24.174463
          ],
          [
            120.668611,
            24.17435
          ],
          [
            120.66871,
            24.174262
          ],
          [
            120.668843,
            24.174107
          ],
          [
            120.668895,
            24.173921
          ],
          [
            120.669218,
            24.174071
          ],
          [
            120.669586,
            24.174263
          ],
          [
            120.669616,
            24.174279
          ],
          [
            120.670097,
            24.174531
          ],
          [
            120.670156,
            24.174561
          ],
          [
            120.670319,
            24.174647
          ],
          [
            120.670523,
            24.174754
          ],
          [
            120.670319,
            24.174647
          ],
          [
            120.670156,
            24.174561
          ],
          [
            120.670097,
            24.174531
          ],
          [
            120.670086,
            24.174559
          ],
          [
            120.670039,
            24.174681
          ],
          [
            120.669965,
            24.174872
          ],
          [
            120.669879,
            24.174856
          ],
          [
            120.669844,
            24.174874
          ],
          [
            120.669654,
            24.174841
          ],
          [
            120.66962,
            24.174841
          ],
          [
            120.669449,
            24.174787
          ],
          [
            120.669367,
            24.175022
          ],
          [
            120.669293,
            24.175247
          ],
          [
            120.669209,
            24.175505
          ],
          [
            120.669038,
            24.175514
          ],
          [
            120.66893,
            24.175876
          ],
          [
            120.669008,
            24.175901
          ],
          [
            120.669057,
            24.175917
          ],
          [
            120.669422,
            24.176149
          ],
          [
            120.669458,
            24.176104
          ],
          [
            120.669564,
            24.175973
          ],
          [
            120.66972,
            24.17578
          ],
          [
            120.669397,
            24.17557
          ],
          [
            120.669219,
            24.175536
          ],
          [
            120.669209,
            24.175505
          ],
          [
            120.669293,
            24.175247
          ],
          [
            120.669319,
            24.175168
          ],
          [
            120.669367,
            24.175022
          ],
          [
            120.669449,
            24.174787
          ],
          [
            120.669037,
            24.174658
          ],
          [
            120.669185,
            24.174177
          ],
          [
            120.669218,
            24.174071
          ],
          [
            120.669586,
            24.174263
          ],
          [
            120.669616,
            24.174279
          ],
          [
            120.670097,
            24.174531
          ],
          [
            120.670156,
            24.174561
          ],
          [
            120.670319,
            24.174647
          ],
          [
            120.670523,
            24.174754
          ],
          [
            120.670319,
            24.174647
          ],
          [
            120.670182,
            24.174943
          ],
          [
            120.669965,
            24.174872
          ],
          [
            120.669879,
            24.174856
          ],
          [
            120.669844,
            24.174874
          ],
          [
            120.669654,
            24.174841
          ],
          [
            120.66962,
            24.174841
          ],
          [
            120.669449,
            24.174787
          ],
          [
            120.669037,
            24.174658
          ],
          [
            120.669005,
            24.174761
          ],
          [
            120.669037,
            24.174658
          ],
          [
            120.669449,
            24.174787
          ],
          [
            120.66962,
            24.174841
          ],
          [
            120.669654,
            24.174841
          ],
          [
            120.669844,
            24.174874
          ],
          [
            120.669879,
            24.174856
          ],
          [
            120.669965,
            24.174872
          ],
          [
            120.670039,
            24.174681
          ],
          [
            120.669965,
            24.174872
          ],
          [
            120.669879,
            24.174856
          ],
          [
            120.669844,
            24.174874
          ],
          [
            120.669654,
            24.174841
          ],
          [
            120.66962,
            24.174841
          ],
          [
            120.669449,
            24.174787
          ],
          [
            120.669037,
            24.174658
          ],
          [
            120.6688,
            24.175425
          ],
          [
            120.669037,
            24.174658
          ],
          [
            120.669449,
            24.174787
          ],
          [
            120.669367,
            24.175022
          ],
          [
            120.669319,
            24.175168
          ],
          [
            120.669367,
            24.175022
          ],
          [
            120.669449,
            24.174787
          ],
          [
            120.669037,
            24.174658
          ],
          [
            120.669185,
            24.174177
          ],
          [
            120.669218,
            24.174071
          ],
          [
            120.669586,
            24.174263
          ],
          [
            120.669616,
            24.174279
          ],
          [
            120.670097,
            24.174531
          ],
          [
            120.670156,
            24.174561
          ],
          [
            120.670319,
            24.174647
          ],
          [
            120.670533,
            24.174759
          ],
          [
            120.670694,
            24.174843
          ],
          [
            120.670997,
            24.175007
          ],
          [
            120.671079,
            24.175045
          ],
          [
            120.670894,
            24.175352
          ],
          [
            120.670841,
            24.175434
          ],
          [
            120.670667,
            24.175675
          ],
          [
            120.6705,
            24.175893
          ],
          [
            120.670226,
            24.176285
          ],
          [
            120.670134,
            24.17641
          ],
          [
            120.670024,
            24.176578
          ],
          [
            120.669997,
            24.176618
          ],
          [
            120.670589,
            24.177145
          ],
          [
            120.670893,
            24.177416
          ],
          [
            120.67111,
            24.177658
          ],
          [
            120.671344,
            24.177919
          ],
          [
            120.671575,
            24.178176
          ],
          [
            120.671709,
            24.178326
          ],
          [
            120.671291,
            24.178499
          ],
          [
            120.671251,
            24.178515
          ],
          [
            120.670787,
            24.178706
          ],
          [
            120.670189,
            24.177947
          ],
          [
            120.669784,
            24.177494
          ],
          [
            120.669499,
            24.177274
          ],
          [
            120.669389,
            24.177209
          ],
          [
            120.669858,
            24.176572
          ],
          [
            120.669899,
            24.176515
          ],
          [
            120.669422,
            24.176149
          ],
          [
            120.669057,
            24.175917
          ],
          [
            120.66893,
            24.175876
          ],
          [
            120.66879,
            24.175863
          ],
          [
            120.668683,
            24.175776
          ],
          [
            120.668654,
            24.175746
          ],
          [
            120.668755,
            24.175569
          ],
          [
            120.669005,
            24.174761
          ],
          [
            120.668755,
            24.175569
          ],
          [
            120.668654,
            24.175746
          ],
          [
            120.668683,
            24.175776
          ],
          [
            120.66879,
            24.175863
          ],
          [
            120.66893,
            24.175876
          ],
          [
            120.669057,
            24.175917
          ],
          [
            120.669422,
            24.176149
          ],
          [
            120.669899,
            24.176515
          ],
          [
            120.669997,
            24.176618
          ],
          [
            120.670893,
            24.177416
          ],
          [
            120.671344,
            24.177919
          ],
          [
            120.671709,
            24.178326
          ],
          [
            120.671373,
            24.178465
          ],
          [
            120.671291,
            24.178499
          ],
          [
            120.671251,
            24.178515
          ],
          [
            120.670787,
            24.178706
          ],
          [
            120.670189,
            24.177947
          ],
          [
            120.669784,
            24.177494
          ],
          [
            120.669499,
            24.177274
          ],
          [
            120.669389,
            24.177209
          ],
          [
            120.669858,
            24.176572
          ],
          [
            120.669899,
            24.176515
          ],
          [
            120.669422,
            24.176149
          ],
          [
            120.669057,
            24.175917
          ],
          [
            120.66893,
            24.175876
          ],
          [
            120.66879,
            24.175863
          ],
          [
            120.668683,
            24.175776
          ],
          [
            120.668654,
            24.175746
          ],
          [
            120.668755,
            24.175569
          ],
          [
            120.6688,
            24.175425
          ],
          [
            120.668755,
            24.175569
          ],
          [
            120.668654,
            24.175746
          ],
          [
            120.668683,
            24.175776
          ],
          [
            120.66879,
            24.175863
          ],
          [
            120.66893,
            24.175876
          ],
          [
            120.669057,
            24.175917
          ],
          [
            120.669422,
            24.176149
          ],
          [
            120.669899,
            24.176515
          ],
          [
            120.669997,
            24.176618
          ],
          [
            120.670893,
            24.177416
          ],
          [
            120.671344,
            24.177919
          ],
          [
            120.671709,
            24.178326
          ],
          [
            120.672299,
            24.179077
          ],
          [
            120.672449,
            24.179267
          ],
          [
            120.673243,
            24.180255
          ],
          [
            120.6734,
            24.180451
          ],
          [
            120.672685,
            24.180968
          ],
          [
            120.672598,
            24.181031
          ],
          [
            120.672558,
            24.180979
          ],
          [
            120.671442,
            24.179537
          ],
          [
            120.671109,
            24.179109
          ],
          [
            120.670787,
            24.178706
          ],
          [
            120.670189,
            24.177947
          ],
          [
            120.669784,
            24.177494
          ],
          [
            120.669499,
            24.177274
          ],
          [
            120.669389,
            24.177209
          ],
          [
            120.669858,
            24.176572
          ],
          [
            120.669899,
            24.176515
          ],
          [
            120.669997,
            24.176618
          ],
          [
            120.670589,
            24.177145
          ],
          [
            120.670893,
            24.177416
          ],
          [
            120.67111,
            24.177658
          ],
          [
            120.671344,
            24.177919
          ],
          [
            120.671575,
            24.178176
          ],
          [
            120.671709,
            24.178326
          ],
          [
            120.671373,
            24.178465
          ],
          [
            120.671709,
            24.178326
          ],
          [
            120.672299,
            24.179077
          ],
          [
            120.672449,
            24.179267
          ],
          [
            120.673243,
            24.180255
          ],
          [
            120.6734,
            24.180451
          ],
          [
            120.672685,
            24.180968
          ],
          [
            120.672598,
            24.181031
          ],
          [
            120.672558,
            24.180979
          ],
          [
            120.671442,
            24.179537
          ],
          [
            120.671109,
            24.179109
          ],
          [
            120.670787,
            24.178706
          ],
          [
            120.670189,
            24.177947
          ],
          [
            120.669784,
            24.177494
          ],
          [
            120.669499,
            24.177274
          ],
          [
            120.669262,
            24.177504
          ],
          [
            120.66911,
            24.177697
          ],
          [
            120.668775,
            24.178145
          ],
          [
            120.668755,
            24.178172
          ],
          [
            120.668696,
            24.178265
          ],
          [
            120.668574,
            24.178418
          ],
          [
            120.668276,
            24.178791
          ],
          [
            120.667874,
            24.179311
          ],
          [
            120.667535,
            24.17975
          ],
          [
            120.666998,
            24.180466
          ],
          [
            120.666841,
            24.180726
          ],
          [
            120.666463,
            24.181492
          ],
          [
            120.666344,
            24.181733
          ],
          [
            120.666141,
            24.182142
          ],
          [
            120.665961,
            24.182484
          ],
          [
            120.665874,
            24.182646
          ],
          [
            120.66585,
            24.182693
          ],
          [
            120.665807,
            24.182787
          ],
          [
            120.665757,
            24.182893
          ],
          [
            120.665203,
            24.183797
          ],
          [
            120.665112,
            24.183954
          ],
          [
            120.664888,
            24.184334
          ],
          [
            120.664508,
            24.184989
          ],
          [
            120.664224,
            24.185478
          ],
          [
            120.664197,
            24.185525
          ],
          [
            120.664133,
            24.185635
          ],
          [
            120.664096,
            24.185698
          ],
          [
            120.664045,
            24.185786
          ],
          [
            120.663778,
            24.186243
          ],
          [
            120.663719,
            24.186347
          ],
          [
            120.663279,
            24.187106
          ],
          [
            120.66301,
            24.187558
          ],
          [
            120.662902,
            24.187739
          ],
          [
            120.662743,
            24.188001
          ],
          [
            120.662511,
            24.188397
          ],
          [
            120.662484,
            24.188451
          ],
          [
            120.662441,
            24.188542
          ],
          [
            120.6624,
            24.188621
          ],
          [
            120.66236,
            24.18868
          ],
          [
            120.662005,
            24.189311
          ],
          [
            120.66198,
            24.18935
          ],
          [
            120.661919,
            24.189457
          ],
          [
            120.661842,
            24.189566
          ],
          [
            120.661389,
            24.190348
          ],
          [
            120.661232,
            24.190634
          ],
          [
            120.660881,
            24.191263
          ],
          [
            120.66085,
            24.19132
          ],
          [
            120.66083,
            24.191349
          ],
          [
            120.660716,
            24.191537
          ],
          [
            120.660608,
            24.19149
          ],
          [
            120.660565,
            24.191385
          ],
          [
            120.660504,
            24.19136
          ],
          [
            120.65952,
            24.190892
          ],
          [
            120.659426,
            24.190847
          ],
          [
            120.659326,
            24.1908
          ],
          [
            120.659386,
            24.190688
          ],
          [
            120.659414,
            24.190652
          ],
          [
            120.659618,
            24.190296
          ],
          [
            120.659875,
            24.189849
          ],
          [
            120.659919,
            24.189772
          ],
          [
            120.660353,
            24.188998
          ],
          [
            120.660419,
            24.188918
          ],
          [
            120.660442,
            24.188891
          ],
          [
            120.660525,
            24.188792
          ],
          [
            120.66062,
            24.188707
          ],
          [
            120.660648,
            24.188682
          ],
          [
            120.661354,
            24.188051
          ],
          [
            120.661413,
            24.187998
          ],
          [
            120.661466,
            24.187951
          ],
          [
            120.661583,
            24.188022
          ],
          [
            120.661605,
            24.188036
          ],
          [
            120.661914,
            24.188225
          ],
          [
            120.662014,
            24.188286
          ],
          [
            120.661914,
            24.188225
          ],
          [
            120.661605,
            24.188036
          ],
          [
            120.661583,
            24.188022
          ],
          [
            120.661466,
            24.187951
          ],
          [
            120.661413,
            24.187998
          ],
          [
            120.661354,
            24.188051
          ],
          [
            120.660648,
            24.188682
          ],
          [
            120.66062,
            24.188707
          ],
          [
            120.660525,
            24.188792
          ],
          [
            120.660442,
            24.188891
          ],
          [
            120.660419,
            24.188918
          ],
          [
            120.660353,
            24.188998
          ],
          [
            120.659919,
            24.189772
          ],
          [
            120.659875,
            24.189849
          ],
          [
            120.659618,
            24.190296
          ],
          [
            120.659875,
            24.189849
          ],
          [
            120.659919,
            24.189772
          ],
          [
            120.660353,
            24.188998
          ],
          [
            120.660419,
            24.188918
          ],
          [
            120.660442,
            24.188891
          ],
          [
            120.660525,
            24.188792
          ],
          [
            120.66062,
            24.188707
          ],
          [
            120.660648,
            24.188682
          ],
          [
            120.661354,
            24.188051
          ],
          [
            120.661413,
            24.187998
          ],
          [
            120.661466,
            24.187951
          ],
          [
            120.661399,
            24.187911
          ],
          [
            120.661345,
            24.187877
          ],
          [
            120.660088,
            24.187109
          ],
          [
            120.660005,
            24.187093
          ],
          [
            120.65995,
            24.187081
          ],
          [
            120.659932,
            24.187079
          ],
          [
            120.659912,
            24.187149
          ],
          [
            120.659896,
            24.187207
          ],
          [
            120.659898,
            24.187217
          ],
          [
            120.659896,
            24.187207
          ],
          [
            120.659912,
            24.187149
          ],
          [
            120.659932,
            24.187079
          ],
          [
            120.65984,
            24.187066
          ],
          [
            120.659789,
            24.187059
          ],
          [
            120.659106,
            24.187099
          ],
          [
            120.659046,
            24.187103
          ],
          [
            120.658927,
            24.187109
          ],
          [
            120.658629,
            24.187124
          ],
          [
            120.658927,
            24.187109
          ],
          [
            120.659046,
            24.187103
          ],
          [
            120.659106,
            24.187099
          ],
          [
            120.659789,
            24.187059
          ],
          [
            120.65984,
            24.187066
          ],
          [
            120.659932,
            24.187079
          ],
          [
            120.659912,
            24.187149
          ],
          [
            120.659896,
            24.187207
          ],
          [
            120.659904,
            24.187257
          ],
          [
            120.660343,
            24.187876
          ],
          [
            120.659904,
            24.187257
          ],
          [
            120.659896,
            24.187207
          ],
          [
            120.659912,
            24.187149
          ],
          [
            120.659932,
            24.187079
          ],
          [
            120.65995,
            24.187081
          ],
          [
            120.660005,
            24.187093
          ],
          [
            120.660088,
            24.187109
          ],
          [
            120.661345,
            24.187877
          ],
          [
            120.661399,
            24.187911
          ],
          [
            120.661466,
            24.187951
          ],
          [
            120.661583,
            24.188022
          ],
          [
            120.661605,
            24.188036
          ],
          [
            120.661914,
            24.188225
          ],
          [
            120.662014,
            24.188286
          ],
          [
            120.661914,
            24.188225
          ],
          [
            120.661605,
            24.188036
          ],
          [
            120.661583,
            24.188022
          ],
          [
            120.661466,
            24.187951
          ],
          [
            120.661399,
            24.187911
          ],
          [
            120.661345,
            24.187877
          ],
          [
            120.660088,
            24.187109
          ],
          [
            120.660005,
            24.187093
          ],
          [
            120.65995,
            24.187081
          ],
          [
            120.659932,
            24.187079
          ],
          [
            120.659912,
            24.187149
          ],
          [
            120.659896,
            24.187207
          ],
          [
            120.659898,
            24.187217
          ],
          [
            120.659896,
            24.187207
          ],
          [
            120.659912,
            24.187149
          ],
          [
            120.659932,
            24.187079
          ],
          [
            120.65984,
            24.187066
          ],
          [
            120.659789,
            24.187059
          ],
          [
            120.659106,
            24.187099
          ],
          [
            120.659046,
            24.187103
          ],
          [
            120.658927,
            24.187109
          ],
          [
            120.658629,
            24.187124
          ],
          [
            120.658927,
            24.187109
          ],
          [
            120.659046,
            24.187103
          ],
          [
            120.659106,
            24.187099
          ],
          [
            120.659789,
            24.187059
          ],
          [
            120.65984,
            24.187066
          ],
          [
            120.659932,
            24.187079
          ],
          [
            120.65995,
            24.187081
          ],
          [
            120.660005,
            24.187093
          ],
          [
            120.660088,
            24.187109
          ],
          [
            120.661345,
            24.187877
          ],
          [
            120.661399,
            24.187911
          ],
          [
            120.661466,
            24.187951
          ],
          [
            120.661534,
            24.187895
          ],
          [
            120.661576,
            24.18786
          ],
          [
            120.661714,
            24.187746
          ],
          [
            120.661932,
            24.187572
          ],
          [
            120.662112,
            24.187388
          ],
          [
            120.662262,
            24.187195
          ],
          [
            120.662527,
            24.186784
          ],
          [
            120.662262,
            24.187195
          ],
          [
            120.662112,
            24.187388
          ],
          [
            120.661932,
            24.187572
          ],
          [
            120.661714,
            24.187746
          ],
          [
            120.661576,
            24.18786
          ],
          [
            120.661534,
            24.187895
          ],
          [
            120.661466,
            24.187951
          ],
          [
            120.661399,
            24.187911
          ],
          [
            120.661345,
            24.187877
          ],
          [
            120.660088,
            24.187109
          ],
          [
            120.660005,
            24.187093
          ],
          [
            120.65995,
            24.187081
          ],
          [
            120.659932,
            24.187079
          ],
          [
            120.659912,
            24.187149
          ],
          [
            120.659896,
            24.187207
          ],
          [
            120.659904,
            24.187257
          ],
          [
            120.660343,
            24.187876
          ],
          [
            120.659904,
            24.187257
          ],
          [
            120.659896,
            24.187207
          ],
          [
            120.659912,
            24.187149
          ],
          [
            120.659932,
            24.187079
          ],
          [
            120.65995,
            24.187081
          ],
          [
            120.660005,
            24.187093
          ],
          [
            120.660088,
            24.187109
          ],
          [
            120.661345,
            24.187877
          ],
          [
            120.661399,
            24.187911
          ],
          [
            120.661466,
            24.187951
          ],
          [
            120.661534,
            24.187895
          ],
          [
            120.661576,
            24.18786
          ],
          [
            120.661714,
            24.187746
          ],
          [
            120.661932,
            24.187572
          ],
          [
            120.662112,
            24.187388
          ],
          [
            120.662262,
            24.187195
          ],
          [
            120.66265,
            24.186593
          ],
          [
            120.663366,
            24.185484
          ],
          [
            120.663382,
            24.185459
          ],
          [
            120.663446,
            24.185367
          ],
          [
            120.663492,
            24.185291
          ],
          [
            120.663532,
            24.185227
          ],
          [
            120.663549,
            24.1852
          ],
          [
            120.66381,
            24.184781
          ],
          [
            120.663409,
            24.184716
          ],
          [
            120.663099,
            24.184669
          ],
          [
            120.662679,
            24.184622
          ],
          [
            120.662574,
            24.184636
          ],
          [
            120.662679,
            24.184622
          ],
          [
            120.663099,
            24.184669
          ],
          [
            120.663372,
            24.18471
          ],
          [
            120.663409,
            24.184716
          ],
          [
            120.66381,
            24.184781
          ],
          [
            120.664063,
            24.184377
          ],
          [
            120.663954,
            24.184365
          ],
          [
            120.663881,
            24.184384
          ],
          [
            120.663954,
            24.184365
          ],
          [
            120.664063,
            24.184377
          ],
          [
            120.66381,
            24.184781
          ],
          [
            120.663549,
            24.1852
          ],
          [
            120.663532,
            24.185227
          ],
          [
            120.663492,
            24.185291
          ],
          [
            120.663446,
            24.185367
          ],
          [
            120.663382,
            24.185459
          ],
          [
            120.663366,
            24.185484
          ],
          [
            120.66265,
            24.186593
          ],
          [
            120.662527,
            24.186784
          ],
          [
            120.66265,
            24.186593
          ],
          [
            120.663366,
            24.185484
          ],
          [
            120.663382,
            24.185459
          ],
          [
            120.663446,
            24.185367
          ],
          [
            120.663492,
            24.185291
          ],
          [
            120.663532,
            24.185227
          ],
          [
            120.663549,
            24.1852
          ],
          [
            120.66381,
            24.184781
          ],
          [
            120.664063,
            24.184377
          ],
          [
            120.664259,
            24.184065
          ],
          [
            120.664149,
            24.184027
          ],
          [
            120.66408,
            24.184047
          ],
          [
            120.664149,
            24.184027
          ],
          [
            120.664259,
            24.184065
          ],
          [
            120.664362,
            24.183906
          ],
          [
            120.664444,
            24.183748
          ],
          [
            120.664493,
            24.18365
          ],
          [
            120.664512,
            24.183612
          ],
          [
            120.664537,
            24.183561
          ],
          [
            120.664429,
            24.183549
          ],
          [
            120.664396,
            24.183559
          ],
          [
            120.663235,
            24.1839
          ],
          [
            120.662926,
            24.183986
          ],
          [
            120.662576,
            24.184074
          ],
          [
            120.662679,
            24.184622
          ],
          [
            120.662574,
            24.184636
          ],
          [
            120.662679,
            24.184622
          ],
          [
            120.662576,
            24.184074
          ],
          [
            120.662926,
            24.183986
          ],
          [
            120.663235,
            24.1839
          ],
          [
            120.664429,
            24.183549
          ],
          [
            120.664537,
            24.183561
          ],
          [
            120.664546,
            24.183534
          ],
          [
            120.664563,
            24.183486
          ],
          [
            120.664597,
            24.183384
          ],
          [
            120.664626,
            24.183215
          ],
          [
            120.664454,
            24.183084
          ],
          [
            120.664626,
            24.183215
          ],
          [
            120.664597,
            24.183384
          ],
          [
            120.664563,
            24.183486
          ],
          [
            120.664546,
            24.183534
          ],
          [
            120.664537,
            24.183561
          ],
          [
            120.664429,
            24.183549
          ],
          [
            120.663235,
            24.1839
          ],
          [
            120.663409,
            24.184716
          ],
          [
            120.663372,
            24.18471
          ],
          [
            120.663409,
            24.184716
          ],
          [
            120.66381,
            24.184781
          ],
          [
            120.663549,
            24.1852
          ],
          [
            120.663532,
            24.185227
          ],
          [
            120.663492,
            24.185291
          ],
          [
            120.66358,
            24.185338
          ],
          [
            120.663607,
            24.185353
          ],
          [
            120.663911,
            24.185516
          ],
          [
            120.663947,
            24.185536
          ],
          [
            120.66402,
            24.185575
          ],
          [
            120.664133,
            24.185635
          ],
          [
            120.664096,
            24.185698
          ],
          [
            120.664045,
            24.185786
          ],
          [
            120.663778,
            24.186243
          ],
          [
            120.663719,
            24.186347
          ],
          [
            120.663279,
            24.187106
          ],
          [
            120.66301,
            24.187558
          ],
          [
            120.662902,
            24.187739
          ],
          [
            120.662743,
            24.188001
          ],
          [
            120.662511,
            24.188397
          ],
          [
            120.662484,
            24.188451
          ],
          [
            120.662441,
            24.188542
          ],
          [
            120.6624,
            24.188621
          ],
          [
            120.66236,
            24.18868
          ],
          [
            120.662005,
            24.189311
          ],
          [
            120.66198,
            24.18935
          ],
          [
            120.661919,
            24.189457
          ],
          [
            120.661842,
            24.189566
          ],
          [
            120.661389,
            24.190348
          ],
          [
            120.661232,
            24.190634
          ],
          [
            120.660881,
            24.191263
          ],
          [
            120.66085,
            24.19132
          ],
          [
            120.66083,
            24.191349
          ],
          [
            120.660716,
            24.191537
          ],
          [
            120.660675,
            24.1916
          ],
          [
            120.66033,
            24.192156
          ],
          [
            120.660169,
            24.19241
          ],
          [
            120.660034,
            24.192608
          ],
          [
            120.660016,
            24.19264
          ],
          [
            120.660005,
            24.192663
          ],
          [
            120.659947,
            24.192758
          ],
          [
            120.659754,
            24.193053
          ],
          [
            120.65959,
            24.193318
          ],
          [
            120.659546,
            24.193386
          ],
          [
            120.659288,
            24.193806
          ],
          [
            120.659153,
            24.194027
          ],
          [
            120.658864,
            24.194538
          ],
          [
            120.6587,
            24.194797
          ],
          [
            120.658533,
            24.195059
          ],
          [
            120.658511,
            24.195095
          ],
          [
            120.658437,
            24.195215
          ],
          [
            120.658365,
            24.195324
          ],
          [
            120.658261,
            24.195493
          ],
          [
            120.658068,
            24.195798
          ],
          [
            120.657547,
            24.196624
          ],
          [
            120.657525,
            24.196658
          ],
          [
            120.657457,
            24.196765
          ],
          [
            120.657424,
            24.196816
          ],
          [
            120.657278,
            24.197035
          ],
          [
            120.657231,
            24.197115
          ],
          [
            120.656641,
            24.198113
          ],
          [
            120.65663,
            24.198133
          ],
          [
            120.656559,
            24.198437
          ],
          [
            120.656508,
            24.198758
          ],
          [
            120.656497,
            24.19898
          ],
          [
            120.656494,
            24.199643
          ],
          [
            120.656493,
            24.199674
          ],
          [
            120.656495,
            24.199811
          ],
          [
            120.657114,
            24.19999
          ],
          [
            120.657315,
            24.200048
          ],
          [
            120.657758,
            24.200169
          ],
          [
            120.658302,
            24.200311
          ],
          [
            120.659002,
            24.200441
          ],
          [
            120.659556,
            24.200533
          ],
          [
            120.660353,
            24.200671
          ],
          [
            120.660802,
            24.200682
          ],
          [
            120.661172,
            24.200703
          ],
          [
            120.66138,
            24.200716
          ],
          [
            120.661627,
            24.200744
          ],
          [
            120.661964,
            24.200743
          ],
          [
            120.662191,
            24.200742
          ],
          [
            120.662537,
            24.200741
          ],
          [
            120.663924,
            24.200744
          ],
          [
            120.66402,
            24.200741
          ],
          [
            120.665195,
            24.200729
          ],
          [
            120.665344,
            24.200728
          ],
          [
            120.668313,
            24.200714
          ],
          [
            120.668428,
            24.200718
          ],
          [
            120.670771,
            24.200721
          ],
          [
            120.67093,
            24.200723
          ],
          [
            120.671091,
            24.200723
          ],
          [
            120.672675,
            24.200741
          ],
          [
            120.673491,
            24.200765
          ],
          [
            120.673592,
            24.200768
          ],
          [
            120.673711,
            24.200768
          ],
          [
            120.676054,
            24.200784
          ],
          [
            120.676112,
            24.200785
          ],
          [
            120.676303,
            24.20079
          ],
          [
            120.676705,
            24.200789
          ],
          [
            120.676918,
            24.200456
          ],
          [
            120.677103,
            24.200092
          ],
          [
            120.67742,
            24.199405
          ],
          [
            120.677447,
            24.199368
          ],
          [
            120.677479,
            24.199325
          ],
          [
            120.677534,
            24.199251
          ],
          [
            120.677712,
            24.198933
          ],
          [
            120.677776,
            24.198868
          ],
          [
            120.678527,
            24.198418
          ],
          [
            120.678788,
            24.198249
          ],
          [
            120.67913,
            24.198029
          ],
          [
            120.679367,
            24.197894
          ],
          [
            120.679493,
            24.197795
          ],
          [
            120.679831,
            24.197493
          ],
          [
            120.680094,
            24.197259
          ],
          [
            120.680481,
            24.196915
          ],
          [
            120.681329,
            24.196167
          ],
          [
            120.682431,
            24.195194
          ],
          [
            120.682754,
            24.194899
          ],
          [
            120.682972,
            24.194496
          ],
          [
            120.682902,
            24.193826
          ],
          [
            120.683192,
            24.193754
          ],
          [
            120.683437,
            24.193689
          ],
          [
            120.683671,
            24.193665
          ],
          [
            120.683683,
            24.193804
          ],
          [
            120.683671,
            24.193665
          ],
          [
            120.683437,
            24.193689
          ],
          [
            120.683192,
            24.193754
          ],
          [
            120.682902,
            24.193826
          ],
          [
            120.682972,
            24.194496
          ],
          [
            120.682754,
            24.194899
          ],
          [
            120.682431,
            24.195194
          ],
          [
            120.681329,
            24.196167
          ],
          [
            120.680481,
            24.196915
          ],
          [
            120.680094,
            24.197259
          ],
          [
            120.679831,
            24.197493
          ],
          [
            120.679493,
            24.197795
          ],
          [
            120.679367,
            24.197894
          ],
          [
            120.67913,
            24.198029
          ],
          [
            120.678788,
            24.198249
          ],
          [
            120.678527,
            24.198418
          ],
          [
            120.677776,
            24.198868
          ],
          [
            120.677712,
            24.198933
          ],
          [
            120.677534,
            24.199251
          ],
          [
            120.677479,
            24.199325
          ],
          [
            120.677447,
            24.199368
          ],
          [
            120.67742,
            24.199405
          ],
          [
            120.677103,
            24.200092
          ],
          [
            120.676918,
            24.200456
          ],
          [
            120.676705,
            24.200789
          ],
          [
            120.676509,
            24.201031
          ],
          [
            120.676301,
            24.201288
          ],
          [
            120.676094,
            24.201287
          ],
          [
            120.67366,
            24.201282
          ],
          [
            120.673589,
            24.201281
          ],
          [
            120.672309,
            24.201285
          ],
          [
            120.671098,
            24.201302
          ],
          [
            120.670929,
            24.201302
          ],
          [
            120.67077,
            24.201304
          ],
          [
            120.670535,
            24.201295
          ],
          [
            120.670133,
            24.201302
          ],
          [
            120.669515,
            24.2013
          ],
          [
            120.669207,
            24.201299
          ],
          [
            120.668416,
            24.20131
          ],
          [
            120.668308,
            24.201311
          ],
          [
            120.665873,
            24.201311
          ],
          [
            120.66534,
            24.201311
          ],
          [
            120.665189,
            24.201314
          ],
          [
            120.664634,
            24.201311
          ],
          [
            120.664078,
            24.201309
          ],
          [
            120.663831,
            24.201309
          ],
          [
            120.663397,
            24.201317
          ],
          [
            120.662684,
            24.201273
          ],
          [
            120.662375,
            24.201291
          ],
          [
            120.661823,
            24.201292
          ],
          [
            120.661562,
            24.201292
          ],
          [
            120.661047,
            24.201274
          ],
          [
            120.660584,
            24.201242
          ],
          [
            120.66038,
            24.201213
          ],
          [
            120.660095,
            24.201186
          ],
          [
            120.659868,
            24.201156
          ],
          [
            120.659779,
            24.201142
          ],
          [
            120.659645,
            24.201121
          ],
          [
            120.658593,
            24.200907
          ],
          [
            120.65825,
            24.200842
          ],
          [
            120.657713,
            24.200688
          ],
          [
            120.657095,
            24.200499
          ],
          [
            120.656966,
            24.200458
          ],
          [
            120.656888,
            24.200426
          ],
          [
            120.656705,
            24.200352
          ],
          [
            120.656541,
            24.200289
          ],
          [
            120.656398,
            24.200226
          ],
          [
            120.655932,
            24.200027
          ],
          [
            120.655713,
            24.199952
          ],
          [
            120.65557,
            24.199903
          ],
          [
            120.655531,
            24.19997
          ],
          [
            120.655231,
            24.200486
          ],
          [
            120.655195,
            24.200547
          ],
          [
            120.655086,
            24.200485
          ],
          [
            120.655119,
            24.20043
          ],
          [
            120.655383,
            24.199985
          ],
          [
            120.655417,
            24.199928
          ],
          [
            120.655456,
            24.199862
          ],
          [
            120.655574,
            24.199666
          ],
          [
            120.655634,
            24.199568
          ],
          [
            120.655696,
            24.199464
          ],
          [
            120.655787,
            24.199311
          ],
          [
            120.656069,
            24.198781
          ],
          [
            120.656218,
            24.198521
          ],
          [
            120.656374,
            24.198247
          ],
          [
            120.656455,
            24.19811
          ],
          [
            120.656699,
            24.197709
          ],
          [
            120.657116,
            24.197066
          ],
          [
            120.657168,
            24.196985
          ],
          [
            120.657232,
            24.196877
          ],
          [
            120.657308,
            24.196747
          ],
          [
            120.657341,
            24.196693
          ],
          [
            120.657401,
            24.196599
          ],
          [
            120.6575,
            24.196446
          ],
          [
            120.658153,
            24.19543
          ],
          [
            120.658233,
            24.195302
          ],
          [
            120.658255,
            24.195268
          ],
          [
            120.658324,
            24.195159
          ],
          [
            120.658399,
            24.195038
          ],
          [
            120.65905,
            24.193987
          ],
          [
            120.65907,
            24.193949
          ],
          [
            120.659391,
            24.193444
          ],
          [
            120.659465,
            24.193311
          ],
          [
            120.659515,
            24.193233
          ],
          [
            120.659637,
            24.193052
          ],
          [
            120.659699,
            24.192951
          ],
          [
            120.659906,
            24.192615
          ],
          [
            120.659915,
            24.192603
          ],
          [
            120.660069,
            24.192356
          ],
          [
            120.660166,
            24.192197
          ],
          [
            120.660541,
            24.191598
          ],
          [
            120.660572,
            24.191546
          ],
          [
            120.660608,
            24.19149
          ],
          [
            120.660717,
            24.191307
          ],
          [
            120.661133,
            24.190596
          ],
          [
            120.661221,
            24.190448
          ],
          [
            120.661306,
            24.190294
          ],
          [
            120.661741,
            24.189562
          ],
          [
            120.661764,
            24.189522
          ],
          [
            120.661823,
            24.189422
          ],
          [
            120.661884,
            24.189313
          ],
          [
            120.662265,
            24.18864
          ],
          [
            120.662298,
            24.188581
          ],
          [
            120.662349,
            24.18849
          ],
          [
            120.662392,
            24.188414
          ],
          [
            120.662415,
            24.188373
          ],
          [
            120.66249,
            24.18824
          ],
          [
            120.662555,
            24.188125
          ],
          [
            120.662651,
            24.187955
          ],
          [
            120.663159,
            24.187056
          ],
          [
            120.663209,
            24.186975
          ],
          [
            120.663416,
            24.186613
          ],
          [
            120.663573,
            24.186344
          ],
          [
            120.663905,
            24.185772
          ],
          [
            120.663928,
            24.185732
          ],
          [
            120.663982,
            24.185639
          ],
          [
            120.663906,
            24.185601
          ],
          [
            120.663561,
            24.185431
          ],
          [
            120.663537,
            24.185419
          ],
          [
            120.663446,
            24.185367
          ],
          [
            120.663492,
            24.185291
          ],
          [
            120.663532,
            24.185227
          ],
          [
            120.663549,
            24.1852
          ],
          [
            120.66381,
            24.184781
          ],
          [
            120.664063,
            24.184377
          ],
          [
            120.663954,
            24.184365
          ],
          [
            120.663881,
            24.184384
          ],
          [
            120.663954,
            24.184365
          ],
          [
            120.664063,
            24.184377
          ],
          [
            120.66381,
            24.184781
          ],
          [
            120.663549,
            24.1852
          ],
          [
            120.663532,
            24.185227
          ],
          [
            120.663492,
            24.185291
          ],
          [
            120.66358,
            24.185338
          ],
          [
            120.663607,
            24.185353
          ],
          [
            120.663911,
            24.185516
          ],
          [
            120.663947,
            24.185536
          ],
          [
            120.66402,
            24.185575
          ],
          [
            120.664133,
            24.185635
          ],
          [
            120.664096,
            24.185698
          ],
          [
            120.664045,
            24.185786
          ],
          [
            120.663778,
            24.186243
          ],
          [
            120.663719,
            24.186347
          ],
          [
            120.663279,
            24.187106
          ],
          [
            120.66301,
            24.187558
          ],
          [
            120.662902,
            24.187739
          ],
          [
            120.662743,
            24.188001
          ],
          [
            120.662511,
            24.188397
          ],
          [
            120.662484,
            24.188451
          ],
          [
            120.662441,
            24.188542
          ],
          [
            120.6624,
            24.188621
          ],
          [
            120.66236,
            24.18868
          ],
          [
            120.662005,
            24.189311
          ],
          [
            120.66198,
            24.18935
          ],
          [
            120.661919,
            24.189457
          ],
          [
            120.661842,
            24.189566
          ],
          [
            120.661389,
            24.190348
          ],
          [
            120.661232,
            24.190634
          ],
          [
            120.660881,
            24.191263
          ],
          [
            120.66085,
            24.19132
          ],
          [
            120.66083,
            24.191349
          ],
          [
            120.660716,
            24.191537
          ],
          [
            120.660675,
            24.1916
          ],
          [
            120.66033,
            24.192156
          ],
          [
            120.660169,
            24.19241
          ],
          [
            120.660034,
            24.192608
          ],
          [
            120.660016,
            24.19264
          ],
          [
            120.660005,
            24.192663
          ],
          [
            120.659947,
            24.192758
          ],
          [
            120.659754,
            24.193053
          ],
          [
            120.65959,
            24.193318
          ],
          [
            120.659546,
            24.193386
          ],
          [
            120.659288,
            24.193806
          ],
          [
            120.659153,
            24.194027
          ],
          [
            120.658864,
            24.194538
          ],
          [
            120.6587,
            24.194797
          ],
          [
            120.658533,
            24.195059
          ],
          [
            120.658511,
            24.195095
          ],
          [
            120.658437,
            24.195215
          ],
          [
            120.658365,
            24.195324
          ],
          [
            120.658261,
            24.195493
          ],
          [
            120.658068,
            24.195798
          ],
          [
            120.657547,
            24.196624
          ],
          [
            120.657525,
            24.196658
          ],
          [
            120.657457,
            24.196765
          ],
          [
            120.657424,
            24.196816
          ],
          [
            120.657278,
            24.197035
          ],
          [
            120.657231,
            24.197115
          ],
          [
            120.656641,
            24.198113
          ],
          [
            120.65663,
            24.198133
          ],
          [
            120.656559,
            24.198437
          ],
          [
            120.656508,
            24.198758
          ],
          [
            120.656497,
            24.19898
          ],
          [
            120.656494,
            24.199643
          ],
          [
            120.656493,
            24.199674
          ],
          [
            120.656495,
            24.199811
          ],
          [
            120.657114,
            24.19999
          ],
          [
            120.657315,
            24.200048
          ],
          [
            120.657758,
            24.200169
          ],
          [
            120.658302,
            24.200311
          ],
          [
            120.659002,
            24.200441
          ],
          [
            120.659556,
            24.200533
          ],
          [
            120.660353,
            24.200671
          ],
          [
            120.660802,
            24.200682
          ],
          [
            120.661172,
            24.200703
          ],
          [
            120.66138,
            24.200716
          ],
          [
            120.661627,
            24.200744
          ],
          [
            120.661964,
            24.200743
          ],
          [
            120.662191,
            24.200742
          ],
          [
            120.662537,
            24.200741
          ],
          [
            120.663924,
            24.200744
          ],
          [
            120.66402,
            24.200741
          ],
          [
            120.665195,
            24.200729
          ],
          [
            120.665344,
            24.200728
          ],
          [
            120.665621,
            24.200864
          ],
          [
            120.666272,
            24.200869
          ],
          [
            120.667803,
            24.200877
          ],
          [
            120.671254,
            24.200857
          ],
          [
            120.671909,
            24.200809
          ],
          [
            120.672149,
            24.200807
          ],
          [
            120.673422,
            24.200832
          ],
          [
            120.674453,
            24.200945
          ],
          [
            120.677818,
            24.200973
          ],
          [
            120.678335,
            24.200941
          ],
          [
            120.678743,
            24.200915
          ],
          [
            120.68284,
            24.200907
          ],
          [
            120.683162,
            24.200885
          ],
          [
            120.683461,
            24.200861
          ],
          [
            120.683784,
            24.200863
          ],
          [
            120.684518,
            24.200871
          ],
          [
            120.684722,
            24.200869
          ],
          [
            120.684992,
            24.200874
          ],
          [
            120.685261,
            24.200866
          ],
          [
            120.685438,
            24.200868
          ],
          [
            120.686577,
            24.200878
          ],
          [
            120.686562,
            24.199939
          ],
          [
            120.686509,
            24.197846
          ],
          [
            120.68646,
            24.196579
          ],
          [
            120.686447,
            24.195351
          ],
          [
            120.686444,
            24.195282
          ],
          [
            120.686442,
            24.1952
          ],
          [
            120.68644,
            24.195137
          ],
          [
            120.686407,
            24.194033
          ],
          [
            120.686399,
            24.193624
          ],
          [
            120.686399,
            24.193512
          ],
          [
            120.686397,
            24.19343
          ],
          [
            120.686379,
            24.192804
          ],
          [
            120.686343,
            24.191755
          ],
          [
            120.686283,
            24.191755
          ],
          [
            120.685629,
            24.191738
          ],
          [
            120.685599,
            24.191197
          ],
          [
            120.685559,
            24.190482
          ],
          [
            120.685012,
            24.190478
          ],
          [
            120.685072,
            24.190393
          ],
          [
            120.685144,
            24.19029
          ],
          [
            120.685366,
            24.189975
          ],
          [
            120.685689,
            24.189516
          ],
          [
            120.686124,
            24.188859
          ],
          [
            120.686154,
            24.188823
          ],
          [
            120.68619,
            24.188751
          ],
          [
            120.68627,
            24.188557
          ],
          [
            120.686265,
            24.1883
          ],
          [
            120.686264,
            24.188241
          ],
          [
            120.686261,
            24.188117
          ],
          [
            120.686242,
            24.187482
          ],
          [
            120.686238,
            24.187282
          ],
          [
            120.686232,
            24.187018
          ],
          [
            120.686229,
            24.1869
          ],
          [
            120.686227,
            24.186795
          ],
          [
            120.686199,
            24.185669
          ],
          [
            120.686196,
            24.185564
          ],
          [
            120.686193,
            24.185463
          ],
          [
            120.68619,
            24.185361
          ],
          [
            120.686149,
            24.183737
          ],
          [
            120.686146,
            24.183632
          ],
          [
            120.686144,
            24.183533
          ],
          [
            120.686118,
            24.182572
          ],
          [
            120.6861,
            24.181733
          ],
          [
            120.686096,
            24.181591
          ],
          [
            120.686094,
            24.181502
          ],
          [
            120.686088,
            24.18138
          ],
          [
            120.686007,
            24.180324
          ],
          [
            120.686001,
            24.180227
          ],
          [
            120.685997,
            24.180176
          ],
          [
            120.685933,
            24.179226
          ],
          [
            120.685927,
            24.179131
          ],
          [
            120.685917,
            24.178994
          ],
          [
            120.685884,
            24.178518
          ],
          [
            120.685817,
            24.177549
          ],
          [
            120.68581,
            24.177432
          ],
          [
            120.685806,
            24.177374
          ],
          [
            120.685706,
            24.17587
          ],
          [
            120.6857,
            24.175793
          ],
          [
            120.685693,
            24.175671
          ],
          [
            120.685625,
            24.174623
          ],
          [
            120.68562,
            24.174554
          ],
          [
            120.685613,
            24.174456
          ],
          [
            120.685531,
            24.173432
          ],
          [
            120.685526,
            24.17337
          ],
          [
            120.68552,
            24.173265
          ],
          [
            120.685489,
            24.172742
          ],
          [
            120.685452,
            24.172332
          ],
          [
            120.685445,
            24.172234
          ],
          [
            120.685216,
            24.172258
          ],
          [
            120.683585,
            24.172433
          ],
          [
            120.683487,
            24.172444
          ],
          [
            120.683411,
            24.172454
          ],
          [
            120.683309,
            24.172468
          ],
          [
            120.681802,
            24.172666
          ],
          [
            120.68169,
            24.172681
          ],
          [
            120.681592,
            24.172695
          ],
          [
            120.681133,
            24.17276
          ],
          [
            120.680967,
            24.172785
          ],
          [
            120.67977,
            24.172987
          ],
          [
            120.679677,
            24.173002
          ],
          [
            120.679409,
            24.173052
          ],
          [
            120.679283,
            24.173072
          ],
          [
            120.67666,
            24.173498
          ],
          [
            120.676333,
            24.173555
          ],
          [
            120.67627,
            24.173565
          ],
          [
            120.676157,
            24.173583
          ],
          [
            120.676079,
            24.173599
          ],
          [
            120.674137,
            24.174004
          ],
          [
            120.674095,
            24.174013
          ],
          [
            120.673998,
            24.174032
          ],
          [
            120.673802,
            24.174077
          ],
          [
            120.673505,
            24.174094
          ],
          [
            120.673168,
            24.174116
          ],
          [
            120.672598,
            24.17408
          ],
          [
            120.672398,
            24.174068
          ],
          [
            120.671549,
            24.173956
          ],
          [
            120.671519,
            24.173952
          ],
          [
            120.671411,
            24.173938
          ],
          [
            120.671392,
            24.17403
          ],
          [
            120.67129,
            24.174424
          ],
          [
            120.671154,
            24.174824
          ],
          [
            120.671079,
            24.175045
          ],
          [
            120.670894,
            24.175352
          ],
          [
            120.670841,
            24.175434
          ],
          [
            120.670667,
            24.175675
          ],
          [
            120.6705,
            24.175893
          ],
          [
            120.670226,
            24.176285
          ],
          [
            120.670134,
            24.17641
          ],
          [
            120.670024,
            24.176578
          ],
          [
            120.669997,
            24.176618
          ],
          [
            120.669968,
            24.176658
          ],
          [
            120.669809,
            24.176879
          ],
          [
            120.669499,
            24.177274
          ],
          [
            120.669262,
            24.177504
          ],
          [
            120.66911,
            24.177697
          ],
          [
            120.668775,
            24.178145
          ],
          [
            120.668755,
            24.178172
          ],
          [
            120.668696,
            24.178265
          ],
          [
            120.668574,
            24.178418
          ],
          [
            120.668276,
            24.178791
          ],
          [
            120.667874,
            24.179311
          ],
          [
            120.667535,
            24.17975
          ],
          [
            120.666998,
            24.180466
          ],
          [
            120.666841,
            24.180726
          ],
          [
            120.666463,
            24.181492
          ],
          [
            120.666344,
            24.181733
          ],
          [
            120.666141,
            24.182142
          ],
          [
            120.665961,
            24.182484
          ],
          [
            120.665874,
            24.182646
          ],
          [
            120.66585,
            24.182693
          ],
          [
            120.665807,
            24.182787
          ],
          [
            120.665757,
            24.182893
          ],
          [
            120.665203,
            24.183797
          ],
          [
            120.665112,
            24.183954
          ],
          [
            120.665043,
            24.183829
          ],
          [
            120.665015,
            24.183814
          ],
          [
            120.664671,
            24.183629
          ],
          [
            120.664628,
            24.183607
          ],
          [
            120.664537,
            24.183561
          ],
          [
            120.664512,
            24.183612
          ],
          [
            120.664493,
            24.18365
          ],
          [
            120.664444,
            24.183748
          ],
          [
            120.664362,
            24.183906
          ],
          [
            120.664259,
            24.184065
          ],
          [
            120.664149,
            24.184027
          ],
          [
            120.66408,
            24.184047
          ],
          [
            120.664149,
            24.184027
          ],
          [
            120.664259,
            24.184065
          ],
          [
            120.664362,
            24.183906
          ],
          [
            120.664444,
            24.183748
          ],
          [
            120.664493,
            24.18365
          ],
          [
            120.664512,
            24.183612
          ],
          [
            120.664537,
            24.183561
          ],
          [
            120.664429,
            24.183549
          ],
          [
            120.664396,
            24.183559
          ],
          [
            120.664429,
            24.183549
          ],
          [
            120.664537,
            24.183561
          ],
          [
            120.664628,
            24.183607
          ],
          [
            120.664671,
            24.183629
          ],
          [
            120.665015,
            24.183814
          ],
          [
            120.665043,
            24.183829
          ],
          [
            120.665112,
            24.183954
          ],
          [
            120.664888,
            24.184334
          ],
          [
            120.664508,
            24.184989
          ],
          [
            120.664224,
            24.185478
          ],
          [
            120.664197,
            24.185525
          ],
          [
            120.664133,
            24.185635
          ],
          [
            120.664096,
            24.185698
          ],
          [
            120.664045,
            24.185786
          ],
          [
            120.663778,
            24.186243
          ],
          [
            120.663719,
            24.186347
          ],
          [
            120.663279,
            24.187106
          ],
          [
            120.66301,
            24.187558
          ],
          [
            120.662902,
            24.187739
          ],
          [
            120.662743,
            24.188001
          ],
          [
            120.662511,
            24.188397
          ],
          [
            120.662484,
            24.188451
          ],
          [
            120.662441,
            24.188542
          ],
          [
            120.6624,
            24.188621
          ],
          [
            120.66236,
            24.18868
          ],
          [
            120.662005,
            24.189311
          ],
          [
            120.66198,
            24.18935
          ],
          [
            120.661919,
            24.189457
          ],
          [
            120.661842,
            24.189566
          ],
          [
            120.661389,
            24.190348
          ],
          [
            120.661232,
            24.190634
          ],
          [
            120.660881,
            24.191263
          ],
          [
            120.66085,
            24.19132
          ],
          [
            120.66083,
            24.191349
          ],
          [
            120.660716,
            24.191537
          ],
          [
            120.660675,
            24.1916
          ],
          [
            120.66033,
            24.192156
          ],
          [
            120.660169,
            24.19241
          ],
          [
            120.660034,
            24.192608
          ],
          [
            120.660016,
            24.19264
          ],
          [
            120.660005,
            24.192663
          ],
          [
            120.659947,
            24.192758
          ],
          [
            120.659754,
            24.193053
          ],
          [
            120.65959,
            24.193318
          ],
          [
            120.659546,
            24.193386
          ],
          [
            120.659288,
            24.193806
          ],
          [
            120.659153,
            24.194027
          ],
          [
            120.658864,
            24.194538
          ],
          [
            120.6587,
            24.194797
          ],
          [
            120.658533,
            24.195059
          ],
          [
            120.658511,
            24.195095
          ],
          [
            120.658437,
            24.195215
          ],
          [
            120.658365,
            24.195324
          ],
          [
            120.658261,
            24.195493
          ],
          [
            120.658068,
            24.195798
          ],
          [
            120.657547,
            24.196624
          ],
          [
            120.657525,
            24.196658
          ],
          [
            120.657457,
            24.196765
          ],
          [
            120.657424,
            24.196816
          ],
          [
            120.657278,
            24.197035
          ],
          [
            120.657231,
            24.197115
          ],
          [
            120.656641,
            24.198113
          ],
          [
            120.65663,
            24.198133
          ],
          [
            120.656559,
            24.198437
          ],
          [
            120.656508,
            24.198758
          ],
          [
            120.656497,
            24.19898
          ],
          [
            120.656494,
            24.199643
          ],
          [
            120.656493,
            24.199674
          ],
          [
            120.656495,
            24.199811
          ],
          [
            120.657114,
            24.19999
          ],
          [
            120.657315,
            24.200048
          ],
          [
            120.657758,
            24.200169
          ],
          [
            120.658302,
            24.200311
          ],
          [
            120.659002,
            24.200441
          ],
          [
            120.659556,
            24.200533
          ],
          [
            120.660353,
            24.200671
          ],
          [
            120.660802,
            24.200682
          ],
          [
            120.661172,
            24.200703
          ],
          [
            120.66138,
            24.200716
          ],
          [
            120.661627,
            24.200744
          ],
          [
            120.661964,
            24.200743
          ],
          [
            120.662191,
            24.200742
          ],
          [
            120.662537,
            24.200741
          ],
          [
            120.663924,
            24.200744
          ],
          [
            120.66402,
            24.200741
          ],
          [
            120.665195,
            24.200729
          ],
          [
            120.665344,
            24.200728
          ],
          [
            120.665621,
            24.200864
          ],
          [
            120.666272,
            24.200869
          ],
          [
            120.667803,
            24.200877
          ],
          [
            120.671254,
            24.200857
          ],
          [
            120.671909,
            24.200809
          ],
          [
            120.672149,
            24.200807
          ],
          [
            120.673422,
            24.200832
          ],
          [
            120.674453,
            24.200945
          ],
          [
            120.677818,
            24.200973
          ],
          [
            120.678335,
            24.200941
          ],
          [
            120.678743,
            24.200915
          ],
          [
            120.68284,
            24.200907
          ],
          [
            120.683162,
            24.200885
          ],
          [
            120.683461,
            24.200861
          ],
          [
            120.683784,
            24.200863
          ],
          [
            120.684518,
            24.200871
          ],
          [
            120.684722,
            24.200869
          ],
          [
            120.684992,
            24.200874
          ],
          [
            120.685261,
            24.200866
          ],
          [
            120.685438,
            24.200868
          ],
          [
            120.686577,
            24.200878
          ],
          [
            120.686562,
            24.199939
          ],
          [
            120.686509,
            24.197846
          ],
          [
            120.68646,
            24.196579
          ],
          [
            120.686447,
            24.195351
          ],
          [
            120.686444,
            24.195282
          ],
          [
            120.686442,
            24.1952
          ],
          [
            120.68644,
            24.195137
          ],
          [
            120.686407,
            24.194033
          ],
          [
            120.686399,
            24.193624
          ],
          [
            120.686399,
            24.193512
          ],
          [
            120.686397,
            24.19343
          ],
          [
            120.686379,
            24.192804
          ],
          [
            120.686343,
            24.191755
          ],
          [
            120.686283,
            24.191755
          ],
          [
            120.685629,
            24.191738
          ],
          [
            120.685615,
            24.191478
          ],
          [
            120.685559,
            24.190482
          ],
          [
            120.685012,
            24.190478
          ],
          [
            120.685072,
            24.190393
          ],
          [
            120.685144,
            24.19029
          ],
          [
            120.685366,
            24.189975
          ],
          [
            120.685689,
            24.189516
          ],
          [
            120.686124,
            24.188859
          ],
          [
            120.686154,
            24.188823
          ],
          [
            120.68619,
            24.188751
          ],
          [
            120.68627,
            24.188557
          ],
          [
            120.686265,
            24.1883
          ],
          [
            120.686264,
            24.188241
          ],
          [
            120.686261,
            24.188117
          ],
          [
            120.686242,
            24.187482
          ],
          [
            120.686238,
            24.187282
          ],
          [
            120.686232,
            24.187018
          ],
          [
            120.686229,
            24.1869
          ],
          [
            120.686227,
            24.186795
          ],
          [
            120.686199,
            24.185669
          ],
          [
            120.686196,
            24.185564
          ],
          [
            120.686193,
            24.185463
          ],
          [
            120.68619,
            24.185361
          ],
          [
            120.686149,
            24.183737
          ],
          [
            120.686146,
            24.183632
          ],
          [
            120.686144,
            24.183533
          ],
          [
            120.686118,
            24.182572
          ],
          [
            120.6861,
            24.181733
          ],
          [
            120.686096,
            24.181591
          ],
          [
            120.686094,
            24.181502
          ],
          [
            120.686088,
            24.18138
          ],
          [
            120.686007,
            24.180324
          ],
          [
            120.686001,
            24.180227
          ],
          [
            120.685997,
            24.180176
          ],
          [
            120.685933,
            24.179226
          ],
          [
            120.685927,
            24.179131
          ],
          [
            120.685917,
            24.178994
          ],
          [
            120.685884,
            24.178518
          ],
          [
            120.685817,
            24.177549
          ],
          [
            120.68581,
            24.177432
          ],
          [
            120.685806,
            24.177374
          ],
          [
            120.685706,
            24.17587
          ],
          [
            120.6857,
            24.175793
          ],
          [
            120.685693,
            24.175671
          ],
          [
            120.685625,
            24.174623
          ],
          [
            120.68562,
            24.174554
          ],
          [
            120.685613,
            24.174456
          ],
          [
            120.685531,
            24.173432
          ],
          [
            120.685526,
            24.17337
          ],
          [
            120.68552,
            24.173265
          ],
          [
            120.685489,
            24.172742
          ],
          [
            120.685452,
            24.172332
          ],
          [
            120.685445,
            24.172234
          ],
          [
            120.685216,
            24.172258
          ],
          [
            120.683585,
            24.172433
          ],
          [
            120.683487,
            24.172444
          ],
          [
            120.683411,
            24.172454
          ],
          [
            120.683309,
            24.172468
          ],
          [
            120.681802,
            24.172666
          ],
          [
            120.68169,
            24.172681
          ],
          [
            120.681592,
            24.172695
          ],
          [
            120.681133,
            24.17276
          ],
          [
            120.680967,
            24.172785
          ],
          [
            120.67977,
            24.172987
          ],
          [
            120.679677,
            24.173002
          ],
          [
            120.679409,
            24.173052
          ],
          [
            120.679283,
            24.173072
          ],
          [
            120.67666,
            24.173498
          ],
          [
            120.676333,
            24.173555
          ],
          [
            120.67627,
            24.173565
          ],
          [
            120.676157,
            24.173583
          ],
          [
            120.676079,
            24.173599
          ],
          [
            120.674137,
            24.174004
          ],
          [
            120.674095,
            24.174013
          ],
          [
            120.673998,
            24.174032
          ],
          [
            120.673802,
            24.174077
          ],
          [
            120.673505,
            24.174094
          ],
          [
            120.673168,
            24.174116
          ],
          [
            120.672598,
            24.17408
          ],
          [
            120.672398,
            24.174068
          ],
          [
            120.671549,
            24.173956
          ],
          [
            120.671519,
            24.173952
          ],
          [
            120.671411,
            24.173938
          ],
          [
            120.671392,
            24.17403
          ],
          [
            120.67129,
            24.174424
          ],
          [
            120.671154,
            24.174824
          ],
          [
            120.671079,
            24.175045
          ],
          [
            120.670894,
            24.175352
          ],
          [
            120.670841,
            24.175434
          ],
          [
            120.670667,
            24.175675
          ],
          [
            120.6705,
            24.175893
          ],
          [
            120.670226,
            24.176285
          ],
          [
            120.670134,
            24.17641
          ],
          [
            120.670024,
            24.176578
          ],
          [
            120.669997,
            24.176618
          ],
          [
            120.669968,
            24.176658
          ],
          [
            120.669809,
            24.176879
          ],
          [
            120.669499,
            24.177274
          ],
          [
            120.669262,
            24.177504
          ],
          [
            120.66911,
            24.177697
          ],
          [
            120.668775,
            24.178145
          ],
          [
            120.668755,
            24.178172
          ],
          [
            120.668696,
            24.178265
          ],
          [
            120.668574,
            24.178418
          ],
          [
            120.668276,
            24.178791
          ],
          [
            120.667874,
            24.179311
          ],
          [
            120.667535,
            24.17975
          ],
          [
            120.666998,
            24.180466
          ],
          [
            120.666841,
            24.180726
          ],
          [
            120.666463,
            24.181492
          ],
          [
            120.666344,
            24.181733
          ],
          [
            120.666141,
            24.182142
          ],
          [
            120.665961,
            24.182484
          ],
          [
            120.665874,
            24.182646
          ],
          [
            120.66585,
            24.182693
          ],
          [
            120.665807,
            24.182787
          ],
          [
            120.665757,
            24.182893
          ],
          [
            120.665203,
            24.183797
          ],
          [
            120.665112,
            24.183954
          ],
          [
            120.665043,
            24.183829
          ],
          [
            120.665015,
            24.183814
          ],
          [
            120.664671,
            24.183629
          ],
          [
            120.664628,
            24.183607
          ],
          [
            120.664537,
            24.183561
          ],
          [
            120.664546,
            24.183534
          ],
          [
            120.664563,
            24.183486
          ],
          [
            120.664597,
            24.183384
          ],
          [
            120.664626,
            24.183215
          ],
          [
            120.664454,
            24.183084
          ],
          [
            120.664626,
            24.183215
          ],
          [
            120.664597,
            24.183384
          ],
          [
            120.664563,
            24.183486
          ],
          [
            120.664546,
            24.183534
          ],
          [
            120.664537,
            24.183561
          ],
          [
            120.664628,
            24.183607
          ],
          [
            120.664671,
            24.183629
          ],
          [
            120.665015,
            24.183814
          ],
          [
            120.665043,
            24.183829
          ],
          [
            120.665112,
            24.183954
          ],
          [
            120.664888,
            24.184334
          ],
          [
            120.664508,
            24.184989
          ],
          [
            120.664224,
            24.185478
          ],
          [
            120.664197,
            24.185525
          ],
          [
            120.664133,
            24.185635
          ],
          [
            120.66423,
            24.185686
          ],
          [
            120.664826,
            24.186
          ],
          [
            120.666058,
            24.186649
          ],
          [
            120.667777,
            24.18754
          ],
          [
            120.668435,
            24.187892
          ],
          [
            120.669659,
            24.188511
          ],
          [
            120.670204,
            24.188789
          ],
          [
            120.671024,
            24.189177
          ],
          [
            120.67105,
            24.189189
          ],
          [
            120.671063,
            24.189196
          ],
          [
            120.671174,
            24.189245
          ],
          [
            120.671381,
            24.189358
          ],
          [
            120.671476,
            24.189405
          ],
          [
            120.672268,
            24.189808
          ],
          [
            120.673181,
            24.190258
          ],
          [
            120.673198,
            24.19027
          ],
          [
            120.673276,
            24.190316
          ],
          [
            120.673367,
            24.190208
          ],
          [
            120.67388,
            24.189597
          ],
          [
            120.674358,
            24.189018
          ],
          [
            120.674417,
            24.188948
          ],
          [
            120.674466,
            24.18889
          ],
          [
            120.67485,
            24.188428
          ],
          [
            120.674908,
            24.188357
          ],
          [
            120.674967,
            24.188289
          ],
          [
            120.675373,
            24.187804
          ],
          [
            120.675424,
            24.187739
          ],
          [
            120.675484,
            24.187663
          ],
          [
            120.675544,
            24.18759
          ],
          [
            120.67591,
            24.187135
          ],
          [
            120.676132,
            24.18686
          ],
          [
            120.67673,
            24.186152
          ],
          [
            120.676942,
            24.185889
          ],
          [
            120.677021,
            24.185792
          ],
          [
            120.677104,
            24.18569
          ],
          [
            120.678321,
            24.184226
          ],
          [
            120.678376,
            24.184159
          ],
          [
            120.678445,
            24.184073
          ],
          [
            120.678553,
            24.184149
          ],
          [
            120.678632,
            24.184192
          ],
          [
            120.679174,
            24.184572
          ],
          [
            120.679769,
            24.184953
          ],
          [
            120.679854,
            24.185008
          ],
          [
            120.67996,
            24.185059
          ],
          [
            120.680461,
            24.185301
          ],
          [
            120.680682,
            24.185378
          ],
          [
            120.680873,
            24.185427
          ],
          [
            120.681154,
            24.185467
          ],
          [
            120.681435,
            24.18547
          ],
          [
            120.682091,
            24.185479
          ],
          [
            120.68219,
            24.18548
          ],
          [
            120.682339,
            24.185482
          ],
          [
            120.682405,
            24.185481
          ],
          [
            120.68422,
            24.185474
          ],
          [
            120.684305,
            24.185474
          ],
          [
            120.684303,
            24.185382
          ],
          [
            120.684286,
            24.184816
          ],
          [
            120.684291,
            24.184241
          ],
          [
            120.683735,
            24.184238
          ],
          [
            120.684291,
            24.184241
          ],
          [
            120.684286,
            24.184816
          ],
          [
            120.684303,
            24.185382
          ],
          [
            120.684305,
            24.185474
          ],
          [
            120.684357,
            24.185473
          ],
          [
            120.686085,
            24.185463
          ],
          [
            120.686193,
            24.185463
          ],
          [
            120.68619,
            24.185361
          ],
          [
            120.686149,
            24.183737
          ],
          [
            120.686146,
            24.183632
          ],
          [
            120.686144,
            24.183533
          ],
          [
            120.686118,
            24.182572
          ],
          [
            120.6861,
            24.181733
          ],
          [
            120.686096,
            24.181591
          ],
          [
            120.686094,
            24.181502
          ],
          [
            120.686088,
            24.18138
          ],
          [
            120.686007,
            24.180324
          ],
          [
            120.686001,
            24.180227
          ],
          [
            120.685997,
            24.180176
          ],
          [
            120.685933,
            24.179226
          ],
          [
            120.685927,
            24.179131
          ],
          [
            120.685917,
            24.178994
          ],
          [
            120.685884,
            24.178518
          ],
          [
            120.685817,
            24.177549
          ],
          [
            120.68581,
            24.177432
          ],
          [
            120.685806,
            24.177374
          ],
          [
            120.685706,
            24.17587
          ],
          [
            120.6857,
            24.175793
          ],
          [
            120.685693,
            24.175671
          ],
          [
            120.685625,
            24.174623
          ],
          [
            120.68562,
            24.174554
          ],
          [
            120.685613,
            24.174456
          ],
          [
            120.685531,
            24.173432
          ],
          [
            120.685526,
            24.17337
          ],
          [
            120.68552,
            24.173265
          ],
          [
            120.685489,
            24.172742
          ],
          [
            120.685452,
            24.172332
          ],
          [
            120.685445,
            24.172234
          ],
          [
            120.685432,
            24.172087
          ],
          [
            120.685426,
            24.172005
          ],
          [
            120.685425,
            24.171963
          ],
          [
            120.685377,
            24.171472
          ],
          [
            120.685317,
            24.170964
          ],
          [
            120.685307,
            24.170856
          ],
          [
            120.685308,
            24.170783
          ],
          [
            120.685231,
            24.169536
          ],
          [
            120.68523,
            24.169463
          ],
          [
            120.685223,
            24.169381
          ],
          [
            120.685205,
            24.169086
          ],
          [
            120.685191,
            24.168876
          ],
          [
            120.685169,
            24.168482
          ],
          [
            120.68516,
            24.16841
          ],
          [
            120.68516,
            24.168335
          ],
          [
            120.685149,
            24.168207
          ],
          [
            120.685137,
            24.168024
          ],
          [
            120.685063,
            24.167126
          ],
          [
            120.685066,
            24.166998
          ],
          [
            120.685056,
            24.16688
          ],
          [
            120.685055,
            24.166713
          ],
          [
            120.685054,
            24.166582
          ],
          [
            120.685024,
            24.166064
          ],
          [
            120.685021,
            24.165997
          ],
          [
            120.685019,
            24.165944
          ],
          [
            120.685014,
            24.165402
          ],
          [
            120.68501,
            24.165313
          ],
          [
            120.685008,
            24.165262
          ],
          [
            120.685004,
            24.16511
          ],
          [
            120.685003,
            24.165037
          ],
          [
            120.685003,
            24.164943
          ],
          [
            120.685003,
            24.164454
          ],
          [
            120.685005,
            24.163988
          ],
          [
            120.685005,
            24.163902
          ],
          [
            120.685006,
            24.163838
          ],
          [
            120.684999,
            24.163458
          ],
          [
            120.685,
            24.163223
          ],
          [
            120.685,
            24.163097
          ],
          [
            120.685002,
            24.163006
          ],
          [
            120.685109,
            24.163007
          ],
          [
            120.685267,
            24.163004
          ],
          [
            120.685471,
            24.162996
          ],
          [
            120.68659,
            24.16298
          ],
          [
            120.686693,
            24.162978
          ],
          [
            120.686799,
            24.162977
          ],
          [
            120.687524,
            24.162966
          ],
          [
            120.688296,
            24.162955
          ],
          [
            120.688497,
            24.162953
          ],
          [
            120.688631,
            24.162953
          ],
          [
            120.689844,
            24.162946
          ],
          [
            120.689845,
            24.162845
          ],
          [
            120.689836,
            24.162591
          ],
          [
            120.689823,
            24.162199
          ],
          [
            120.690116,
            24.162155
          ],
          [
            120.690406,
            24.162111
          ],
          [
            120.690986,
            24.162005
          ],
          [
            120.691008,
            24.162804
          ],
          [
            120.691012,
            24.162922
          ],
          [
            120.691107,
            24.162914
          ],
          [
            120.691227,
            24.162903
          ],
          [
            120.691434,
            24.162872
          ],
          [
            120.69163,
            24.162818
          ],
          [
            120.691905,
            24.162711
          ],
          [
            120.692282,
            24.162487
          ],
          [
            120.692524,
            24.162363
          ],
          [
            120.692638,
            24.162305
          ],
          [
            120.692734,
            24.162258
          ],
          [
            120.692779,
            24.16234
          ],
          [
            120.692842,
            24.162455
          ],
          [
            120.692994,
            24.162733
          ],
          [
            120.693164,
            24.163028
          ],
          [
            120.693396,
            24.163429
          ],
          [
            120.69379,
            24.164099
          ],
          [
            120.694046,
            24.164531
          ],
          [
            120.694161,
            24.164723
          ],
          [
            120.694199,
            24.164786
          ],
          [
            120.694282,
            24.164933
          ],
          [
            120.694359,
            24.165064
          ],
          [
            120.694492,
            24.16529
          ],
          [
            120.694628,
            24.165504
          ],
          [
            120.694655,
            24.165545
          ],
          [
            120.694706,
            24.165623
          ],
          [
            120.694776,
            24.165731
          ],
          [
            120.695447,
            24.166769
          ],
          [
            120.695473,
            24.166809
          ],
          [
            120.6955,
            24.166851
          ],
          [
            120.696094,
            24.16777
          ],
          [
            120.696144,
            24.167846
          ],
          [
            120.696183,
            24.167906
          ],
          [
            120.696292,
            24.168075
          ],
          [
            120.696893,
            24.168994
          ],
          [
            120.696922,
            24.16904
          ],
          [
            120.696957,
            24.169097
          ],
          [
            120.697138,
            24.169371
          ],
          [
            120.697177,
            24.16943
          ],
          [
            120.697218,
            24.169495
          ],
          [
            120.697234,
            24.169521
          ],
          [
            120.697397,
            24.16978
          ],
          [
            120.697637,
            24.170143
          ],
          [
            120.697705,
            24.17024
          ],
          [
            120.697802,
            24.170394
          ],
          [
            120.697877,
            24.170524
          ],
          [
            120.698057,
            24.170808
          ],
          [
            120.698181,
            24.171019
          ],
          [
            120.698221,
            24.171103
          ],
          [
            120.698252,
            24.171173
          ],
          [
            120.6983,
            24.171287
          ],
          [
            120.698326,
            24.171405
          ],
          [
            120.698351,
            24.171527
          ],
          [
            120.698384,
            24.171687
          ],
          [
            120.698394,
            24.171841
          ],
          [
            120.698393,
            24.172008
          ],
          [
            120.698381,
            24.172331
          ],
          [
            120.698363,
            24.172763
          ],
          [
            120.698362,
            24.17279
          ],
          [
            120.698356,
            24.172945
          ],
          [
            120.698356,
            24.17302
          ],
          [
            120.698349,
            24.173216
          ],
          [
            120.698348,
            24.173252
          ],
          [
            120.698348,
            24.173318
          ],
          [
            120.698349,
            24.173356
          ],
          [
            120.698354,
            24.173441
          ],
          [
            120.698366,
            24.173558
          ],
          [
            120.698427,
            24.173828
          ],
          [
            120.698512,
            24.174033
          ],
          [
            120.698805,
            24.174665
          ],
          [
            120.698889,
            24.174867
          ],
          [
            120.699047,
            24.175224
          ],
          [
            120.699169,
            24.175504
          ],
          [
            120.699289,
            24.175769
          ],
          [
            120.699338,
            24.175879
          ],
          [
            120.699351,
            24.175907
          ],
          [
            120.699602,
            24.176465
          ],
          [
            120.699877,
            24.177102
          ],
          [
            120.699954,
            24.177286
          ],
          [
            120.700075,
            24.17756
          ],
          [
            120.700215,
            24.177889
          ],
          [
            120.700464,
            24.178423
          ],
          [
            120.700491,
            24.178481
          ],
          [
            120.700532,
            24.178561
          ],
          [
            120.700954,
            24.17952
          ],
          [
            120.701382,
            24.180473
          ],
          [
            120.701647,
            24.181059
          ],
          [
            120.701771,
            24.181344
          ],
          [
            120.701871,
            24.181579
          ],
          [
            120.701905,
            24.181713
          ],
          [
            120.701931,
            24.181852
          ],
          [
            120.701947,
            24.181943
          ],
          [
            120.701967,
            24.182063
          ],
          [
            120.701978,
            24.182168
          ],
          [
            120.701999,
            24.182301
          ],
          [
            120.70205,
            24.182739
          ],
          [
            120.70212,
            24.183245
          ],
          [
            120.702274,
            24.184371
          ],
          [
            120.702291,
            24.184501
          ],
          [
            120.702299,
            24.184577
          ],
          [
            120.702362,
            24.18507
          ],
          [
            120.702431,
            24.185648
          ],
          [
            120.702479,
            24.186002
          ],
          [
            120.702494,
            24.186225
          ],
          [
            120.7025,
            24.186412
          ],
          [
            120.702503,
            24.186492
          ],
          [
            120.702505,
            24.186568
          ],
          [
            120.702516,
            24.186957
          ],
          [
            120.70252,
            24.187101
          ],
          [
            120.70252,
            24.187153
          ],
          [
            120.702524,
            24.188281
          ],
          [
            120.702553,
            24.189521
          ],
          [
            120.702556,
            24.190829
          ],
          [
            120.70256,
            24.191184
          ],
          [
            120.702552,
            24.192067
          ],
          [
            120.702536,
            24.192643
          ],
          [
            120.70252,
            24.193397
          ],
          [
            120.702514,
            24.194372
          ],
          [
            120.702515,
            24.194447
          ],
          [
            120.70242,
            24.194449
          ],
          [
            120.701825,
            24.194414
          ],
          [
            120.701205,
            24.19439
          ],
          [
            120.700432,
            24.194375
          ],
          [
            120.700312,
            24.194382
          ],
          [
            120.700071,
            24.194403
          ],
          [
            120.699701,
            24.194445
          ],
          [
            120.699544,
            24.194459
          ],
          [
            120.699034,
            24.19453
          ],
          [
            120.698767,
            24.194566
          ],
          [
            120.698466,
            24.194601
          ],
          [
            120.698191,
            24.194628
          ],
          [
            120.698086,
            24.194635
          ],
          [
            120.697961,
            24.194635
          ],
          [
            120.697555,
            24.194545
          ],
          [
            120.697089,
            24.194428
          ],
          [
            120.696605,
            24.194316
          ],
          [
            120.696497,
            24.194293
          ],
          [
            120.695891,
            24.194151
          ],
          [
            120.69582,
            24.194133
          ],
          [
            120.695615,
            24.194089
          ],
          [
            120.695513,
            24.194071
          ],
          [
            120.695303,
            24.194017
          ],
          [
            120.695172,
            24.193974
          ],
          [
            120.695076,
            24.193904
          ],
          [
            120.694198,
            24.193148
          ],
          [
            120.694022,
            24.193003
          ],
          [
            120.693923,
            24.192921
          ],
          [
            120.693825,
            24.192872
          ],
          [
            120.69368,
            24.19284
          ],
          [
            120.693481,
            24.192821
          ],
          [
            120.693361,
            24.192819
          ],
          [
            120.692454,
            24.192811
          ],
          [
            120.690531,
            24.192792
          ],
          [
            120.689531,
            24.19301
          ],
          [
            120.688892,
            24.193155
          ],
          [
            120.688809,
            24.19317
          ],
          [
            120.688587,
            24.193215
          ],
          [
            120.688198,
            24.193293
          ],
          [
            120.688024,
            24.193313
          ],
          [
            120.687922,
            24.193331
          ],
          [
            120.687724,
            24.193354
          ],
          [
            120.687432,
            24.193388
          ],
          [
            120.687272,
            24.193407
          ],
          [
            120.686721,
            24.19348
          ],
          [
            120.686627,
            24.193494
          ],
          [
            120.686514,
            24.193501
          ],
          [
            120.686399,
            24.193512
          ],
          [
            120.686317,
            24.193513
          ],
          [
            120.686292,
            24.193514
          ],
          [
            120.685943,
            24.193479
          ],
          [
            120.685676,
            24.193485
          ],
          [
            120.685168,
            24.193537
          ],
          [
            120.684747,
            24.193572
          ],
          [
            120.684395,
            24.193602
          ],
          [
            120.683671,
            24.193665
          ],
          [
            120.683683,
            24.193804
          ],
          [
            120.683671,
            24.193665
          ],
          [
            120.683437,
            24.193689
          ],
          [
            120.683192,
            24.193754
          ],
          [
            120.682902,
            24.193826
          ],
          [
            120.682164,
            24.192438
          ],
          [
            120.68234,
            24.192139
          ],
          [
            120.682696,
            24.192004
          ],
          [
            120.682849,
            24.191933
          ],
          [
            120.683162,
            24.191791
          ],
          [
            120.683228,
            24.19176
          ],
          [
            120.683481,
            24.191583
          ],
          [
            120.684889,
            24.190566
          ],
          [
            120.685012,
            24.190478
          ],
          [
            120.685559,
            24.190482
          ],
          [
            120.685599,
            24.191197
          ],
          [
            120.685615,
            24.191478
          ],
          [
            120.685559,
            24.190482
          ],
          [
            120.685012,
            24.190478
          ],
          [
            120.685072,
            24.190393
          ],
          [
            120.685144,
            24.19029
          ],
          [
            120.685366,
            24.189975
          ],
          [
            120.685689,
            24.189516
          ],
          [
            120.686124,
            24.188859
          ],
          [
            120.686154,
            24.188823
          ],
          [
            120.68619,
            24.188751
          ],
          [
            120.68627,
            24.188557
          ],
          [
            120.686265,
            24.1883
          ],
          [
            120.686264,
            24.188241
          ],
          [
            120.686261,
            24.188117
          ],
          [
            120.686242,
            24.187482
          ],
          [
            120.686238,
            24.187282
          ],
          [
            120.686232,
            24.187018
          ],
          [
            120.686229,
            24.1869
          ],
          [
            120.686227,
            24.186795
          ],
          [
            120.686199,
            24.185669
          ],
          [
            120.686196,
            24.185564
          ],
          [
            120.686087,
            24.185564
          ],
          [
            120.684358,
            24.185569
          ],
          [
            120.684308,
            24.185569
          ],
          [
            120.684305,
            24.185474
          ],
          [
            120.684303,
            24.185382
          ],
          [
            120.684286,
            24.184816
          ],
          [
            120.684291,
            24.184241
          ],
          [
            120.683735,
            24.184238
          ],
          [
            120.684291,
            24.184241
          ],
          [
            120.684286,
            24.184816
          ],
          [
            120.684303,
            24.185382
          ],
          [
            120.684305,
            24.185474
          ],
          [
            120.684357,
            24.185473
          ],
          [
            120.686085,
            24.185463
          ],
          [
            120.686193,
            24.185463
          ],
          [
            120.68619,
            24.185361
          ],
          [
            120.686149,
            24.183737
          ],
          [
            120.686146,
            24.183632
          ],
          [
            120.686144,
            24.183533
          ],
          [
            120.686118,
            24.182572
          ],
          [
            120.6861,
            24.181733
          ],
          [
            120.686096,
            24.181591
          ],
          [
            120.686094,
            24.181502
          ],
          [
            120.686088,
            24.18138
          ],
          [
            120.686007,
            24.180324
          ],
          [
            120.686001,
            24.180227
          ],
          [
            120.685997,
            24.180176
          ],
          [
            120.685933,
            24.179226
          ],
          [
            120.685927,
            24.179131
          ],
          [
            120.685917,
            24.178994
          ],
          [
            120.685884,
            24.178518
          ],
          [
            120.685817,
            24.177549
          ],
          [
            120.68581,
            24.177432
          ],
          [
            120.685806,
            24.177374
          ],
          [
            120.685706,
            24.17587
          ],
          [
            120.6857,
            24.175793
          ],
          [
            120.685693,
            24.175671
          ],
          [
            120.685625,
            24.174623
          ],
          [
            120.68562,
            24.174554
          ],
          [
            120.685613,
            24.174456
          ],
          [
            120.685531,
            24.173432
          ],
          [
            120.685526,
            24.17337
          ],
          [
            120.68552,
            24.173265
          ],
          [
            120.685489,
            24.172742
          ],
          [
            120.685452,
            24.172332
          ],
          [
            120.685445,
            24.172234
          ],
          [
            120.685432,
            24.172087
          ],
          [
            120.685426,
            24.172005
          ],
          [
            120.685425,
            24.171963
          ],
          [
            120.685377,
            24.171472
          ],
          [
            120.685317,
            24.170964
          ],
          [
            120.685307,
            24.170856
          ],
          [
            120.685308,
            24.170783
          ],
          [
            120.685231,
            24.169536
          ],
          [
            120.68523,
            24.169463
          ],
          [
            120.685223,
            24.169381
          ],
          [
            120.685205,
            24.169086
          ],
          [
            120.685191,
            24.168876
          ],
          [
            120.685169,
            24.168482
          ],
          [
            120.68516,
            24.16841
          ],
          [
            120.68516,
            24.168335
          ],
          [
            120.685149,
            24.168207
          ],
          [
            120.685137,
            24.168024
          ],
          [
            120.685063,
            24.167126
          ],
          [
            120.685066,
            24.166998
          ],
          [
            120.685056,
            24.16688
          ],
          [
            120.685055,
            24.166713
          ],
          [
            120.685054,
            24.166582
          ],
          [
            120.685024,
            24.166064
          ],
          [
            120.685021,
            24.165997
          ],
          [
            120.685019,
            24.165944
          ],
          [
            120.685014,
            24.165402
          ],
          [
            120.68501,
            24.165313
          ],
          [
            120.685008,
            24.165262
          ],
          [
            120.685004,
            24.16511
          ],
          [
            120.685003,
            24.165037
          ],
          [
            120.685003,
            24.164943
          ],
          [
            120.685003,
            24.164454
          ],
          [
            120.685005,
            24.163988
          ],
          [
            120.685005,
            24.163902
          ],
          [
            120.685006,
            24.163838
          ],
          [
            120.684999,
            24.163458
          ],
          [
            120.685,
            24.163223
          ],
          [
            120.685,
            24.163097
          ],
          [
            120.685002,
            24.163006
          ],
          [
            120.685109,
            24.163007
          ],
          [
            120.685267,
            24.163004
          ],
          [
            120.685471,
            24.162996
          ],
          [
            120.68659,
            24.16298
          ],
          [
            120.686693,
            24.162978
          ],
          [
            120.686799,
            24.162977
          ],
          [
            120.687524,
            24.162966
          ],
          [
            120.688296,
            24.162955
          ],
          [
            120.688497,
            24.162953
          ],
          [
            120.688631,
            24.162953
          ],
          [
            120.689844,
            24.162946
          ],
          [
            120.689845,
            24.162845
          ],
          [
            120.689836,
            24.162591
          ],
          [
            120.689823,
            24.162199
          ],
          [
            120.690116,
            24.162155
          ],
          [
            120.690406,
            24.162111
          ],
          [
            120.690986,
            24.162005
          ],
          [
            120.691008,
            24.162804
          ],
          [
            120.691012,
            24.162922
          ],
          [
            120.691014,
            24.162999
          ],
          [
            120.690773,
            24.16301
          ],
          [
            120.690697,
            24.163011
          ],
          [
            120.690116,
            24.163018
          ],
          [
            120.689167,
            24.163027
          ],
          [
            120.68868,
            24.163029
          ],
          [
            120.688579,
            24.16303
          ],
          [
            120.688427,
            24.163033
          ],
          [
            120.688299,
            24.163035
          ],
          [
            120.687711,
            24.163047
          ],
          [
            120.687413,
            24.163054
          ],
          [
            120.686801,
            24.163062
          ],
          [
            120.686694,
            24.163063
          ],
          [
            120.686593,
            24.163066
          ],
          [
            120.685739,
            24.163084
          ],
          [
            120.685522,
            24.163082
          ],
          [
            120.68527,
            24.163092
          ],
          [
            120.685106,
            24.163099
          ],
          [
            120.685,
            24.163097
          ],
          [
            120.684889,
            24.163098
          ],
          [
            120.68453,
            24.163102
          ],
          [
            120.6843,
            24.163112
          ],
          [
            120.683672,
            24.16312
          ],
          [
            120.683064,
            24.163131
          ],
          [
            120.682484,
            24.163154
          ],
          [
            120.682384,
            24.163158
          ],
          [
            120.682278,
            24.163158
          ],
          [
            120.681358,
            24.163159
          ],
          [
            120.68098,
            24.163165
          ],
          [
            120.679983,
            24.163185
          ],
          [
            120.678453,
            24.163229
          ],
          [
            120.678339,
            24.163232
          ],
          [
            120.678226,
            24.163231
          ],
          [
            120.677662,
            24.163222
          ],
          [
            120.676909,
            24.163221
          ],
          [
            120.676785,
            24.16323
          ],
          [
            120.676576,
            24.16324
          ],
          [
            120.676429,
            24.16325
          ],
          [
            120.675807,
            24.16325
          ],
          [
            120.675349,
            24.163158
          ],
          [
            120.675213,
            24.163131
          ],
          [
            120.675002,
            24.163086
          ],
          [
            120.674888,
            24.163115
          ],
          [
            120.674783,
            24.163182
          ],
          [
            120.674676,
            24.16325
          ],
          [
            120.67456,
            24.163333
          ],
          [
            120.674375,
            24.163877
          ],
          [
            120.674224,
            24.164175
          ],
          [
            120.673993,
            24.164878
          ],
          [
            120.673919,
            24.165097
          ],
          [
            120.673471,
            24.16653
          ],
          [
            120.673373,
            24.166808
          ],
          [
            120.673346,
            24.166926
          ],
          [
            120.67329,
            24.167069
          ],
          [
            120.673155,
            24.167529
          ],
          [
            120.673017,
            24.167967
          ],
          [
            120.672848,
            24.168455
          ],
          [
            120.672742,
            24.168767
          ],
          [
            120.672726,
            24.168828
          ],
          [
            120.672709,
            24.168895
          ],
          [
            120.67262,
            24.16919
          ],
          [
            120.672508,
            24.16952
          ],
          [
            120.672326,
            24.170112
          ],
          [
            120.672291,
            24.170234
          ],
          [
            120.672262,
            24.170345
          ],
          [
            120.672176,
            24.170688
          ],
          [
            120.672123,
            24.17094
          ],
          [
            120.671934,
            24.171687
          ],
          [
            120.671805,
            24.172073
          ],
          [
            120.671771,
            24.172178
          ],
          [
            120.671731,
            24.172367
          ],
          [
            120.671665,
            24.172691
          ],
          [
            120.671518,
            24.173419
          ],
          [
            120.671492,
            24.173547
          ],
          [
            120.67147,
            24.173646
          ],
          [
            120.671454,
            24.173732
          ],
          [
            120.671411,
            24.173938
          ],
          [
            120.671392,
            24.17403
          ],
          [
            120.67129,
            24.174424
          ],
          [
            120.671154,
            24.174824
          ],
          [
            120.671079,
            24.175045
          ],
          [
            120.670894,
            24.175352
          ],
          [
            120.670841,
            24.175434
          ],
          [
            120.670667,
            24.175675
          ],
          [
            120.6705,
            24.175893
          ],
          [
            120.670226,
            24.176285
          ],
          [
            120.670134,
            24.17641
          ],
          [
            120.670024,
            24.176578
          ],
          [
            120.669997,
            24.176618
          ],
          [
            120.669968,
            24.176658
          ],
          [
            120.669809,
            24.176879
          ],
          [
            120.669499,
            24.177274
          ],
          [
            120.669262,
            24.177504
          ],
          [
            120.66911,
            24.177697
          ],
          [
            120.668775,
            24.178145
          ],
          [
            120.668755,
            24.178172
          ],
          [
            120.668696,
            24.178265
          ],
          [
            120.668574,
            24.178418
          ],
          [
            120.668276,
            24.178791
          ],
          [
            120.667874,
            24.179311
          ],
          [
            120.667535,
            24.17975
          ],
          [
            120.666998,
            24.180466
          ],
          [
            120.666841,
            24.180726
          ],
          [
            120.666463,
            24.181492
          ],
          [
            120.666344,
            24.181733
          ],
          [
            120.666141,
            24.182142
          ],
          [
            120.665961,
            24.182484
          ],
          [
            120.665874,
            24.182646
          ],
          [
            120.66585,
            24.182693
          ],
          [
            120.665807,
            24.182787
          ],
          [
            120.665704,
            24.182737
          ],
          [
            120.665645,
            24.182703
          ],
          [
            120.665562,
            24.182702
          ],
          [
            120.665313,
            24.182695
          ],
          [
            120.665231,
            24.182693
          ],
          [
            120.664769,
            24.18268
          ],
          [
            120.664727,
            24.182679
          ],
          [
            120.664621,
            24.182676
          ],
          [
            120.664502,
            24.182672
          ],
          [
            120.664456,
            24.182671
          ],
          [
            120.663376,
            24.182642
          ],
          [
            120.663333,
            24.18264
          ],
          [
            120.663267,
            24.182639
          ],
          [
            120.663007,
            24.182631
          ],
          [
            120.662888,
            24.182629
          ],
          [
            120.66285,
            24.182628
          ],
          [
            120.662408,
            24.182619
          ],
          [
            120.662358,
            24.182618
          ],
          [
            120.662317,
            24.182617
          ],
          [
            120.661969,
            24.182611
          ],
          [
            120.661884,
            24.182609
          ],
          [
            120.661772,
            24.182607
          ],
          [
            120.661162,
            24.182595
          ],
          [
            120.661772,
            24.182607
          ],
          [
            120.661884,
            24.182609
          ],
          [
            120.661969,
            24.182611
          ],
          [
            120.662317,
            24.182617
          ],
          [
            120.662358,
            24.182618
          ],
          [
            120.662408,
            24.182619
          ],
          [
            120.66285,
            24.182628
          ],
          [
            120.662888,
            24.182629
          ],
          [
            120.663007,
            24.182631
          ],
          [
            120.663267,
            24.182639
          ],
          [
            120.663333,
            24.18264
          ],
          [
            120.663376,
            24.182642
          ],
          [
            120.664456,
            24.182671
          ],
          [
            120.664502,
            24.182672
          ],
          [
            120.664621,
            24.182676
          ],
          [
            120.664621,
            24.182571
          ],
          [
            120.664621,
            24.182526
          ],
          [
            120.66462,
            24.182327
          ],
          [
            120.664618,
            24.182093
          ],
          [
            120.664776,
            24.182093
          ],
          [
            120.664618,
            24.182093
          ],
          [
            120.66462,
            24.182327
          ],
          [
            120.664621,
            24.182526
          ],
          [
            120.664621,
            24.182571
          ],
          [
            120.664621,
            24.182676
          ],
          [
            120.664502,
            24.182672
          ],
          [
            120.664456,
            24.182671
          ],
          [
            120.663376,
            24.182642
          ],
          [
            120.663333,
            24.18264
          ],
          [
            120.663267,
            24.182639
          ],
          [
            120.663007,
            24.182631
          ],
          [
            120.662888,
            24.182629
          ],
          [
            120.66285,
            24.182628
          ],
          [
            120.662408,
            24.182619
          ],
          [
            120.662358,
            24.182618
          ],
          [
            120.662317,
            24.182617
          ],
          [
            120.661969,
            24.182611
          ],
          [
            120.661884,
            24.182609
          ],
          [
            120.661772,
            24.182607
          ],
          [
            120.661162,
            24.182595
          ],
          [
            120.661772,
            24.182607
          ],
          [
            120.661884,
            24.182609
          ],
          [
            120.661969,
            24.182611
          ],
          [
            120.662317,
            24.182617
          ],
          [
            120.662358,
            24.182618
          ],
          [
            120.662408,
            24.182619
          ],
          [
            120.66285,
            24.182628
          ],
          [
            120.662888,
            24.182629
          ],
          [
            120.663007,
            24.182631
          ],
          [
            120.663267,
            24.182639
          ],
          [
            120.663333,
            24.18264
          ],
          [
            120.663376,
            24.182642
          ],
          [
            120.664456,
            24.182671
          ],
          [
            120.664502,
            24.182672
          ],
          [
            120.664621,
            24.182676
          ],
          [
            120.664727,
            24.182679
          ],
          [
            120.664769,
            24.18268
          ],
          [
            120.665045,
            24.182688
          ],
          [
            120.664769,
            24.18268
          ],
          [
            120.664727,
            24.182679
          ],
          [
            120.664621,
            24.182676
          ],
          [
            120.664621,
            24.182571
          ],
          [
            120.664621,
            24.182526
          ],
          [
            120.66462,
            24.182327
          ],
          [
            120.664618,
            24.182093
          ],
          [
            120.664776,
            24.182093
          ],
          [
            120.665083,
            24.182092
          ],
          [
            120.66513,
            24.182115
          ],
          [
            120.665256,
            24.182326
          ],
          [
            120.665327,
            24.182562
          ],
          [
            120.665313,
            24.182695
          ],
          [
            120.665231,
            24.182693
          ],
          [
            120.665045,
            24.182688
          ],
          [
            120.665231,
            24.182693
          ],
          [
            120.665313,
            24.182695
          ],
          [
            120.665562,
            24.182702
          ],
          [
            120.665645,
            24.182703
          ],
          [
            120.665704,
            24.182737
          ],
          [
            120.665746,
            24.182648
          ],
          [
            120.666233,
            24.181687
          ],
          [
            120.666251,
            24.181651
          ],
          [
            120.666354,
            24.181447
          ],
          [
            120.666561,
            24.181034
          ],
          [
            120.666725,
            24.180734
          ],
          [
            120.666903,
            24.180436
          ],
          [
            120.667052,
            24.180196
          ],
          [
            120.667294,
            24.179888
          ],
          [
            120.667454,
            24.179666
          ],
          [
            120.667535,
            24.17975
          ],
          [
            120.667868,
            24.180093
          ],
          [
            120.668092,
            24.180325
          ],
          [
            120.66836,
            24.179973
          ],
          [
            120.66836,
            24.179973
          ]
        ]
      },
      "properties": {
        "routeId": "taichung-kel-2302-391ad3-d2",
        "city": "taichung",
        "source_file": "taichung/taichung-kel-2302-391ad3-d2.geojson",
        "distance_km": 102.156,
        "duration_min": 202.9035166666667,
        "valhalla_config": "valhalla.json"
      }
    }
  ]
}