{
  "type": "FeatureCollection",
  "features": [
    {
      "type": "Feature",
      "geometry": {
        "type": "LineString",
        "coordinates": [
          [
            120.700387,
            24.177459
          ],
          [
            120.700387,
            24.177459
          ],
          [
            120.700075,
            24.17756
          ],
          [
            120.700215,
            24.177889
          ],
          [
            120.700464,
            24.178423
          ],
          [
            120.700491,
            24.178481
          ],
          [
            120.700359,
            24.178531
          ],
          [
            120.700333,
            24.178472
          ],
          [
            120.699828,
            24.177331
          ],
          [
            120.699746,
            24.177149
          ],
          [
            120.699219,
            24.175958
          ],
          [
            120.699184,
            24.175878
          ],
          [
            120.699158,
            24.175819
          ],
          [
            120.698907,
            24.175251
          ],
          [
            120.698827,
            24.175069
          ],
          [
            120.69873,
            24.174843
          ],
          [
            120.698675,
            24.174716
          ],
          [
            120.698404,
            24.174104
          ],
          [
            120.698327,
            24.173934
          ],
          [
            120.698235,
            24.173584
          ],
          [
            120.698211,
            24.173372
          ],
          [
            120.698214,
            24.173255
          ],
          [
            120.698348,
            24.173252
          ],
          [
            120.698435,
            24.173337
          ],
          [
            120.698551,
            24.173399
          ],
          [
            120.698849,
            24.173704
          ],
          [
            120.699314,
            24.174177
          ],
          [
            120.69945,
            24.174131
          ],
          [
            120.699575,
            24.174091
          ],
          [
            120.69945,
            24.174131
          ],
          [
            120.699314,
            24.174177
          ],
          [
            120.699493,
            24.174374
          ],
          [
            120.699531,
            24.174412
          ],
          [
            120.699917,
            24.174886
          ],
          [
            120.700133,
            24.17515
          ],
          [
            120.699917,
            24.174886
          ],
          [
            120.699531,
            24.174412
          ],
          [
            120.699493,
            24.174374
          ],
          [
            120.699314,
            24.174177
          ],
          [
            120.69945,
            24.174131
          ],
          [
            120.699575,
            24.174091
          ],
          [
            120.69945,
            24.174131
          ],
          [
            120.699314,
            24.174177
          ],
          [
            120.699493,
            24.174374
          ],
          [
            120.699531,
            24.174412
          ],
          [
            120.699917,
            24.174886
          ],
          [
            120.700257,
            24.175302
          ],
          [
            120.700412,
            24.175458
          ],
          [
            120.700568,
            24.175604
          ],
          [
            120.700412,
            24.175458
          ],
          [
            120.700257,
            24.175302
          ],
          [
            120.700133,
            24.17515
          ],
          [
            120.700257,
            24.175302
          ],
          [
            120.700412,
            24.175458
          ],
          [
            120.700786,
            24.175808
          ],
          [
            120.700568,
            24.175604
          ],
          [
            120.70083,
            24.175849
          ],
          [
            120.701051,
            24.175941
          ],
          [
            120.700987,
            24.175482
          ],
          [
            120.701051,
            24.175941
          ],
          [
            120.70083,
            24.175849
          ],
          [
            120.700786,
            24.175808
          ],
          [
            120.70083,
            24.175849
          ],
          [
            120.701051,
            24.175941
          ],
          [
            120.700926,
            24.175043
          ],
          [
            120.70091,
            24.174926
          ],
          [
            120.700926,
            24.175043
          ],
          [
            120.700987,
            24.175482
          ],
          [
            120.700926,
            24.175043
          ],
          [
            120.70091,
            24.174926
          ],
          [
            120.700926,
            24.175043
          ],
          [
            120.700257,
            24.175302
          ],
          [
            120.699917,
            24.174886
          ],
          [
            120.699531,
            24.174412
          ],
          [
            120.699493,
            24.174374
          ],
          [
            120.699314,
            24.174177
          ],
          [
            120.698849,
            24.173704
          ],
          [
            120.698551,
            24.173399
          ],
          [
            120.698435,
            24.173337
          ],
          [
            120.698348,
            24.173252
          ],
          [
            120.698214,
            24.173255
          ],
          [
            120.698214,
            24.173218
          ],
          [
            120.698216,
            24.173145
          ],
          [
            120.698219,
            24.17302
          ],
          [
            120.698223,
            24.17294
          ],
          [
            120.698224,
            24.172786
          ],
          [
            120.698225,
            24.172769
          ],
          [
            120.698265,
            24.172037
          ],
          [
            120.698258,
            24.171852
          ],
          [
            120.698241,
            24.171582
          ],
          [
            120.698174,
            24.171358
          ],
          [
            120.698126,
            24.171235
          ],
          [
            120.698042,
            24.171027
          ],
          [
            120.697952,
            24.170867
          ],
          [
            120.697786,
            24.170572
          ],
          [
            120.697706,
            24.170427
          ],
          [
            120.697628,
            24.170302
          ],
          [
            120.697558,
            24.170199
          ],
          [
            120.697133,
            24.169543
          ],
          [
            120.697093,
            24.169483
          ],
          [
            120.697049,
            24.169419
          ],
          [
            120.696947,
            24.16926
          ],
          [
            120.696871,
            24.169143
          ],
          [
            120.696836,
            24.16909
          ],
          [
            120.696805,
            24.169042
          ],
          [
            120.696519,
            24.168604
          ],
          [
            120.696097,
            24.167953
          ],
          [
            120.696058,
            24.167891
          ],
          [
            120.696009,
            24.167817
          ],
          [
            120.69597,
            24.167756
          ],
          [
            120.695414,
            24.166897
          ],
          [
            120.695387,
            24.166855
          ],
          [
            120.695361,
            24.166815
          ],
          [
            120.695046,
            24.166337
          ],
          [
            120.694706,
            24.165808
          ],
          [
            120.694691,
            24.165785
          ],
          [
            120.694628,
            24.16568
          ],
          [
            120.694706,
            24.165623
          ],
          [
            120.694809,
            24.165549
          ],
          [
            120.694854,
            24.165528
          ],
          [
            120.695124,
            24.165407
          ],
          [
            120.694854,
            24.165528
          ],
          [
            120.694809,
            24.165549
          ],
          [
            120.694706,
            24.165623
          ],
          [
            120.694628,
            24.16568
          ],
          [
            120.694569,
            24.165591
          ],
          [
            120.694384,
            24.1653
          ],
          [
            120.69428,
            24.165128
          ],
          [
            120.694257,
            24.16509
          ],
          [
            120.694165,
            24.164927
          ],
          [
            120.694282,
            24.164933
          ],
          [
            120.694422,
            24.164909
          ],
          [
            120.695204,
            24.164903
          ],
          [
            120.695273,
            24.164904
          ],
          [
            120.695373,
            24.164904
          ],
          [
            120.695458,
            24.164905
          ],
          [
            120.696196,
            24.164901
          ],
          [
            120.696198,
            24.164975
          ],
          [
            120.696214,
            24.165029
          ],
          [
            120.696265,
            24.165105
          ],
          [
            120.696162,
            24.165197
          ],
          [
            120.695944,
            24.165363
          ],
          [
            120.695938,
            24.165375
          ],
          [
            120.695937,
            24.165389
          ],
          [
            120.696179,
            24.165749
          ],
          [
            120.696186,
            24.165753
          ],
          [
            120.696197,
            24.165752
          ],
          [
            120.696273,
            24.165721
          ],
          [
            120.696197,
            24.165752
          ],
          [
            120.696186,
            24.165753
          ],
          [
            120.696179,
            24.165749
          ],
          [
            120.695937,
            24.165389
          ],
          [
            120.695938,
            24.165375
          ],
          [
            120.695944,
            24.165363
          ],
          [
            120.696162,
            24.165197
          ],
          [
            120.696265,
            24.165105
          ],
          [
            120.696214,
            24.165029
          ],
          [
            120.696198,
            24.164975
          ],
          [
            120.695524,
            24.164975
          ],
          [
            120.69546,
            24.164974
          ],
          [
            120.695373,
            24.164974
          ],
          [
            120.695375,
            24.165046
          ],
          [
            120.695404,
            24.165094
          ],
          [
            120.695493,
            24.165241
          ],
          [
            120.695124,
            24.165407
          ],
          [
            120.695493,
            24.165241
          ],
          [
            120.695614,
            24.165434
          ],
          [
            120.695899,
            24.165858
          ],
          [
            120.696232,
            24.166385
          ],
          [
            120.696257,
            24.166423
          ],
          [
            120.696289,
            24.166475
          ],
          [
            120.696314,
            24.166515
          ],
          [
            120.696289,
            24.166475
          ],
          [
            120.696257,
            24.166423
          ],
          [
            120.6963,
            24.166402
          ],
          [
            120.696896,
            24.166063
          ],
          [
            120.696603,
            24.165587
          ],
          [
            120.696273,
            24.165721
          ],
          [
            120.696603,
            24.165587
          ],
          [
            120.696896,
            24.166063
          ],
          [
            120.697562,
            24.167088
          ],
          [
            120.696943,
            24.167411
          ],
          [
            120.696893,
            24.167437
          ],
          [
            120.696938,
            24.16751
          ],
          [
            120.697487,
            24.168377
          ],
          [
            120.696938,
            24.16751
          ],
          [
            120.696893,
            24.167437
          ],
          [
            120.69687,
            24.167401
          ],
          [
            120.696314,
            24.166515
          ],
          [
            120.69687,
            24.167401
          ],
          [
            120.696893,
            24.167437
          ],
          [
            120.696821,
            24.167477
          ],
          [
            120.696247,
            24.16779
          ],
          [
            120.696144,
            24.167846
          ],
          [
            120.696183,
            24.167906
          ],
          [
            120.696292,
            24.168075
          ],
          [
            120.696893,
            24.168994
          ],
          [
            120.696922,
            24.16904
          ],
          [
            120.696957,
            24.169097
          ],
          [
            120.697138,
            24.169371
          ],
          [
            120.697177,
            24.16943
          ],
          [
            120.697218,
            24.169495
          ],
          [
            120.697234,
            24.169521
          ],
          [
            120.697397,
            24.16978
          ],
          [
            120.697637,
            24.170143
          ],
          [
            120.697705,
            24.17024
          ],
          [
            120.697791,
            24.17017
          ],
          [
            120.697919,
            24.170067
          ],
          [
            120.697964,
            24.170038
          ],
          [
            120.698087,
            24.16996
          ],
          [
            120.698379,
            24.169783
          ],
          [
            120.698194,
            24.16949
          ],
          [
            120.697796,
            24.168862
          ],
          [
            120.697657,
            24.168645
          ],
          [
            120.697487,
            24.168377
          ],
          [
            120.697657,
            24.168645
          ],
          [
            120.697025,
            24.168983
          ],
          [
            120.696922,
            24.16904
          ],
          [
            120.696957,
            24.169097
          ],
          [
            120.697138,
            24.169371
          ],
          [
            120.697177,
            24.16943
          ],
          [
            120.697218,
            24.169495
          ],
          [
            120.697234,
            24.169521
          ],
          [
            120.697397,
            24.16978
          ],
          [
            120.697637,
            24.170143
          ],
          [
            120.697705,
            24.17024
          ],
          [
            120.697802,
            24.170394
          ],
          [
            120.697932,
            24.170368
          ],
          [
            120.698337,
            24.17032
          ],
          [
            120.697932,
            24.170368
          ],
          [
            120.697802,
            24.170394
          ],
          [
            120.697706,
            24.170427
          ],
          [
            120.697628,
            24.170302
          ],
          [
            120.697705,
            24.17024
          ],
          [
            120.697791,
            24.17017
          ],
          [
            120.697919,
            24.170067
          ],
          [
            120.697964,
            24.170038
          ],
          [
            120.698087,
            24.16996
          ],
          [
            120.698379,
            24.169783
          ],
          [
            120.698194,
            24.16949
          ],
          [
            120.697796,
            24.168862
          ],
          [
            120.697657,
            24.168645
          ],
          [
            120.697025,
            24.168983
          ],
          [
            120.696922,
            24.16904
          ],
          [
            120.696957,
            24.169097
          ],
          [
            120.697138,
            24.169371
          ],
          [
            120.697177,
            24.16943
          ],
          [
            120.697218,
            24.169495
          ],
          [
            120.697234,
            24.169521
          ],
          [
            120.697397,
            24.16978
          ],
          [
            120.697637,
            24.170143
          ],
          [
            120.697705,
            24.17024
          ],
          [
            120.697802,
            24.170394
          ],
          [
            120.697932,
            24.170368
          ],
          [
            120.698592,
            24.17029
          ],
          [
            120.698762,
            24.170271
          ],
          [
            120.698856,
            24.170264
          ],
          [
            120.699028,
            24.170251
          ],
          [
            120.699366,
            24.170224
          ],
          [
            120.699458,
            24.170213
          ],
          [
            120.699366,
            24.170224
          ],
          [
            120.699028,
            24.170251
          ],
          [
            120.698856,
            24.170264
          ],
          [
            120.698762,
            24.170271
          ],
          [
            120.698592,
            24.17029
          ],
          [
            120.698337,
            24.17032
          ],
          [
            120.698592,
            24.17029
          ],
          [
            120.698762,
            24.170271
          ],
          [
            120.698856,
            24.170264
          ],
          [
            120.699028,
            24.170251
          ],
          [
            120.699366,
            24.170224
          ],
          [
            120.699658,
            24.170188
          ],
          [
            120.700259,
            24.170126
          ],
          [
            120.700524,
            24.170094
          ],
          [
            120.700693,
            24.170072
          ],
          [
            120.7008,
            24.170059
          ],
          [
            120.700894,
            24.170049
          ],
          [
            120.701868,
            24.169926
          ],
          [
            120.702047,
            24.169898
          ],
          [
            120.702306,
            24.169854
          ],
          [
            120.702549,
            24.169794
          ],
          [
            120.702556,
            24.169792
          ],
          [
            120.702549,
            24.169794
          ],
          [
            120.702306,
            24.169854
          ],
          [
            120.702047,
            24.169898
          ],
          [
            120.701868,
            24.169926
          ],
          [
            120.700894,
            24.170049
          ],
          [
            120.7008,
            24.170059
          ],
          [
            120.700693,
            24.170072
          ],
          [
            120.700524,
            24.170094
          ],
          [
            120.700259,
            24.170126
          ],
          [
            120.699658,
            24.170188
          ],
          [
            120.699458,
            24.170213
          ],
          [
            120.699658,
            24.170188
          ],
          [
            120.700259,
            24.170126
          ],
          [
            120.700524,
            24.170094
          ],
          [
            120.700693,
            24.170072
          ],
          [
            120.7008,
            24.170059
          ],
          [
            120.700894,
            24.170049
          ],
          [
            120.701868,
            24.169926
          ],
          [
            120.702047,
            24.169898
          ],
          [
            120.702306,
            24.169854
          ],
          [
            120.702549,
            24.169794
          ],
          [
            120.702681,
            24.169758
          ],
          [
            120.703134,
            24.169638
          ],
          [
            120.703069,
            24.16947
          ],
          [
            120.703134,
            24.169638
          ],
          [
            120.702681,
            24.169758
          ],
          [
            120.702556,
            24.169792
          ],
          [
            120.702681,
            24.169758
          ],
          [
            120.703134,
            24.169638
          ],
          [
            120.703216,
            24.169614
          ],
          [
            120.703291,
            24.169593
          ],
          [
            120.703492,
            24.169541
          ],
          [
            120.703291,
            24.169593
          ],
          [
            120.703216,
            24.169614
          ],
          [
            120.703134,
            24.169638
          ],
          [
            120.703069,
            24.16947
          ],
          [
            120.703134,
            24.169638
          ],
          [
            120.703216,
            24.169614
          ],
          [
            120.703291,
            24.169593
          ],
          [
            120.703492,
            24.169541
          ],
          [
            120.703659,
            24.169534
          ],
          [
            120.703492,
            24.169541
          ],
          [
            120.703736,
            24.169531
          ],
          [
            120.704018,
            24.169512
          ],
          [
            120.704154,
            24.169506
          ],
          [
            120.70452,
            24.169503
          ],
          [
            120.704766,
            24.169501
          ],
          [
            120.704705,
            24.169678
          ],
          [
            120.704601,
            24.170086
          ],
          [
            120.704559,
            24.1703
          ],
          [
            120.70455,
            24.170379
          ],
          [
            120.704552,
            24.170577
          ],
          [
            120.704551,
            24.170763
          ],
          [
            120.704551,
            24.170933
          ],
          [
            120.70455,
            24.171088
          ],
          [
            120.704564,
            24.17117
          ],
          [
            120.704603,
            24.171329
          ],
          [
            120.704624,
            24.17141
          ],
          [
            120.70464,
            24.171469
          ],
          [
            120.704684,
            24.171605
          ],
          [
            120.704721,
            24.171705
          ],
          [
            120.704789,
            24.171854
          ],
          [
            120.704844,
            24.171961
          ],
          [
            120.704916,
            24.172069
          ],
          [
            120.704998,
            24.172192
          ],
          [
            120.70512,
            24.172332
          ],
          [
            120.705228,
            24.172459
          ],
          [
            120.705296,
            24.172523
          ],
          [
            120.705413,
            24.172628
          ],
          [
            120.705439,
            24.172649
          ],
          [
            120.705584,
            24.172771
          ],
          [
            120.705534,
            24.172796
          ],
          [
            120.705506,
            24.17281
          ],
          [
            120.705397,
            24.17281
          ],
          [
            120.704898,
            24.172804
          ],
          [
            120.704505,
            24.172802
          ],
          [
            120.703746,
            24.172793
          ],
          [
            120.703674,
            24.172793
          ],
          [
            120.703545,
            24.172792
          ],
          [
            120.702741,
            24.172784
          ],
          [
            120.702561,
            24.172781
          ],
          [
            120.702516,
            24.172781
          ],
          [
            120.702481,
            24.17278
          ],
          [
            120.702411,
            24.17278
          ],
          [
            120.702339,
            24.172779
          ],
          [
            120.702281,
            24.172778
          ],
          [
            120.701655,
            24.172771
          ],
          [
            120.702281,
            24.172778
          ],
          [
            120.702339,
            24.172779
          ],
          [
            120.702411,
            24.17278
          ],
          [
            120.702481,
            24.17278
          ],
          [
            120.702516,
            24.172781
          ],
          [
            120.702561,
            24.172781
          ],
          [
            120.702741,
            24.172784
          ],
          [
            120.703545,
            24.172792
          ],
          [
            120.703674,
            24.172793
          ],
          [
            120.703746,
            24.172793
          ],
          [
            120.704505,
            24.172802
          ],
          [
            120.704898,
            24.172804
          ],
          [
            120.705397,
            24.17281
          ],
          [
            120.705506,
            24.17281
          ],
          [
            120.705534,
            24.172796
          ],
          [
            120.705584,
            24.172771
          ],
          [
            120.705439,
            24.172649
          ],
          [
            120.705413,
            24.172628
          ],
          [
            120.705296,
            24.172523
          ],
          [
            120.705228,
            24.172459
          ],
          [
            120.70512,
            24.172332
          ],
          [
            120.704998,
            24.172192
          ],
          [
            120.704916,
            24.172069
          ],
          [
            120.704844,
            24.171961
          ],
          [
            120.704789,
            24.171854
          ],
          [
            120.704721,
            24.171705
          ],
          [
            120.704684,
            24.171605
          ],
          [
            120.70464,
            24.171469
          ],
          [
            120.704624,
            24.17141
          ],
          [
            120.704603,
            24.171329
          ],
          [
            120.704564,
            24.17117
          ],
          [
            120.70455,
            24.171088
          ],
          [
            120.704551,
            24.170933
          ],
          [
            120.704551,
            24.170763
          ],
          [
            120.704552,
            24.170577
          ],
          [
            120.70455,
            24.170379
          ],
          [
            120.704559,
            24.1703
          ],
          [
            120.704601,
            24.170086
          ],
          [
            120.704705,
            24.169678
          ],
          [
            120.704766,
            24.169501
          ],
          [
            120.70452,
            24.169503
          ],
          [
            120.704154,
            24.169506
          ],
          [
            120.704018,
            24.169512
          ],
          [
            120.703736,
            24.169531
          ],
          [
            120.703659,
            24.169534
          ],
          [
            120.703736,
            24.169531
          ],
          [
            120.704018,
            24.169512
          ],
          [
            120.704154,
            24.169506
          ],
          [
            120.70452,
            24.169503
          ],
          [
            120.704766,
            24.169501
          ],
          [
            120.704705,
            24.169678
          ],
          [
            120.704601,
            24.170086
          ],
          [
            120.704559,
            24.1703
          ],
          [
            120.70455,
            24.170379
          ],
          [
            120.704552,
            24.170577
          ],
          [
            120.704551,
            24.170763
          ],
          [
            120.704551,
            24.170933
          ],
          [
            120.70455,
            24.171088
          ],
          [
            120.704564,
            24.17117
          ],
          [
            120.704603,
            24.171329
          ],
          [
            120.704624,
            24.17141
          ],
          [
            120.70464,
            24.171469
          ],
          [
            120.704684,
            24.171605
          ],
          [
            120.704721,
            24.171705
          ],
          [
            120.704789,
            24.171854
          ],
          [
            120.704844,
            24.171961
          ],
          [
            120.704916,
            24.172069
          ],
          [
            120.704998,
            24.172192
          ],
          [
            120.70512,
            24.172332
          ],
          [
            120.705228,
            24.172459
          ],
          [
            120.705296,
            24.172523
          ],
          [
            120.705413,
            24.172628
          ],
          [
            120.705439,
            24.172649
          ],
          [
            120.705584,
            24.172771
          ],
          [
            120.705534,
            24.172796
          ],
          [
            120.705506,
            24.17281
          ],
          [
            120.705397,
            24.17281
          ],
          [
            120.704898,
            24.172804
          ],
          [
            120.704505,
            24.172802
          ],
          [
            120.703746,
            24.172793
          ],
          [
            120.703674,
            24.172793
          ],
          [
            120.703545,
            24.172792
          ],
          [
            120.702741,
            24.172784
          ],
          [
            120.702561,
            24.172781
          ],
          [
            120.702516,
            24.172781
          ],
          [
            120.702481,
            24.17278
          ],
          [
            120.702411,
            24.17278
          ],
          [
            120.702339,
            24.172779
          ],
          [
            120.702281,
            24.172778
          ],
          [
            120.701655,
            24.172771
          ],
          [
            120.702281,
            24.172778
          ],
          [
            120.702339,
            24.172779
          ],
          [
            120.702411,
            24.17278
          ],
          [
            120.702406,
            24.172671
          ],
          [
            120.702404,
            24.17262
          ],
          [
            120.702398,
            24.171929
          ],
          [
            120.702392,
            24.171863
          ],
          [
            120.702383,
            24.171596
          ],
          [
            120.702977,
            24.17146
          ],
          [
            120.703037,
            24.171358
          ],
          [
            120.703463,
            24.171368
          ],
          [
            120.703616,
            24.171376
          ],
          [
            120.703606,
            24.171452
          ],
          [
            120.703616,
            24.171376
          ],
          [
            120.703463,
            24.171368
          ],
          [
            120.703101,
            24.171359
          ],
          [
            120.703463,
            24.171368
          ],
          [
            120.703616,
            24.171376
          ],
          [
            120.703606,
            24.171452
          ],
          [
            120.703616,
            24.171376
          ],
          [
            120.703463,
            24.171368
          ],
          [
            120.703466,
            24.171024
          ],
          [
            120.703463,
            24.171368
          ],
          [
            120.703101,
            24.171359
          ],
          [
            120.703463,
            24.171368
          ],
          [
            120.703468,
            24.170856
          ],
          [
            120.703493,
            24.170714
          ],
          [
            120.703492,
            24.170697
          ],
          [
            120.703493,
            24.170714
          ],
          [
            120.703468,
            24.170856
          ],
          [
            120.703466,
            24.171024
          ],
          [
            120.703468,
            24.170856
          ],
          [
            120.703493,
            24.170714
          ],
          [
            120.703486,
            24.170606
          ],
          [
            120.703434,
            24.170402
          ],
          [
            120.70334,
            24.170092
          ],
          [
            120.703316,
            24.169999
          ],
          [
            120.703216,
            24.169614
          ],
          [
            120.703291,
            24.169593
          ],
          [
            120.703492,
            24.169541
          ],
          [
            120.703627,
            24.169998
          ],
          [
            120.703709,
            24.170071
          ],
          [
            120.703725,
            24.170071
          ],
          [
            120.703709,
            24.170071
          ],
          [
            120.703627,
            24.169998
          ],
          [
            120.703492,
            24.169541
          ],
          [
            120.703291,
            24.169593
          ],
          [
            120.703216,
            24.169614
          ],
          [
            120.703316,
            24.169999
          ],
          [
            120.70334,
            24.170092
          ],
          [
            120.703434,
            24.170402
          ],
          [
            120.703486,
            24.170606
          ],
          [
            120.703492,
            24.170697
          ],
          [
            120.703486,
            24.170606
          ],
          [
            120.703434,
            24.170402
          ],
          [
            120.70334,
            24.170092
          ],
          [
            120.703316,
            24.169999
          ],
          [
            120.703216,
            24.169614
          ],
          [
            120.703291,
            24.169593
          ],
          [
            120.703492,
            24.169541
          ],
          [
            120.703627,
            24.169998
          ],
          [
            120.703709,
            24.170071
          ],
          [
            120.703725,
            24.170071
          ],
          [
            120.704107,
            24.170078
          ],
          [
            120.704601,
            24.170086
          ],
          [
            120.704577,
            24.170207
          ],
          [
            120.704601,
            24.170086
          ],
          [
            120.704107,
            24.170078
          ],
          [
            120.704601,
            24.170086
          ],
          [
            120.704559,
            24.1703
          ],
          [
            120.70455,
            24.170379
          ],
          [
            120.704552,
            24.170577
          ],
          [
            120.704551,
            24.170763
          ],
          [
            120.704551,
            24.170933
          ],
          [
            120.70455,
            24.171088
          ],
          [
            120.704554,
            24.17111
          ],
          [
            120.70455,
            24.171088
          ],
          [
            120.704551,
            24.170933
          ],
          [
            120.704551,
            24.170763
          ],
          [
            120.704552,
            24.170577
          ],
          [
            120.70455,
            24.170379
          ],
          [
            120.704559,
            24.1703
          ],
          [
            120.704577,
            24.170207
          ],
          [
            120.704601,
            24.170086
          ],
          [
            120.704705,
            24.169678
          ],
          [
            120.704177,
            24.16959
          ],
          [
            120.704705,
            24.169678
          ],
          [
            120.704601,
            24.170086
          ],
          [
            120.704559,
            24.1703
          ],
          [
            120.70455,
            24.170379
          ],
          [
            120.704552,
            24.170577
          ],
          [
            120.704551,
            24.170763
          ],
          [
            120.704551,
            24.170933
          ],
          [
            120.70455,
            24.171088
          ],
          [
            120.704554,
            24.17111
          ],
          [
            120.70455,
            24.171088
          ],
          [
            120.704551,
            24.170933
          ],
          [
            120.704551,
            24.170763
          ],
          [
            120.704552,
            24.170577
          ],
          [
            120.70455,
            24.170379
          ],
          [
            120.704559,
            24.1703
          ],
          [
            120.704601,
            24.170086
          ],
          [
            120.704705,
            24.169678
          ],
          [
            120.704177,
            24.16959
          ],
          [
            120.704114,
            24.169579
          ],
          [
            120.704018,
            24.169512
          ],
          [
            120.703736,
            24.169531
          ],
          [
            120.703492,
            24.169541
          ],
          [
            120.703291,
            24.169593
          ],
          [
            120.703216,
            24.169614
          ],
          [
            120.703134,
            24.169638
          ],
          [
            120.702681,
            24.169758
          ],
          [
            120.702549,
            24.169794
          ],
          [
            120.702306,
            24.169854
          ],
          [
            120.702377,
            24.169944
          ],
          [
            120.702392,
            24.170368
          ],
          [
            120.702394,
            24.170645
          ],
          [
            120.702382,
            24.170747
          ],
          [
            120.702384,
            24.170826
          ],
          [
            120.702384,
            24.170845
          ],
          [
            120.702384,
            24.170845
          ],
          [
            120.702384,
            24.170826
          ],
          [
            120.702382,
            24.170747
          ],
          [
            120.702394,
            24.170645
          ],
          [
            120.702392,
            24.170368
          ],
          [
            120.702377,
            24.169944
          ],
          [
            120.702306,
            24.169854
          ],
          [
            120.702047,
            24.169898
          ],
          [
            120.701868,
            24.169926
          ],
          [
            120.701306,
            24.169997
          ],
          [
            120.700894,
            24.170049
          ],
          [
            120.700962,
            24.170084
          ],
          [
            120.700987,
            24.170347
          ],
          [
            120.700962,
            24.170084
          ],
          [
            120.700894,
            24.170049
          ],
          [
            120.701306,
            24.169997
          ],
          [
            120.700894,
            24.170049
          ],
          [
            120.7008,
            24.170059
          ],
          [
            120.700693,
            24.170072
          ],
          [
            120.700772,
            24.170344
          ],
          [
            120.700834,
            24.170498
          ],
          [
            120.700968,
            24.170658
          ],
          [
            120.700999,
            24.17069
          ],
          [
            120.701054,
            24.170721
          ],
          [
            120.701137,
            24.170733
          ],
          [
            120.701485,
            24.170695
          ],
          [
            120.701485,
            24.170764
          ],
          [
            120.701485,
            24.170695
          ],
          [
            120.701137,
            24.170733
          ],
          [
            120.701054,
            24.170721
          ],
          [
            120.700999,
            24.17069
          ],
          [
            120.700968,
            24.170658
          ],
          [
            120.700834,
            24.170498
          ],
          [
            120.700772,
            24.170344
          ],
          [
            120.700693,
            24.170072
          ],
          [
            120.7008,
            24.170059
          ],
          [
            120.700894,
            24.170049
          ],
          [
            120.700962,
            24.170084
          ],
          [
            120.700987,
            24.170347
          ],
          [
            120.700962,
            24.170084
          ],
          [
            120.700894,
            24.170049
          ],
          [
            120.7008,
            24.170059
          ],
          [
            120.700693,
            24.170072
          ],
          [
            120.700772,
            24.170344
          ],
          [
            120.700834,
            24.170498
          ],
          [
            120.700968,
            24.170658
          ],
          [
            120.700999,
            24.17069
          ],
          [
            120.701054,
            24.170721
          ],
          [
            120.701137,
            24.170733
          ],
          [
            120.701485,
            24.170695
          ],
          [
            120.701485,
            24.170764
          ],
          [
            120.701485,
            24.170695
          ],
          [
            120.701137,
            24.170733
          ],
          [
            120.701054,
            24.170721
          ],
          [
            120.700999,
            24.17069
          ],
          [
            120.700968,
            24.170658
          ],
          [
            120.700834,
            24.170498
          ],
          [
            120.700772,
            24.170344
          ],
          [
            120.700693,
            24.170072
          ],
          [
            120.700524,
            24.170094
          ],
          [
            120.700259,
            24.170126
          ],
          [
            120.700281,
            24.170278
          ],
          [
            120.700259,
            24.170126
          ],
          [
            120.699658,
            24.170188
          ],
          [
            120.699366,
            24.170224
          ],
          [
            120.699028,
            24.170251
          ],
          [
            120.698856,
            24.170264
          ],
          [
            120.698762,
            24.170271
          ],
          [
            120.698789,
            24.170378
          ],
          [
            120.698848,
            24.170608
          ],
          [
            120.698789,
            24.170378
          ],
          [
            120.698762,
            24.170271
          ],
          [
            120.698856,
            24.170264
          ],
          [
            120.699028,
            24.170251
          ],
          [
            120.699366,
            24.170224
          ],
          [
            120.699658,
            24.170188
          ],
          [
            120.700259,
            24.170126
          ],
          [
            120.700281,
            24.170278
          ],
          [
            120.700259,
            24.170126
          ],
          [
            120.699658,
            24.170188
          ],
          [
            120.699366,
            24.170224
          ],
          [
            120.699028,
            24.170251
          ],
          [
            120.698856,
            24.170264
          ],
          [
            120.698762,
            24.170271
          ],
          [
            120.698789,
            24.170378
          ],
          [
            120.698926,
            24.170913
          ],
          [
            120.698848,
            24.170608
          ],
          [
            120.699027,
            24.17131
          ],
          [
            120.699167,
            24.171302
          ],
          [
            120.699027,
            24.17131
          ],
          [
            120.698926,
            24.170913
          ],
          [
            120.699027,
            24.17131
          ],
          [
            120.69946,
            24.171284
          ],
          [
            120.699482,
            24.171433
          ],
          [
            120.699496,
            24.171565
          ],
          [
            120.699505,
            24.171637
          ],
          [
            120.699527,
            24.171823
          ],
          [
            120.699541,
            24.171946
          ],
          [
            120.699547,
            24.172073
          ],
          [
            120.700025,
            24.172055
          ],
          [
            120.700026,
            24.172084
          ],
          [
            120.700025,
            24.172055
          ],
          [
            120.699547,
            24.172073
          ],
          [
            120.699541,
            24.171946
          ],
          [
            120.699527,
            24.171823
          ],
          [
            120.699505,
            24.171637
          ],
          [
            120.699496,
            24.171565
          ],
          [
            120.699482,
            24.171433
          ],
          [
            120.69946,
            24.171284
          ],
          [
            120.699167,
            24.171302
          ],
          [
            120.69946,
            24.171284
          ],
          [
            120.699482,
            24.171433
          ],
          [
            120.699496,
            24.171565
          ],
          [
            120.699505,
            24.171637
          ],
          [
            120.699527,
            24.171823
          ],
          [
            120.699541,
            24.171946
          ],
          [
            120.699547,
            24.172073
          ],
          [
            120.700025,
            24.172055
          ],
          [
            120.700028,
            24.172147
          ],
          [
            120.70003,
            24.172202
          ],
          [
            120.700028,
            24.172147
          ],
          [
            120.700026,
            24.172084
          ],
          [
            120.700025,
            24.172055
          ],
          [
            120.699547,
            24.172073
          ],
          [
            120.699541,
            24.171946
          ],
          [
            120.699527,
            24.171823
          ],
          [
            120.69951,
            24.17168
          ],
          [
            120.699527,
            24.171823
          ],
          [
            120.699541,
            24.171946
          ],
          [
            120.699547,
            24.172073
          ],
          [
            120.700025,
            24.172055
          ],
          [
            120.700028,
            24.172147
          ],
          [
            120.70003,
            24.172202
          ],
          [
            120.700028,
            24.172147
          ],
          [
            120.700025,
            24.172055
          ],
          [
            120.699547,
            24.172073
          ],
          [
            120.699541,
            24.171946
          ],
          [
            120.699527,
            24.171823
          ],
          [
            120.699505,
            24.171637
          ],
          [
            120.699496,
            24.171565
          ],
          [
            120.699482,
            24.171433
          ],
          [
            120.69946,
            24.171284
          ],
          [
            120.699456,
            24.171232
          ],
          [
            120.69945,
            24.171175
          ],
          [
            120.699456,
            24.171232
          ],
          [
            120.69946,
            24.171284
          ],
          [
            120.699482,
            24.171433
          ],
          [
            120.699496,
            24.171565
          ],
          [
            120.699505,
            24.171637
          ],
          [
            120.69951,
            24.17168
          ],
          [
            120.699505,
            24.171637
          ],
          [
            120.699496,
            24.171565
          ],
          [
            120.699482,
            24.171433
          ],
          [
            120.69946,
            24.171284
          ],
          [
            120.699456,
            24.171232
          ],
          [
            120.699433,
            24.171029
          ],
          [
            120.699421,
            24.170816
          ],
          [
            120.699401,
            24.1706
          ],
          [
            120.699386,
            24.170437
          ],
          [
            120.699401,
            24.1706
          ],
          [
            120.699421,
            24.170816
          ],
          [
            120.699433,
            24.171029
          ],
          [
            120.69945,
            24.171175
          ],
          [
            120.699433,
            24.171029
          ],
          [
            120.699421,
            24.170816
          ],
          [
            120.699401,
            24.1706
          ],
          [
            120.699366,
            24.170224
          ],
          [
            120.699658,
            24.170188
          ],
          [
            120.700259,
            24.170126
          ],
          [
            120.700524,
            24.170094
          ],
          [
            120.700693,
            24.170072
          ],
          [
            120.7008,
            24.170059
          ],
          [
            120.700894,
            24.170049
          ],
          [
            120.701868,
            24.169926
          ],
          [
            120.702047,
            24.169898
          ],
          [
            120.702306,
            24.169854
          ],
          [
            120.702549,
            24.169794
          ],
          [
            120.702681,
            24.169758
          ],
          [
            120.703134,
            24.169638
          ],
          [
            120.703216,
            24.169614
          ],
          [
            120.703291,
            24.169593
          ],
          [
            120.703492,
            24.169541
          ],
          [
            120.703736,
            24.169531
          ],
          [
            120.704018,
            24.169512
          ],
          [
            120.704154,
            24.169506
          ],
          [
            120.70452,
            24.169503
          ],
          [
            120.704766,
            24.169501
          ],
          [
            120.704867,
            24.169497
          ],
          [
            120.704898,
            24.169496
          ],
          [
            120.70589,
            24.169487
          ],
          [
            120.705937,
            24.169485
          ],
          [
            120.706022,
            24.169483
          ],
          [
            120.706095,
            24.169493
          ],
          [
            120.70659,
            24.169562
          ],
          [
            120.706785,
            24.169589
          ],
          [
            120.706739,
            24.169746
          ],
          [
            120.70673,
            24.170093
          ],
          [
            120.706709,
            24.170464
          ],
          [
            120.706536,
            24.170463
          ],
          [
            120.706709,
            24.170464
          ],
          [
            120.70673,
            24.170093
          ],
          [
            120.706739,
            24.169746
          ],
          [
            120.706785,
            24.169589
          ],
          [
            120.70659,
            24.169562
          ],
          [
            120.706095,
            24.169493
          ],
          [
            120.706022,
            24.169483
          ],
          [
            120.705937,
            24.169485
          ],
          [
            120.70589,
            24.169487
          ],
          [
            120.704898,
            24.169496
          ],
          [
            120.704867,
            24.169497
          ],
          [
            120.704766,
            24.169501
          ],
          [
            120.70452,
            24.169503
          ],
          [
            120.704154,
            24.169506
          ],
          [
            120.704018,
            24.169512
          ],
          [
            120.703736,
            24.169531
          ],
          [
            120.703492,
            24.169541
          ],
          [
            120.703291,
            24.169593
          ],
          [
            120.703216,
            24.169614
          ],
          [
            120.703134,
            24.169638
          ],
          [
            120.702681,
            24.169758
          ],
          [
            120.702549,
            24.169794
          ],
          [
            120.702306,
            24.169854
          ],
          [
            120.702047,
            24.169898
          ],
          [
            120.701868,
            24.169926
          ],
          [
            120.700894,
            24.170049
          ],
          [
            120.7008,
            24.170059
          ],
          [
            120.700693,
            24.170072
          ],
          [
            120.700524,
            24.170094
          ],
          [
            120.700259,
            24.170126
          ],
          [
            120.699658,
            24.170188
          ],
          [
            120.699366,
            24.170224
          ],
          [
            120.699386,
            24.170437
          ],
          [
            120.699366,
            24.170224
          ],
          [
            120.699658,
            24.170188
          ],
          [
            120.700259,
            24.170126
          ],
          [
            120.700524,
            24.170094
          ],
          [
            120.700693,
            24.170072
          ],
          [
            120.7008,
            24.170059
          ],
          [
            120.700894,
            24.170049
          ],
          [
            120.701868,
            24.169926
          ],
          [
            120.702047,
            24.169898
          ],
          [
            120.702306,
            24.169854
          ],
          [
            120.702549,
            24.169794
          ],
          [
            120.702681,
            24.169758
          ],
          [
            120.703134,
            24.169638
          ],
          [
            120.703216,
            24.169614
          ],
          [
            120.703291,
            24.169593
          ],
          [
            120.703492,
            24.169541
          ],
          [
            120.703736,
            24.169531
          ],
          [
            120.704018,
            24.169512
          ],
          [
            120.704154,
            24.169506
          ],
          [
            120.70452,
            24.169503
          ],
          [
            120.704766,
            24.169501
          ],
          [
            120.704867,
            24.169497
          ],
          [
            120.704898,
            24.169496
          ],
          [
            120.70589,
            24.169487
          ],
          [
            120.705937,
            24.169485
          ],
          [
            120.706022,
            24.169483
          ],
          [
            120.706095,
            24.169493
          ],
          [
            120.70659,
            24.169562
          ],
          [
            120.706785,
            24.169589
          ],
          [
            120.706739,
            24.169746
          ],
          [
            120.70673,
            24.170093
          ],
          [
            120.706709,
            24.170464
          ],
          [
            120.706536,
            24.170463
          ],
          [
            120.706709,
            24.170464
          ],
          [
            120.70673,
            24.170093
          ],
          [
            120.706739,
            24.169746
          ],
          [
            120.706785,
            24.169589
          ],
          [
            120.70659,
            24.169562
          ],
          [
            120.706095,
            24.169493
          ],
          [
            120.706022,
            24.169483
          ],
          [
            120.705937,
            24.169485
          ],
          [
            120.70589,
            24.169487
          ],
          [
            120.704898,
            24.169496
          ],
          [
            120.704867,
            24.169497
          ],
          [
            120.704766,
            24.169501
          ],
          [
            120.70452,
            24.169503
          ],
          [
            120.704154,
            24.169506
          ],
          [
            120.704018,
            24.169512
          ],
          [
            120.703736,
            24.169531
          ],
          [
            120.703492,
            24.169541
          ],
          [
            120.703291,
            24.169593
          ],
          [
            120.703216,
            24.169614
          ],
          [
            120.703134,
            24.169638
          ],
          [
            120.702681,
            24.169758
          ],
          [
            120.702549,
            24.169794
          ],
          [
            120.702306,
            24.169854
          ],
          [
            120.702047,
            24.169898
          ],
          [
            120.701868,
            24.169926
          ],
          [
            120.700894,
            24.170049
          ],
          [
            120.7008,
            24.170059
          ],
          [
            120.700693,
            24.170072
          ],
          [
            120.700524,
            24.170094
          ],
          [
            120.700259,
            24.170126
          ],
          [
            120.699658,
            24.170188
          ],
          [
            120.699366,
            24.170224
          ],
          [
            120.699028,
            24.170251
          ],
          [
            120.698856,
            24.170264
          ],
          [
            120.698762,
            24.170271
          ],
          [
            120.698592,
            24.17029
          ],
          [
            120.698239,
            24.170332
          ],
          [
            120.698239,
            24.170332
          ],
          [
            120.697932,
            24.170368
          ],
          [
            120.697802,
            24.170394
          ],
          [
            120.697706,
            24.170427
          ],
          [
            120.697628,
            24.170302
          ],
          [
            120.697705,
            24.17024
          ],
          [
            120.697791,
            24.17017
          ],
          [
            120.697919,
            24.170067
          ],
          [
            120.698087,
            24.16996
          ],
          [
            120.698094,
            24.169956
          ],
          [
            120.698379,
            24.169783
          ],
          [
            120.698194,
            24.16949
          ],
          [
            120.698106,
            24.16935
          ],
          [
            120.697796,
            24.168862
          ],
          [
            120.697657,
            24.168645
          ],
          [
            120.697025,
            24.168983
          ],
          [
            120.696922,
            24.16904
          ],
          [
            120.696957,
            24.169097
          ],
          [
            120.697138,
            24.169371
          ],
          [
            120.697177,
            24.16943
          ],
          [
            120.697218,
            24.169495
          ],
          [
            120.697234,
            24.169521
          ],
          [
            120.697397,
            24.16978
          ],
          [
            120.697637,
            24.170143
          ],
          [
            120.697705,
            24.17024
          ],
          [
            120.697791,
            24.17017
          ],
          [
            120.697919,
            24.170067
          ],
          [
            120.698087,
            24.16996
          ],
          [
            120.698094,
            24.169956
          ],
          [
            120.698379,
            24.169783
          ],
          [
            120.698194,
            24.16949
          ],
          [
            120.697796,
            24.168862
          ],
          [
            120.697657,
            24.168645
          ],
          [
            120.69733,
            24.16882
          ],
          [
            120.697657,
            24.168645
          ],
          [
            120.697796,
            24.168862
          ],
          [
            120.698106,
            24.16935
          ],
          [
            120.697796,
            24.168862
          ],
          [
            120.697657,
            24.168645
          ],
          [
            120.698285,
            24.168264
          ],
          [
            120.698766,
            24.167981
          ],
          [
            120.698285,
            24.168264
          ],
          [
            120.697657,
            24.168645
          ],
          [
            120.69733,
            24.16882
          ],
          [
            120.697657,
            24.168645
          ],
          [
            120.698285,
            24.168264
          ],
          [
            120.698523,
            24.168124
          ],
          [
            120.698285,
            24.168264
          ],
          [
            120.698168,
            24.168335
          ],
          [
            120.698285,
            24.168264
          ],
          [
            120.698766,
            24.167981
          ],
          [
            120.698285,
            24.168264
          ],
          [
            120.697876,
            24.168512
          ],
          [
            120.697657,
            24.168645
          ],
          [
            120.697796,
            24.168862
          ],
          [
            120.698194,
            24.16949
          ],
          [
            120.698379,
            24.169783
          ],
          [
            120.698532,
            24.169728
          ],
          [
            120.69856,
            24.169718
          ],
          [
            120.698795,
            24.169642
          ],
          [
            120.699082,
            24.169593
          ],
          [
            120.69909,
            24.169518
          ],
          [
            120.699082,
            24.169463
          ],
          [
            120.699041,
            24.169361
          ],
          [
            120.699002,
            24.16934
          ],
          [
            120.698927,
            24.169232
          ],
          [
            120.698764,
            24.168949
          ],
          [
            120.698529,
            24.168612
          ],
          [
            120.698285,
            24.168264
          ],
          [
            120.697876,
            24.168512
          ],
          [
            120.697657,
            24.168645
          ],
          [
            120.697796,
            24.168862
          ],
          [
            120.698194,
            24.16949
          ],
          [
            120.698379,
            24.169783
          ],
          [
            120.69856,
            24.169718
          ],
          [
            120.698795,
            24.169642
          ],
          [
            120.699082,
            24.169593
          ],
          [
            120.699204,
            24.169576
          ],
          [
            120.699578,
            24.169548
          ],
          [
            120.699639,
            24.169544
          ],
          [
            120.699736,
            24.169534
          ],
          [
            120.699874,
            24.169519
          ],
          [
            120.700069,
            24.169503
          ],
          [
            120.700193,
            24.169485
          ],
          [
            120.700081,
            24.168541
          ],
          [
            120.699867,
            24.168564
          ],
          [
            120.69941,
            24.168613
          ],
          [
            120.698764,
            24.168949
          ],
          [
            120.698529,
            24.168612
          ],
          [
            120.698285,
            24.168264
          ],
          [
            120.697657,
            24.168645
          ],
          [
            120.697796,
            24.168862
          ],
          [
            120.698194,
            24.16949
          ],
          [
            120.698379,
            24.169783
          ],
          [
            120.698532,
            24.169728
          ],
          [
            120.69856,
            24.169718
          ],
          [
            120.698795,
            24.169642
          ],
          [
            120.699082,
            24.169593
          ],
          [
            120.69909,
            24.169518
          ],
          [
            120.699082,
            24.169463
          ],
          [
            120.699041,
            24.169361
          ],
          [
            120.699002,
            24.16934
          ],
          [
            120.698927,
            24.169232
          ],
          [
            120.698764,
            24.168949
          ],
          [
            120.69941,
            24.168613
          ],
          [
            120.699595,
            24.168593
          ],
          [
            120.69941,
            24.168613
          ],
          [
            120.698764,
            24.168949
          ],
          [
            120.698927,
            24.169232
          ],
          [
            120.699002,
            24.16934
          ],
          [
            120.699041,
            24.169361
          ],
          [
            120.699082,
            24.169463
          ],
          [
            120.69909,
            24.169518
          ],
          [
            120.699082,
            24.169593
          ],
          [
            120.699204,
            24.169576
          ],
          [
            120.699578,
            24.169548
          ],
          [
            120.699639,
            24.169544
          ],
          [
            120.699736,
            24.169534
          ],
          [
            120.699874,
            24.169519
          ],
          [
            120.700069,
            24.169503
          ],
          [
            120.700193,
            24.169485
          ],
          [
            120.700081,
            24.168541
          ],
          [
            120.69941,
            24.168613
          ],
          [
            120.699274,
            24.168684
          ],
          [
            120.69941,
            24.168613
          ],
          [
            120.699867,
            24.168564
          ],
          [
            120.69941,
            24.168613
          ],
          [
            120.698896,
            24.16888
          ],
          [
            120.69941,
            24.168613
          ],
          [
            120.699595,
            24.168593
          ],
          [
            120.69941,
            24.168613
          ],
          [
            120.698764,
            24.168949
          ],
          [
            120.698927,
            24.169232
          ],
          [
            120.699002,
            24.16934
          ],
          [
            120.699041,
            24.169361
          ],
          [
            120.699134,
            24.169308
          ],
          [
            120.699041,
            24.169361
          ],
          [
            120.699002,
            24.16934
          ],
          [
            120.698927,
            24.169232
          ],
          [
            120.698764,
            24.168949
          ],
          [
            120.699274,
            24.168684
          ],
          [
            120.698896,
            24.16888
          ],
          [
            120.698764,
            24.168949
          ],
          [
            120.698529,
            24.168612
          ],
          [
            120.698498,
            24.168568
          ],
          [
            120.698529,
            24.168612
          ],
          [
            120.698764,
            24.168949
          ],
          [
            120.698927,
            24.169232
          ],
          [
            120.699002,
            24.16934
          ],
          [
            120.699041,
            24.169361
          ],
          [
            120.699134,
            24.169308
          ],
          [
            120.699041,
            24.169361
          ],
          [
            120.699002,
            24.16934
          ],
          [
            120.698927,
            24.169232
          ],
          [
            120.698764,
            24.168949
          ],
          [
            120.69941,
            24.168613
          ],
          [
            120.69915,
            24.168236
          ],
          [
            120.69941,
            24.168613
          ],
          [
            120.698764,
            24.168949
          ],
          [
            120.698529,
            24.168612
          ],
          [
            120.698498,
            24.168568
          ],
          [
            120.698529,
            24.168612
          ],
          [
            120.698764,
            24.168949
          ],
          [
            120.69941,
            24.168613
          ],
          [
            120.700081,
            24.168541
          ],
          [
            120.700029,
            24.168155
          ],
          [
            120.700081,
            24.168541
          ],
          [
            120.69941,
            24.168613
          ],
          [
            120.69915,
            24.168236
          ],
          [
            120.69941,
            24.168613
          ],
          [
            120.700081,
            24.168541
          ],
          [
            120.699951,
            24.167576
          ],
          [
            120.699911,
            24.167275
          ],
          [
            120.699868,
            24.166953
          ],
          [
            120.699951,
            24.167576
          ],
          [
            120.700029,
            24.168155
          ],
          [
            120.699951,
            24.167576
          ],
          [
            120.699789,
            24.166352
          ],
          [
            120.699911,
            24.167275
          ],
          [
            120.699765,
            24.166174
          ],
          [
            120.69963,
            24.166205
          ],
          [
            120.699765,
            24.166174
          ],
          [
            120.699868,
            24.166953
          ],
          [
            120.699789,
            24.166352
          ],
          [
            120.699765,
            24.166174
          ],
          [
            120.699735,
            24.165954
          ],
          [
            120.699703,
            24.165709
          ],
          [
            120.699637,
            24.165695
          ],
          [
            120.699574,
            24.16568
          ],
          [
            120.69946,
            24.165603
          ],
          [
            120.6993,
            24.165724
          ],
          [
            120.69946,
            24.165603
          ],
          [
            120.699574,
            24.16568
          ],
          [
            120.699637,
            24.165695
          ],
          [
            120.699703,
            24.165709
          ],
          [
            120.699735,
            24.165954
          ],
          [
            120.699765,
            24.166174
          ],
          [
            120.69963,
            24.166205
          ],
          [
            120.699765,
            24.166174
          ],
          [
            120.699735,
            24.165954
          ],
          [
            120.699703,
            24.165709
          ],
          [
            120.699696,
            24.165653
          ],
          [
            120.699614,
            24.165051
          ],
          [
            120.699596,
            24.164914
          ],
          [
            120.699442,
            24.164917
          ],
          [
            120.698932,
            24.164931
          ],
          [
            120.698676,
            24.164934
          ],
          [
            120.698424,
            24.164939
          ],
          [
            120.698056,
            24.164942
          ],
          [
            120.69793,
            24.164943
          ],
          [
            120.697782,
            24.164942
          ],
          [
            120.69759,
            24.164947
          ],
          [
            120.697517,
            24.164948
          ],
          [
            120.697445,
            24.16495
          ],
          [
            120.696825,
            24.16496
          ],
          [
            120.696786,
            24.164958
          ],
          [
            120.696553,
            24.16496
          ],
          [
            120.696486,
            24.164961
          ],
          [
            120.696304,
            24.164962
          ],
          [
            120.696198,
            24.164975
          ],
          [
            120.696196,
            24.164901
          ],
          [
            120.696511,
            24.164897
          ],
          [
            120.696784,
            24.164887
          ],
          [
            120.696837,
            24.164886
          ],
          [
            120.697225,
            24.164882
          ],
          [
            120.697444,
            24.164882
          ],
          [
            120.697517,
            24.164881
          ],
          [
            120.69759,
            24.16488
          ],
          [
            120.697781,
            24.164877
          ],
          [
            120.697929,
            24.164876
          ],
          [
            120.698055,
            24.16487
          ],
          [
            120.698672,
            24.164864
          ],
          [
            120.698816,
            24.164858
          ],
          [
            120.698876,
            24.164862
          ],
          [
            120.699435,
            24.164848
          ],
          [
            120.699587,
            24.164843
          ],
          [
            120.699596,
            24.164914
          ],
          [
            120.699614,
            24.165051
          ],
          [
            120.699696,
            24.165653
          ],
          [
            120.699703,
            24.165709
          ],
          [
            120.699637,
            24.165695
          ],
          [
            120.699574,
            24.16568
          ],
          [
            120.69946,
            24.165603
          ],
          [
            120.6993,
            24.165724
          ],
          [
            120.69946,
            24.165603
          ],
          [
            120.699322,
            24.165405
          ],
          [
            120.699234,
            24.165267
          ],
          [
            120.69916,
            24.165148
          ],
          [
            120.699086,
            24.165061
          ],
          [
            120.699002,
            24.165011
          ],
          [
            120.698932,
            24.164931
          ],
          [
            120.698676,
            24.164934
          ],
          [
            120.698424,
            24.164939
          ],
          [
            120.698056,
            24.164942
          ],
          [
            120.69793,
            24.164943
          ],
          [
            120.697782,
            24.164942
          ],
          [
            120.69759,
            24.164947
          ],
          [
            120.697517,
            24.164948
          ],
          [
            120.697445,
            24.16495
          ],
          [
            120.696825,
            24.16496
          ],
          [
            120.696786,
            24.164958
          ],
          [
            120.696553,
            24.16496
          ],
          [
            120.696304,
            24.164962
          ],
          [
            120.696198,
            24.164975
          ],
          [
            120.695524,
            24.164975
          ],
          [
            120.69546,
            24.164974
          ],
          [
            120.695373,
            24.164974
          ],
          [
            120.695274,
            24.164974
          ],
          [
            120.694755,
            24.164977
          ],
          [
            120.694512,
            24.164978
          ],
          [
            120.694465,
            24.164979
          ],
          [
            120.694282,
            24.164933
          ],
          [
            120.694422,
            24.164909
          ],
          [
            120.695204,
            24.164903
          ],
          [
            120.695273,
            24.164904
          ],
          [
            120.695373,
            24.164904
          ],
          [
            120.695458,
            24.164905
          ],
          [
            120.696196,
            24.164901
          ],
          [
            120.696511,
            24.164897
          ],
          [
            120.696784,
            24.164887
          ],
          [
            120.696786,
            24.164958
          ],
          [
            120.696553,
            24.16496
          ],
          [
            120.696486,
            24.164961
          ],
          [
            120.696304,
            24.164962
          ],
          [
            120.696198,
            24.164975
          ],
          [
            120.695524,
            24.164975
          ],
          [
            120.69546,
            24.164974
          ],
          [
            120.695373,
            24.164974
          ],
          [
            120.695274,
            24.164974
          ],
          [
            120.694512,
            24.164978
          ],
          [
            120.694465,
            24.164979
          ],
          [
            120.694282,
            24.164933
          ],
          [
            120.694422,
            24.164909
          ],
          [
            120.694498,
            24.164908
          ],
          [
            120.695204,
            24.164903
          ],
          [
            120.695273,
            24.164904
          ],
          [
            120.695373,
            24.164904
          ],
          [
            120.695373,
            24.164974
          ],
          [
            120.695274,
            24.164974
          ],
          [
            120.694755,
            24.164977
          ],
          [
            120.694512,
            24.164978
          ],
          [
            120.694465,
            24.164979
          ],
          [
            120.694282,
            24.164933
          ],
          [
            120.694422,
            24.164909
          ],
          [
            120.695204,
            24.164903
          ],
          [
            120.695273,
            24.164904
          ],
          [
            120.695373,
            24.164904
          ],
          [
            120.695458,
            24.164905
          ],
          [
            120.69554,
            24.164905
          ],
          [
            120.696196,
            24.164901
          ],
          [
            120.696198,
            24.164975
          ],
          [
            120.695524,
            24.164975
          ],
          [
            120.69546,
            24.164974
          ],
          [
            120.695373,
            24.164974
          ],
          [
            120.695274,
            24.164974
          ],
          [
            120.694512,
            24.164978
          ],
          [
            120.694465,
            24.164979
          ],
          [
            120.694282,
            24.164933
          ],
          [
            120.694422,
            24.164909
          ],
          [
            120.694498,
            24.164908
          ],
          [
            120.695204,
            24.164903
          ],
          [
            120.695273,
            24.164904
          ],
          [
            120.695373,
            24.164904
          ],
          [
            120.695458,
            24.164905
          ],
          [
            120.695788,
            24.164903
          ],
          [
            120.696196,
            24.164901
          ],
          [
            120.696198,
            24.164975
          ],
          [
            120.695524,
            24.164975
          ],
          [
            120.69546,
            24.164974
          ],
          [
            120.695373,
            24.164974
          ],
          [
            120.695373,
            24.164904
          ],
          [
            120.695458,
            24.164905
          ],
          [
            120.69554,
            24.164905
          ],
          [
            120.696151,
            24.164901
          ],
          [
            120.696196,
            24.164901
          ],
          [
            120.696198,
            24.164975
          ],
          [
            120.695524,
            24.164975
          ],
          [
            120.69546,
            24.164974
          ],
          [
            120.695373,
            24.164974
          ],
          [
            120.695373,
            24.164904
          ],
          [
            120.695458,
            24.164905
          ],
          [
            120.695788,
            24.164903
          ],
          [
            120.696196,
            24.164901
          ],
          [
            120.696511,
            24.164897
          ],
          [
            120.696784,
            24.164887
          ],
          [
            120.696837,
            24.164886
          ],
          [
            120.697225,
            24.164882
          ],
          [
            120.697219,
            24.164711
          ],
          [
            120.697225,
            24.164882
          ],
          [
            120.697444,
            24.164882
          ],
          [
            120.697517,
            24.164881
          ],
          [
            120.69759,
            24.16488
          ],
          [
            120.697781,
            24.164877
          ],
          [
            120.697929,
            24.164876
          ],
          [
            120.698055,
            24.16487
          ],
          [
            120.698672,
            24.164864
          ],
          [
            120.698816,
            24.164858
          ],
          [
            120.698876,
            24.164862
          ],
          [
            120.698852,
            24.164706
          ],
          [
            120.698876,
            24.164862
          ],
          [
            120.699435,
            24.164848
          ],
          [
            120.699587,
            24.164843
          ],
          [
            120.699596,
            24.164914
          ],
          [
            120.699442,
            24.164917
          ],
          [
            120.698932,
            24.164931
          ],
          [
            120.698676,
            24.164934
          ],
          [
            120.698424,
            24.164939
          ],
          [
            120.698056,
            24.164942
          ],
          [
            120.69793,
            24.164943
          ],
          [
            120.697782,
            24.164942
          ],
          [
            120.69759,
            24.164947
          ],
          [
            120.697517,
            24.164948
          ],
          [
            120.697445,
            24.16495
          ],
          [
            120.696825,
            24.16496
          ],
          [
            120.696786,
            24.164958
          ],
          [
            120.696553,
            24.16496
          ],
          [
            120.696304,
            24.164962
          ],
          [
            120.696198,
            24.164975
          ],
          [
            120.695524,
            24.164975
          ],
          [
            120.69546,
            24.164974
          ],
          [
            120.695373,
            24.164974
          ],
          [
            120.695373,
            24.164904
          ],
          [
            120.695458,
            24.164905
          ],
          [
            120.696151,
            24.164901
          ],
          [
            120.696196,
            24.164901
          ],
          [
            120.696511,
            24.164897
          ],
          [
            120.696784,
            24.164887
          ],
          [
            120.696837,
            24.164886
          ],
          [
            120.697225,
            24.164882
          ],
          [
            120.697219,
            24.164711
          ],
          [
            120.697225,
            24.164882
          ],
          [
            120.697444,
            24.164882
          ],
          [
            120.697517,
            24.164881
          ],
          [
            120.69759,
            24.16488
          ],
          [
            120.697781,
            24.164877
          ],
          [
            120.697929,
            24.164876
          ],
          [
            120.698055,
            24.16487
          ],
          [
            120.698672,
            24.164864
          ],
          [
            120.698816,
            24.164858
          ],
          [
            120.698876,
            24.164862
          ],
          [
            120.699435,
            24.164848
          ],
          [
            120.699587,
            24.164843
          ],
          [
            120.699573,
            24.164727
          ],
          [
            120.699548,
            24.164566
          ],
          [
            120.699431,
            24.16458
          ],
          [
            120.699548,
            24.164566
          ],
          [
            120.699573,
            24.164727
          ],
          [
            120.699587,
            24.164843
          ],
          [
            120.699596,
            24.164914
          ],
          [
            120.699442,
            24.164917
          ],
          [
            120.698932,
            24.164931
          ],
          [
            120.698676,
            24.164934
          ],
          [
            120.698424,
            24.164939
          ],
          [
            120.698056,
            24.164942
          ],
          [
            120.69793,
            24.164943
          ],
          [
            120.697929,
            24.164876
          ],
          [
            120.698055,
            24.16487
          ],
          [
            120.698672,
            24.164864
          ],
          [
            120.698816,
            24.164858
          ],
          [
            120.698876,
            24.164862
          ],
          [
            120.698852,
            24.164706
          ],
          [
            120.698876,
            24.164862
          ],
          [
            120.699435,
            24.164848
          ],
          [
            120.699587,
            24.164843
          ],
          [
            120.699573,
            24.164727
          ],
          [
            120.699548,
            24.164566
          ],
          [
            120.699513,
            24.164306
          ],
          [
            120.69941,
            24.164319
          ],
          [
            120.699513,
            24.164306
          ],
          [
            120.699548,
            24.164566
          ],
          [
            120.699573,
            24.164727
          ],
          [
            120.699587,
            24.164843
          ],
          [
            120.699596,
            24.164914
          ],
          [
            120.699614,
            24.165051
          ],
          [
            120.699696,
            24.165653
          ],
          [
            120.699703,
            24.165709
          ],
          [
            120.699735,
            24.165954
          ],
          [
            120.699765,
            24.166174
          ],
          [
            120.699951,
            24.167576
          ],
          [
            120.699464,
            24.167597
          ],
          [
            120.698984,
            24.167856
          ],
          [
            120.698914,
            24.167894
          ],
          [
            120.698853,
            24.16793
          ],
          [
            120.698523,
            24.168124
          ],
          [
            120.698853,
            24.16793
          ],
          [
            120.698914,
            24.167894
          ],
          [
            120.698984,
            24.167856
          ],
          [
            120.699464,
            24.167597
          ],
          [
            120.699951,
            24.167576
          ],
          [
            120.699765,
            24.166174
          ],
          [
            120.699735,
            24.165954
          ],
          [
            120.699703,
            24.165709
          ],
          [
            120.699696,
            24.165653
          ],
          [
            120.699614,
            24.165051
          ],
          [
            120.699596,
            24.164914
          ],
          [
            120.699587,
            24.164843
          ],
          [
            120.699573,
            24.164727
          ],
          [
            120.699548,
            24.164566
          ],
          [
            120.699431,
            24.16458
          ],
          [
            120.699548,
            24.164566
          ],
          [
            120.699573,
            24.164727
          ],
          [
            120.699587,
            24.164843
          ],
          [
            120.699596,
            24.164914
          ],
          [
            120.699614,
            24.165051
          ],
          [
            120.699696,
            24.165653
          ],
          [
            120.699703,
            24.165709
          ],
          [
            120.699735,
            24.165954
          ],
          [
            120.699765,
            24.166174
          ],
          [
            120.699414,
            24.166255
          ],
          [
            120.699765,
            24.166174
          ],
          [
            120.699951,
            24.167576
          ],
          [
            120.699464,
            24.167597
          ],
          [
            120.698984,
            24.167856
          ],
          [
            120.698914,
            24.167894
          ],
          [
            120.698853,
            24.16793
          ],
          [
            120.698285,
            24.168264
          ],
          [
            120.698168,
            24.168335
          ],
          [
            120.698285,
            24.168264
          ],
          [
            120.698853,
            24.16793
          ],
          [
            120.698914,
            24.167894
          ],
          [
            120.698984,
            24.167856
          ],
          [
            120.699464,
            24.167597
          ],
          [
            120.699951,
            24.167576
          ],
          [
            120.699765,
            24.166174
          ],
          [
            120.699076,
            24.166334
          ],
          [
            120.699765,
            24.166174
          ],
          [
            120.699735,
            24.165954
          ],
          [
            120.699703,
            24.165709
          ],
          [
            120.699696,
            24.165653
          ],
          [
            120.699614,
            24.165051
          ],
          [
            120.699596,
            24.164914
          ],
          [
            120.699587,
            24.164843
          ],
          [
            120.699573,
            24.164727
          ],
          [
            120.699548,
            24.164566
          ],
          [
            120.699513,
            24.164306
          ],
          [
            120.69941,
            24.164319
          ],
          [
            120.699513,
            24.164306
          ],
          [
            120.699548,
            24.164566
          ],
          [
            120.699573,
            24.164727
          ],
          [
            120.699587,
            24.164843
          ],
          [
            120.699596,
            24.164914
          ],
          [
            120.699442,
            24.164917
          ],
          [
            120.698932,
            24.164931
          ],
          [
            120.698676,
            24.164934
          ],
          [
            120.698424,
            24.164939
          ],
          [
            120.698442,
            24.165424
          ],
          [
            120.698452,
            24.165538
          ],
          [
            120.698493,
            24.165648
          ],
          [
            120.698446,
            24.165886
          ],
          [
            120.698427,
            24.166262
          ],
          [
            120.698432,
            24.166431
          ],
          [
            120.698469,
            24.166569
          ],
          [
            120.698147,
            24.166741
          ],
          [
            120.698231,
            24.166867
          ],
          [
            120.698147,
            24.166741
          ],
          [
            120.698469,
            24.166569
          ],
          [
            120.698658,
            24.166465
          ],
          [
            120.698716,
            24.166417
          ],
          [
            120.699414,
            24.166255
          ],
          [
            120.699076,
            24.166334
          ],
          [
            120.698716,
            24.166417
          ],
          [
            120.698658,
            24.166465
          ],
          [
            120.698469,
            24.166569
          ],
          [
            120.698147,
            24.166741
          ],
          [
            120.697971,
            24.166449
          ],
          [
            120.698147,
            24.166741
          ],
          [
            120.698231,
            24.166867
          ],
          [
            120.698147,
            24.166741
          ],
          [
            120.697642,
            24.165905
          ],
          [
            120.697531,
            24.165721
          ],
          [
            120.697354,
            24.165819
          ],
          [
            120.697531,
            24.165721
          ],
          [
            120.697971,
            24.166449
          ],
          [
            120.697531,
            24.165721
          ],
          [
            120.697134,
            24.16594
          ],
          [
            120.697056,
            24.165819
          ],
          [
            120.697134,
            24.16594
          ],
          [
            120.697531,
            24.165721
          ],
          [
            120.697642,
            24.165905
          ],
          [
            120.698147,
            24.166741
          ],
          [
            120.697851,
            24.166926
          ],
          [
            120.697562,
            24.167088
          ],
          [
            120.69734,
            24.166746
          ],
          [
            120.697472,
            24.16695
          ],
          [
            120.696896,
            24.166063
          ],
          [
            120.697134,
            24.16594
          ],
          [
            120.697354,
            24.165819
          ],
          [
            120.697134,
            24.16594
          ],
          [
            120.697056,
            24.165819
          ],
          [
            120.697134,
            24.16594
          ],
          [
            120.697531,
            24.165721
          ],
          [
            120.698147,
            24.166741
          ],
          [
            120.698408,
            24.167135
          ],
          [
            120.698685,
            24.16755
          ],
          [
            120.698819,
            24.167472
          ],
          [
            120.698685,
            24.16755
          ],
          [
            120.698408,
            24.167135
          ],
          [
            120.698147,
            24.166741
          ],
          [
            120.697851,
            24.166926
          ],
          [
            120.697562,
            24.167088
          ],
          [
            120.69734,
            24.166746
          ],
          [
            120.697472,
            24.16695
          ],
          [
            120.697562,
            24.167088
          ],
          [
            120.697851,
            24.166926
          ],
          [
            120.698147,
            24.166741
          ],
          [
            120.698408,
            24.167135
          ],
          [
            120.698967,
            24.166829
          ],
          [
            120.699229,
            24.167235
          ],
          [
            120.699392,
            24.167487
          ],
          [
            120.699229,
            24.167235
          ],
          [
            120.699343,
            24.167168
          ],
          [
            120.699229,
            24.167235
          ],
          [
            120.698967,
            24.166829
          ],
          [
            120.699083,
            24.166767
          ],
          [
            120.698967,
            24.166829
          ],
          [
            120.699229,
            24.167235
          ],
          [
            120.699048,
            24.167338
          ],
          [
            120.698819,
            24.167472
          ],
          [
            120.699048,
            24.167338
          ],
          [
            120.699229,
            24.167235
          ],
          [
            120.699392,
            24.167487
          ],
          [
            120.699229,
            24.167235
          ],
          [
            120.699343,
            24.167168
          ],
          [
            120.699229,
            24.167235
          ],
          [
            120.698967,
            24.166829
          ],
          [
            120.698716,
            24.166417
          ],
          [
            120.698658,
            24.166465
          ],
          [
            120.698469,
            24.166569
          ],
          [
            120.698432,
            24.166431
          ],
          [
            120.698427,
            24.166262
          ],
          [
            120.698446,
            24.165886
          ],
          [
            120.698455,
            24.165843
          ],
          [
            120.698446,
            24.165886
          ],
          [
            120.698427,
            24.166262
          ],
          [
            120.698432,
            24.166431
          ],
          [
            120.698469,
            24.166569
          ],
          [
            120.698658,
            24.166465
          ],
          [
            120.698716,
            24.166417
          ],
          [
            120.698967,
            24.166829
          ],
          [
            120.699083,
            24.166767
          ],
          [
            120.698967,
            24.166829
          ],
          [
            120.698716,
            24.166417
          ],
          [
            120.698658,
            24.166465
          ],
          [
            120.698469,
            24.166569
          ],
          [
            120.698432,
            24.166431
          ],
          [
            120.698427,
            24.166262
          ],
          [
            120.698432,
            24.166163
          ],
          [
            120.698446,
            24.165886
          ],
          [
            120.698455,
            24.165843
          ],
          [
            120.698446,
            24.165886
          ],
          [
            120.698432,
            24.166163
          ]
        ]
      },
      "properties": {
        "routeId": "taichung-883-vc-f47579-d2",
        "city": "taichung",
        "source_file": "taichung/taichung-883-vc-f47579-d2.geojson",
        "distance_km": 39.309000000000005,
        "duration_min": 96.95151666666668,
        "valhalla_config": "valhalla.json"
      }
    }
  ]
}