{
  "type": "FeatureCollection",
  "features": [
    {
      "type": "Feature",
      "geometry": {
        "type": "LineString",
        "coordinates": [
          [
            120.700164,
            24.183193
          ],
          [
            120.700311,
            24.183298
          ],
          [
            120.700905,
            24.183724
          ],
          [
            120.700894,
            24.183535
          ],
          [
            120.70086,
            24.18318
          ],
          [
            120.700839,
            24.183042
          ],
          [
            120.700977,
            24.183037
          ],
          [
            120.701167,
            24.18303
          ],
          [
            120.70138,
            24.183072
          ],
          [
            120.701413,
            24.183533
          ],
          [
            120.701436,
            24.183853
          ],
          [
            120.701455,
            24.184118
          ],
          [
            120.702033,
            24.184532
          ],
          [
            120.702102,
            24.184536
          ],
          [
            120.702194,
            24.184529
          ],
          [
            120.702175,
            24.184385
          ],
          [
            120.702157,
            24.184251
          ],
          [
            120.70213,
            24.184057
          ],
          [
            120.702039,
            24.183387
          ],
          [
            120.701985,
            24.182986
          ],
          [
            120.701975,
            24.182905
          ],
          [
            120.7019,
            24.18231
          ],
          [
            120.701877,
            24.182166
          ],
          [
            120.701762,
            24.182175
          ],
          [
            120.701708,
            24.182181
          ],
          [
            120.70156,
            24.182217
          ],
          [
            120.701492,
            24.182233
          ],
          [
            120.700766,
            24.182401
          ],
          [
            120.700783,
            24.18255
          ],
          [
            120.700766,
            24.182401
          ],
          [
            120.700569,
            24.182447
          ],
          [
            120.699916,
            24.1826
          ],
          [
            120.699624,
            24.182669
          ],
          [
            120.699454,
            24.182712
          ],
          [
            120.69935,
            24.182637
          ],
          [
            120.699285,
            24.182584
          ],
          [
            120.699257,
            24.182562
          ],
          [
            120.699145,
            24.182437
          ],
          [
            120.698987,
            24.18222
          ],
          [
            120.698828,
            24.181896
          ],
          [
            120.698752,
            24.181707
          ],
          [
            120.698689,
            24.181493
          ],
          [
            120.698647,
            24.181348
          ],
          [
            120.698564,
            24.181161
          ],
          [
            120.698447,
            24.18108
          ],
          [
            120.69834,
            24.180985
          ],
          [
            120.69821,
            24.180872
          ],
          [
            120.698041,
            24.180825
          ],
          [
            120.697658,
            24.180628
          ],
          [
            120.69729,
            24.180419
          ],
          [
            120.697088,
            24.180284
          ],
          [
            120.696913,
            24.180134
          ],
          [
            120.696652,
            24.179847
          ],
          [
            120.696619,
            24.179823
          ],
          [
            120.696584,
            24.179795
          ],
          [
            120.696503,
            24.179732
          ],
          [
            120.696431,
            24.179658
          ],
          [
            120.696033,
            24.179094
          ],
          [
            120.696,
            24.179047
          ],
          [
            120.695965,
            24.178996
          ],
          [
            120.695757,
            24.178694
          ],
          [
            120.695402,
            24.178344
          ],
          [
            120.695063,
            24.178051
          ],
          [
            120.695044,
            24.178034
          ],
          [
            120.694975,
            24.178025
          ],
          [
            120.694894,
            24.178007
          ],
          [
            120.694823,
            24.17799
          ],
          [
            120.694029,
            24.177206
          ],
          [
            120.693885,
            24.177
          ],
          [
            120.693585,
            24.17657
          ],
          [
            120.69351,
            24.176462
          ],
          [
            120.693475,
            24.176404
          ],
          [
            120.693403,
            24.176282
          ],
          [
            120.693282,
            24.176144
          ],
          [
            120.693222,
            24.175954
          ],
          [
            120.693209,
            24.175867
          ],
          [
            120.693193,
            24.175762
          ],
          [
            120.693171,
            24.175598
          ],
          [
            120.693161,
            24.175481
          ],
          [
            120.693157,
            24.17514
          ],
          [
            120.69313,
            24.175006
          ],
          [
            120.693109,
            24.174898
          ],
          [
            120.693157,
            24.174888
          ],
          [
            120.693161,
            24.174888
          ],
          [
            120.693308,
            24.174858
          ],
          [
            120.693322,
            24.174855
          ],
          [
            120.693346,
            24.174851
          ],
          [
            120.693359,
            24.174962
          ],
          [
            120.693398,
            24.17527
          ],
          [
            120.693669,
            24.175218
          ],
          [
            120.693398,
            24.17527
          ],
          [
            120.693415,
            24.175538
          ],
          [
            120.693421,
            24.175638
          ],
          [
            120.694012,
            24.175565
          ],
          [
            120.694603,
            24.175462
          ],
          [
            120.694676,
            24.17545
          ],
          [
            120.694762,
            24.175434
          ],
          [
            120.695472,
            24.175306
          ],
          [
            120.69554,
            24.175294
          ],
          [
            120.695534,
            24.175238
          ],
          [
            120.695485,
            24.174788
          ],
          [
            120.695479,
            24.174507
          ],
          [
            120.695476,
            24.174391
          ],
          [
            120.695486,
            24.173945
          ],
          [
            120.695466,
            24.17359
          ],
          [
            120.695461,
            24.173499
          ],
          [
            120.695435,
            24.172863
          ],
          [
            120.695385,
            24.172359
          ],
          [
            120.695378,
            24.172296
          ],
          [
            120.695373,
            24.172236
          ],
          [
            120.695367,
            24.172174
          ],
          [
            120.695332,
            24.171701
          ],
          [
            120.695868,
            24.171645
          ],
          [
            120.696283,
            24.171602
          ],
          [
            120.696313,
            24.171865
          ],
          [
            120.696348,
            24.172175
          ],
          [
            120.696558,
            24.172155
          ],
          [
            120.696653,
            24.172146
          ],
          [
            120.69666,
            24.172234
          ],
          [
            120.696697,
            24.172716
          ],
          [
            120.696719,
            24.172963
          ],
          [
            120.69674,
            24.173169
          ],
          [
            120.696758,
            24.173337
          ],
          [
            120.696842,
            24.173272
          ],
          [
            120.696908,
            24.173222
          ],
          [
            120.69703,
            24.173159
          ],
          [
            120.69715,
            24.17311
          ],
          [
            120.697332,
            24.173055
          ],
          [
            120.697666,
            24.17297
          ],
          [
            120.697909,
            24.172915
          ],
          [
            120.697731,
            24.172661
          ],
          [
            120.697635,
            24.172506
          ],
          [
            120.697731,
            24.172661
          ],
          [
            120.697909,
            24.172915
          ],
          [
            120.697992,
            24.172919
          ],
          [
            120.698084,
            24.172935
          ],
          [
            120.698162,
            24.172941
          ],
          [
            120.698243,
            24.17294
          ],
          [
            120.698243,
            24.172786
          ],
          [
            120.698241,
            24.172767
          ],
          [
            120.698265,
            24.172037
          ],
          [
            120.698265,
            24.171668
          ],
          [
            120.69825,
            24.17158
          ],
          [
            120.698236,
            24.17151
          ],
          [
            120.69821,
            24.171418
          ],
          [
            120.698178,
            24.171325
          ],
          [
            120.698144,
            24.171236
          ],
          [
            120.698103,
            24.17114
          ],
          [
            120.698042,
            24.171027
          ],
          [
            120.697952,
            24.170867
          ],
          [
            120.697786,
            24.170572
          ],
          [
            120.697706,
            24.170427
          ],
          [
            120.697802,
            24.170394
          ],
          [
            120.697932,
            24.170368
          ],
          [
            120.698592,
            24.17029
          ],
          [
            120.698781,
            24.170271
          ],
          [
            120.698856,
            24.170264
          ],
          [
            120.699028,
            24.170251
          ],
          [
            120.699366,
            24.170224
          ],
          [
            120.699534,
            24.170204
          ],
          [
            120.699658,
            24.170188
          ],
          [
            120.700259,
            24.170126
          ],
          [
            120.70028,
            24.170276
          ],
          [
            120.700259,
            24.170126
          ],
          [
            120.700524,
            24.170094
          ],
          [
            120.700693,
            24.170072
          ],
          [
            120.7008,
            24.170059
          ],
          [
            120.700741,
            24.169506
          ],
          [
            120.700732,
            24.169431
          ],
          [
            120.700698,
            24.169148
          ],
          [
            120.700602,
            24.16847
          ],
          [
            120.700493,
            24.16765
          ],
          [
            120.700217,
            24.165735
          ],
          [
            120.700151,
            24.1651
          ],
          [
            120.700135,
            24.164936
          ],
          [
            120.699691,
            24.164951
          ],
          [
            120.699596,
            24.164914
          ],
          [
            120.699587,
            24.164843
          ],
          [
            120.699573,
            24.164727
          ],
          [
            120.699548,
            24.164566
          ],
          [
            120.699513,
            24.164306
          ],
          [
            120.699463,
            24.163996
          ],
          [
            120.699422,
            24.163633
          ],
          [
            120.699382,
            24.163298
          ],
          [
            120.699375,
            24.163243
          ],
          [
            120.699366,
            24.163174
          ],
          [
            120.699297,
            24.162696
          ],
          [
            120.699243,
            24.16234
          ],
          [
            120.699198,
            24.161985
          ],
          [
            120.698403,
            24.162097
          ],
          [
            120.697545,
            24.162178
          ],
          [
            120.697578,
            24.162386
          ],
          [
            120.696371,
            24.162528
          ],
          [
            120.696249,
            24.162542
          ],
          [
            120.696306,
            24.162948
          ],
          [
            120.695791,
            24.162987
          ],
          [
            120.69537,
            24.163038
          ],
          [
            120.694931,
            24.163118
          ],
          [
            120.694954,
            24.163213
          ],
          [
            120.694931,
            24.163118
          ],
          [
            120.69537,
            24.163038
          ],
          [
            120.695354,
            24.162922
          ],
          [
            120.69537,
            24.163038
          ],
          [
            120.695791,
            24.162987
          ],
          [
            120.69599,
            24.162972
          ],
          [
            120.69611,
            24.162963
          ],
          [
            120.696306,
            24.162948
          ],
          [
            120.696541,
            24.162932
          ],
          [
            120.696781,
            24.162915
          ],
          [
            120.697477,
            24.162867
          ],
          [
            120.697518,
            24.162874
          ],
          [
            120.697567,
            24.162884
          ],
          [
            120.697629,
            24.162885
          ],
          [
            120.698402,
            24.162806
          ],
          [
            120.699297,
            24.162696
          ],
          [
            120.699366,
            24.163174
          ],
          [
            120.699375,
            24.163243
          ],
          [
            120.699382,
            24.163298
          ],
          [
            120.699422,
            24.163633
          ],
          [
            120.699463,
            24.163996
          ],
          [
            120.699513,
            24.164306
          ],
          [
            120.699548,
            24.164566
          ],
          [
            120.699573,
            24.164727
          ],
          [
            120.699587,
            24.164843
          ],
          [
            120.69967,
            24.16484
          ],
          [
            120.70012,
            24.164818
          ],
          [
            120.700222,
            24.164811
          ],
          [
            120.700457,
            24.164805
          ],
          [
            120.702143,
            24.164762
          ],
          [
            120.702167,
            24.164761
          ],
          [
            120.702322,
            24.164759
          ],
          [
            120.702489,
            24.164755
          ],
          [
            120.703005,
            24.164746
          ],
          [
            120.704042,
            24.16474
          ],
          [
            120.704362,
            24.164731
          ],
          [
            120.70447,
            24.164728
          ],
          [
            120.70452,
            24.164726
          ],
          [
            120.705544,
            24.164703
          ],
          [
            120.705586,
            24.1647
          ],
          [
            120.705706,
            24.164697
          ],
          [
            120.705822,
            24.164696
          ],
          [
            120.707476,
            24.164669
          ],
          [
            120.70938,
            24.164639
          ],
          [
            120.709696,
            24.164634
          ],
          [
            120.709701,
            24.164634
          ],
          [
            120.71194,
            24.16459
          ],
          [
            120.712818,
            24.164511
          ],
          [
            120.71396,
            24.164325
          ],
          [
            120.714188,
            24.164276
          ],
          [
            120.714422,
            24.164232
          ],
          [
            120.715028,
            24.164113
          ],
          [
            120.714684,
            24.163604
          ],
          [
            120.714656,
            24.163568
          ],
          [
            120.714403,
            24.163241
          ],
          [
            120.714332,
            24.163121
          ],
          [
            120.714223,
            24.162957
          ],
          [
            120.714201,
            24.162918
          ],
          [
            120.714179,
            24.16288
          ],
          [
            120.714097,
            24.162639
          ],
          [
            120.714094,
            24.162629
          ],
          [
            120.714064,
            24.162545
          ],
          [
            120.713926,
            24.162147
          ],
          [
            120.713882,
            24.162
          ],
          [
            120.71378,
            24.161603
          ],
          [
            120.713697,
            24.161333
          ],
          [
            120.71352,
            24.16082
          ],
          [
            120.713469,
            24.160683
          ],
          [
            120.714091,
            24.160565
          ],
          [
            120.715016,
            24.160374
          ],
          [
            120.715697,
            24.160233
          ],
          [
            120.715739,
            24.160223
          ],
          [
            120.715927,
            24.160176
          ],
          [
            120.717862,
            24.159743
          ],
          [
            120.717938,
            24.159722
          ],
          [
            120.71817,
            24.159701
          ],
          [
            120.718285,
            24.159689
          ],
          [
            120.718536,
            24.159616
          ],
          [
            120.718648,
            24.159583
          ],
          [
            120.718815,
            24.159535
          ],
          [
            120.71892,
            24.159504
          ],
          [
            120.719003,
            24.159479
          ],
          [
            120.719143,
            24.159439
          ],
          [
            120.719282,
            24.159398
          ],
          [
            120.720603,
            24.15908
          ],
          [
            120.72135,
            24.158893
          ],
          [
            120.722612,
            24.158653
          ],
          [
            120.722671,
            24.15865
          ],
          [
            120.724108,
            24.158592
          ],
          [
            120.724823,
            24.158587
          ],
          [
            120.724888,
            24.158428
          ],
          [
            120.724823,
            24.158587
          ],
          [
            120.725512,
            24.158764
          ],
          [
            120.725854,
            24.158879
          ],
          [
            120.726195,
            24.15902
          ],
          [
            120.726944,
            24.15934
          ],
          [
            120.727594,
            24.159645
          ],
          [
            120.727662,
            24.159677
          ],
          [
            120.727761,
            24.159715
          ],
          [
            120.727749,
            24.159802
          ],
          [
            120.727711,
            24.160094
          ],
          [
            120.727677,
            24.160487
          ],
          [
            120.727677,
            24.16057
          ],
          [
            120.727673,
            24.16075
          ],
          [
            120.72767,
            24.160855
          ],
          [
            120.727674,
            24.160931
          ],
          [
            120.727677,
            24.160996
          ],
          [
            120.727557,
            24.161011
          ],
          [
            120.727484,
            24.161031
          ],
          [
            120.727168,
            24.161121
          ],
          [
            120.723696,
            24.162026
          ],
          [
            120.723208,
            24.16216
          ],
          [
            120.722683,
            24.162306
          ],
          [
            120.722457,
            24.162408
          ],
          [
            120.721924,
            24.162556
          ],
          [
            120.721585,
            24.162651
          ],
          [
            120.720547,
            24.162871
          ],
          [
            120.720076,
            24.162993
          ],
          [
            120.719545,
            24.163126
          ],
          [
            120.719218,
            24.163209
          ],
          [
            120.718251,
            24.163448
          ],
          [
            120.717184,
            24.163696
          ],
          [
            120.716554,
            24.163868
          ],
          [
            120.715135,
            24.164215
          ],
          [
            120.715028,
            24.164113
          ],
          [
            120.716568,
            24.163714
          ],
          [
            120.716948,
            24.163616
          ],
          [
            120.717122,
            24.163571
          ],
          [
            120.719156,
            24.163073
          ],
          [
            120.719495,
            24.162978
          ],
          [
            120.719505,
            24.163035
          ],
          [
            120.719545,
            24.163126
          ],
          [
            120.719218,
            24.163209
          ],
          [
            120.718251,
            24.163448
          ],
          [
            120.717184,
            24.163696
          ],
          [
            120.716554,
            24.163868
          ],
          [
            120.715135,
            24.164215
          ],
          [
            120.715028,
            24.164113
          ],
          [
            120.714684,
            24.163604
          ],
          [
            120.714656,
            24.163568
          ],
          [
            120.714403,
            24.163241
          ],
          [
            120.714332,
            24.163121
          ],
          [
            120.714223,
            24.162957
          ],
          [
            120.714201,
            24.162918
          ],
          [
            120.714179,
            24.16288
          ],
          [
            120.71414,
            24.162766
          ],
          [
            120.714179,
            24.16288
          ],
          [
            120.714201,
            24.162918
          ],
          [
            120.714223,
            24.162957
          ],
          [
            120.714332,
            24.163121
          ],
          [
            120.714403,
            24.163241
          ],
          [
            120.714656,
            24.163568
          ],
          [
            120.714684,
            24.163604
          ],
          [
            120.715028,
            24.164113
          ],
          [
            120.715135,
            24.164215
          ],
          [
            120.715549,
            24.164658
          ],
          [
            120.715856,
            24.165081
          ],
          [
            120.716031,
            24.16531
          ],
          [
            120.716495,
            24.165944
          ],
          [
            120.717057,
            24.166705
          ],
          [
            120.717228,
            24.166932
          ],
          [
            120.717415,
            24.167189
          ],
          [
            120.717779,
            24.167793
          ],
          [
            120.717912,
            24.168025
          ],
          [
            120.718198,
            24.168504
          ],
          [
            120.718331,
            24.168861
          ],
          [
            120.718397,
            24.169082
          ],
          [
            120.718442,
            24.16931
          ],
          [
            120.718475,
            24.169517
          ],
          [
            120.718497,
            24.169696
          ],
          [
            120.718521,
            24.169932
          ],
          [
            120.718545,
            24.170135
          ],
          [
            120.718694,
            24.171454
          ],
          [
            120.718835,
            24.172657
          ],
          [
            120.719007,
            24.174101
          ],
          [
            120.719022,
            24.174273
          ],
          [
            120.719093,
            24.174959
          ],
          [
            120.719195,
            24.175837
          ],
          [
            120.719752,
            24.175889
          ],
          [
            120.720172,
            24.175915
          ],
          [
            120.720815,
            24.175951
          ],
          [
            120.721039,
            24.175958
          ],
          [
            120.721374,
            24.175977
          ],
          [
            120.722285,
            24.176029
          ],
          [
            120.722507,
            24.176041
          ],
          [
            120.722557,
            24.176043
          ],
          [
            120.722604,
            24.176046
          ],
          [
            120.722978,
            24.176069
          ],
          [
            120.72401,
            24.17614
          ],
          [
            120.724412,
            24.176169
          ],
          [
            120.724726,
            24.176189
          ],
          [
            120.725294,
            24.176228
          ],
          [
            120.725466,
            24.176251
          ],
          [
            120.725934,
            24.176334
          ],
          [
            120.726115,
            24.176366
          ],
          [
            120.726975,
            24.176518
          ],
          [
            120.727359,
            24.176592
          ],
          [
            120.72766,
            24.176657
          ],
          [
            120.728667,
            24.176869
          ],
          [
            120.728766,
            24.176886
          ],
          [
            120.729393,
            24.176995
          ],
          [
            120.729925,
            24.177079
          ],
          [
            120.730135,
            24.177116
          ],
          [
            120.730273,
            24.177145
          ],
          [
            120.730394,
            24.177172
          ],
          [
            120.730261,
            24.177348
          ],
          [
            120.730208,
            24.177405
          ],
          [
            120.729735,
            24.177839
          ],
          [
            120.729239,
            24.17829
          ],
          [
            120.728988,
            24.17852
          ],
          [
            120.72875,
            24.178742
          ],
          [
            120.728551,
            24.178918
          ],
          [
            120.728338,
            24.179081
          ],
          [
            120.728178,
            24.179199
          ],
          [
            120.728101,
            24.179255
          ],
          [
            120.727862,
            24.179419
          ],
          [
            120.727516,
            24.179658
          ],
          [
            120.727173,
            24.179882
          ],
          [
            120.72692,
            24.180024
          ],
          [
            120.7265,
            24.180242
          ],
          [
            120.726146,
            24.180422
          ],
          [
            120.726068,
            24.180461
          ],
          [
            120.726024,
            24.180488
          ],
          [
            120.725912,
            24.180539
          ],
          [
            120.72562,
            24.180671
          ],
          [
            120.725564,
            24.180696
          ],
          [
            120.725722,
            24.180906
          ],
          [
            120.725945,
            24.180998
          ],
          [
            120.725945,
            24.180998
          ],
          [
            120.725722,
            24.180906
          ],
          [
            120.725564,
            24.180696
          ],
          [
            120.725365,
            24.180779
          ],
          [
            120.725046,
            24.180925
          ],
          [
            120.724812,
            24.181037
          ],
          [
            120.724485,
            24.181185
          ],
          [
            120.724406,
            24.181222
          ],
          [
            120.724345,
            24.181247
          ],
          [
            120.724061,
            24.181366
          ],
          [
            120.723901,
            24.181426
          ],
          [
            120.72374,
            24.181478
          ],
          [
            120.723124,
            24.181683
          ],
          [
            120.723047,
            24.181707
          ],
          [
            120.72298,
            24.181726
          ],
          [
            120.722662,
            24.181817
          ],
          [
            120.72241,
            24.181886
          ],
          [
            120.722221,
            24.181903
          ],
          [
            120.721962,
            24.181942
          ],
          [
            120.721856,
            24.181955
          ],
          [
            120.721515,
            24.182
          ],
          [
            120.721417,
            24.18201
          ],
          [
            120.720748,
            24.18208
          ],
          [
            120.720174,
            24.182139
          ],
          [
            120.719736,
            24.182168
          ],
          [
            120.719602,
            24.182185
          ],
          [
            120.719464,
            24.182205
          ],
          [
            120.719437,
            24.182329
          ],
          [
            120.719359,
            24.182774
          ],
          [
            120.719294,
            24.183109
          ],
          [
            120.719227,
            24.183377
          ],
          [
            120.719172,
            24.183681
          ],
          [
            120.719023,
            24.184424
          ],
          [
            120.718899,
            24.185117
          ],
          [
            120.718866,
            24.185302
          ],
          [
            120.718854,
            24.185359
          ],
          [
            120.718712,
            24.186051
          ],
          [
            120.71851,
            24.186043
          ],
          [
            120.718383,
            24.186048
          ],
          [
            120.718283,
            24.18598
          ],
          [
            120.718135,
            24.185864
          ],
          [
            120.71805,
            24.185808
          ],
          [
            120.717932,
            24.185779
          ],
          [
            120.717862,
            24.185786
          ],
          [
            120.717806,
            24.18582
          ],
          [
            120.717754,
            24.185918
          ],
          [
            120.717735,
            24.186012
          ],
          [
            120.71774,
            24.186227
          ],
          [
            120.71774,
            24.186273
          ],
          [
            120.717688,
            24.186316
          ],
          [
            120.717594,
            24.186291
          ],
          [
            120.717355,
            24.186256
          ],
          [
            120.71706,
            24.186238
          ],
          [
            120.716757,
            24.186234
          ],
          [
            120.716761,
            24.186184
          ],
          [
            120.716607,
            24.186184
          ],
          [
            120.716761,
            24.186184
          ],
          [
            120.716757,
            24.186234
          ],
          [
            120.71706,
            24.186238
          ],
          [
            120.717355,
            24.186256
          ],
          [
            120.717594,
            24.186291
          ],
          [
            120.717688,
            24.186316
          ],
          [
            120.71774,
            24.186273
          ],
          [
            120.71774,
            24.186227
          ],
          [
            120.717735,
            24.186012
          ],
          [
            120.717754,
            24.185918
          ],
          [
            120.717806,
            24.18582
          ],
          [
            120.717862,
            24.185786
          ],
          [
            120.717932,
            24.185779
          ],
          [
            120.71805,
            24.185808
          ],
          [
            120.718135,
            24.185864
          ],
          [
            120.718283,
            24.18598
          ],
          [
            120.718383,
            24.186048
          ],
          [
            120.71851,
            24.186043
          ],
          [
            120.718712,
            24.186051
          ],
          [
            120.718854,
            24.185359
          ],
          [
            120.718866,
            24.185302
          ],
          [
            120.718899,
            24.185117
          ],
          [
            120.719023,
            24.184424
          ],
          [
            120.719172,
            24.183681
          ],
          [
            120.719227,
            24.183377
          ],
          [
            120.719654,
            24.18345
          ],
          [
            120.720183,
            24.183456
          ],
          [
            120.720397,
            24.183397
          ],
          [
            120.720337,
            24.183167
          ],
          [
            120.720397,
            24.183397
          ],
          [
            120.720183,
            24.183456
          ],
          [
            120.719654,
            24.18345
          ],
          [
            120.719227,
            24.183377
          ],
          [
            120.719172,
            24.183681
          ],
          [
            120.719023,
            24.184424
          ],
          [
            120.718899,
            24.185117
          ],
          [
            120.718866,
            24.185302
          ],
          [
            120.718854,
            24.185359
          ],
          [
            120.718712,
            24.186051
          ],
          [
            120.71851,
            24.186043
          ],
          [
            120.718383,
            24.186048
          ],
          [
            120.718283,
            24.18598
          ],
          [
            120.718135,
            24.185864
          ],
          [
            120.71805,
            24.185808
          ],
          [
            120.717932,
            24.185779
          ],
          [
            120.717862,
            24.185786
          ],
          [
            120.717862,
            24.185786
          ],
          [
            120.717862,
            24.185786
          ],
          [
            120.717932,
            24.185779
          ],
          [
            120.71805,
            24.185808
          ],
          [
            120.718135,
            24.185864
          ],
          [
            120.718283,
            24.18598
          ],
          [
            120.718383,
            24.186048
          ],
          [
            120.71851,
            24.186043
          ],
          [
            120.718712,
            24.186051
          ],
          [
            120.718854,
            24.185359
          ],
          [
            120.718866,
            24.185302
          ],
          [
            120.718201,
            24.185345
          ],
          [
            120.718021,
            24.185345
          ],
          [
            120.718021,
            24.185345
          ],
          [
            120.71799,
            24.185337
          ],
          [
            120.718021,
            24.185345
          ],
          [
            120.718201,
            24.185345
          ],
          [
            120.718369,
            24.185334
          ],
          [
            120.718866,
            24.185302
          ],
          [
            120.718899,
            24.185117
          ],
          [
            120.719023,
            24.184424
          ],
          [
            120.719172,
            24.183681
          ],
          [
            120.719227,
            24.183377
          ],
          [
            120.719294,
            24.183109
          ],
          [
            120.719359,
            24.182774
          ],
          [
            120.719437,
            24.182329
          ],
          [
            120.719464,
            24.182205
          ],
          [
            120.719493,
            24.182084
          ],
          [
            120.719621,
            24.182077
          ],
          [
            120.719648,
            24.182076
          ],
          [
            120.720206,
            24.182023
          ],
          [
            120.720874,
            24.181949
          ],
          [
            120.721031,
            24.181942
          ],
          [
            120.721344,
            24.181912
          ],
          [
            120.721403,
            24.181904
          ],
          [
            120.721502,
            24.181889
          ],
          [
            120.72178,
            24.18186
          ],
          [
            120.721811,
            24.181899
          ],
          [
            120.721856,
            24.181955
          ],
          [
            120.721882,
            24.182032
          ],
          [
            120.721885,
            24.182041
          ],
          [
            120.721909,
            24.182546
          ],
          [
            120.721872,
            24.182796
          ],
          [
            120.721889,
            24.182915
          ],
          [
            120.721908,
            24.18314
          ],
          [
            120.722249,
            24.185909
          ],
          [
            120.722311,
            24.186487
          ],
          [
            120.722375,
            24.186955
          ],
          [
            120.722413,
            24.187182
          ],
          [
            120.722556,
            24.188541
          ],
          [
            120.722561,
            24.188722
          ],
          [
            120.72236,
            24.188731
          ],
          [
            120.722321,
            24.18819
          ],
          [
            120.72229,
            24.187999
          ],
          [
            120.722215,
            24.187426
          ],
          [
            120.72216,
            24.186965
          ],
          [
            120.722056,
            24.186784
          ],
          [
            120.722011,
            24.186604
          ],
          [
            120.721939,
            24.185929
          ],
          [
            120.721914,
            24.185712
          ],
          [
            120.721875,
            24.185315
          ],
          [
            120.72168,
            24.185459
          ],
          [
            120.721582,
            24.185548
          ],
          [
            120.721535,
            24.185642
          ],
          [
            120.721507,
            24.1858
          ],
          [
            120.721479,
            24.185826
          ],
          [
            120.721291,
            24.185877
          ],
          [
            120.721169,
            24.185916
          ],
          [
            120.720929,
            24.186019
          ],
          [
            120.720816,
            24.186054
          ],
          [
            120.720699,
            24.186067
          ],
          [
            120.720366,
            24.186036
          ],
          [
            120.720366,
            24.186036
          ],
          [
            120.720699,
            24.186067
          ],
          [
            120.720816,
            24.186054
          ],
          [
            120.720929,
            24.186019
          ],
          [
            120.721169,
            24.185916
          ],
          [
            120.721291,
            24.185877
          ],
          [
            120.721479,
            24.185826
          ],
          [
            120.721507,
            24.1858
          ],
          [
            120.721535,
            24.185642
          ],
          [
            120.721582,
            24.185548
          ],
          [
            120.72168,
            24.185459
          ],
          [
            120.721875,
            24.185315
          ],
          [
            120.721601,
            24.182946
          ],
          [
            120.721593,
            24.182736
          ],
          [
            120.721624,
            24.182583
          ],
          [
            120.721526,
            24.182104
          ],
          [
            120.721515,
            24.182
          ],
          [
            120.721417,
            24.18201
          ],
          [
            120.720748,
            24.18208
          ],
          [
            120.720174,
            24.182139
          ],
          [
            120.719736,
            24.182168
          ],
          [
            120.719602,
            24.182185
          ],
          [
            120.719464,
            24.182205
          ],
          [
            120.719437,
            24.182329
          ],
          [
            120.719359,
            24.182774
          ],
          [
            120.719294,
            24.183109
          ],
          [
            120.719227,
            24.183377
          ],
          [
            120.719172,
            24.183681
          ],
          [
            120.719023,
            24.184424
          ],
          [
            120.718899,
            24.185117
          ],
          [
            120.718866,
            24.185302
          ],
          [
            120.718854,
            24.185359
          ],
          [
            120.718712,
            24.186051
          ],
          [
            120.71858,
            24.186847
          ],
          [
            120.718573,
            24.186884
          ],
          [
            120.718493,
            24.18731
          ],
          [
            120.718531,
            24.187105
          ],
          [
            120.718461,
            24.187477
          ],
          [
            120.7184,
            24.187802
          ],
          [
            120.718374,
            24.187932
          ],
          [
            120.718286,
            24.188384
          ],
          [
            120.718184,
            24.188923
          ],
          [
            120.718112,
            24.1893
          ],
          [
            120.718184,
            24.188923
          ],
          [
            120.718286,
            24.188384
          ],
          [
            120.718374,
            24.187932
          ],
          [
            120.7184,
            24.187802
          ],
          [
            120.71858,
            24.186847
          ],
          [
            120.718712,
            24.186051
          ],
          [
            120.718854,
            24.185359
          ],
          [
            120.718866,
            24.185302
          ],
          [
            120.718899,
            24.185117
          ],
          [
            120.719023,
            24.184424
          ],
          [
            120.719172,
            24.183681
          ],
          [
            120.719227,
            24.183377
          ],
          [
            120.719294,
            24.183109
          ],
          [
            120.719359,
            24.182774
          ],
          [
            120.719437,
            24.182329
          ],
          [
            120.719464,
            24.182205
          ],
          [
            120.719493,
            24.182084
          ],
          [
            120.719621,
            24.182077
          ],
          [
            120.719648,
            24.182076
          ],
          [
            120.720206,
            24.182023
          ],
          [
            120.720874,
            24.181949
          ],
          [
            120.721031,
            24.181942
          ],
          [
            120.721344,
            24.181912
          ],
          [
            120.721403,
            24.181904
          ],
          [
            120.721502,
            24.181889
          ],
          [
            120.72178,
            24.18186
          ],
          [
            120.721811,
            24.181899
          ],
          [
            120.721856,
            24.181955
          ],
          [
            120.721882,
            24.182032
          ],
          [
            120.721885,
            24.182041
          ],
          [
            120.721909,
            24.182546
          ],
          [
            120.722486,
            24.187517
          ],
          [
            120.722523,
            24.187895
          ],
          [
            120.72253,
            24.188031
          ],
          [
            120.72254,
            24.188186
          ],
          [
            120.722521,
            24.188517
          ],
          [
            120.722518,
            24.189095
          ],
          [
            120.722531,
            24.189685
          ],
          [
            120.722576,
            24.190854
          ],
          [
            120.722562,
            24.19151
          ],
          [
            120.722537,
            24.191756
          ],
          [
            120.722506,
            24.19213
          ],
          [
            120.722443,
            24.192495
          ],
          [
            120.722362,
            24.192848
          ],
          [
            120.722274,
            24.193144
          ],
          [
            120.72212,
            24.193531
          ],
          [
            120.721976,
            24.193851
          ],
          [
            120.721824,
            24.194117
          ],
          [
            120.721645,
            24.194398
          ],
          [
            120.721464,
            24.194684
          ],
          [
            120.72125,
            24.194942
          ],
          [
            120.720971,
            24.195242
          ],
          [
            120.720682,
            24.19554
          ],
          [
            120.719898,
            24.19625
          ],
          [
            120.718954,
            24.197044
          ],
          [
            120.717987,
            24.197834
          ],
          [
            120.717768,
            24.198012
          ],
          [
            120.7168,
            24.19876
          ],
          [
            120.715563,
            24.199641
          ],
          [
            120.715239,
            24.199818
          ],
          [
            120.714469,
            24.200176
          ],
          [
            120.71422,
            24.20026
          ],
          [
            120.713781,
            24.200386
          ],
          [
            120.713147,
            24.200525
          ],
          [
            120.71238,
            24.20061
          ],
          [
            120.711216,
            24.20062
          ],
          [
            120.711039,
            24.200621
          ],
          [
            120.710412,
            24.2007
          ],
          [
            120.707714,
            24.20073
          ],
          [
            120.706942,
            24.200745
          ],
          [
            120.706225,
            24.200764
          ],
          [
            120.70602,
            24.200789
          ],
          [
            120.706,
            24.200396
          ],
          [
            120.706258,
            24.200435
          ],
          [
            120.710444,
            24.200448
          ],
          [
            120.710859,
            24.200508
          ],
          [
            120.712388,
            24.200499
          ],
          [
            120.713139,
            24.200413
          ],
          [
            120.713761,
            24.200284
          ],
          [
            120.714045,
            24.200206
          ],
          [
            120.714456,
            24.200053
          ],
          [
            120.714523,
            24.200022
          ],
          [
            120.714786,
            24.199905
          ],
          [
            120.715134,
            24.199727
          ],
          [
            120.71538,
            24.199589
          ],
          [
            120.715634,
            24.19944
          ],
          [
            120.71593,
            24.199233
          ],
          [
            120.716165,
            24.199047
          ],
          [
            120.717239,
            24.198227
          ],
          [
            120.717911,
            24.197741
          ],
          [
            120.718589,
            24.197195
          ],
          [
            120.719207,
            24.196686
          ],
          [
            120.719812,
            24.196165
          ],
          [
            120.720606,
            24.195456
          ],
          [
            120.720906,
            24.195178
          ],
          [
            120.721043,
            24.195032
          ],
          [
            120.721173,
            24.19488
          ],
          [
            120.721378,
            24.19462
          ],
          [
            120.721566,
            24.194352
          ],
          [
            120.721744,
            24.194074
          ],
          [
            120.721891,
            24.193814
          ],
          [
            120.72203,
            24.193496
          ],
          [
            120.722174,
            24.193107
          ],
          [
            120.722337,
            24.192485
          ],
          [
            120.7224,
            24.192119
          ],
          [
            120.722422,
            24.191771
          ],
          [
            120.722462,
            24.191297
          ],
          [
            120.722465,
            24.190862
          ],
          [
            120.722412,
            24.188888
          ],
          [
            120.722317,
            24.188531
          ],
          [
            120.722308,
            24.1884
          ],
          [
            120.722265,
            24.188114
          ],
          [
            120.72222,
            24.187809
          ],
          [
            120.722187,
            24.187523
          ],
          [
            120.721922,
            24.185023
          ],
          [
            120.721624,
            24.182583
          ],
          [
            120.721526,
            24.182104
          ],
          [
            120.721515,
            24.182
          ],
          [
            120.721509,
            24.181942
          ],
          [
            120.721502,
            24.181889
          ],
          [
            120.72178,
            24.18186
          ],
          [
            120.721811,
            24.181899
          ],
          [
            120.721856,
            24.181955
          ],
          [
            120.721882,
            24.182032
          ],
          [
            120.721885,
            24.182041
          ],
          [
            120.721909,
            24.182546
          ],
          [
            120.721872,
            24.182796
          ],
          [
            120.721889,
            24.182915
          ],
          [
            120.721908,
            24.18314
          ],
          [
            120.722249,
            24.185909
          ],
          [
            120.722311,
            24.186487
          ],
          [
            120.722375,
            24.186955
          ],
          [
            120.722413,
            24.187182
          ],
          [
            120.722556,
            24.188541
          ],
          [
            120.722561,
            24.188722
          ],
          [
            120.72236,
            24.188731
          ],
          [
            120.722321,
            24.18819
          ],
          [
            120.72229,
            24.187999
          ],
          [
            120.722215,
            24.187426
          ],
          [
            120.72216,
            24.186965
          ],
          [
            120.722056,
            24.186784
          ],
          [
            120.722011,
            24.186604
          ],
          [
            120.721939,
            24.185929
          ],
          [
            120.721914,
            24.185712
          ],
          [
            120.721875,
            24.185315
          ],
          [
            120.72168,
            24.185459
          ],
          [
            120.721582,
            24.185548
          ],
          [
            120.721535,
            24.185642
          ],
          [
            120.721507,
            24.1858
          ],
          [
            120.721479,
            24.185826
          ],
          [
            120.721291,
            24.185877
          ],
          [
            120.721169,
            24.185916
          ],
          [
            120.720929,
            24.186019
          ],
          [
            120.720816,
            24.186054
          ],
          [
            120.720834,
            24.186146
          ],
          [
            120.720796,
            24.186237
          ],
          [
            120.720773,
            24.186357
          ],
          [
            120.720777,
            24.186438
          ],
          [
            120.720779,
            24.186575
          ],
          [
            120.720708,
            24.186801
          ],
          [
            120.720779,
            24.186575
          ],
          [
            120.720777,
            24.186438
          ],
          [
            120.720773,
            24.186357
          ],
          [
            120.720796,
            24.186237
          ],
          [
            120.720834,
            24.186146
          ],
          [
            120.720816,
            24.186054
          ],
          [
            120.720929,
            24.186019
          ],
          [
            120.721169,
            24.185916
          ],
          [
            120.721291,
            24.185877
          ],
          [
            120.721479,
            24.185826
          ],
          [
            120.721507,
            24.1858
          ],
          [
            120.721535,
            24.185642
          ],
          [
            120.721582,
            24.185548
          ],
          [
            120.72168,
            24.185459
          ],
          [
            120.721875,
            24.185315
          ],
          [
            120.721601,
            24.182946
          ],
          [
            120.721593,
            24.182736
          ],
          [
            120.721624,
            24.182583
          ],
          [
            120.721526,
            24.182104
          ],
          [
            120.721515,
            24.182
          ],
          [
            120.721417,
            24.18201
          ],
          [
            120.720748,
            24.18208
          ],
          [
            120.720174,
            24.182139
          ],
          [
            120.719736,
            24.182168
          ],
          [
            120.719602,
            24.182185
          ],
          [
            120.719464,
            24.182205
          ],
          [
            120.719437,
            24.182329
          ],
          [
            120.719359,
            24.182774
          ],
          [
            120.719294,
            24.183109
          ],
          [
            120.719227,
            24.183377
          ],
          [
            120.719172,
            24.183681
          ],
          [
            120.719023,
            24.184424
          ],
          [
            120.718899,
            24.185117
          ],
          [
            120.718866,
            24.185302
          ],
          [
            120.718854,
            24.185359
          ],
          [
            120.718712,
            24.186051
          ],
          [
            120.71858,
            24.186847
          ],
          [
            120.7184,
            24.187802
          ],
          [
            120.718374,
            24.187932
          ],
          [
            120.718286,
            24.188384
          ],
          [
            120.718184,
            24.188923
          ],
          [
            120.718087,
            24.189431
          ],
          [
            120.717901,
            24.190458
          ],
          [
            120.717844,
            24.190771
          ],
          [
            120.717833,
            24.191045
          ],
          [
            120.717969,
            24.19119
          ],
          [
            120.718203,
            24.191195
          ],
          [
            120.718608,
            24.191184
          ],
          [
            120.718904,
            24.191298
          ],
          [
            120.719662,
            24.191278
          ],
          [
            120.71986,
            24.191272
          ],
          [
            120.720079,
            24.191245
          ],
          [
            120.720092,
            24.191244
          ],
          [
            120.720079,
            24.191245
          ],
          [
            120.71986,
            24.191272
          ],
          [
            120.719662,
            24.191278
          ],
          [
            120.718904,
            24.191298
          ],
          [
            120.718833,
            24.191271
          ],
          [
            120.718904,
            24.191298
          ],
          [
            120.719662,
            24.191278
          ],
          [
            120.71986,
            24.191272
          ],
          [
            120.71986,
            24.190908
          ],
          [
            120.71986,
            24.191272
          ],
          [
            120.719662,
            24.191278
          ],
          [
            120.718904,
            24.191298
          ],
          [
            120.718608,
            24.191184
          ],
          [
            120.718203,
            24.191195
          ],
          [
            120.717969,
            24.19119
          ],
          [
            120.718253,
            24.191475
          ],
          [
            120.718598,
            24.19187
          ],
          [
            120.718882,
            24.192213
          ],
          [
            120.719491,
            24.193076
          ],
          [
            120.719724,
            24.193467
          ],
          [
            120.719767,
            24.193548
          ],
          [
            120.719689,
            24.193572
          ],
          [
            120.719643,
            24.193488
          ],
          [
            120.719619,
            24.193446
          ],
          [
            120.719411,
            24.193118
          ],
          [
            120.718719,
            24.192167
          ],
          [
            120.717865,
            24.191188
          ],
          [
            120.717833,
            24.191045
          ],
          [
            120.717844,
            24.190771
          ],
          [
            120.717901,
            24.190458
          ],
          [
            120.718087,
            24.189431
          ],
          [
            120.718184,
            24.188923
          ],
          [
            120.718286,
            24.188384
          ],
          [
            120.718374,
            24.187932
          ],
          [
            120.7184,
            24.187802
          ],
          [
            120.71858,
            24.186847
          ],
          [
            120.718712,
            24.186051
          ],
          [
            120.718854,
            24.185359
          ],
          [
            120.718866,
            24.185302
          ],
          [
            120.718899,
            24.185117
          ],
          [
            120.719023,
            24.184424
          ],
          [
            120.719172,
            24.183681
          ],
          [
            120.719227,
            24.183377
          ],
          [
            120.719294,
            24.183109
          ],
          [
            120.719359,
            24.182774
          ],
          [
            120.719437,
            24.182329
          ],
          [
            120.719464,
            24.182205
          ],
          [
            120.719493,
            24.182084
          ],
          [
            120.719507,
            24.181997
          ],
          [
            120.719582,
            24.18166
          ],
          [
            120.719594,
            24.181593
          ],
          [
            120.719633,
            24.181394
          ],
          [
            120.719673,
            24.181171
          ],
          [
            120.719685,
            24.180948
          ],
          [
            120.719689,
            24.180838
          ],
          [
            120.719676,
            24.180565
          ],
          [
            120.71964,
            24.180112
          ],
          [
            120.719555,
            24.179289
          ],
          [
            120.719448,
            24.178213
          ],
          [
            120.719405,
            24.177839
          ],
          [
            120.719392,
            24.177759
          ],
          [
            120.719355,
            24.177369
          ],
          [
            120.719305,
            24.176843
          ],
          [
            120.719195,
            24.175837
          ],
          [
            120.718859,
            24.175798
          ],
          [
            120.71855,
            24.175751
          ],
          [
            120.718518,
            24.175746
          ],
          [
            120.718483,
            24.175739
          ],
          [
            120.717494,
            24.175513
          ],
          [
            120.717312,
            24.17546
          ],
          [
            120.716946,
            24.17533
          ],
          [
            120.716735,
            24.175242
          ],
          [
            120.716381,
            24.175099
          ],
          [
            120.715965,
            24.174842
          ],
          [
            120.715601,
            24.17458
          ],
          [
            120.715182,
            24.174277
          ],
          [
            120.714982,
            24.174138
          ],
          [
            120.714779,
            24.174003
          ],
          [
            120.714523,
            24.173824
          ],
          [
            120.714482,
            24.173792
          ],
          [
            120.714279,
            24.173655
          ],
          [
            120.714161,
            24.173575
          ],
          [
            120.714037,
            24.173489
          ],
          [
            120.713578,
            24.173204
          ],
          [
            120.713349,
            24.173065
          ],
          [
            120.713092,
            24.172935
          ],
          [
            120.71283,
            24.172824
          ],
          [
            120.712485,
            24.172679
          ],
          [
            120.712198,
            24.17256
          ],
          [
            120.711849,
            24.172408
          ],
          [
            120.711355,
            24.172204
          ],
          [
            120.711167,
            24.172121
          ],
          [
            120.711068,
            24.172084
          ],
          [
            120.710752,
            24.171948
          ],
          [
            120.710499,
            24.171827
          ],
          [
            120.710208,
            24.171669
          ],
          [
            120.70958,
            24.171274
          ],
          [
            120.709547,
            24.17125
          ],
          [
            120.709388,
            24.171128
          ],
          [
            120.708857,
            24.170743
          ],
          [
            120.708418,
            24.17043
          ],
          [
            120.70819,
            24.170259
          ],
          [
            120.70801,
            24.170135
          ],
          [
            120.707487,
            24.169771
          ],
          [
            120.707135,
            24.16967
          ],
          [
            120.707008,
            24.169638
          ],
          [
            120.706785,
            24.169589
          ],
          [
            120.70659,
            24.169562
          ],
          [
            120.706095,
            24.169493
          ],
          [
            120.706022,
            24.169483
          ],
          [
            120.705937,
            24.169485
          ],
          [
            120.70589,
            24.169487
          ],
          [
            120.704898,
            24.169496
          ],
          [
            120.704867,
            24.169497
          ],
          [
            120.704766,
            24.169501
          ],
          [
            120.704871,
            24.169216
          ],
          [
            120.704945,
            24.168978
          ],
          [
            120.705031,
            24.168763
          ],
          [
            120.705124,
            24.168501
          ],
          [
            120.705216,
            24.168243
          ],
          [
            120.704866,
            24.168296
          ],
          [
            120.704853,
            24.168204
          ],
          [
            120.704866,
            24.168296
          ],
          [
            120.705216,
            24.168243
          ],
          [
            120.705124,
            24.168501
          ],
          [
            120.705031,
            24.168763
          ],
          [
            120.704945,
            24.168978
          ],
          [
            120.704871,
            24.169216
          ],
          [
            120.704766,
            24.169501
          ],
          [
            120.704867,
            24.169497
          ],
          [
            120.704898,
            24.169496
          ],
          [
            120.70589,
            24.169487
          ],
          [
            120.705937,
            24.169485
          ],
          [
            120.706022,
            24.169483
          ],
          [
            120.706095,
            24.169493
          ],
          [
            120.70659,
            24.169562
          ],
          [
            120.706785,
            24.169589
          ],
          [
            120.707008,
            24.169638
          ],
          [
            120.707135,
            24.16967
          ],
          [
            120.707487,
            24.169771
          ],
          [
            120.70801,
            24.170135
          ],
          [
            120.70819,
            24.170259
          ],
          [
            120.708418,
            24.17043
          ],
          [
            120.708857,
            24.170743
          ],
          [
            120.709388,
            24.171128
          ],
          [
            120.709547,
            24.17125
          ],
          [
            120.70958,
            24.171274
          ],
          [
            120.710208,
            24.171669
          ],
          [
            120.710499,
            24.171827
          ],
          [
            120.710752,
            24.171948
          ],
          [
            120.711068,
            24.172084
          ],
          [
            120.711167,
            24.172121
          ],
          [
            120.711355,
            24.172204
          ],
          [
            120.711849,
            24.172408
          ],
          [
            120.712198,
            24.17256
          ],
          [
            120.712485,
            24.172679
          ],
          [
            120.71283,
            24.172824
          ],
          [
            120.713092,
            24.172935
          ],
          [
            120.713349,
            24.173065
          ],
          [
            120.713578,
            24.173204
          ],
          [
            120.714037,
            24.173489
          ],
          [
            120.714161,
            24.173575
          ],
          [
            120.714279,
            24.173655
          ],
          [
            120.714482,
            24.173792
          ],
          [
            120.714523,
            24.173824
          ],
          [
            120.714779,
            24.174003
          ],
          [
            120.714982,
            24.174138
          ],
          [
            120.715182,
            24.174277
          ],
          [
            120.715601,
            24.17458
          ],
          [
            120.715965,
            24.174842
          ],
          [
            120.716381,
            24.175099
          ],
          [
            120.716735,
            24.175242
          ],
          [
            120.716946,
            24.17533
          ],
          [
            120.717312,
            24.17546
          ],
          [
            120.717494,
            24.175513
          ],
          [
            120.718483,
            24.175739
          ],
          [
            120.718518,
            24.175746
          ],
          [
            120.71855,
            24.175751
          ],
          [
            120.718859,
            24.175798
          ],
          [
            120.719195,
            24.175837
          ],
          [
            120.719752,
            24.175889
          ],
          [
            120.720172,
            24.175915
          ],
          [
            120.720815,
            24.175951
          ],
          [
            120.721039,
            24.175958
          ],
          [
            120.721374,
            24.175977
          ],
          [
            120.722285,
            24.176029
          ],
          [
            120.722507,
            24.176041
          ],
          [
            120.722557,
            24.176043
          ],
          [
            120.722604,
            24.176046
          ],
          [
            120.722978,
            24.176069
          ],
          [
            120.72401,
            24.17614
          ],
          [
            120.724412,
            24.176169
          ],
          [
            120.724726,
            24.176189
          ],
          [
            120.725294,
            24.176228
          ],
          [
            120.725466,
            24.176251
          ],
          [
            120.725934,
            24.176334
          ],
          [
            120.726115,
            24.176366
          ],
          [
            120.726975,
            24.176518
          ],
          [
            120.727359,
            24.176592
          ],
          [
            120.72766,
            24.176657
          ],
          [
            120.728667,
            24.176869
          ],
          [
            120.728766,
            24.176886
          ],
          [
            120.729393,
            24.176995
          ],
          [
            120.729925,
            24.177079
          ],
          [
            120.730135,
            24.177116
          ],
          [
            120.730273,
            24.177145
          ],
          [
            120.730394,
            24.177172
          ],
          [
            120.73063,
            24.177174
          ],
          [
            120.730991,
            24.177153
          ],
          [
            120.731382,
            24.177085
          ],
          [
            120.731903,
            24.177019
          ],
          [
            120.732518,
            24.176944
          ],
          [
            120.733083,
            24.176894
          ],
          [
            120.733414,
            24.176884
          ],
          [
            120.733677,
            24.176896
          ],
          [
            120.73409,
            24.176991
          ],
          [
            120.734371,
            24.177059
          ],
          [
            120.734574,
            24.177125
          ],
          [
            120.734806,
            24.177225
          ],
          [
            120.734973,
            24.177313
          ],
          [
            120.735002,
            24.17733
          ],
          [
            120.735692,
            24.177715
          ],
          [
            120.735921,
            24.177851
          ],
          [
            120.73654,
            24.178195
          ],
          [
            120.73685,
            24.178352
          ],
          [
            120.73699,
            24.178404
          ],
          [
            120.73711,
            24.178434
          ],
          [
            120.737196,
            24.178441
          ],
          [
            120.737332,
            24.178453
          ],
          [
            120.737468,
            24.178445
          ],
          [
            120.738054,
            24.178379
          ],
          [
            120.738109,
            24.178374
          ],
          [
            120.738159,
            24.178373
          ],
          [
            120.738265,
            24.178373
          ],
          [
            120.738415,
            24.178383
          ],
          [
            120.738496,
            24.178397
          ],
          [
            120.738584,
            24.178421
          ],
          [
            120.738768,
            24.178502
          ],
          [
            120.738825,
            24.178533
          ],
          [
            120.739071,
            24.178667
          ],
          [
            120.739195,
            24.178733
          ],
          [
            120.739393,
            24.178832
          ],
          [
            120.739585,
            24.178941
          ],
          [
            120.739714,
            24.178947
          ],
          [
            120.739852,
            24.178938
          ],
          [
            120.739881,
            24.178922
          ],
          [
            120.739913,
            24.178913
          ],
          [
            120.739964,
            24.178911
          ],
          [
            120.740014,
            24.178926
          ],
          [
            120.740054,
            24.178955
          ],
          [
            120.74008,
            24.17899
          ],
          [
            120.740093,
            24.17903
          ],
          [
            120.740092,
            24.179073
          ],
          [
            120.740163,
            24.179176
          ],
          [
            120.740289,
            24.17937
          ],
          [
            120.740978,
            24.179922
          ],
          [
            120.741036,
            24.17997
          ],
          [
            120.741532,
            24.180315
          ],
          [
            120.741485,
            24.180169
          ],
          [
            120.741365,
            24.179839
          ],
          [
            120.74125,
            24.179436
          ],
          [
            120.741063,
            24.17881
          ],
          [
            120.740988,
            24.178535
          ],
          [
            120.740922,
            24.178352
          ],
          [
            120.7408,
            24.178283
          ],
          [
            120.740694,
            24.178189
          ],
          [
            120.740617,
            24.178139
          ],
          [
            120.740506,
            24.178102
          ],
          [
            120.740087,
            24.177971
          ],
          [
            120.740068,
            24.177964
          ],
          [
            120.73984,
            24.177872
          ],
          [
            120.739821,
            24.177863
          ],
          [
            120.739505,
            24.1777
          ],
          [
            120.739303,
            24.177566
          ],
          [
            120.739173,
            24.177469
          ],
          [
            120.738961,
            24.177279
          ],
          [
            120.738675,
            24.176925
          ],
          [
            120.73817,
            24.176406
          ],
          [
            120.738201,
            24.176325
          ],
          [
            120.738228,
            24.176247
          ],
          [
            120.738237,
            24.176152
          ],
          [
            120.738027,
            24.175991
          ],
          [
            120.737722,
            24.175851
          ],
          [
            120.73729,
            24.175614
          ],
          [
            120.737215,
            24.17556
          ],
          [
            120.737174,
            24.175486
          ],
          [
            120.737185,
            24.175418
          ],
          [
            120.737279,
            24.175303
          ],
          [
            120.737309,
            24.175276
          ],
          [
            120.737426,
            24.175176
          ],
          [
            120.737692,
            24.174992
          ],
          [
            120.737725,
            24.174921
          ],
          [
            120.737692,
            24.174992
          ],
          [
            120.737426,
            24.175176
          ],
          [
            120.737309,
            24.175276
          ],
          [
            120.737279,
            24.175303
          ],
          [
            120.737185,
            24.175418
          ],
          [
            120.737174,
            24.175486
          ],
          [
            120.737215,
            24.17556
          ],
          [
            120.73729,
            24.175614
          ],
          [
            120.737722,
            24.175851
          ],
          [
            120.738027,
            24.175991
          ],
          [
            120.738237,
            24.176152
          ],
          [
            120.738228,
            24.176247
          ],
          [
            120.738201,
            24.176325
          ],
          [
            120.73817,
            24.176406
          ],
          [
            120.738011,
            24.176242
          ],
          [
            120.737886,
            24.176126
          ],
          [
            120.737742,
            24.17602
          ],
          [
            120.737513,
            24.175912
          ],
          [
            120.737329,
            24.175867
          ],
          [
            120.737034,
            24.175845
          ],
          [
            120.736823,
            24.175819
          ],
          [
            120.736607,
            24.175771
          ],
          [
            120.736343,
            24.175687
          ],
          [
            120.736192,
            24.175597
          ],
          [
            120.736027,
            24.175495
          ],
          [
            120.73594,
            24.175437
          ],
          [
            120.735995,
            24.175397
          ],
          [
            120.73599,
            24.175195
          ],
          [
            120.735878,
            24.174955
          ],
          [
            120.735777,
            24.174853
          ],
          [
            120.735621,
            24.174734
          ],
          [
            120.735415,
            24.174574
          ],
          [
            120.73536,
            24.174512
          ],
          [
            120.735345,
            24.17447
          ],
          [
            120.735346,
            24.174437
          ],
          [
            120.735357,
            24.174405
          ],
          [
            120.735374,
            24.174374
          ],
          [
            120.735397,
            24.17435
          ],
          [
            120.735425,
            24.174329
          ],
          [
            120.735456,
            24.174318
          ],
          [
            120.735483,
            24.174308
          ],
          [
            120.735531,
            24.174314
          ],
          [
            120.735613,
            24.174329
          ],
          [
            120.735715,
            24.174343
          ],
          [
            120.735658,
            24.173793
          ],
          [
            120.735696,
            24.173683
          ],
          [
            120.735647,
            24.173321
          ],
          [
            120.735581,
            24.173029
          ],
          [
            120.735189,
            24.171805
          ],
          [
            120.735165,
            24.171725
          ],
          [
            120.735086,
            24.171517
          ],
          [
            120.735127,
            24.171324
          ],
          [
            120.73529,
            24.171167
          ],
          [
            120.735451,
            24.171059
          ],
          [
            120.735674,
            24.171035
          ],
          [
            120.73591,
            24.171368
          ],
          [
            120.736087,
            24.171529
          ],
          [
            120.736165,
            24.171593
          ],
          [
            120.736179,
            24.171699
          ],
          [
            120.73625,
            24.171922
          ],
          [
            120.736411,
            24.171987
          ],
          [
            120.736448,
            24.17212
          ],
          [
            120.736631,
            24.172772
          ],
          [
            120.736591,
            24.172819
          ],
          [
            120.735581,
            24.173029
          ],
          [
            120.735647,
            24.173321
          ],
          [
            120.735696,
            24.173683
          ],
          [
            120.735658,
            24.173793
          ],
          [
            120.735715,
            24.174343
          ],
          [
            120.735713,
            24.174482
          ],
          [
            120.735745,
            24.174614
          ],
          [
            120.735758,
            24.174677
          ],
          [
            120.735777,
            24.174853
          ],
          [
            120.735878,
            24.174955
          ],
          [
            120.73599,
            24.175195
          ],
          [
            120.735995,
            24.175397
          ],
          [
            120.736138,
            24.175498
          ],
          [
            120.736269,
            24.17557
          ],
          [
            120.73647,
            24.175663
          ],
          [
            120.73663,
            24.175707
          ],
          [
            120.736871,
            24.175756
          ],
          [
            120.73732,
            24.175793
          ],
          [
            120.737445,
            24.175818
          ],
          [
            120.737619,
            24.175872
          ],
          [
            120.737776,
            24.175946
          ],
          [
            120.737918,
            24.176043
          ],
          [
            120.738009,
            24.176147
          ],
          [
            120.738201,
            24.176325
          ],
          [
            120.738228,
            24.176247
          ],
          [
            120.738237,
            24.176152
          ],
          [
            120.738027,
            24.175991
          ],
          [
            120.737722,
            24.175851
          ],
          [
            120.73729,
            24.175614
          ],
          [
            120.737215,
            24.17556
          ],
          [
            120.737174,
            24.175486
          ],
          [
            120.737185,
            24.175418
          ],
          [
            120.737279,
            24.175303
          ],
          [
            120.737309,
            24.175276
          ],
          [
            120.737426,
            24.175176
          ],
          [
            120.737182,
            24.174343
          ],
          [
            120.737066,
            24.173878
          ],
          [
            120.737334,
            24.173828
          ],
          [
            120.737066,
            24.173878
          ],
          [
            120.737182,
            24.174343
          ],
          [
            120.737412,
            24.175128
          ],
          [
            120.737426,
            24.175176
          ],
          [
            120.737309,
            24.175276
          ],
          [
            120.737279,
            24.175303
          ],
          [
            120.737185,
            24.175418
          ],
          [
            120.737174,
            24.175486
          ],
          [
            120.737215,
            24.17556
          ],
          [
            120.73729,
            24.175614
          ],
          [
            120.737722,
            24.175851
          ],
          [
            120.738027,
            24.175991
          ],
          [
            120.738237,
            24.176152
          ],
          [
            120.738228,
            24.176247
          ],
          [
            120.738201,
            24.176325
          ],
          [
            120.738486,
            24.176612
          ],
          [
            120.738708,
            24.176846
          ],
          [
            120.73893,
            24.177127
          ],
          [
            120.739043,
            24.177231
          ],
          [
            120.739229,
            24.17741
          ],
          [
            120.739391,
            24.17752
          ],
          [
            120.739548,
            24.177629
          ],
          [
            120.739801,
            24.177789
          ],
          [
            120.739855,
            24.177815
          ],
          [
            120.739866,
            24.17782
          ],
          [
            120.740112,
            24.177915
          ],
          [
            120.740536,
            24.17803
          ],
          [
            120.740647,
            24.17807
          ],
          [
            120.740729,
            24.178117
          ],
          [
            120.740802,
            24.178186
          ],
          [
            120.740861,
            24.178254
          ],
          [
            120.740922,
            24.178352
          ],
          [
            120.740988,
            24.178535
          ],
          [
            120.741063,
            24.17881
          ],
          [
            120.74125,
            24.179436
          ],
          [
            120.741365,
            24.179839
          ],
          [
            120.741485,
            24.180169
          ],
          [
            120.741532,
            24.180315
          ],
          [
            120.741675,
            24.180483
          ],
          [
            120.741878,
            24.180743
          ],
          [
            120.741997,
            24.180915
          ],
          [
            120.742211,
            24.181132
          ],
          [
            120.742382,
            24.181348
          ],
          [
            120.742502,
            24.181675
          ],
          [
            120.742813,
            24.181894
          ],
          [
            120.743122,
            24.182058
          ],
          [
            120.7433,
            24.18224
          ],
          [
            120.743451,
            24.18241
          ],
          [
            120.743596,
            24.182621
          ],
          [
            120.743686,
            24.182905
          ],
          [
            120.7438,
            24.183314
          ],
          [
            120.743998,
            24.184233
          ],
          [
            120.74411,
            24.184714
          ],
          [
            120.744121,
            24.185017
          ],
          [
            120.744087,
            24.185423
          ],
          [
            120.744086,
            24.185737
          ],
          [
            120.74407,
            24.185806
          ],
          [
            120.744074,
            24.186046
          ],
          [
            120.744103,
            24.186273
          ],
          [
            120.744126,
            24.186389
          ],
          [
            120.744169,
            24.186503
          ],
          [
            120.744243,
            24.186629
          ],
          [
            120.744817,
            24.187595
          ],
          [
            120.74494,
            24.187802
          ],
          [
            120.744817,
            24.187775
          ],
          [
            120.74423,
            24.187727
          ],
          [
            120.744176,
            24.187735
          ],
          [
            120.744136,
            24.187759
          ],
          [
            120.744101,
            24.187812
          ],
          [
            120.744071,
            24.187884
          ],
          [
            120.744034,
            24.188362
          ],
          [
            120.744038,
            24.188888
          ],
          [
            120.744036,
            24.188991
          ],
          [
            120.744039,
            24.189277
          ],
          [
            120.744049,
            24.189429
          ],
          [
            120.744082,
            24.189566
          ],
          [
            120.744272,
            24.190056
          ],
          [
            120.74428,
            24.190104
          ],
          [
            120.744256,
            24.190183
          ],
          [
            120.744149,
            24.190295
          ],
          [
            120.7441,
            24.190332
          ],
          [
            120.74406,
            24.190403
          ],
          [
            120.743948,
            24.190672
          ],
          [
            120.743883,
            24.190755
          ],
          [
            120.743787,
            24.190838
          ],
          [
            120.743667,
            24.190912
          ],
          [
            120.743516,
            24.191038
          ],
          [
            120.74327,
            24.191305
          ],
          [
            120.743054,
            24.191555
          ],
          [
            120.742995,
            24.191628
          ],
          [
            120.742977,
            24.191693
          ],
          [
            120.742977,
            24.191805
          ],
          [
            120.743024,
            24.191946
          ],
          [
            120.743048,
            24.192041
          ],
          [
            120.743036,
            24.192233
          ],
          [
            120.743064,
            24.192336
          ],
          [
            120.743152,
            24.192479
          ],
          [
            120.743214,
            24.19254
          ],
          [
            120.74334,
            24.192594
          ],
          [
            120.743764,
            24.192607
          ],
          [
            120.743745,
            24.192698
          ],
          [
            120.743669,
            24.192765
          ],
          [
            120.743199,
            24.192885
          ],
          [
            120.74274,
            24.193028
          ],
          [
            120.742474,
            24.192945
          ],
          [
            120.7423,
            24.192685
          ],
          [
            120.742239,
            24.192606
          ],
          [
            120.742239,
            24.192606
          ],
          [
            120.7423,
            24.192685
          ],
          [
            120.742474,
            24.192945
          ],
          [
            120.74274,
            24.193028
          ],
          [
            120.743199,
            24.192885
          ],
          [
            120.743669,
            24.192765
          ],
          [
            120.743745,
            24.192698
          ],
          [
            120.743764,
            24.192607
          ],
          [
            120.74334,
            24.192594
          ],
          [
            120.743214,
            24.19254
          ],
          [
            120.743152,
            24.192479
          ],
          [
            120.743064,
            24.192336
          ],
          [
            120.743036,
            24.192233
          ],
          [
            120.743048,
            24.192041
          ],
          [
            120.743024,
            24.191946
          ],
          [
            120.742977,
            24.191805
          ],
          [
            120.742977,
            24.191693
          ],
          [
            120.742995,
            24.191628
          ],
          [
            120.743054,
            24.191555
          ],
          [
            120.74327,
            24.191305
          ],
          [
            120.743516,
            24.191038
          ],
          [
            120.743667,
            24.190912
          ],
          [
            120.743787,
            24.190838
          ],
          [
            120.743883,
            24.190755
          ],
          [
            120.743948,
            24.190672
          ],
          [
            120.74406,
            24.190403
          ],
          [
            120.7441,
            24.190332
          ],
          [
            120.744149,
            24.190295
          ],
          [
            120.744256,
            24.190183
          ],
          [
            120.74428,
            24.190104
          ],
          [
            120.744272,
            24.190056
          ],
          [
            120.744082,
            24.189566
          ],
          [
            120.744049,
            24.189429
          ],
          [
            120.744039,
            24.189277
          ],
          [
            120.744036,
            24.188991
          ],
          [
            120.743966,
            24.189003
          ],
          [
            120.743891,
            24.189001
          ],
          [
            120.743673,
            24.188966
          ],
          [
            120.743613,
            24.188964
          ],
          [
            120.743539,
            24.188989
          ],
          [
            120.743251,
            24.189155
          ],
          [
            120.743227,
            24.189188
          ],
          [
            120.743157,
            24.189329
          ],
          [
            120.743123,
            24.189349
          ],
          [
            120.743082,
            24.189356
          ],
          [
            120.743042,
            24.18935
          ],
          [
            120.743006,
            24.189332
          ],
          [
            120.742903,
            24.189097
          ],
          [
            120.742871,
            24.189067
          ],
          [
            120.742832,
            24.189044
          ],
          [
            120.742202,
            24.188997
          ],
          [
            120.742157,
            24.188976
          ],
          [
            120.742131,
            24.188947
          ],
          [
            120.7421,
            24.188894
          ],
          [
            120.74207,
            24.188832
          ],
          [
            120.742025,
            24.188793
          ],
          [
            120.741924,
            24.188722
          ],
          [
            120.741896,
            24.188693
          ],
          [
            120.741878,
            24.188656
          ],
          [
            120.741834,
            24.188452
          ],
          [
            120.741815,
            24.188399
          ],
          [
            120.741722,
            24.188251
          ],
          [
            120.741682,
            24.188209
          ],
          [
            120.741422,
            24.187929
          ],
          [
            120.741353,
            24.187852
          ],
          [
            120.741328,
            24.187786
          ],
          [
            120.741323,
            24.187675
          ],
          [
            120.741337,
            24.187588
          ],
          [
            120.741353,
            24.187535
          ],
          [
            120.741377,
            24.187499
          ],
          [
            120.741425,
            24.187454
          ],
          [
            120.741566,
            24.18739
          ],
          [
            120.741661,
            24.18732
          ],
          [
            120.741706,
            24.187271
          ],
          [
            120.741731,
            24.187218
          ],
          [
            120.741748,
            24.1871
          ],
          [
            120.741766,
            24.187056
          ],
          [
            120.741802,
            24.187024
          ],
          [
            120.741869,
            24.186994
          ],
          [
            120.741935,
            24.186998
          ],
          [
            120.741998,
            24.187017
          ],
          [
            120.742077,
            24.187034
          ],
          [
            120.742131,
            24.187039
          ],
          [
            120.742226,
            24.18699
          ],
          [
            120.742406,
            24.186907
          ],
          [
            120.742549,
            24.186832
          ],
          [
            120.742635,
            24.186766
          ],
          [
            120.74274,
            24.186659
          ],
          [
            120.742775,
            24.186589
          ],
          [
            120.742794,
            24.18654
          ],
          [
            120.742803,
            24.186489
          ],
          [
            120.742796,
            24.186455
          ],
          [
            120.742771,
            24.186419
          ],
          [
            120.74277,
            24.186363
          ],
          [
            120.74277,
            24.186315
          ],
          [
            120.742783,
            24.186276
          ],
          [
            120.742788,
            24.1862
          ],
          [
            120.742795,
            24.186122
          ],
          [
            120.742786,
            24.186043
          ],
          [
            120.742752,
            24.185957
          ],
          [
            120.742693,
            24.185807
          ],
          [
            120.742531,
            24.185497
          ],
          [
            120.742376,
            24.185252
          ],
          [
            120.742337,
            24.185201
          ],
          [
            120.74219,
            24.185008
          ],
          [
            120.742028,
            24.184833
          ],
          [
            120.741759,
            24.184594
          ],
          [
            120.741459,
            24.184394
          ],
          [
            120.741355,
            24.184321
          ],
          [
            120.74129,
            24.184268
          ],
          [
            120.741239,
            24.184172
          ],
          [
            120.741248,
            24.184053
          ],
          [
            120.741243,
            24.183934
          ],
          [
            120.740982,
            24.183891
          ],
          [
            120.740982,
            24.183891
          ],
          [
            120.740982,
            24.183891
          ],
          [
            120.741243,
            24.183934
          ],
          [
            120.741233,
            24.183756
          ],
          [
            120.741171,
            24.18357
          ],
          [
            120.74108,
            24.183361
          ],
          [
            120.740947,
            24.183037
          ],
          [
            120.740845,
            24.182754
          ],
          [
            120.740805,
            24.182411
          ],
          [
            120.740822,
            24.182031
          ],
          [
            120.740761,
            24.181815
          ],
          [
            120.740646,
            24.181603
          ],
          [
            120.740419,
            24.18127
          ],
          [
            120.740257,
            24.181055
          ],
          [
            120.740297,
            24.180937
          ],
          [
            120.74047,
            24.180505
          ],
          [
            120.740479,
            24.180462
          ],
          [
            120.740489,
            24.180416
          ],
          [
            120.74057,
            24.180276
          ],
          [
            120.740596,
            24.18024
          ],
          [
            120.740733,
            24.180114
          ],
          [
            120.740871,
            24.180005
          ],
          [
            120.740978,
            24.179922
          ],
          [
            120.741036,
            24.17997
          ],
          [
            120.741532,
            24.180315
          ],
          [
            120.741675,
            24.180483
          ],
          [
            120.741878,
            24.180743
          ],
          [
            120.741997,
            24.180915
          ],
          [
            120.742211,
            24.181132
          ],
          [
            120.742382,
            24.181348
          ],
          [
            120.742502,
            24.181675
          ],
          [
            120.742813,
            24.181894
          ],
          [
            120.743122,
            24.182058
          ],
          [
            120.7433,
            24.18224
          ],
          [
            120.743451,
            24.18241
          ],
          [
            120.743596,
            24.182621
          ],
          [
            120.743686,
            24.182905
          ],
          [
            120.7438,
            24.183314
          ],
          [
            120.743998,
            24.184233
          ],
          [
            120.74411,
            24.184714
          ],
          [
            120.744121,
            24.185017
          ],
          [
            120.744087,
            24.185423
          ],
          [
            120.744086,
            24.185737
          ],
          [
            120.74407,
            24.185806
          ],
          [
            120.744074,
            24.186046
          ],
          [
            120.744103,
            24.186273
          ],
          [
            120.744126,
            24.186389
          ],
          [
            120.744169,
            24.186503
          ],
          [
            120.744243,
            24.186629
          ],
          [
            120.744817,
            24.187595
          ],
          [
            120.74494,
            24.187802
          ],
          [
            120.744817,
            24.187775
          ],
          [
            120.74423,
            24.187727
          ],
          [
            120.744176,
            24.187735
          ],
          [
            120.744136,
            24.187759
          ],
          [
            120.744101,
            24.187812
          ],
          [
            120.744077,
            24.187869
          ],
          [
            120.744101,
            24.187812
          ],
          [
            120.744136,
            24.187759
          ],
          [
            120.744176,
            24.187735
          ],
          [
            120.74423,
            24.187727
          ],
          [
            120.744817,
            24.187775
          ],
          [
            120.74494,
            24.187802
          ],
          [
            120.744817,
            24.187595
          ],
          [
            120.744243,
            24.186629
          ],
          [
            120.744169,
            24.186503
          ],
          [
            120.744126,
            24.186389
          ],
          [
            120.744103,
            24.186273
          ],
          [
            120.744074,
            24.186046
          ],
          [
            120.74407,
            24.185806
          ],
          [
            120.744086,
            24.185737
          ],
          [
            120.744087,
            24.185423
          ],
          [
            120.743888,
            24.184802
          ],
          [
            120.743417,
            24.183111
          ],
          [
            120.743247,
            24.182826
          ],
          [
            120.742928,
            24.182486
          ],
          [
            120.74261,
            24.182251
          ],
          [
            120.742453,
            24.182052
          ],
          [
            120.742273,
            24.181865
          ],
          [
            120.741871,
            24.181353
          ],
          [
            120.741649,
            24.181163
          ],
          [
            120.741271,
            24.180886
          ],
          [
            120.740937,
            24.180646
          ],
          [
            120.740722,
            24.180521
          ],
          [
            120.740489,
            24.180416
          ],
          [
            120.739832,
            24.179839
          ],
          [
            120.740489,
            24.180416
          ],
          [
            120.739863,
            24.180384
          ],
          [
            120.739575,
            24.180306
          ],
          [
            120.739345,
            24.18021
          ],
          [
            120.739034,
            24.180032
          ],
          [
            120.738678,
            24.179809
          ],
          [
            120.738527,
            24.179677
          ],
          [
            120.738343,
            24.179447
          ],
          [
            120.738253,
            24.179188
          ],
          [
            120.738195,
            24.178787
          ],
          [
            120.738159,
            24.178373
          ],
          [
            120.738109,
            24.178374
          ],
          [
            120.738054,
            24.178379
          ],
          [
            120.737468,
            24.178445
          ],
          [
            120.737332,
            24.178453
          ],
          [
            120.737354,
            24.17856
          ],
          [
            120.73738,
            24.178683
          ],
          [
            120.737406,
            24.178881
          ],
          [
            120.737246,
            24.178907
          ],
          [
            120.7367,
            24.178837
          ],
          [
            120.736557,
            24.178777
          ],
          [
            120.736417,
            24.178708
          ],
          [
            120.736345,
            24.17871
          ],
          [
            120.736287,
            24.178741
          ],
          [
            120.736246,
            24.178832
          ],
          [
            120.736179,
            24.179052
          ],
          [
            120.736097,
            24.179267
          ],
          [
            120.735897,
            24.179268
          ],
          [
            120.735774,
            24.179239
          ],
          [
            120.735466,
            24.179188
          ],
          [
            120.735104,
            24.179129
          ],
          [
            120.734773,
            24.179002
          ],
          [
            120.734556,
            24.178919
          ],
          [
            120.734174,
            24.178895
          ],
          [
            120.734556,
            24.178919
          ],
          [
            120.734773,
            24.179002
          ],
          [
            120.735104,
            24.179129
          ],
          [
            120.735172,
            24.17914
          ],
          [
            120.735402,
            24.179178
          ],
          [
            120.735466,
            24.179188
          ],
          [
            120.735625,
            24.179214
          ],
          [
            120.735774,
            24.179239
          ],
          [
            120.735897,
            24.179268
          ],
          [
            120.736097,
            24.179267
          ],
          [
            120.736179,
            24.179052
          ],
          [
            120.736246,
            24.178832
          ],
          [
            120.736287,
            24.178741
          ],
          [
            120.736345,
            24.17871
          ],
          [
            120.736417,
            24.178708
          ],
          [
            120.736557,
            24.178777
          ],
          [
            120.7367,
            24.178837
          ],
          [
            120.737246,
            24.178907
          ],
          [
            120.737406,
            24.178881
          ],
          [
            120.73738,
            24.178683
          ],
          [
            120.737354,
            24.17856
          ],
          [
            120.737332,
            24.178453
          ],
          [
            120.737196,
            24.178441
          ],
          [
            120.73711,
            24.178434
          ],
          [
            120.73699,
            24.178404
          ],
          [
            120.73685,
            24.178352
          ],
          [
            120.73654,
            24.178195
          ],
          [
            120.735921,
            24.177851
          ],
          [
            120.73569,
            24.178171
          ],
          [
            120.735969,
            24.178355
          ],
          [
            120.73569,
            24.178171
          ],
          [
            120.735921,
            24.177851
          ],
          [
            120.735986,
            24.17773
          ],
          [
            120.735908,
            24.177644
          ],
          [
            120.735822,
            24.177558
          ],
          [
            120.735499,
            24.177294
          ],
          [
            120.735252,
            24.177092
          ],
          [
            120.735822,
            24.177558
          ],
          [
            120.735908,
            24.177644
          ],
          [
            120.735986,
            24.17773
          ],
          [
            120.735921,
            24.177851
          ],
          [
            120.735692,
            24.177715
          ],
          [
            120.735002,
            24.17733
          ],
          [
            120.734973,
            24.177313
          ],
          [
            120.734809,
            24.177226
          ],
          [
            120.734806,
            24.177225
          ],
          [
            120.734574,
            24.177125
          ],
          [
            120.734371,
            24.177059
          ],
          [
            120.73409,
            24.176991
          ],
          [
            120.733677,
            24.176896
          ],
          [
            120.733732,
            24.176821
          ],
          [
            120.733789,
            24.17678
          ],
          [
            120.733923,
            24.176755
          ],
          [
            120.734317,
            24.176724
          ],
          [
            120.734596,
            24.176745
          ],
          [
            120.734707,
            24.176774
          ],
          [
            120.734596,
            24.176745
          ],
          [
            120.734352,
            24.176727
          ],
          [
            120.734317,
            24.176724
          ],
          [
            120.733923,
            24.176755
          ],
          [
            120.733789,
            24.17678
          ],
          [
            120.733732,
            24.176821
          ],
          [
            120.733677,
            24.176896
          ],
          [
            120.733778,
            24.177212
          ],
          [
            120.733773,
            24.177505
          ],
          [
            120.733771,
            24.177607
          ],
          [
            120.73377,
            24.177648
          ],
          [
            120.733764,
            24.177957
          ],
          [
            120.733761,
            24.178012
          ],
          [
            120.733755,
            24.178097
          ],
          [
            120.733694,
            24.178294
          ],
          [
            120.733657,
            24.178435
          ],
          [
            120.733625,
            24.178537
          ],
          [
            120.733596,
            24.178623
          ],
          [
            120.733438,
            24.178839
          ],
          [
            120.733415,
            24.17889
          ],
          [
            120.733412,
            24.179028
          ],
          [
            120.733417,
            24.179062
          ],
          [
            120.733412,
            24.179028
          ],
          [
            120.733415,
            24.17889
          ],
          [
            120.733438,
            24.178839
          ],
          [
            120.733596,
            24.178623
          ],
          [
            120.733625,
            24.178537
          ],
          [
            120.733657,
            24.178435
          ],
          [
            120.733694,
            24.178294
          ],
          [
            120.733755,
            24.178097
          ],
          [
            120.733761,
            24.178012
          ],
          [
            120.733764,
            24.177957
          ],
          [
            120.73377,
            24.177648
          ],
          [
            120.733771,
            24.177607
          ],
          [
            120.733773,
            24.177505
          ],
          [
            120.733778,
            24.177212
          ],
          [
            120.733677,
            24.176896
          ],
          [
            120.733732,
            24.176821
          ],
          [
            120.733789,
            24.17678
          ],
          [
            120.733923,
            24.176755
          ],
          [
            120.734317,
            24.176724
          ],
          [
            120.734596,
            24.176745
          ],
          [
            120.734816,
            24.176802
          ],
          [
            120.735004,
            24.176893
          ],
          [
            120.735174,
            24.177028
          ],
          [
            120.735221,
            24.177067
          ],
          [
            120.735823,
            24.177559
          ],
          [
            120.735822,
            24.177558
          ],
          [
            120.735908,
            24.177644
          ],
          [
            120.735986,
            24.17773
          ],
          [
            120.735921,
            24.177851
          ],
          [
            120.735692,
            24.177715
          ],
          [
            120.735002,
            24.17733
          ],
          [
            120.734973,
            24.177313
          ],
          [
            120.734806,
            24.177225
          ],
          [
            120.734574,
            24.177125
          ],
          [
            120.734371,
            24.177059
          ],
          [
            120.73409,
            24.176991
          ],
          [
            120.733677,
            24.176896
          ],
          [
            120.733414,
            24.176884
          ],
          [
            120.733083,
            24.176894
          ],
          [
            120.732518,
            24.176944
          ],
          [
            120.731903,
            24.177019
          ],
          [
            120.731382,
            24.177085
          ],
          [
            120.730991,
            24.177153
          ],
          [
            120.73063,
            24.177174
          ],
          [
            120.730394,
            24.177172
          ],
          [
            120.730273,
            24.177145
          ],
          [
            120.730135,
            24.177116
          ],
          [
            120.729925,
            24.177079
          ],
          [
            120.729393,
            24.176995
          ],
          [
            120.728766,
            24.176886
          ],
          [
            120.728667,
            24.176869
          ],
          [
            120.72766,
            24.176657
          ],
          [
            120.727359,
            24.176592
          ],
          [
            120.727493,
            24.177306
          ],
          [
            120.726687,
            24.177343
          ],
          [
            120.726312,
            24.177339
          ],
          [
            120.725951,
            24.177302
          ],
          [
            120.725865,
            24.177288
          ],
          [
            120.725832,
            24.17744
          ],
          [
            120.725709,
            24.177623
          ],
          [
            120.725658,
            24.177684
          ],
          [
            120.72564,
            24.17771
          ],
          [
            120.7256,
            24.177688
          ],
          [
            120.725564,
            24.177673
          ],
          [
            120.725482,
            24.177654
          ],
          [
            120.725366,
            24.177625
          ],
          [
            120.725146,
            24.177569
          ],
          [
            120.725105,
            24.177559
          ],
          [
            120.724861,
            24.177481
          ],
          [
            120.724687,
            24.17745
          ],
          [
            120.724687,
            24.177491
          ],
          [
            120.724687,
            24.17754
          ],
          [
            120.724688,
            24.17765
          ],
          [
            120.724687,
            24.17754
          ],
          [
            120.724687,
            24.177491
          ],
          [
            120.724687,
            24.17745
          ],
          [
            120.724861,
            24.177481
          ],
          [
            120.725105,
            24.177559
          ],
          [
            120.725482,
            24.177654
          ],
          [
            120.725564,
            24.177673
          ],
          [
            120.7256,
            24.177688
          ],
          [
            120.72564,
            24.17771
          ],
          [
            120.725544,
            24.177825
          ],
          [
            120.72564,
            24.17771
          ],
          [
            120.725795,
            24.177835
          ],
          [
            120.725788,
            24.17814
          ],
          [
            120.725823,
            24.17831
          ],
          [
            120.725857,
            24.178405
          ],
          [
            120.725863,
            24.17851
          ],
          [
            120.725899,
            24.17857
          ],
          [
            120.725939,
            24.178644
          ],
          [
            120.725922,
            24.178691
          ],
          [
            120.725922,
            24.178691
          ]
        ]
      },
      "properties": {
        "routeId": "taichung-kel-2285-f5a955-d5",
        "city": "taichung",
        "source_file": "taichung/taichung-kel-2285-f5a955-d5.geojson",
        "distance_km": 58.033,
        "duration_min": 114.33175,
        "valhalla_config": "valhalla.json"
      }
    }
  ]
}