{
  "type": "FeatureCollection",
  "features": [
    {
      "type": "Feature",
      "geometry": {
        "type": "LineString",
        "coordinates": [
          [
            120.834971,
            24.169501
          ],
          [
            120.834962,
            24.169394
          ],
          [
            120.834975,
            24.169186
          ],
          [
            120.834975,
            24.169128
          ],
          [
            120.834975,
            24.168935
          ],
          [
            120.834975,
            24.16872
          ],
          [
            120.834911,
            24.168527
          ],
          [
            120.834718,
            24.168184
          ],
          [
            120.834696,
            24.168012
          ],
          [
            120.834696,
            24.167905
          ],
          [
            120.834846,
            24.167197
          ],
          [
            120.834846,
            24.167046
          ],
          [
            120.834825,
            24.166896
          ],
          [
            120.834482,
            24.165952
          ],
          [
            120.834439,
            24.16578
          ],
          [
            120.834417,
            24.165115
          ],
          [
            120.834439,
            24.165008
          ],
          [
            120.83446,
            24.164901
          ],
          [
            120.834525,
            24.164815
          ],
          [
            120.834782,
            24.164514
          ],
          [
            120.835297,
            24.164021
          ],
          [
            120.835984,
            24.16342
          ],
          [
            120.836842,
            24.16254
          ],
          [
            120.836906,
            24.162498
          ],
          [
            120.837057,
            24.162433
          ],
          [
            120.8377,
            24.162326
          ],
          [
            120.837765,
            24.162304
          ],
          [
            120.837851,
            24.162262
          ],
          [
            120.837915,
            24.162219
          ],
          [
            120.838044,
            24.161982
          ],
          [
            120.838108,
            24.16194
          ],
          [
            120.838258,
            24.161832
          ],
          [
            120.838494,
            24.161746
          ],
          [
            120.838988,
            24.161596
          ],
          [
            120.839481,
            24.161339
          ],
          [
            120.839825,
            24.16121
          ],
          [
            120.84019,
            24.16106
          ],
          [
            120.841155,
            24.160781
          ],
          [
            120.842335,
            24.160373
          ],
          [
            120.842571,
            24.160266
          ],
          [
            120.8427,
            24.160244
          ],
          [
            120.842764,
            24.160223
          ],
          [
            120.843086,
            24.160266
          ],
          [
            120.843236,
            24.160266
          ],
          [
            120.843344,
            24.160244
          ],
          [
            120.843451,
            24.160202
          ],
          [
            120.843902,
            24.159987
          ],
          [
            120.844052,
            24.159923
          ],
          [
            120.844352,
            24.15988
          ],
          [
            120.844567,
            24.159858
          ],
          [
            120.844803,
            24.159772
          ],
          [
            120.845017,
            24.159729
          ],
          [
            120.845125,
            24.159687
          ],
          [
            120.845254,
            24.159601
          ],
          [
            120.846112,
            24.159236
          ],
          [
            120.846841,
            24.159
          ],
          [
            120.847421,
            24.158742
          ],
          [
            120.848343,
            24.158399
          ],
          [
            120.848708,
            24.158206
          ],
          [
            120.849009,
            24.157948
          ],
          [
            120.849288,
            24.157734
          ],
          [
            120.849988,
            24.157308
          ],
          [
            120.850768,
            24.156833
          ],
          [
            120.851777,
            24.156275
          ],
          [
            120.851862,
            24.156232
          ],
          [
            120.852206,
            24.156167
          ],
          [
            120.852292,
            24.156125
          ],
          [
            120.852377,
            24.15606
          ],
          [
            120.852635,
            24.155867
          ],
          [
            120.852742,
            24.155803
          ],
          [
            120.85391,
            24.155426
          ],
          [
            120.854008,
            24.155395
          ],
          [
            120.85418,
            24.155352
          ],
          [
            120.85448,
            24.155309
          ],
          [
            120.854673,
            24.155245
          ],
          [
            120.854993,
            24.155112
          ],
          [
            120.855101,
            24.155077
          ],
          [
            120.855305,
            24.155121
          ],
          [
            120.855618,
            24.155309
          ],
          [
            120.855768,
            24.155309
          ],
          [
            120.855896,
            24.155309
          ],
          [
            120.856583,
            24.155116
          ],
          [
            120.857299,
            24.154898
          ],
          [
            120.85757,
            24.154816
          ],
          [
            120.857828,
            24.15473
          ],
          [
            120.857899,
            24.15473
          ],
          [
            120.857935,
            24.15473
          ],
          [
            120.857971,
            24.154737
          ],
          [
            120.858042,
            24.154751
          ],
          [
            120.858085,
            24.154794
          ],
          [
            120.858128,
            24.154859
          ],
          [
            120.858128,
            24.154987
          ],
          [
            120.858085,
            24.155073
          ],
          [
            120.857978,
            24.155245
          ],
          [
            120.857871,
            24.155331
          ],
          [
            120.857592,
            24.155502
          ],
          [
            120.857549,
            24.155545
          ],
          [
            120.857506,
            24.15561
          ],
          [
            120.857484,
            24.155674
          ],
          [
            120.857506,
            24.155738
          ],
          [
            120.857549,
            24.155781
          ],
          [
            120.857634,
            24.155824
          ],
          [
            120.857763,
            24.155867
          ],
          [
            120.858021,
            24.155889
          ],
          [
            120.858901,
            24.15591
          ],
          [
            120.858986,
            24.15591
          ],
          [
            120.859094,
            24.155953
          ],
          [
            120.859158,
            24.155996
          ],
          [
            120.859416,
            24.15621
          ],
          [
            120.859501,
            24.156253
          ],
          [
            120.859656,
            24.156303
          ],
          [
            120.860081,
            24.156374
          ],
          [
            120.860291,
            24.156387
          ],
          [
            120.860441,
            24.156374
          ],
          [
            120.860576,
            24.156327
          ],
          [
            120.860705,
            24.156264
          ],
          [
            120.861248,
            24.15597
          ],
          [
            120.861349,
            24.155939
          ],
          [
            120.861492,
            24.155949
          ],
          [
            120.861753,
            24.156055
          ],
          [
            120.86185,
            24.156095
          ],
          [
            120.861956,
            24.156098
          ],
          [
            120.862294,
            24.156078
          ],
          [
            120.862405,
            24.156091
          ],
          [
            120.862498,
            24.156184
          ],
          [
            120.862527,
            24.156215
          ],
          [
            120.862586,
            24.156276
          ],
          [
            120.862609,
            24.156301
          ],
          [
            120.862828,
            24.156472
          ],
          [
            120.86316,
            24.156663
          ],
          [
            120.863336,
            24.156747
          ],
          [
            120.863543,
            24.156821
          ],
          [
            120.863593,
            24.15683
          ],
          [
            120.863764,
            24.15686
          ],
          [
            120.864129,
            24.156943
          ],
          [
            120.864201,
            24.156961
          ],
          [
            120.864204,
            24.156965
          ],
          [
            120.864246,
            24.157011
          ],
          [
            120.864343,
            24.157123
          ],
          [
            120.864574,
            24.157468
          ],
          [
            120.86465,
            24.157541
          ],
          [
            120.86474,
            24.157596
          ],
          [
            120.865163,
            24.157818
          ],
          [
            120.865329,
            24.15789
          ],
          [
            120.865471,
            24.157904
          ],
          [
            120.865715,
            24.157886
          ],
          [
            120.865837,
            24.157923
          ],
          [
            120.86596,
            24.158013
          ],
          [
            120.866069,
            24.158131
          ],
          [
            120.866115,
            24.15818
          ],
          [
            120.86619,
            24.158273
          ],
          [
            120.866196,
            24.158335
          ],
          [
            120.866192,
            24.158386
          ],
          [
            120.866189,
            24.158427
          ],
          [
            120.866132,
            24.158533
          ],
          [
            120.866131,
            24.158537
          ],
          [
            120.866028,
            24.158652
          ],
          [
            120.865766,
            24.158507
          ],
          [
            120.865638,
            24.158442
          ],
          [
            120.865552,
            24.158421
          ],
          [
            120.865467,
            24.158421
          ],
          [
            120.865381,
            24.158442
          ],
          [
            120.864999,
            24.158631
          ],
          [
            120.86485,
            24.158687
          ],
          [
            120.864498,
            24.158755
          ],
          [
            120.864229,
            24.158805
          ],
          [
            120.863667,
            24.158956
          ],
          [
            120.863153,
            24.159104
          ],
          [
            120.863042,
            24.15915
          ],
          [
            120.86295,
            24.159204
          ],
          [
            120.862808,
            24.159334
          ],
          [
            120.862715,
            24.159481
          ],
          [
            120.862657,
            24.159619
          ],
          [
            120.862624,
            24.15974
          ],
          [
            120.862595,
            24.159788
          ],
          [
            120.862552,
            24.159868
          ],
          [
            120.862507,
            24.15998
          ],
          [
            120.862488,
            24.160008
          ],
          [
            120.862473,
            24.160034
          ],
          [
            120.862464,
            24.160042
          ],
          [
            120.862447,
            24.160044
          ],
          [
            120.86242,
            24.160036
          ],
          [
            120.862387,
            24.160018
          ],
          [
            120.862349,
            24.159992
          ],
          [
            120.862272,
            24.159923
          ],
          [
            120.86214,
            24.159779
          ],
          [
            120.862272,
            24.159923
          ],
          [
            120.862349,
            24.159992
          ],
          [
            120.862387,
            24.160018
          ],
          [
            120.86242,
            24.160036
          ],
          [
            120.862447,
            24.160044
          ],
          [
            120.862464,
            24.160042
          ],
          [
            120.862473,
            24.160034
          ],
          [
            120.862488,
            24.160008
          ],
          [
            120.862507,
            24.15998
          ],
          [
            120.862552,
            24.159868
          ],
          [
            120.862595,
            24.159788
          ],
          [
            120.862624,
            24.15974
          ],
          [
            120.862584,
            24.160005
          ],
          [
            120.862491,
            24.160153
          ],
          [
            120.862359,
            24.160273
          ],
          [
            120.862196,
            24.16039
          ],
          [
            120.862033,
            24.160452
          ],
          [
            120.861953,
            24.160475
          ],
          [
            120.86093,
            24.160735
          ],
          [
            120.860573,
            24.160821
          ],
          [
            120.860337,
            24.160884
          ],
          [
            120.860186,
            24.160786
          ],
          [
            120.859989,
            24.160678
          ],
          [
            120.859394,
            24.160438
          ],
          [
            120.859308,
            24.160416
          ],
          [
            120.859072,
            24.160395
          ],
          [
            120.858944,
            24.160395
          ],
          [
            120.858793,
            24.160438
          ],
          [
            120.857613,
            24.160716
          ],
          [
            120.856905,
            24.160931
          ],
          [
            120.856497,
            24.16106
          ],
          [
            120.855789,
            24.161189
          ],
          [
            120.855489,
            24.16121
          ],
          [
            120.854974,
            24.161232
          ],
          [
            120.854287,
            24.161253
          ],
          [
            120.854073,
            24.161274
          ],
          [
            120.853493,
            24.161382
          ],
          [
            120.853214,
            24.161446
          ],
          [
            120.852849,
            24.161575
          ],
          [
            120.850996,
            24.162261
          ],
          [
            120.850446,
            24.162369
          ],
          [
            120.85036,
            24.162369
          ],
          [
            120.850189,
            24.162347
          ],
          [
            120.849824,
            24.16224
          ],
          [
            120.849609,
            24.162197
          ],
          [
            120.849094,
            24.162219
          ],
          [
            120.848622,
            24.162326
          ],
          [
            120.848129,
            24.162433
          ],
          [
            120.847893,
            24.162519
          ],
          [
            120.847695,
            24.162612
          ],
          [
            120.847228,
            24.162948
          ],
          [
            120.846798,
            24.163227
          ],
          [
            120.846562,
            24.163334
          ],
          [
            120.845919,
            24.163592
          ],
          [
            120.845704,
            24.163699
          ],
          [
            120.845103,
            24.164193
          ],
          [
            120.843258,
            24.165587
          ],
          [
            120.843151,
            24.165695
          ],
          [
            120.843065,
            24.165802
          ],
          [
            120.842915,
            24.166059
          ],
          [
            120.842872,
            24.16621
          ],
          [
            120.84285,
            24.16636
          ],
          [
            120.842872,
            24.166639
          ],
          [
            120.843108,
            24.167411
          ],
          [
            120.843108,
            24.167647
          ],
          [
            120.843022,
            24.167948
          ],
          [
            120.84285,
            24.168355
          ],
          [
            120.8427,
            24.16857
          ],
          [
            120.842346,
            24.168916
          ],
          [
            120.842212,
            24.169052
          ],
          [
            120.84182,
            24.169664
          ],
          [
            120.841627,
            24.1699
          ],
          [
            120.841134,
            24.170351
          ],
          [
            120.840764,
            24.170737
          ],
          [
            120.840702,
            24.170801
          ],
          [
            120.840611,
            24.170897
          ],
          [
            120.840407,
            24.171035
          ],
          [
            120.839717,
            24.171381
          ],
          [
            120.83888,
            24.171767
          ],
          [
            120.838795,
            24.171832
          ],
          [
            120.83873,
            24.171917
          ],
          [
            120.838563,
            24.172236
          ],
          [
            120.838443,
            24.172204
          ],
          [
            120.836055,
            24.171556
          ],
          [
            120.835962,
            24.17151
          ],
          [
            120.835898,
            24.171467
          ],
          [
            120.835848,
            24.171327
          ],
          [
            120.835791,
            24.170952
          ],
          [
            120.835705,
            24.170759
          ],
          [
            120.83549,
            24.170501
          ],
          [
            120.835083,
            24.170115
          ],
          [
            120.835061,
            24.170051
          ],
          [
            120.835033,
            24.16989
          ],
          [
            120.835033,
            24.169788
          ],
          [
            120.834987,
            24.16969
          ],
          [
            120.834917,
            24.169901
          ],
          [
            120.834954,
            24.170072
          ],
          [
            120.834997,
            24.170158
          ],
          [
            120.835426,
            24.170694
          ],
          [
            120.835598,
            24.17093
          ],
          [
            120.83564,
            24.171059
          ],
          [
            120.835662,
            24.171166
          ],
          [
            120.835662,
            24.171252
          ],
          [
            120.83564,
            24.171338
          ],
          [
            120.835447,
            24.171617
          ],
          [
            120.835426,
            24.171681
          ],
          [
            120.835347,
            24.171887
          ],
          [
            120.835326,
            24.171973
          ],
          [
            120.835261,
            24.172059
          ],
          [
            120.835175,
            24.172123
          ],
          [
            120.834825,
            24.172261
          ],
          [
            120.834039,
            24.172674
          ],
          [
            120.833697,
            24.172838
          ],
          [
            120.833531,
            24.172896
          ],
          [
            120.833378,
            24.172943
          ],
          [
            120.833024,
            24.172965
          ],
          [
            120.832849,
            24.172962
          ],
          [
            120.832663,
            24.172912
          ],
          [
            120.832446,
            24.172845
          ],
          [
            120.83219,
            24.172699
          ],
          [
            120.832086,
            24.172627
          ],
          [
            120.831959,
            24.172479
          ],
          [
            120.831771,
            24.17226
          ],
          [
            120.831563,
            24.172025
          ],
          [
            120.831447,
            24.171855
          ],
          [
            120.831365,
            24.171659
          ],
          [
            120.831317,
            24.171484
          ],
          [
            120.831161,
            24.171303
          ],
          [
            120.831058,
            24.171151
          ],
          [
            120.831019,
            24.171052
          ],
          [
            120.831027,
            24.170973
          ],
          [
            120.831049,
            24.170759
          ],
          [
            120.831177,
            24.170158
          ],
          [
            120.831263,
            24.169943
          ],
          [
            120.831456,
            24.169493
          ],
          [
            120.831499,
            24.169364
          ],
          [
            120.831499,
            24.1693
          ],
          [
            120.831478,
            24.169235
          ],
          [
            120.831242,
            24.16887
          ],
          [
            120.831177,
            24.168806
          ],
          [
            120.831091,
            24.168742
          ],
          [
            120.83034,
            24.168355
          ],
          [
            120.829546,
            24.167798
          ],
          [
            120.829461,
            24.167669
          ],
          [
            120.829382,
            24.167463
          ],
          [
            120.829353,
            24.16739
          ],
          [
            120.829289,
            24.167283
          ],
          [
            120.829203,
            24.16724
          ],
          [
            120.829096,
            24.167197
          ],
          [
            120.828967,
            24.167175
          ],
          [
            120.82871,
            24.167218
          ],
          [
            120.828452,
            24.167304
          ],
          [
            120.828001,
            24.16754
          ],
          [
            120.827894,
            24.167583
          ],
          [
            120.827444,
            24.167669
          ],
          [
            120.82725,
            24.167712
          ],
          [
            120.8268,
            24.167755
          ],
          [
            120.825791,
            24.168055
          ],
          [
            120.825491,
            24.168334
          ],
          [
            120.825233,
            24.168141
          ],
          [
            120.824869,
            24.167905
          ],
          [
            120.824697,
            24.167798
          ],
          [
            120.824654,
            24.167755
          ],
          [
            120.824634,
            24.167695
          ],
          [
            120.824611,
            24.167626
          ],
          [
            120.824633,
            24.167561
          ],
          [
            120.824783,
            24.167175
          ],
          [
            120.824826,
            24.167004
          ],
          [
            120.824826,
            24.166918
          ],
          [
            120.824645,
            24.165824
          ],
          [
            120.824654,
            24.165544
          ],
          [
            120.824676,
            24.165437
          ],
          [
            120.825019,
            24.164622
          ],
          [
            120.825212,
            24.164236
          ],
          [
            120.825577,
            24.163678
          ],
          [
            120.825962,
            24.163127
          ],
          [
            120.826027,
            24.163034
          ],
          [
            120.82607,
            24.162884
          ],
          [
            120.82607,
            24.162691
          ],
          [
            120.826049,
            24.162583
          ],
          [
            120.825856,
            24.162026
          ],
          [
            120.825834,
            24.16194
          ],
          [
            120.825834,
            24.161875
          ],
          [
            120.825856,
            24.161789
          ],
          [
            120.825899,
            24.161746
          ],
          [
            120.826349,
            24.161253
          ],
          [
            120.826821,
            24.160738
          ],
          [
            120.826864,
            24.160674
          ],
          [
            120.826886,
            24.160588
          ],
          [
            120.826864,
            24.160502
          ],
          [
            120.826735,
            24.160137
          ],
          [
            120.826729,
            24.160108
          ],
          [
            120.826697,
            24.159963
          ],
          [
            120.82665,
            24.159751
          ],
          [
            120.8265,
            24.159515
          ],
          [
            120.826457,
            24.159386
          ],
          [
            120.826435,
            24.159236
          ],
          [
            120.826435,
            24.159107
          ],
          [
            120.826478,
            24.159043
          ],
          [
            120.827293,
            24.157927
          ],
          [
            120.827444,
            24.157777
          ],
          [
            120.827637,
            24.157648
          ],
          [
            120.828259,
            24.157305
          ],
          [
            120.828795,
            24.157047
          ],
          [
            120.82929,
            24.156806
          ],
          [
            120.829246,
            24.156704
          ],
          [
            120.829203,
            24.156682
          ],
          [
            120.829117,
            24.15664
          ],
          [
            120.829225,
            24.156511
          ],
          [
            120.829289,
            24.156403
          ],
          [
            120.82931,
            24.156296
          ],
          [
            120.829289,
            24.156189
          ],
          [
            120.829246,
            24.156125
          ],
          [
            120.828989,
            24.15591
          ],
          [
            120.828881,
            24.155695
          ],
          [
            120.82886,
            24.15561
          ],
          [
            120.82886,
            24.155438
          ],
          [
            120.828924,
            24.155202
          ],
          [
            120.828924,
            24.155073
          ],
          [
            120.828946,
            24.154944
          ],
          [
            120.828881,
            24.154601
          ],
          [
            120.828924,
            24.154301
          ],
          [
            120.828795,
            24.153979
          ],
          [
            120.828774,
            24.153314
          ],
          [
            120.828676,
            24.15286
          ],
          [
            120.828774,
            24.153314
          ],
          [
            120.828795,
            24.153979
          ],
          [
            120.828924,
            24.154301
          ],
          [
            120.828881,
            24.154601
          ],
          [
            120.828946,
            24.154944
          ],
          [
            120.828924,
            24.155073
          ],
          [
            120.828924,
            24.155202
          ],
          [
            120.82886,
            24.155438
          ],
          [
            120.82886,
            24.15561
          ],
          [
            120.828881,
            24.155695
          ],
          [
            120.828989,
            24.15591
          ],
          [
            120.829246,
            24.156125
          ],
          [
            120.829289,
            24.156189
          ],
          [
            120.82931,
            24.156296
          ],
          [
            120.829289,
            24.156403
          ],
          [
            120.829225,
            24.156511
          ],
          [
            120.829117,
            24.15664
          ],
          [
            120.829203,
            24.156682
          ],
          [
            120.829246,
            24.156704
          ],
          [
            120.82929,
            24.156806
          ],
          [
            120.828795,
            24.157047
          ],
          [
            120.828259,
            24.157305
          ],
          [
            120.827637,
            24.157648
          ],
          [
            120.827444,
            24.157777
          ],
          [
            120.827293,
            24.157927
          ],
          [
            120.826478,
            24.159043
          ],
          [
            120.826435,
            24.159107
          ],
          [
            120.826435,
            24.159236
          ],
          [
            120.826457,
            24.159386
          ],
          [
            120.8265,
            24.159515
          ],
          [
            120.82665,
            24.159751
          ],
          [
            120.826697,
            24.159963
          ],
          [
            120.826729,
            24.160108
          ],
          [
            120.826735,
            24.160137
          ],
          [
            120.826864,
            24.160502
          ],
          [
            120.826886,
            24.160588
          ],
          [
            120.826864,
            24.160674
          ],
          [
            120.826821,
            24.160738
          ],
          [
            120.826349,
            24.161253
          ],
          [
            120.825899,
            24.161746
          ],
          [
            120.825856,
            24.161789
          ],
          [
            120.825834,
            24.161875
          ],
          [
            120.825834,
            24.16194
          ],
          [
            120.825856,
            24.162026
          ],
          [
            120.826049,
            24.162583
          ],
          [
            120.82607,
            24.162691
          ],
          [
            120.82607,
            24.162884
          ],
          [
            120.826027,
            24.163034
          ],
          [
            120.825962,
            24.163127
          ],
          [
            120.825858,
            24.163105
          ],
          [
            120.825962,
            24.163127
          ],
          [
            120.825577,
            24.163678
          ],
          [
            120.825212,
            24.164236
          ],
          [
            120.825019,
            24.164622
          ],
          [
            120.824676,
            24.165437
          ],
          [
            120.824654,
            24.165544
          ],
          [
            120.824645,
            24.165824
          ],
          [
            120.824826,
            24.166918
          ],
          [
            120.824826,
            24.167004
          ],
          [
            120.824783,
            24.167175
          ],
          [
            120.824633,
            24.167561
          ],
          [
            120.824611,
            24.167626
          ],
          [
            120.824634,
            24.167695
          ],
          [
            120.824654,
            24.167755
          ],
          [
            120.824697,
            24.167798
          ],
          [
            120.824869,
            24.167905
          ],
          [
            120.825233,
            24.168141
          ],
          [
            120.825491,
            24.168334
          ],
          [
            120.825427,
            24.168377
          ],
          [
            120.825362,
            24.168398
          ],
          [
            120.825276,
            24.168398
          ],
          [
            120.825169,
            24.168376
          ],
          [
            120.824676,
            24.168205
          ],
          [
            120.82459,
            24.168184
          ],
          [
            120.824375,
            24.168205
          ],
          [
            120.824161,
            24.16827
          ],
          [
            120.823967,
            24.168355
          ],
          [
            120.823517,
            24.168613
          ],
          [
            120.823367,
            24.16872
          ],
          [
            120.823174,
            24.168935
          ],
          [
            120.823131,
            24.168999
          ],
          [
            120.823131,
            24.169064
          ],
          [
            120.823174,
            24.169385
          ],
          [
            120.823131,
            24.16975
          ],
          [
            120.823174,
            24.170158
          ],
          [
            120.823174,
            24.170222
          ],
          [
            120.823131,
            24.170265
          ],
          [
            120.823066,
            24.170308
          ],
          [
            120.822937,
            24.170308
          ],
          [
            120.822594,
            24.170158
          ],
          [
            120.822508,
            24.170136
          ],
          [
            120.822401,
            24.170179
          ],
          [
            120.82238,
            24.170222
          ],
          [
            120.82238,
            24.170265
          ],
          [
            120.822401,
            24.170308
          ],
          [
            120.822444,
            24.170351
          ],
          [
            120.822522,
            24.17038
          ],
          [
            120.822772,
            24.170451
          ],
          [
            120.822906,
            24.17048
          ],
          [
            120.82308,
            24.170509
          ],
          [
            120.823259,
            24.17048
          ],
          [
            120.823324,
            24.170458
          ],
          [
            120.823388,
            24.170415
          ],
          [
            120.82341,
            24.170373
          ],
          [
            120.823431,
            24.170308
          ],
          [
            120.823388,
            24.169793
          ],
          [
            120.82341,
            24.16975
          ],
          [
            120.823452,
            24.169729
          ],
          [
            120.823495,
            24.169729
          ],
          [
            120.823538,
            24.16975
          ],
          [
            120.823581,
            24.169793
          ],
          [
            120.823581,
            24.169836
          ],
          [
            120.823581,
            24.170501
          ],
          [
            120.82356,
            24.170566
          ],
          [
            120.823517,
            24.17063
          ],
          [
            120.823474,
            24.170673
          ],
          [
            120.823388,
            24.170716
          ],
          [
            120.823131,
            24.170716
          ],
          [
            120.822895,
            24.170651
          ],
          [
            120.822744,
            24.170651
          ],
          [
            120.822658,
            24.170673
          ],
          [
            120.822616,
            24.170716
          ],
          [
            120.822186,
            24.171231
          ],
          [
            120.822122,
            24.171295
          ],
          [
            120.821843,
            24.171424
          ],
          [
            120.821779,
            24.171488
          ],
          [
            120.8215,
            24.171789
          ],
          [
            120.821457,
            24.171875
          ],
          [
            120.821457,
            24.171939
          ],
          [
            120.8215,
            24.172068
          ],
          [
            120.8215,
            24.172196
          ],
          [
            120.821371,
            24.172497
          ],
          [
            120.82135,
            24.172561
          ],
          [
            120.821285,
            24.172625
          ],
          [
            120.821199,
            24.172669
          ],
          [
            120.821114,
            24.172669
          ],
          [
            120.821028,
            24.172647
          ],
          [
            120.820963,
            24.172625
          ],
          [
            120.820795,
            24.172511
          ],
          [
            120.820701,
            24.172433
          ],
          [
            120.820639,
            24.172356
          ],
          [
            120.820599,
            24.172282
          ],
          [
            120.820577,
            24.172218
          ],
          [
            120.820553,
            24.171921
          ],
          [
            120.820531,
            24.171857
          ],
          [
            120.820489,
            24.171814
          ],
          [
            120.820403,
            24.171792
          ],
          [
            120.820338,
            24.171814
          ],
          [
            120.820295,
            24.171857
          ],
          [
            120.820295,
            24.171921
          ],
          [
            120.820309,
            24.172068
          ],
          [
            120.82032,
            24.17254
          ],
          [
            120.82032,
            24.172604
          ],
          [
            120.820363,
            24.172669
          ],
          [
            120.820406,
            24.17269
          ],
          [
            120.820548,
            24.172743
          ],
          [
            120.820612,
            24.172764
          ],
          [
            120.820633,
            24.172807
          ],
          [
            120.820768,
            24.172986
          ],
          [
            120.820832,
            24.173072
          ],
          [
            120.820961,
            24.173093
          ],
          [
            120.821261,
            24.173093
          ],
          [
            120.821368,
            24.173115
          ],
          [
            120.821454,
            24.173158
          ],
          [
            120.821595,
            24.173224
          ],
          [
            120.821638,
            24.173246
          ],
          [
            120.821659,
            24.173289
          ],
          [
            120.821659,
            24.173353
          ],
          [
            120.821659,
            24.173418
          ],
          [
            120.821631,
            24.173473
          ],
          [
            120.821567,
            24.173516
          ],
          [
            120.821417,
            24.173559
          ],
          [
            120.821352,
            24.173623
          ],
          [
            120.821371,
            24.173913
          ],
          [
            120.821393,
            24.173977
          ],
          [
            120.821478,
            24.174042
          ],
          [
            120.821594,
            24.174097
          ],
          [
            120.821835,
            24.174141
          ],
          [
            120.82202,
            24.174116
          ],
          [
            120.82217,
            24.174052
          ],
          [
            120.822235,
            24.174052
          ],
          [
            120.822278,
            24.174052
          ],
          [
            120.822321,
            24.174095
          ],
          [
            120.822498,
            24.174492
          ],
          [
            120.82253,
            24.1746
          ],
          [
            120.82253,
            24.174964
          ],
          [
            120.822567,
            24.175215
          ],
          [
            120.822575,
            24.175357
          ],
          [
            120.822567,
            24.175478
          ],
          [
            120.822444,
            24.175973
          ],
          [
            120.822294,
            24.176381
          ],
          [
            120.822186,
            24.176531
          ],
          [
            120.822101,
            24.176638
          ],
          [
            120.821835,
            24.17688
          ],
          [
            120.821578,
            24.177094
          ],
          [
            120.821449,
            24.17718
          ],
          [
            120.82132,
            24.177223
          ],
          [
            120.820848,
            24.177278
          ],
          [
            120.820762,
            24.177321
          ],
          [
            120.820741,
            24.177364
          ],
          [
            120.820719,
            24.177493
          ],
          [
            120.820792,
            24.178054
          ],
          [
            120.820796,
            24.178096
          ],
          [
            120.821071,
            24.1805
          ],
          [
            120.821135,
            24.181123
          ],
          [
            120.821129,
            24.181169
          ],
          [
            120.821212,
            24.181716
          ],
          [
            120.82132,
            24.182636
          ],
          [
            120.821403,
            24.183347
          ],
          [
            120.821461,
            24.183811
          ],
          [
            120.821403,
            24.183347
          ],
          [
            120.821212,
            24.181716
          ],
          [
            120.821151,
            24.181311
          ],
          [
            120.821129,
            24.181169
          ],
          [
            120.821135,
            24.181123
          ],
          [
            120.82135,
            24.181166
          ],
          [
            120.821436,
            24.181209
          ],
          [
            120.8215,
            24.181294
          ],
          [
            120.82195,
            24.181917
          ],
          [
            120.822208,
            24.182131
          ],
          [
            120.822294,
            24.182239
          ],
          [
            120.822401,
            24.182539
          ],
          [
            120.822422,
            24.182668
          ],
          [
            120.822401,
            24.182732
          ],
          [
            120.822316,
            24.18298
          ],
          [
            120.822294,
            24.183088
          ],
          [
            120.822273,
            24.183195
          ],
          [
            120.822272,
            24.183505
          ],
          [
            120.822315,
            24.183869
          ],
          [
            120.822444,
            24.184406
          ],
          [
            120.822508,
            24.184599
          ],
          [
            120.822852,
            24.185178
          ],
          [
            120.822916,
            24.185328
          ],
          [
            120.822916,
            24.185436
          ],
          [
            120.822895,
            24.185522
          ],
          [
            120.822702,
            24.186079
          ],
          [
            120.822642,
            24.187563
          ],
          [
            120.822621,
            24.187606
          ],
          [
            120.822599,
            24.187649
          ],
          [
            120.822557,
            24.18767
          ],
          [
            120.822326,
            24.187761
          ],
          [
            120.822287,
            24.187627
          ],
          [
            120.822326,
            24.187761
          ],
          [
            120.822557,
            24.18767
          ],
          [
            120.822599,
            24.187649
          ],
          [
            120.822621,
            24.187606
          ],
          [
            120.822642,
            24.187563
          ],
          [
            120.822702,
            24.186079
          ],
          [
            120.822895,
            24.185522
          ],
          [
            120.822916,
            24.185436
          ],
          [
            120.822916,
            24.185328
          ],
          [
            120.822852,
            24.185178
          ],
          [
            120.822508,
            24.184599
          ],
          [
            120.822444,
            24.184406
          ],
          [
            120.822315,
            24.183869
          ],
          [
            120.822272,
            24.183505
          ],
          [
            120.822273,
            24.183195
          ],
          [
            120.822294,
            24.183088
          ],
          [
            120.822316,
            24.18298
          ],
          [
            120.822401,
            24.182732
          ],
          [
            120.822422,
            24.182668
          ],
          [
            120.822401,
            24.182539
          ],
          [
            120.822294,
            24.182239
          ],
          [
            120.822208,
            24.182131
          ],
          [
            120.82195,
            24.181917
          ],
          [
            120.8215,
            24.181294
          ],
          [
            120.821436,
            24.181209
          ],
          [
            120.82135,
            24.181166
          ],
          [
            120.821135,
            24.181123
          ],
          [
            120.819333,
            24.181294
          ],
          [
            120.817916,
            24.181423
          ],
          [
            120.817852,
            24.181423
          ],
          [
            120.817809,
            24.18138
          ],
          [
            120.817766,
            24.181337
          ],
          [
            120.81753,
            24.180586
          ],
          [
            120.817251,
            24.180071
          ],
          [
            120.817208,
            24.179921
          ],
          [
            120.817069,
            24.179028
          ],
          [
            120.817058,
            24.178956
          ],
          [
            120.817037,
            24.178805
          ],
          [
            120.816994,
            24.178677
          ],
          [
            120.816929,
            24.178569
          ],
          [
            120.816844,
            24.178526
          ],
          [
            120.816758,
            24.178505
          ],
          [
            120.816616,
            24.178505
          ],
          [
            120.816479,
            24.178591
          ],
          [
            120.816393,
            24.178655
          ],
          [
            120.816307,
            24.178762
          ],
          [
            120.816301,
            24.17879
          ],
          [
            120.816285,
            24.17886
          ],
          [
            120.816135,
            24.179535
          ],
          [
            120.815985,
            24.179986
          ],
          [
            120.815924,
            24.180436
          ],
          [
            120.815899,
            24.180865
          ],
          [
            120.815789,
            24.181459
          ],
          [
            120.815835,
            24.182131
          ],
          [
            120.815921,
            24.18256
          ],
          [
            120.815921,
            24.182646
          ],
          [
            120.815921,
            24.182775
          ],
          [
            120.815878,
            24.183032
          ],
          [
            120.815599,
            24.18417
          ],
          [
            120.815556,
            24.18447
          ],
          [
            120.815528,
            24.184952
          ],
          [
            120.815296,
            24.184901
          ],
          [
            120.815528,
            24.184952
          ],
          [
            120.815492,
            24.1852
          ],
          [
            120.815685,
            24.185586
          ],
          [
            120.81583,
            24.185818
          ],
          [
            120.81585,
            24.185908
          ],
          [
            120.81587,
            24.18611
          ],
          [
            120.815878,
            24.187796
          ],
          [
            120.815878,
            24.188611
          ],
          [
            120.815883,
            24.189262
          ],
          [
            120.815902,
            24.190301
          ],
          [
            120.815899,
            24.191337
          ],
          [
            120.815887,
            24.192397
          ],
          [
            120.815895,
            24.1934
          ],
          [
            120.815909,
            24.194444
          ],
          [
            120.816821,
            24.19443
          ],
          [
            120.815909,
            24.194444
          ],
          [
            120.815918,
            24.195466
          ],
          [
            120.815942,
            24.196508
          ],
          [
            120.815956,
            24.197565
          ],
          [
            120.817295,
            24.197548
          ],
          [
            120.81751,
            24.197535
          ],
          [
            120.818147,
            24.197497
          ],
          [
            120.817817,
            24.198585
          ],
          [
            120.817846,
            24.199614
          ],
          [
            120.817849,
            24.199883
          ],
          [
            120.817856,
            24.200443
          ],
          [
            120.818346,
            24.200612
          ],
          [
            120.818796,
            24.201258
          ],
          [
            120.819011,
            24.202044
          ],
          [
            120.818238,
            24.20258
          ],
          [
            120.818131,
            24.202645
          ],
          [
            120.817938,
            24.202709
          ],
          [
            120.817766,
            24.202738
          ],
          [
            120.817664,
            24.202755
          ],
          [
            120.817332,
            24.202755
          ],
          [
            120.816007,
            24.202731
          ],
          [
            120.816007,
            24.203761
          ],
          [
            120.816027,
            24.204784
          ],
          [
            120.816028,
            24.204812
          ],
          [
            120.816028,
            24.205842
          ],
          [
            120.816028,
            24.206872
          ],
          [
            120.816036,
            24.207234
          ],
          [
            120.816049,
            24.207873
          ],
          [
            120.81605,
            24.207923
          ],
          [
            120.81605,
            24.208372
          ],
          [
            120.81605,
            24.208932
          ],
          [
            120.81607,
            24.209566
          ],
          [
            120.816071,
            24.209597
          ],
          [
            120.816071,
            24.210005
          ],
          [
            120.816071,
            24.210198
          ],
          [
            120.815964,
            24.210498
          ],
          [
            120.815842,
            24.210719
          ],
          [
            120.815728,
            24.210927
          ],
          [
            120.815685,
            24.210992
          ],
          [
            120.815599,
            24.211013
          ],
          [
            120.815513,
            24.211035
          ],
          [
            120.814247,
            24.211056
          ],
          [
            120.812419,
            24.211028
          ],
          [
            120.812427,
            24.212064
          ],
          [
            120.812434,
            24.213079
          ],
          [
            120.81245,
            24.214121
          ],
          [
            120.811043,
            24.21413
          ],
          [
            120.81062,
            24.21413
          ],
          [
            120.808784,
            24.214158
          ],
          [
            120.808772,
            24.213299
          ],
          [
            120.808784,
            24.214158
          ],
          [
            120.807723,
            24.214175
          ],
          [
            120.80694,
            24.21418
          ],
          [
            120.806957,
            24.215198
          ],
          [
            120.80695,
            24.216228
          ],
          [
            120.806969,
            24.217254
          ],
          [
            120.806975,
            24.217786
          ],
          [
            120.806981,
            24.218292
          ],
          [
            120.807,
            24.219322
          ],
          [
            120.807008,
            24.219957
          ],
          [
            120.807003,
            24.220371
          ],
          [
            120.807357,
            24.220376
          ],
          [
            120.807576,
            24.220382
          ],
          [
            120.808003,
            24.219639
          ],
          [
            120.808067,
            24.219532
          ],
          [
            120.808368,
            24.21921
          ],
          [
            120.809084,
            24.219187
          ],
          [
            120.809431,
            24.218962
          ],
          [
            120.809735,
            24.218748
          ],
          [
            120.809792,
            24.21868
          ],
          [
            120.809892,
            24.21856
          ],
          [
            120.809909,
            24.218455
          ],
          [
            120.809884,
            24.218329
          ],
          [
            120.809844,
            24.218168
          ],
          [
            120.809767,
            24.217995
          ],
          [
            120.809729,
            24.217889
          ],
          [
            120.809724,
            24.21779
          ],
          [
            120.809733,
            24.217621
          ],
          [
            120.809765,
            24.217531
          ],
          [
            120.809849,
            24.217409
          ],
          [
            120.809956,
            24.217304
          ],
          [
            120.810027,
            24.217218
          ],
          [
            120.810127,
            24.217196
          ],
          [
            120.810289,
            24.217139
          ],
          [
            120.810437,
            24.217091
          ],
          [
            120.810555,
            24.217047
          ],
          [
            120.810626,
            24.216995
          ],
          [
            120.810623,
            24.216194
          ],
          [
            120.81063,
            24.215167
          ],
          [
            120.812448,
            24.215157
          ],
          [
            120.81245,
            24.214121
          ],
          [
            120.812434,
            24.213079
          ],
          [
            120.812427,
            24.212064
          ],
          [
            120.812419,
            24.211028
          ],
          [
            120.814247,
            24.211056
          ],
          [
            120.815513,
            24.211035
          ],
          [
            120.815599,
            24.211013
          ],
          [
            120.815685,
            24.210992
          ],
          [
            120.815728,
            24.210927
          ],
          [
            120.815842,
            24.210719
          ],
          [
            120.815964,
            24.210498
          ],
          [
            120.816071,
            24.210198
          ],
          [
            120.816071,
            24.210005
          ],
          [
            120.816071,
            24.209597
          ],
          [
            120.81605,
            24.208932
          ],
          [
            120.81605,
            24.208372
          ],
          [
            120.81605,
            24.207923
          ],
          [
            120.816049,
            24.207873
          ],
          [
            120.816028,
            24.206872
          ],
          [
            120.816028,
            24.205842
          ],
          [
            120.816028,
            24.204812
          ],
          [
            120.816027,
            24.204784
          ],
          [
            120.816007,
            24.203761
          ],
          [
            120.816007,
            24.202731
          ],
          [
            120.815985,
            24.201701
          ],
          [
            120.815985,
            24.200692
          ],
          [
            120.815985,
            24.199619
          ],
          [
            120.815964,
            24.198611
          ],
          [
            120.815956,
            24.197565
          ],
          [
            120.815942,
            24.196508
          ],
          [
            120.815918,
            24.195466
          ],
          [
            120.815909,
            24.194444
          ],
          [
            120.815895,
            24.1934
          ],
          [
            120.815887,
            24.192397
          ],
          [
            120.815899,
            24.191337
          ],
          [
            120.815902,
            24.190301
          ],
          [
            120.815883,
            24.189262
          ],
          [
            120.815878,
            24.188611
          ],
          [
            120.815878,
            24.187796
          ],
          [
            120.81587,
            24.18611
          ],
          [
            120.81585,
            24.185908
          ],
          [
            120.81583,
            24.185818
          ],
          [
            120.815685,
            24.185586
          ],
          [
            120.815492,
            24.1852
          ],
          [
            120.815528,
            24.184952
          ],
          [
            120.815556,
            24.18447
          ],
          [
            120.815599,
            24.18417
          ],
          [
            120.815878,
            24.183032
          ],
          [
            120.815921,
            24.182775
          ],
          [
            120.815921,
            24.182646
          ],
          [
            120.815921,
            24.18256
          ],
          [
            120.815835,
            24.182131
          ],
          [
            120.815789,
            24.181459
          ],
          [
            120.815899,
            24.180865
          ],
          [
            120.815924,
            24.180436
          ],
          [
            120.815985,
            24.179986
          ],
          [
            120.816135,
            24.179535
          ],
          [
            120.816285,
            24.17886
          ],
          [
            120.816301,
            24.17879
          ],
          [
            120.816307,
            24.178762
          ],
          [
            120.816393,
            24.178655
          ],
          [
            120.816479,
            24.178591
          ],
          [
            120.816616,
            24.178505
          ],
          [
            120.816758,
            24.178505
          ],
          [
            120.816844,
            24.178526
          ],
          [
            120.816929,
            24.178569
          ],
          [
            120.816994,
            24.178677
          ],
          [
            120.817037,
            24.178805
          ],
          [
            120.817058,
            24.178956
          ],
          [
            120.817069,
            24.179028
          ],
          [
            120.817208,
            24.179921
          ],
          [
            120.817251,
            24.180071
          ],
          [
            120.81753,
            24.180586
          ],
          [
            120.817766,
            24.181337
          ],
          [
            120.817809,
            24.18138
          ],
          [
            120.817852,
            24.181423
          ],
          [
            120.817916,
            24.181423
          ],
          [
            120.819333,
            24.181294
          ],
          [
            120.821135,
            24.181123
          ],
          [
            120.821071,
            24.1805
          ],
          [
            120.820796,
            24.178096
          ],
          [
            120.820792,
            24.178054
          ],
          [
            120.820719,
            24.177493
          ],
          [
            120.820741,
            24.177364
          ],
          [
            120.820762,
            24.177321
          ],
          [
            120.820848,
            24.177278
          ],
          [
            120.82132,
            24.177223
          ],
          [
            120.821449,
            24.17718
          ],
          [
            120.821578,
            24.177094
          ],
          [
            120.821835,
            24.17688
          ],
          [
            120.822101,
            24.176638
          ],
          [
            120.822186,
            24.176531
          ],
          [
            120.822294,
            24.176381
          ],
          [
            120.822444,
            24.175973
          ],
          [
            120.822567,
            24.175478
          ],
          [
            120.822575,
            24.175357
          ],
          [
            120.822567,
            24.175215
          ],
          [
            120.82253,
            24.174964
          ],
          [
            120.82253,
            24.1746
          ],
          [
            120.822498,
            24.174492
          ],
          [
            120.822321,
            24.174095
          ],
          [
            120.822278,
            24.174052
          ],
          [
            120.822235,
            24.174052
          ],
          [
            120.82217,
            24.174052
          ],
          [
            120.82202,
            24.174116
          ],
          [
            120.821835,
            24.174141
          ],
          [
            120.821594,
            24.174097
          ],
          [
            120.821478,
            24.174042
          ],
          [
            120.821393,
            24.173977
          ],
          [
            120.821371,
            24.173913
          ],
          [
            120.821352,
            24.173623
          ],
          [
            120.821417,
            24.173559
          ],
          [
            120.821567,
            24.173516
          ],
          [
            120.821631,
            24.173473
          ],
          [
            120.821659,
            24.173418
          ],
          [
            120.821659,
            24.173353
          ],
          [
            120.821659,
            24.173289
          ],
          [
            120.821638,
            24.173246
          ],
          [
            120.821595,
            24.173224
          ],
          [
            120.821454,
            24.173158
          ],
          [
            120.821368,
            24.173115
          ],
          [
            120.821261,
            24.173093
          ],
          [
            120.820961,
            24.173093
          ],
          [
            120.820832,
            24.173072
          ],
          [
            120.820768,
            24.172986
          ],
          [
            120.820633,
            24.172807
          ],
          [
            120.820612,
            24.172764
          ],
          [
            120.820548,
            24.172743
          ],
          [
            120.820406,
            24.17269
          ],
          [
            120.820363,
            24.172669
          ],
          [
            120.82032,
            24.172604
          ],
          [
            120.82032,
            24.17254
          ],
          [
            120.820309,
            24.172068
          ],
          [
            120.820295,
            24.171921
          ],
          [
            120.820295,
            24.171857
          ],
          [
            120.820338,
            24.171814
          ],
          [
            120.820403,
            24.171792
          ],
          [
            120.820489,
            24.171814
          ],
          [
            120.820531,
            24.171857
          ],
          [
            120.820553,
            24.171921
          ],
          [
            120.820577,
            24.172218
          ],
          [
            120.820599,
            24.172282
          ],
          [
            120.820639,
            24.172356
          ],
          [
            120.820701,
            24.172433
          ],
          [
            120.820795,
            24.172511
          ],
          [
            120.820963,
            24.172625
          ],
          [
            120.821028,
            24.172647
          ],
          [
            120.821114,
            24.172669
          ],
          [
            120.821199,
            24.172669
          ],
          [
            120.821285,
            24.172625
          ],
          [
            120.82135,
            24.172561
          ],
          [
            120.821371,
            24.172497
          ],
          [
            120.8215,
            24.172196
          ],
          [
            120.8215,
            24.172068
          ],
          [
            120.821457,
            24.171939
          ],
          [
            120.821457,
            24.171875
          ],
          [
            120.8215,
            24.171789
          ],
          [
            120.821779,
            24.171488
          ],
          [
            120.821843,
            24.171424
          ],
          [
            120.822122,
            24.171295
          ],
          [
            120.822186,
            24.171231
          ],
          [
            120.822616,
            24.170716
          ],
          [
            120.822658,
            24.170673
          ],
          [
            120.822744,
            24.170651
          ],
          [
            120.822895,
            24.170651
          ],
          [
            120.823131,
            24.170716
          ],
          [
            120.823388,
            24.170716
          ],
          [
            120.823474,
            24.170673
          ],
          [
            120.823517,
            24.17063
          ],
          [
            120.82356,
            24.170566
          ],
          [
            120.823581,
            24.170501
          ],
          [
            120.823581,
            24.169836
          ],
          [
            120.823581,
            24.169793
          ],
          [
            120.823538,
            24.16975
          ],
          [
            120.823495,
            24.169729
          ],
          [
            120.823452,
            24.169729
          ],
          [
            120.82341,
            24.16975
          ],
          [
            120.823388,
            24.169793
          ],
          [
            120.823431,
            24.170308
          ],
          [
            120.82341,
            24.170373
          ],
          [
            120.823388,
            24.170415
          ],
          [
            120.823324,
            24.170458
          ],
          [
            120.823259,
            24.17048
          ],
          [
            120.82308,
            24.170509
          ],
          [
            120.822906,
            24.17048
          ],
          [
            120.822772,
            24.170451
          ],
          [
            120.822522,
            24.17038
          ],
          [
            120.822444,
            24.170351
          ],
          [
            120.822401,
            24.170308
          ],
          [
            120.82238,
            24.170265
          ],
          [
            120.82238,
            24.170222
          ],
          [
            120.822401,
            24.170179
          ],
          [
            120.822508,
            24.170136
          ],
          [
            120.822594,
            24.170158
          ],
          [
            120.822937,
            24.170308
          ],
          [
            120.823066,
            24.170308
          ],
          [
            120.823131,
            24.170265
          ],
          [
            120.823174,
            24.170222
          ],
          [
            120.823174,
            24.170158
          ],
          [
            120.823131,
            24.16975
          ],
          [
            120.823174,
            24.169385
          ],
          [
            120.823131,
            24.169064
          ],
          [
            120.823131,
            24.168999
          ],
          [
            120.823174,
            24.168935
          ],
          [
            120.823367,
            24.16872
          ],
          [
            120.823517,
            24.168613
          ],
          [
            120.823967,
            24.168355
          ],
          [
            120.824161,
            24.16827
          ],
          [
            120.824375,
            24.168205
          ],
          [
            120.82459,
            24.168184
          ],
          [
            120.824676,
            24.168205
          ],
          [
            120.825169,
            24.168376
          ],
          [
            120.825276,
            24.168398
          ],
          [
            120.825362,
            24.168398
          ],
          [
            120.825427,
            24.168377
          ],
          [
            120.825491,
            24.168334
          ],
          [
            120.825791,
            24.168055
          ],
          [
            120.8268,
            24.167755
          ],
          [
            120.82725,
            24.167712
          ],
          [
            120.827444,
            24.167669
          ],
          [
            120.827894,
            24.167583
          ],
          [
            120.828001,
            24.16754
          ],
          [
            120.828452,
            24.167304
          ],
          [
            120.82871,
            24.167218
          ],
          [
            120.828967,
            24.167175
          ],
          [
            120.829096,
            24.167197
          ],
          [
            120.829203,
            24.16724
          ],
          [
            120.829289,
            24.167283
          ],
          [
            120.829353,
            24.16739
          ],
          [
            120.829382,
            24.167463
          ],
          [
            120.829461,
            24.167669
          ],
          [
            120.829546,
            24.167798
          ],
          [
            120.83034,
            24.168355
          ],
          [
            120.831091,
            24.168742
          ],
          [
            120.831177,
            24.168806
          ],
          [
            120.831242,
            24.16887
          ],
          [
            120.831478,
            24.169235
          ],
          [
            120.831499,
            24.1693
          ],
          [
            120.831499,
            24.169364
          ],
          [
            120.831456,
            24.169493
          ],
          [
            120.831263,
            24.169943
          ],
          [
            120.831177,
            24.170158
          ],
          [
            120.831049,
            24.170759
          ],
          [
            120.831027,
            24.170973
          ],
          [
            120.831019,
            24.171052
          ],
          [
            120.831058,
            24.171151
          ],
          [
            120.831161,
            24.171303
          ],
          [
            120.831317,
            24.171484
          ],
          [
            120.831365,
            24.171659
          ],
          [
            120.831447,
            24.171855
          ],
          [
            120.831563,
            24.172025
          ],
          [
            120.831771,
            24.17226
          ],
          [
            120.831959,
            24.172479
          ],
          [
            120.832086,
            24.172627
          ],
          [
            120.83219,
            24.172699
          ],
          [
            120.832446,
            24.172845
          ],
          [
            120.832663,
            24.172912
          ],
          [
            120.832849,
            24.172962
          ],
          [
            120.833024,
            24.172965
          ],
          [
            120.833378,
            24.172943
          ],
          [
            120.833531,
            24.172896
          ],
          [
            120.833697,
            24.172838
          ],
          [
            120.834039,
            24.172674
          ],
          [
            120.834825,
            24.172261
          ],
          [
            120.835175,
            24.172123
          ],
          [
            120.835261,
            24.172059
          ],
          [
            120.835326,
            24.171973
          ],
          [
            120.835347,
            24.171887
          ],
          [
            120.835426,
            24.171681
          ],
          [
            120.835447,
            24.171617
          ],
          [
            120.83564,
            24.171338
          ],
          [
            120.835662,
            24.171252
          ],
          [
            120.835662,
            24.171166
          ],
          [
            120.83564,
            24.171059
          ],
          [
            120.835598,
            24.17093
          ],
          [
            120.835426,
            24.170694
          ],
          [
            120.834997,
            24.170158
          ],
          [
            120.834954,
            24.170072
          ],
          [
            120.834917,
            24.169901
          ],
          [
            120.834987,
            24.16969
          ],
          [
            120.835033,
            24.169788
          ],
          [
            120.835033,
            24.16989
          ],
          [
            120.835061,
            24.170051
          ],
          [
            120.835083,
            24.170115
          ],
          [
            120.83549,
            24.170501
          ],
          [
            120.835705,
            24.170759
          ],
          [
            120.835791,
            24.170952
          ],
          [
            120.835848,
            24.171327
          ],
          [
            120.835898,
            24.171467
          ],
          [
            120.835962,
            24.17151
          ],
          [
            120.836055,
            24.171556
          ],
          [
            120.838443,
            24.172204
          ],
          [
            120.838563,
            24.172236
          ],
          [
            120.83873,
            24.171917
          ],
          [
            120.838795,
            24.171832
          ],
          [
            120.83888,
            24.171767
          ],
          [
            120.839717,
            24.171381
          ],
          [
            120.840407,
            24.171035
          ],
          [
            120.840611,
            24.170897
          ],
          [
            120.840702,
            24.170801
          ],
          [
            120.840764,
            24.170737
          ],
          [
            120.841134,
            24.170351
          ],
          [
            120.841627,
            24.1699
          ],
          [
            120.84182,
            24.169664
          ],
          [
            120.842212,
            24.169052
          ],
          [
            120.842346,
            24.168916
          ],
          [
            120.8427,
            24.16857
          ],
          [
            120.84285,
            24.168355
          ],
          [
            120.843022,
            24.167948
          ],
          [
            120.843108,
            24.167647
          ],
          [
            120.843108,
            24.167411
          ],
          [
            120.842872,
            24.166639
          ],
          [
            120.84285,
            24.16636
          ],
          [
            120.842872,
            24.16621
          ],
          [
            120.842915,
            24.166059
          ],
          [
            120.843065,
            24.165802
          ],
          [
            120.843151,
            24.165695
          ],
          [
            120.843258,
            24.165587
          ],
          [
            120.845103,
            24.164193
          ],
          [
            120.845704,
            24.163699
          ],
          [
            120.845919,
            24.163592
          ],
          [
            120.846562,
            24.163334
          ],
          [
            120.846798,
            24.163227
          ],
          [
            120.847228,
            24.162948
          ],
          [
            120.847695,
            24.162612
          ],
          [
            120.847893,
            24.162519
          ],
          [
            120.848129,
            24.162433
          ],
          [
            120.848622,
            24.162326
          ],
          [
            120.849094,
            24.162219
          ],
          [
            120.849609,
            24.162197
          ],
          [
            120.849824,
            24.16224
          ],
          [
            120.850189,
            24.162347
          ],
          [
            120.85036,
            24.162369
          ],
          [
            120.850446,
            24.162369
          ],
          [
            120.850996,
            24.162261
          ],
          [
            120.852849,
            24.161575
          ],
          [
            120.853214,
            24.161446
          ],
          [
            120.853493,
            24.161382
          ],
          [
            120.854073,
            24.161274
          ],
          [
            120.854287,
            24.161253
          ],
          [
            120.854974,
            24.161232
          ],
          [
            120.855489,
            24.16121
          ],
          [
            120.855789,
            24.161189
          ],
          [
            120.856497,
            24.16106
          ],
          [
            120.856905,
            24.160931
          ],
          [
            120.857613,
            24.160716
          ],
          [
            120.858793,
            24.160438
          ],
          [
            120.858944,
            24.160395
          ],
          [
            120.859072,
            24.160395
          ],
          [
            120.859308,
            24.160416
          ],
          [
            120.859394,
            24.160438
          ],
          [
            120.859989,
            24.160678
          ],
          [
            120.860186,
            24.160786
          ],
          [
            120.860337,
            24.160884
          ],
          [
            120.860573,
            24.160821
          ],
          [
            120.86093,
            24.160735
          ],
          [
            120.861953,
            24.160475
          ],
          [
            120.862033,
            24.160452
          ],
          [
            120.862196,
            24.16039
          ],
          [
            120.862359,
            24.160273
          ],
          [
            120.862491,
            24.160153
          ],
          [
            120.862584,
            24.160005
          ],
          [
            120.862624,
            24.15974
          ],
          [
            120.862657,
            24.159619
          ],
          [
            120.862715,
            24.159481
          ],
          [
            120.862808,
            24.159334
          ],
          [
            120.86295,
            24.159204
          ],
          [
            120.863042,
            24.15915
          ],
          [
            120.863153,
            24.159104
          ],
          [
            120.863667,
            24.158956
          ],
          [
            120.864229,
            24.158805
          ],
          [
            120.864498,
            24.158755
          ],
          [
            120.86485,
            24.158687
          ],
          [
            120.864999,
            24.158631
          ],
          [
            120.865381,
            24.158442
          ],
          [
            120.865467,
            24.158421
          ],
          [
            120.865552,
            24.158421
          ],
          [
            120.865638,
            24.158442
          ],
          [
            120.865766,
            24.158507
          ],
          [
            120.866028,
            24.158652
          ],
          [
            120.866639,
            24.158896
          ],
          [
            120.867076,
            24.159064
          ],
          [
            120.867277,
            24.159086
          ],
          [
            120.867469,
            24.159086
          ],
          [
            120.867674,
            24.15904
          ],
          [
            120.867803,
            24.15899
          ],
          [
            120.867867,
            24.158947
          ],
          [
            120.867985,
            24.158871
          ],
          [
            120.868087,
            24.158824
          ],
          [
            120.868217,
            24.158803
          ],
          [
            120.868368,
            24.158812
          ],
          [
            120.868481,
            24.15883
          ],
          [
            120.868657,
            24.158878
          ],
          [
            120.868873,
            24.158928
          ],
          [
            120.868976,
            24.158929
          ],
          [
            120.86908,
            24.158909
          ],
          [
            120.869197,
            24.158849
          ],
          [
            120.869257,
            24.158794
          ],
          [
            120.869295,
            24.158695
          ],
          [
            120.869307,
            24.15854
          ],
          [
            120.869311,
            24.158284
          ],
          [
            120.869324,
            24.158097
          ],
          [
            120.869357,
            24.157976
          ],
          [
            120.869395,
            24.157896
          ],
          [
            120.869495,
            24.15777
          ],
          [
            120.869718,
            24.157554
          ],
          [
            120.869932,
            24.157368
          ],
          [
            120.870064,
            24.157286
          ],
          [
            120.870179,
            24.157266
          ],
          [
            120.870293,
            24.15727
          ],
          [
            120.870606,
            24.157317
          ],
          [
            120.870743,
            24.157313
          ],
          [
            120.870859,
            24.1573
          ],
          [
            120.871029,
            24.157228
          ],
          [
            120.871217,
            24.157119
          ],
          [
            120.871346,
            24.157042
          ],
          [
            120.871445,
            24.156945
          ],
          [
            120.871504,
            24.156822
          ],
          [
            120.871535,
            24.156708
          ],
          [
            120.871554,
            24.15658
          ],
          [
            120.871528,
            24.156279
          ],
          [
            120.871523,
            24.156164
          ],
          [
            120.871554,
            24.156084
          ],
          [
            120.871601,
            24.156018
          ],
          [
            120.871689,
            24.155964
          ],
          [
            120.872033,
            24.155803
          ],
          [
            120.87214,
            24.155738
          ],
          [
            120.872204,
            24.155674
          ],
          [
            120.872247,
            24.15561
          ],
          [
            120.872269,
            24.155502
          ],
          [
            120.872312,
            24.155223
          ],
          [
            120.87229,
            24.155095
          ],
          [
            120.872269,
            24.155052
          ],
          [
            120.872204,
            24.155009
          ],
          [
            120.872066,
            24.155021
          ],
          [
            120.871981,
            24.155026
          ],
          [
            120.871783,
            24.155042
          ],
          [
            120.871672,
            24.155025
          ],
          [
            120.871548,
            24.154973
          ],
          [
            120.871352,
            24.154839
          ],
          [
            120.871223,
            24.154728
          ],
          [
            120.871136,
            24.15463
          ],
          [
            120.87104,
            24.15443
          ],
          [
            120.870942,
            24.154315
          ],
          [
            120.870824,
            24.154242
          ],
          [
            120.87036,
            24.153994
          ],
          [
            120.870024,
            24.153856
          ],
          [
            120.869915,
            24.153812
          ],
          [
            120.869861,
            24.153764
          ],
          [
            120.869839,
            24.153708
          ],
          [
            120.869825,
            24.153615
          ],
          [
            120.86981,
            24.153487
          ],
          [
            120.869837,
            24.153271
          ],
          [
            120.869892,
            24.153069
          ],
          [
            120.869947,
            24.152908
          ],
          [
            120.870034,
            24.152694
          ],
          [
            120.870069,
            24.152557
          ],
          [
            120.87006,
            24.152421
          ],
          [
            120.870048,
            24.152332
          ],
          [
            120.87002,
            24.152218
          ],
          [
            120.869811,
            24.151693
          ],
          [
            120.869786,
            24.151585
          ],
          [
            120.869774,
            24.151483
          ],
          [
            120.869795,
            24.15135
          ],
          [
            120.869843,
            24.151132
          ],
          [
            120.86983,
            24.150984
          ],
          [
            120.86982,
            24.150954
          ],
          [
            120.869782,
            24.150843
          ],
          [
            120.869682,
            24.150713
          ],
          [
            120.869339,
            24.150352
          ],
          [
            120.869276,
            24.150241
          ],
          [
            120.869263,
            24.15012
          ],
          [
            120.869296,
            24.149825
          ],
          [
            120.869295,
            24.14971
          ],
          [
            120.869238,
            24.149557
          ],
          [
            120.869208,
            24.149434
          ],
          [
            120.869216,
            24.149345
          ],
          [
            120.869292,
            24.149212
          ],
          [
            120.869409,
            24.149046
          ],
          [
            120.869445,
            24.148966
          ],
          [
            120.869476,
            24.148878
          ],
          [
            120.869544,
            24.148788
          ],
          [
            120.869627,
            24.148716
          ],
          [
            120.869756,
            24.148655
          ],
          [
            120.869945,
            24.148449
          ],
          [
            120.869993,
            24.148323
          ],
          [
            120.870039,
            24.148094
          ],
          [
            120.87003,
            24.147868
          ],
          [
            120.87,
            24.147727
          ],
          [
            120.869901,
            24.147595
          ],
          [
            120.869771,
            24.147512
          ],
          [
            120.869609,
            24.147403
          ],
          [
            120.869421,
            24.147265
          ],
          [
            120.869359,
            24.147128
          ],
          [
            120.869366,
            24.147003
          ],
          [
            120.869421,
            24.146785
          ],
          [
            120.869538,
            24.146496
          ],
          [
            120.869567,
            24.146365
          ],
          [
            120.869554,
            24.146252
          ],
          [
            120.869497,
            24.146111
          ],
          [
            120.869351,
            24.14596
          ],
          [
            120.86916,
            24.145873
          ],
          [
            120.868649,
            24.145694
          ],
          [
            120.868542,
            24.145651
          ],
          [
            120.868477,
            24.145608
          ],
          [
            120.868434,
            24.145544
          ],
          [
            120.868413,
            24.14548
          ],
          [
            120.868391,
            24.145394
          ],
          [
            120.868407,
            24.14528
          ],
          [
            120.868603,
            24.144564
          ],
          [
            120.868675,
            24.1444
          ],
          [
            120.868806,
            24.14426
          ],
          [
            120.86887,
            24.144239
          ],
          [
            120.86902,
            24.144239
          ],
          [
            120.869149,
            24.14426
          ],
          [
            120.86923,
            24.144289
          ],
          [
            120.869307,
            24.144331
          ],
          [
            120.869388,
            24.144403
          ],
          [
            120.869554,
            24.144641
          ],
          [
            120.869619,
            24.144726
          ],
          [
            120.869726,
            24.144791
          ],
          [
            120.869833,
            24.144834
          ],
          [
            120.869949,
            24.144852
          ],
          [
            120.870173,
            24.144874
          ],
          [
            120.870308,
            24.144905
          ],
          [
            120.870402,
            24.144963
          ],
          [
            120.870469,
            24.145138
          ],
          [
            120.870533,
            24.145214
          ],
          [
            120.870689,
            24.145348
          ],
          [
            120.870759,
            24.145432
          ],
          [
            120.870822,
            24.145529
          ],
          [
            120.870886,
            24.145686
          ],
          [
            120.870956,
            24.145774
          ],
          [
            120.871068,
            24.145877
          ],
          [
            120.871141,
            24.145987
          ],
          [
            120.871158,
            24.146179
          ],
          [
            120.871148,
            24.146386
          ],
          [
            120.871161,
            24.146491
          ],
          [
            120.871196,
            24.146571
          ],
          [
            120.871375,
            24.146757
          ],
          [
            120.871569,
            24.14704
          ],
          [
            120.871639,
            24.147113
          ],
          [
            120.871907,
            24.147218
          ],
          [
            120.871966,
            24.147293
          ],
          [
            120.871976,
            24.147384
          ],
          [
            120.871976,
            24.147491
          ],
          [
            120.871955,
            24.147577
          ],
          [
            120.871845,
            24.14778
          ],
          [
            120.871831,
            24.147849
          ],
          [
            120.871848,
            24.14792
          ],
          [
            120.87193,
            24.148134
          ],
          [
            120.871935,
            24.148231
          ],
          [
            120.871921,
            24.14831
          ],
          [
            120.871871,
            24.148443
          ],
          [
            120.871676,
            24.148755
          ],
          [
            120.871624,
            24.148842
          ],
          [
            120.871611,
            24.148886
          ],
          [
            120.871611,
            24.14895
          ],
          [
            120.871633,
            24.149015
          ],
          [
            120.871682,
            24.149076
          ],
          [
            120.871869,
            24.149186
          ],
          [
            120.871912,
            24.149251
          ],
          [
            120.871912,
            24.149315
          ],
          [
            120.871891,
            24.149412
          ],
          [
            120.871816,
            24.149541
          ],
          [
            120.871611,
            24.149787
          ],
          [
            120.87159,
            24.149851
          ],
          [
            120.87159,
            24.149916
          ],
          [
            120.871611,
            24.14998
          ],
          [
            120.871654,
            24.150023
          ],
          [
            120.871711,
            24.150059
          ],
          [
            120.871783,
            24.150066
          ],
          [
            120.872072,
            24.150065
          ],
          [
            120.872349,
            24.150044
          ],
          [
            120.872443,
            24.150061
          ],
          [
            120.872803,
            24.150236
          ],
          [
            120.872971,
            24.150336
          ],
          [
            120.873144,
            24.150461
          ],
          [
            120.873159,
            24.150511
          ],
          [
            120.873143,
            24.150564
          ],
          [
            120.8731,
            24.150607
          ],
          [
            120.873036,
            24.150629
          ],
          [
            120.872757,
            24.150672
          ],
          [
            120.872692,
            24.150715
          ],
          [
            120.87265,
            24.150757
          ],
          [
            120.872592,
            24.150832
          ],
          [
            120.872569,
            24.150946
          ],
          [
            120.872543,
            24.151029
          ],
          [
            120.87247,
            24.151123
          ],
          [
            120.872293,
            24.15137
          ],
          [
            120.872267,
            24.151451
          ],
          [
            120.872275,
            24.151499
          ],
          [
            120.872297,
            24.151542
          ],
          [
            120.872361,
            24.151585
          ],
          [
            120.872447,
            24.151606
          ],
          [
            120.872929,
            24.151597
          ],
          [
            120.873326,
            24.151614
          ],
          [
            120.87353,
            24.151656
          ],
          [
            120.873635,
            24.15171
          ],
          [
            120.873699,
            24.151795
          ],
          [
            120.873726,
            24.151881
          ],
          [
            120.873726,
            24.151911
          ],
          [
            120.873726,
            24.151963
          ],
          [
            120.8737,
            24.15207
          ],
          [
            120.873569,
            24.152439
          ],
          [
            120.873462,
            24.152589
          ],
          [
            120.873262,
            24.152781
          ],
          [
            120.873241,
            24.152845
          ],
          [
            120.873241,
            24.152909
          ],
          [
            120.873284,
            24.152974
          ],
          [
            120.873348,
            24.153017
          ],
          [
            120.873634,
            24.153126
          ],
          [
            120.874418,
            24.153252
          ],
          [
            120.874483,
            24.153273
          ],
          [
            120.874526,
            24.153316
          ],
          [
            120.874547,
            24.153402
          ],
          [
            120.874569,
            24.153616
          ],
          [
            120.874585,
            24.153695
          ],
          [
            120.874626,
            24.153754
          ],
          [
            120.874731,
            24.153825
          ],
          [
            120.875326,
            24.154023
          ],
          [
            120.875461,
            24.154089
          ],
          [
            120.8756,
            24.154185
          ],
          [
            120.875801,
            24.154366
          ],
          [
            120.87591,
            24.154464
          ],
          [
            120.875946,
            24.154528
          ],
          [
            120.875966,
            24.15461
          ],
          [
            120.875937,
            24.154764
          ],
          [
            120.875837,
            24.155055
          ],
          [
            120.875756,
            24.155206
          ],
          [
            120.875507,
            24.155506
          ],
          [
            120.875484,
            24.155607
          ],
          [
            120.875488,
            24.15567
          ],
          [
            120.875519,
            24.155719
          ],
          [
            120.875577,
            24.155762
          ],
          [
            120.875632,
            24.155777
          ],
          [
            120.875724,
            24.155756
          ],
          [
            120.876002,
            24.155588
          ],
          [
            120.87611,
            24.155481
          ],
          [
            120.876306,
            24.155172
          ],
          [
            120.876357,
            24.155058
          ],
          [
            120.876373,
            24.154923
          ],
          [
            120.876417,
            24.154791
          ],
          [
            120.876476,
            24.154693
          ],
          [
            120.8766,
            24.154573
          ],
          [
            120.876746,
            24.154462
          ],
          [
            120.876792,
            24.154386
          ],
          [
            120.876801,
            24.154311
          ],
          [
            120.876803,
            24.154203
          ],
          [
            120.876839,
            24.154103
          ],
          [
            120.877054,
            24.153807
          ],
          [
            120.877142,
            24.153644
          ],
          [
            120.877267,
            24.15341
          ],
          [
            120.877536,
            24.153112
          ],
          [
            120.877597,
            24.153016
          ],
          [
            120.87762,
            24.15291
          ],
          [
            120.877608,
            24.1528
          ],
          [
            120.877363,
            24.152068
          ],
          [
            120.877219,
            24.15169
          ],
          [
            120.877184,
            24.151565
          ],
          [
            120.877164,
            24.151376
          ],
          [
            120.877119,
            24.151266
          ],
          [
            120.876991,
            24.151095
          ],
          [
            120.876925,
            24.150975
          ],
          [
            120.876882,
            24.150825
          ],
          [
            120.876872,
            24.150718
          ],
          [
            120.876984,
            24.150201
          ],
          [
            120.877138,
            24.149876
          ],
          [
            120.877323,
            24.149486
          ],
          [
            120.877409,
            24.149357
          ],
          [
            120.877543,
            24.149201
          ],
          [
            120.877991,
            24.148808
          ],
          [
            120.878034,
            24.148754
          ],
          [
            120.878057,
            24.148694
          ],
          [
            120.878064,
            24.148641
          ],
          [
            120.878045,
            24.148585
          ],
          [
            120.878002,
            24.14852
          ],
          [
            120.877702,
            24.148284
          ],
          [
            120.877637,
            24.14822
          ],
          [
            120.877344,
            24.147738
          ],
          [
            120.877195,
            24.147532
          ],
          [
            120.877152,
            24.147435
          ],
          [
            120.876938,
            24.147084
          ],
          [
            120.876807,
            24.146866
          ],
          [
            120.876689,
            24.146748
          ],
          [
            120.876645,
            24.146657
          ],
          [
            120.876602,
            24.146463
          ],
          [
            120.876555,
            24.14639
          ],
          [
            120.876474,
            24.146318
          ],
          [
            120.876328,
            24.146198
          ],
          [
            120.876124,
            24.145955
          ],
          [
            120.876051,
            24.145867
          ],
          [
            120.876035,
            24.145782
          ],
          [
            120.876045,
            24.145567
          ],
          [
            120.876062,
            24.145475
          ],
          [
            120.87612,
            24.145325
          ],
          [
            120.876141,
            24.145237
          ],
          [
            120.876144,
            24.145171
          ],
          [
            120.876033,
            24.144854
          ],
          [
            120.876002,
            24.144537
          ],
          [
            120.876024,
            24.144409
          ],
          [
            120.876102,
            24.144135
          ],
          [
            120.876088,
            24.143958
          ],
          [
            120.876067,
            24.143872
          ],
          [
            120.876002,
            24.143808
          ],
          [
            120.875916,
            24.143765
          ],
          [
            120.875719,
            24.143711
          ],
          [
            120.875519,
            24.14362
          ],
          [
            120.875474,
            24.143565
          ],
          [
            120.875455,
            24.143507
          ],
          [
            120.875466,
            24.143409
          ],
          [
            120.875518,
            24.143292
          ],
          [
            120.875643,
            24.143067
          ],
          [
            120.875656,
            24.142991
          ],
          [
            120.875649,
            24.142901
          ],
          [
            120.875616,
            24.142821
          ],
          [
            120.875487,
            24.142671
          ],
          [
            120.875448,
            24.142606
          ],
          [
            120.875444,
            24.14252
          ],
          [
            120.87545,
            24.142457
          ],
          [
            120.875491,
            24.142277
          ],
          [
            120.875642,
            24.142088
          ],
          [
            120.87567,
            24.142012
          ],
          [
            120.87567,
            24.141952
          ],
          [
            120.875631,
            24.141879
          ],
          [
            120.875294,
            24.141678
          ],
          [
            120.875272,
            24.141626
          ],
          [
            120.875265,
            24.14156
          ],
          [
            120.875294,
            24.14149
          ],
          [
            120.875585,
            24.141123
          ],
          [
            120.875652,
            24.141066
          ],
          [
            120.875707,
            24.141044
          ],
          [
            120.875861,
            24.141025
          ],
          [
            120.875918,
            24.141008
          ],
          [
            120.875959,
            24.140975
          ],
          [
            120.875988,
            24.140933
          ],
          [
            120.875999,
            24.140886
          ],
          [
            120.875996,
            24.140818
          ],
          [
            120.875931,
            24.140697
          ],
          [
            120.875871,
            24.140613
          ],
          [
            120.875843,
            24.140489
          ],
          [
            120.875843,
            24.14036
          ],
          [
            120.875873,
            24.14027
          ],
          [
            120.875928,
            24.140188
          ],
          [
            120.876021,
            24.140088
          ],
          [
            120.876277,
            24.139858
          ],
          [
            120.876388,
            24.139759
          ],
          [
            120.876436,
            24.139673
          ],
          [
            120.87647,
            24.139588
          ],
          [
            120.876484,
            24.13947
          ],
          [
            120.87646,
            24.139399
          ],
          [
            120.876393,
            24.139339
          ],
          [
            120.876168,
            24.139249
          ],
          [
            120.876055,
            24.13919
          ],
          [
            120.875999,
            24.139131
          ],
          [
            120.875916,
            24.138888
          ],
          [
            120.875874,
            24.138825
          ],
          [
            120.87581,
            24.138775
          ],
          [
            120.875713,
            24.13871
          ],
          [
            120.875503,
            24.138626
          ],
          [
            120.875458,
            24.138576
          ],
          [
            120.875435,
            24.138516
          ],
          [
            120.875444,
            24.138443
          ],
          [
            120.875685,
            24.137846
          ],
          [
            120.875773,
            24.137691
          ],
          [
            120.875828,
            24.13763
          ],
          [
            120.875849,
            24.137607
          ],
          [
            120.876077,
            24.137413
          ],
          [
            120.876272,
            24.137323
          ],
          [
            120.876361,
            24.137266
          ],
          [
            120.8764,
            24.137197
          ],
          [
            120.87641,
            24.137113
          ],
          [
            120.876367,
            24.136791
          ],
          [
            120.876344,
            24.136704
          ],
          [
            120.876217,
            24.136438
          ],
          [
            120.87619,
            24.136349
          ],
          [
            120.876199,
            24.13626
          ],
          [
            120.876261,
            24.13612
          ],
          [
            120.876287,
            24.136043
          ],
          [
            120.876289,
            24.135986
          ],
          [
            120.876261,
            24.135898
          ],
          [
            120.876208,
            24.135855
          ],
          [
            120.876149,
            24.135816
          ],
          [
            120.876047,
            24.135785
          ],
          [
            120.875924,
            24.135785
          ],
          [
            120.875773,
            24.135809
          ],
          [
            120.875418,
            24.135918
          ],
          [
            120.87535,
            24.135923
          ],
          [
            120.875294,
            24.135911
          ],
          [
            120.875251,
            24.13589
          ],
          [
            120.874849,
            24.13556
          ],
          [
            120.874347,
            24.135203
          ],
          [
            120.874274,
            24.135128
          ],
          [
            120.874229,
            24.135074
          ],
          [
            120.874146,
            24.1349
          ],
          [
            120.874106,
            24.134814
          ],
          [
            120.874107,
            24.134631
          ],
          [
            120.874133,
            24.13453
          ],
          [
            120.87417,
            24.134465
          ],
          [
            120.874249,
            24.134396
          ],
          [
            120.874501,
            24.134267
          ],
          [
            120.874758,
            24.134173
          ],
          [
            120.874816,
            24.134126
          ],
          [
            120.874877,
            24.134049
          ],
          [
            120.874977,
            24.133848
          ],
          [
            120.875011,
            24.133753
          ],
          [
            120.875004,
            24.133668
          ],
          [
            120.87489,
            24.133142
          ],
          [
            120.874907,
            24.132993
          ],
          [
            120.874928,
            24.132933
          ],
          [
            120.874966,
            24.132886
          ],
          [
            120.875061,
            24.132841
          ],
          [
            120.875438,
            24.132691
          ],
          [
            120.875572,
            24.132615
          ],
          [
            120.875746,
            24.132474
          ],
          [
            120.876203,
            24.132008
          ],
          [
            120.876244,
            24.131961
          ],
          [
            120.876277,
            24.131891
          ],
          [
            120.876283,
            24.131829
          ],
          [
            120.876254,
            24.131738
          ],
          [
            120.875953,
            24.131297
          ],
          [
            120.875833,
            24.131153
          ],
          [
            120.875575,
            24.130966
          ],
          [
            120.875461,
            24.130853
          ],
          [
            120.875237,
            24.130541
          ],
          [
            120.87515,
            24.130389
          ],
          [
            120.875075,
            24.130205
          ],
          [
            120.875019,
            24.129471
          ],
          [
            120.87499,
            24.129363
          ],
          [
            120.874947,
            24.129296
          ],
          [
            120.874862,
            24.129261
          ],
          [
            120.874754,
            24.129249
          ],
          [
            120.874602,
            24.129261
          ],
          [
            120.874492,
            24.129284
          ],
          [
            120.874384,
            24.129374
          ],
          [
            120.874237,
            24.129539
          ],
          [
            120.874132,
            24.129618
          ],
          [
            120.873926,
            24.129706
          ],
          [
            120.873858,
            24.129752
          ],
          [
            120.873786,
            24.129802
          ],
          [
            120.873655,
            24.129926
          ],
          [
            120.873588,
            24.129937
          ],
          [
            120.873541,
            24.129924
          ],
          [
            120.873482,
            24.12987
          ],
          [
            120.873436,
            24.129765
          ],
          [
            120.873437,
            24.129697
          ],
          [
            120.873466,
            24.129632
          ],
          [
            120.873507,
            24.129592
          ],
          [
            120.873633,
            24.129544
          ],
          [
            120.873924,
            24.129493
          ],
          [
            120.874032,
            24.129457
          ],
          [
            120.874079,
            24.129407
          ],
          [
            120.874123,
            24.129337
          ],
          [
            120.874144,
            24.129246
          ],
          [
            120.874148,
            24.129011
          ],
          [
            120.874158,
            24.128947
          ],
          [
            120.874182,
            24.128907
          ],
          [
            120.874219,
            24.128877
          ],
          [
            120.874485,
            24.12877
          ],
          [
            120.874575,
            24.128728
          ],
          [
            120.874613,
            24.128687
          ],
          [
            120.874681,
            24.128588
          ],
          [
            120.874867,
            24.128559
          ],
          [
            120.875177,
            24.128547
          ],
          [
            120.87531,
            24.128511
          ],
          [
            120.875379,
            24.128565
          ],
          [
            120.875414,
            24.128627
          ],
          [
            120.875423,
            24.12868
          ],
          [
            120.875435,
            24.129188
          ],
          [
            120.87546,
            24.129325
          ],
          [
            120.875519,
            24.129443
          ],
          [
            120.875622,
            24.129592
          ],
          [
            120.875698,
            24.129695
          ],
          [
            120.875753,
            24.129821
          ],
          [
            120.875874,
            24.130312
          ],
          [
            120.875904,
            24.130356
          ],
          [
            120.875938,
            24.130386
          ],
          [
            120.875994,
            24.130408
          ],
          [
            120.876197,
            24.1304
          ],
          [
            120.876313,
            24.130426
          ],
          [
            120.876674,
            24.130563
          ],
          [
            120.876782,
            24.130598
          ],
          [
            120.876867,
            24.130599
          ],
          [
            120.876953,
            24.130577
          ],
          [
            120.877105,
            24.130458
          ],
          [
            120.877206,
            24.130364
          ],
          [
            120.877366,
            24.130169
          ],
          [
            120.877412,
            24.130132
          ],
          [
            120.877478,
            24.130111
          ],
          [
            120.877555,
            24.130118
          ],
          [
            120.877634,
            24.130141
          ],
          [
            120.877779,
            24.130254
          ],
          [
            120.877883,
            24.130358
          ],
          [
            120.877968,
            24.130511
          ],
          [
            120.878105,
            24.130925
          ],
          [
            120.878156,
            24.131007
          ],
          [
            120.878373,
            24.131282
          ],
          [
            120.878454,
            24.131339
          ],
          [
            120.87857,
            24.131407
          ],
          [
            120.878901,
            24.131496
          ],
          [
            120.878975,
            24.131534
          ],
          [
            120.879004,
            24.131595
          ],
          [
            120.879006,
            24.131647
          ],
          [
            120.878983,
            24.13169
          ],
          [
            120.878911,
            24.131742
          ],
          [
            120.878673,
            24.131857
          ],
          [
            120.878375,
            24.13211
          ],
          [
            120.878296,
            24.1322
          ],
          [
            120.87829,
            24.132258
          ],
          [
            120.8783,
            24.132302
          ],
          [
            120.878353,
            24.132335
          ],
          [
            120.878412,
            24.132351
          ],
          [
            120.878483,
            24.132329
          ],
          [
            120.878581,
            24.132278
          ],
          [
            120.878736,
            24.132199
          ],
          [
            120.879075,
            24.132157
          ],
          [
            120.879208,
            24.132122
          ],
          [
            120.879285,
            24.132092
          ],
          [
            120.879513,
            24.131991
          ],
          [
            120.879684,
            24.131904
          ],
          [
            120.880328,
            24.131745
          ],
          [
            120.880425,
            24.131704
          ],
          [
            120.880474,
            24.131673
          ],
          [
            120.880548,
            24.1316
          ],
          [
            120.880582,
            24.131566
          ],
          [
            120.880616,
            24.13147
          ],
          [
            120.880619,
            24.131414
          ],
          [
            120.88059,
            24.131347
          ],
          [
            120.880504,
            24.131252
          ],
          [
            120.880417,
            24.131204
          ],
          [
            120.880274,
            24.131169
          ],
          [
            120.879912,
            24.131171
          ],
          [
            120.879832,
            24.131157
          ],
          [
            120.879727,
            24.1311
          ],
          [
            120.879653,
            24.13105
          ],
          [
            120.879403,
            24.130772
          ],
          [
            120.879052,
            24.13046
          ],
          [
            120.878996,
            24.130401
          ],
          [
            120.87898,
            24.130353
          ],
          [
            120.878986,
            24.130306
          ],
          [
            120.879022,
            24.130271
          ],
          [
            120.879084,
            24.130245
          ],
          [
            120.879164,
            24.130247
          ],
          [
            120.879237,
            24.130296
          ],
          [
            120.879656,
            24.130732
          ],
          [
            120.879768,
            24.13081
          ],
          [
            120.87983,
            24.130853
          ],
          [
            120.879899,
            24.130861
          ],
          [
            120.880008,
            24.130845
          ],
          [
            120.880067,
            24.130815
          ],
          [
            120.880153,
            24.130742
          ],
          [
            120.880432,
            24.130406
          ],
          [
            120.880865,
            24.129924
          ],
          [
            120.881047,
            24.129696
          ],
          [
            120.88118,
            24.129473
          ],
          [
            120.881229,
            24.129237
          ],
          [
            120.881281,
            24.129116
          ],
          [
            120.881348,
            24.129017
          ],
          [
            120.881626,
            24.128793
          ],
          [
            120.881699,
            24.128733
          ],
          [
            120.881742,
            24.128699
          ],
          [
            120.88178,
            24.128635
          ],
          [
            120.881776,
            24.128576
          ],
          [
            120.881749,
            24.128541
          ],
          [
            120.88171,
            24.12852
          ],
          [
            120.881592,
            24.128498
          ],
          [
            120.881437,
            24.128518
          ],
          [
            120.881332,
            24.128579
          ],
          [
            120.88122,
            24.128703
          ],
          [
            120.881148,
            24.128811
          ],
          [
            120.880991,
            24.129152
          ],
          [
            120.880793,
            24.129558
          ],
          [
            120.880725,
            24.129635
          ],
          [
            120.880627,
            24.129719
          ],
          [
            120.880289,
            24.129937
          ],
          [
            120.880209,
            24.129968
          ],
          [
            120.880125,
            24.129952
          ],
          [
            120.880081,
            24.129915
          ],
          [
            120.880061,
            24.12988
          ],
          [
            120.880035,
            24.12973
          ],
          [
            120.880013,
            24.12961
          ],
          [
            120.879913,
            24.129455
          ],
          [
            120.879853,
            24.129334
          ],
          [
            120.879779,
            24.129022
          ],
          [
            120.879727,
            24.128889
          ],
          [
            120.879565,
            24.128754
          ],
          [
            120.879197,
            24.128479
          ],
          [
            120.879011,
            24.128383
          ],
          [
            120.878458,
            24.128181
          ],
          [
            120.878367,
            24.128124
          ],
          [
            120.878339,
            24.128078
          ],
          [
            120.878341,
            24.128015
          ],
          [
            120.878375,
            24.127929
          ],
          [
            120.878552,
            24.127667
          ],
          [
            120.878583,
            24.127545
          ],
          [
            120.878629,
            24.127437
          ],
          [
            120.878691,
            24.127335
          ],
          [
            120.878791,
            24.127223
          ],
          [
            120.878809,
            24.12714
          ],
          [
            120.878796,
            24.127058
          ],
          [
            120.878727,
            24.126983
          ],
          [
            120.878465,
            24.126804
          ],
          [
            120.878304,
            24.126744
          ],
          [
            120.878113,
            24.126725
          ],
          [
            120.877805,
            24.126706
          ],
          [
            120.877698,
            24.126685
          ],
          [
            120.877655,
            24.126642
          ],
          [
            120.877646,
            24.12658
          ],
          [
            120.877655,
            24.126534
          ],
          [
            120.877676,
            24.126492
          ],
          [
            120.877752,
            24.126458
          ],
          [
            120.878062,
            24.126391
          ],
          [
            120.87828,
            24.12641
          ],
          [
            120.878526,
            24.126506
          ],
          [
            120.878629,
            24.12651
          ],
          [
            120.878654,
            24.126493
          ],
          [
            120.878673,
            24.126469
          ],
          [
            120.878684,
            24.126424
          ],
          [
            120.878672,
            24.126383
          ],
          [
            120.878653,
            24.126359
          ],
          [
            120.87832,
            24.126127
          ],
          [
            120.877941,
            24.125778
          ],
          [
            120.877877,
            24.125735
          ],
          [
            120.877727,
            24.125671
          ],
          [
            120.877555,
            24.125628
          ],
          [
            120.877362,
            24.125585
          ],
          [
            120.877212,
            24.125499
          ],
          [
            120.876489,
            24.124925
          ],
          [
            120.876357,
            24.124843
          ],
          [
            120.87625,
            24.124788
          ],
          [
            120.876207,
            24.124761
          ],
          [
            120.876187,
            24.124728
          ],
          [
            120.876179,
            24.124685
          ],
          [
            120.876195,
            24.124625
          ],
          [
            120.876449,
            24.124205
          ],
          [
            120.876532,
            24.12415
          ],
          [
            120.876627,
            24.124137
          ],
          [
            120.87682,
            24.124137
          ],
          [
            120.877256,
            24.124276
          ],
          [
            120.877376,
            24.12428
          ],
          [
            120.87747,
            24.124242
          ],
          [
            120.878022,
            24.124016
          ],
          [
            120.878086,
            24.123991
          ],
          [
            120.878129,
            24.123973
          ],
          [
            120.878322,
            24.123973
          ],
          [
            120.878558,
            24.124016
          ],
          [
            120.879678,
            24.124013
          ],
          [
            120.879836,
            24.124008
          ],
          [
            120.879969,
            24.123986
          ],
          [
            120.880126,
            24.123905
          ],
          [
            120.880597,
            24.123635
          ],
          [
            120.880874,
            24.123511
          ],
          [
            120.881129,
            24.123404
          ],
          [
            120.881316,
            24.123255
          ],
          [
            120.881603,
            24.123033
          ],
          [
            120.88171,
            24.122991
          ],
          [
            120.881821,
            24.122951
          ],
          [
            120.88195,
            24.122944
          ],
          [
            120.882073,
            24.122978
          ],
          [
            120.882561,
            24.123144
          ],
          [
            120.882976,
            24.123402
          ],
          [
            120.883148,
            24.123466
          ],
          [
            120.883355,
            24.123483
          ],
          [
            120.883494,
            24.123578
          ],
          [
            120.883682,
            24.123773
          ],
          [
            120.883871,
            24.123896
          ],
          [
            120.883957,
            24.123917
          ],
          [
            120.884021,
            24.123917
          ],
          [
            120.884107,
            24.123874
          ],
          [
            120.884343,
            24.123767
          ],
          [
            120.884536,
            24.123732
          ],
          [
            120.884624,
            24.123706
          ],
          [
            120.884707,
            24.12364
          ],
          [
            120.8848,
            24.123445
          ],
          [
            120.884849,
            24.123393
          ],
          [
            120.884929,
            24.123337
          ],
          [
            120.88525,
            24.123127
          ],
          [
            120.885433,
            24.123044
          ],
          [
            120.88554,
            24.123038
          ],
          [
            120.885669,
            24.123017
          ],
          [
            120.885776,
            24.123017
          ],
          [
            120.886126,
            24.123042
          ],
          [
            120.886212,
            24.123042
          ],
          [
            120.886298,
            24.123021
          ],
          [
            120.886362,
            24.122942
          ],
          [
            120.886415,
            24.122694
          ],
          [
            120.886734,
            24.122172
          ],
          [
            120.886755,
            24.122086
          ],
          [
            120.886734,
            24.121936
          ],
          [
            120.886589,
            24.121696
          ],
          [
            120.886589,
            24.121567
          ],
          [
            120.886632,
            24.121503
          ],
          [
            120.886675,
            24.12146
          ],
          [
            120.886975,
            24.121408
          ],
          [
            120.88704,
            24.121365
          ],
          [
            120.887082,
            24.121322
          ],
          [
            120.887125,
            24.121258
          ],
          [
            120.887174,
            24.120923
          ],
          [
            120.88726,
            24.12073
          ],
          [
            120.88726,
            24.120623
          ],
          [
            120.887217,
            24.120409
          ],
          [
            120.887238,
            24.120366
          ],
          [
            120.887281,
            24.120323
          ],
          [
            120.887324,
            24.120301
          ],
          [
            120.887873,
            24.120176
          ],
          [
            120.887985,
            24.120169
          ],
          [
            120.888157,
            24.120191
          ],
          [
            120.888774,
            24.120348
          ],
          [
            120.888859,
            24.120348
          ],
          [
            120.888945,
            24.120348
          ],
          [
            120.88901,
            24.120305
          ],
          [
            120.889053,
            24.120262
          ],
          [
            120.889139,
            24.120047
          ],
          [
            120.889139,
            24.11979
          ],
          [
            120.88916,
            24.119661
          ],
          [
            120.889332,
            24.119275
          ],
          [
            120.889562,
            24.11869
          ],
          [
            120.889605,
            24.118626
          ],
          [
            120.889675,
            24.118568
          ],
          [
            120.889777,
            24.118519
          ],
          [
            120.890072,
            24.118458
          ],
          [
            120.890288,
            24.118443
          ],
          [
            120.890488,
            24.118417
          ],
          [
            120.890591,
            24.118369
          ],
          [
            120.891049,
            24.118043
          ],
          [
            120.891123,
            24.117982
          ],
          [
            120.891165,
            24.117905
          ],
          [
            120.891167,
            24.117821
          ],
          [
            120.891154,
            24.117647
          ],
          [
            120.891156,
            24.117507
          ],
          [
            120.891192,
            24.117223
          ],
          [
            120.891198,
            24.117124
          ],
          [
            120.891172,
            24.117027
          ],
          [
            120.891117,
            24.116943
          ],
          [
            120.891056,
            24.11688
          ],
          [
            120.89099,
            24.116833
          ],
          [
            120.890908,
            24.116764
          ],
          [
            120.890826,
            24.116741
          ],
          [
            120.890736,
            24.116752
          ],
          [
            120.890679,
            24.116745
          ],
          [
            120.890593,
            24.116702
          ],
          [
            120.890358,
            24.11653
          ],
          [
            120.8901,
            24.116261
          ],
          [
            120.890036,
            24.116197
          ],
          [
            120.889733,
            24.116064
          ],
          [
            120.889615,
            24.116029
          ],
          [
            120.889487,
            24.115949
          ],
          [
            120.889187,
            24.115657
          ],
          [
            120.888511,
            24.115479
          ],
          [
            120.888462,
            24.115437
          ],
          [
            120.888439,
            24.115277
          ],
          [
            120.888523,
            24.11522
          ],
          [
            120.888932,
            24.115129
          ],
          [
            120.889018,
            24.115086
          ],
          [
            120.889104,
            24.115022
          ],
          [
            120.889189,
            24.114958
          ],
          [
            120.889222,
            24.11489
          ],
          [
            120.889246,
            24.114778
          ],
          [
            120.88916,
            24.113846
          ],
          [
            120.889206,
            24.113645
          ],
          [
            120.889313,
            24.113442
          ],
          [
            120.889301,
            24.113298
          ],
          [
            120.889287,
            24.11318
          ],
          [
            120.88929,
            24.113087
          ],
          [
            120.889311,
            24.113002
          ],
          [
            120.889327,
            24.112897
          ],
          [
            120.889356,
            24.112811
          ],
          [
            120.889362,
            24.1127
          ],
          [
            120.889345,
            24.112625
          ],
          [
            120.889322,
            24.112554
          ],
          [
            120.889267,
            24.112387
          ],
          [
            120.889267,
            24.112065
          ],
          [
            120.889346,
            24.1119
          ],
          [
            120.889488,
            24.11174
          ],
          [
            120.889658,
            24.111542
          ],
          [
            120.889784,
            24.111453
          ],
          [
            120.890019,
            24.111331
          ],
          [
            120.891015,
            24.110865
          ],
          [
            120.891191,
            24.110807
          ],
          [
            120.89137,
            24.110782
          ],
          [
            120.891587,
            24.110743
          ],
          [
            120.891652,
            24.110666
          ],
          [
            120.891684,
            24.110582
          ],
          [
            120.891673,
            24.110465
          ],
          [
            120.891652,
            24.1104
          ],
          [
            120.891558,
            24.110252
          ],
          [
            120.891499,
            24.110102
          ],
          [
            120.891457,
            24.109934
          ],
          [
            120.891302,
            24.109304
          ],
          [
            120.891216,
            24.10866
          ],
          [
            120.891237,
            24.108553
          ],
          [
            120.891302,
            24.108381
          ],
          [
            120.891323,
            24.108252
          ],
          [
            120.891388,
            24.107909
          ],
          [
            120.891409,
            24.107652
          ],
          [
            120.891395,
            24.107477
          ],
          [
            120.891366,
            24.107094
          ],
          [
            120.891164,
            24.106585
          ],
          [
            120.891055,
            24.106101
          ],
          [
            120.890915,
            24.105728
          ],
          [
            120.890744,
            24.105442
          ],
          [
            120.890669,
            24.105169
          ],
          [
            120.890585,
            24.104942
          ],
          [
            120.890505,
            24.104651
          ],
          [
            120.890493,
            24.104306
          ],
          [
            120.890481,
            24.10421
          ],
          [
            120.890446,
            24.104096
          ],
          [
            120.890406,
            24.104007
          ],
          [
            120.890309,
            24.103923
          ],
          [
            120.890164,
            24.103885
          ],
          [
            120.889749,
            24.103812
          ],
          [
            120.88959,
            24.103746
          ],
          [
            120.889438,
            24.103518
          ],
          [
            120.889317,
            24.103472
          ],
          [
            120.889108,
            24.103395
          ],
          [
            120.889047,
            24.10333
          ],
          [
            120.889032,
            24.103279
          ],
          [
            120.889037,
            24.103174
          ],
          [
            120.889073,
            24.103158
          ],
          [
            120.889151,
            24.103136
          ],
          [
            120.889993,
            24.102824
          ],
          [
            120.890033,
            24.102769
          ],
          [
            120.890036,
            24.102678
          ],
          [
            120.890006,
            24.102569
          ],
          [
            120.889971,
            24.102373
          ],
          [
            120.889915,
            24.102236
          ],
          [
            120.889918,
            24.101731
          ],
          [
            120.889867,
            24.101162
          ],
          [
            120.889833,
            24.100966
          ],
          [
            120.889814,
            24.10089
          ],
          [
            120.889587,
            24.100302
          ],
          [
            120.889462,
            24.100124
          ],
          [
            120.88922,
            24.099863
          ],
          [
            120.889148,
            24.099752
          ],
          [
            120.88911,
            24.099627
          ],
          [
            120.889103,
            24.099571
          ],
          [
            120.889109,
            24.099492
          ],
          [
            120.889134,
            24.099326
          ],
          [
            120.889166,
            24.099249
          ],
          [
            120.889201,
            24.099167
          ],
          [
            120.88925,
            24.099098
          ],
          [
            120.889262,
            24.099015
          ],
          [
            120.889242,
            24.098918
          ],
          [
            120.889097,
            24.098622
          ],
          [
            120.888959,
            24.098689
          ],
          [
            120.888598,
            24.098923
          ],
          [
            120.888498,
            24.098985
          ],
          [
            120.888449,
            24.099009
          ],
          [
            120.888498,
            24.098985
          ],
          [
            120.888598,
            24.098923
          ],
          [
            120.888959,
            24.098689
          ],
          [
            120.889097,
            24.098622
          ],
          [
            120.889242,
            24.098918
          ],
          [
            120.889262,
            24.099015
          ],
          [
            120.88925,
            24.099098
          ],
          [
            120.889201,
            24.099167
          ],
          [
            120.889166,
            24.099249
          ],
          [
            120.889134,
            24.099326
          ],
          [
            120.889109,
            24.099492
          ],
          [
            120.889103,
            24.099571
          ],
          [
            120.88911,
            24.099627
          ],
          [
            120.889148,
            24.099752
          ],
          [
            120.88922,
            24.099863
          ],
          [
            120.889462,
            24.100124
          ],
          [
            120.889587,
            24.100302
          ],
          [
            120.889814,
            24.10089
          ],
          [
            120.889833,
            24.100966
          ],
          [
            120.889867,
            24.101162
          ],
          [
            120.889918,
            24.101731
          ],
          [
            120.889915,
            24.102236
          ],
          [
            120.889971,
            24.102373
          ],
          [
            120.890006,
            24.102569
          ],
          [
            120.890036,
            24.102678
          ],
          [
            120.890033,
            24.102769
          ],
          [
            120.889993,
            24.102824
          ],
          [
            120.889151,
            24.103136
          ],
          [
            120.889073,
            24.103158
          ],
          [
            120.889037,
            24.103174
          ],
          [
            120.889032,
            24.103279
          ],
          [
            120.889047,
            24.10333
          ],
          [
            120.889108,
            24.103395
          ],
          [
            120.889317,
            24.103472
          ],
          [
            120.889438,
            24.103518
          ],
          [
            120.88959,
            24.103746
          ],
          [
            120.889749,
            24.103812
          ],
          [
            120.890164,
            24.103885
          ],
          [
            120.890309,
            24.103923
          ],
          [
            120.890406,
            24.104007
          ],
          [
            120.890446,
            24.104096
          ],
          [
            120.890481,
            24.10421
          ],
          [
            120.890493,
            24.104306
          ],
          [
            120.890505,
            24.104651
          ],
          [
            120.890585,
            24.104942
          ],
          [
            120.890669,
            24.105169
          ],
          [
            120.890744,
            24.105442
          ],
          [
            120.890915,
            24.105728
          ],
          [
            120.891055,
            24.106101
          ],
          [
            120.891164,
            24.106585
          ],
          [
            120.891366,
            24.107094
          ],
          [
            120.891395,
            24.107477
          ],
          [
            120.891409,
            24.107652
          ],
          [
            120.891388,
            24.107909
          ],
          [
            120.891323,
            24.108252
          ],
          [
            120.891302,
            24.108381
          ],
          [
            120.891237,
            24.108553
          ],
          [
            120.891216,
            24.10866
          ],
          [
            120.891302,
            24.109304
          ],
          [
            120.891457,
            24.109934
          ],
          [
            120.891499,
            24.110102
          ],
          [
            120.891558,
            24.110252
          ],
          [
            120.891652,
            24.1104
          ],
          [
            120.891673,
            24.110465
          ],
          [
            120.891684,
            24.110582
          ],
          [
            120.891652,
            24.110666
          ],
          [
            120.891587,
            24.110743
          ],
          [
            120.89137,
            24.110782
          ],
          [
            120.891191,
            24.110807
          ],
          [
            120.891015,
            24.110865
          ],
          [
            120.890019,
            24.111331
          ],
          [
            120.889784,
            24.111453
          ],
          [
            120.889658,
            24.111542
          ],
          [
            120.889488,
            24.11174
          ],
          [
            120.889346,
            24.1119
          ],
          [
            120.889267,
            24.112065
          ],
          [
            120.889267,
            24.112387
          ],
          [
            120.889322,
            24.112554
          ],
          [
            120.889345,
            24.112625
          ],
          [
            120.889362,
            24.1127
          ],
          [
            120.889356,
            24.112811
          ],
          [
            120.889327,
            24.112897
          ],
          [
            120.889311,
            24.113002
          ],
          [
            120.88929,
            24.113087
          ],
          [
            120.889287,
            24.11318
          ],
          [
            120.889301,
            24.113298
          ],
          [
            120.889313,
            24.113442
          ],
          [
            120.889206,
            24.113645
          ],
          [
            120.88916,
            24.113846
          ],
          [
            120.889246,
            24.114778
          ],
          [
            120.889222,
            24.11489
          ],
          [
            120.889189,
            24.114958
          ],
          [
            120.889104,
            24.115022
          ],
          [
            120.889018,
            24.115086
          ],
          [
            120.888932,
            24.115129
          ],
          [
            120.888523,
            24.11522
          ],
          [
            120.888439,
            24.115277
          ],
          [
            120.888462,
            24.115437
          ],
          [
            120.888511,
            24.115479
          ],
          [
            120.889187,
            24.115657
          ],
          [
            120.889487,
            24.115949
          ],
          [
            120.889615,
            24.116029
          ],
          [
            120.889733,
            24.116064
          ],
          [
            120.890036,
            24.116197
          ],
          [
            120.8901,
            24.116261
          ],
          [
            120.890358,
            24.11653
          ],
          [
            120.890593,
            24.116702
          ],
          [
            120.890679,
            24.116745
          ],
          [
            120.890736,
            24.116752
          ],
          [
            120.890826,
            24.116741
          ],
          [
            120.890908,
            24.116764
          ],
          [
            120.89099,
            24.116833
          ],
          [
            120.891056,
            24.11688
          ],
          [
            120.891117,
            24.116943
          ],
          [
            120.891172,
            24.117027
          ],
          [
            120.891198,
            24.117124
          ],
          [
            120.891192,
            24.117223
          ],
          [
            120.891156,
            24.117507
          ],
          [
            120.891154,
            24.117647
          ],
          [
            120.891167,
            24.117821
          ],
          [
            120.891165,
            24.117905
          ],
          [
            120.891123,
            24.117982
          ],
          [
            120.891049,
            24.118043
          ],
          [
            120.890591,
            24.118369
          ],
          [
            120.890488,
            24.118417
          ],
          [
            120.890288,
            24.118443
          ],
          [
            120.890072,
            24.118458
          ],
          [
            120.889777,
            24.118519
          ],
          [
            120.889675,
            24.118568
          ],
          [
            120.889605,
            24.118626
          ],
          [
            120.889562,
            24.11869
          ],
          [
            120.889332,
            24.119275
          ],
          [
            120.88916,
            24.119661
          ],
          [
            120.889139,
            24.11979
          ],
          [
            120.889139,
            24.120047
          ],
          [
            120.889053,
            24.120262
          ],
          [
            120.88901,
            24.120305
          ],
          [
            120.888945,
            24.120348
          ],
          [
            120.888859,
            24.120348
          ],
          [
            120.888774,
            24.120348
          ],
          [
            120.888157,
            24.120191
          ],
          [
            120.887985,
            24.120169
          ],
          [
            120.887873,
            24.120176
          ],
          [
            120.887324,
            24.120301
          ],
          [
            120.887281,
            24.120323
          ],
          [
            120.887238,
            24.120366
          ],
          [
            120.887217,
            24.120409
          ],
          [
            120.88726,
            24.120623
          ],
          [
            120.88726,
            24.12073
          ],
          [
            120.887174,
            24.120923
          ],
          [
            120.887125,
            24.121258
          ],
          [
            120.887082,
            24.121322
          ],
          [
            120.88704,
            24.121365
          ],
          [
            120.886975,
            24.121408
          ],
          [
            120.886675,
            24.12146
          ],
          [
            120.886632,
            24.121503
          ],
          [
            120.886589,
            24.121567
          ],
          [
            120.886589,
            24.121696
          ],
          [
            120.886734,
            24.121936
          ],
          [
            120.886755,
            24.122086
          ],
          [
            120.886734,
            24.122172
          ],
          [
            120.886415,
            24.122694
          ],
          [
            120.886362,
            24.122942
          ],
          [
            120.886298,
            24.123021
          ],
          [
            120.886212,
            24.123042
          ],
          [
            120.886126,
            24.123042
          ],
          [
            120.885776,
            24.123017
          ],
          [
            120.885669,
            24.123017
          ],
          [
            120.88554,
            24.123038
          ],
          [
            120.885433,
            24.123044
          ],
          [
            120.88525,
            24.123127
          ],
          [
            120.884929,
            24.123337
          ],
          [
            120.884849,
            24.123393
          ],
          [
            120.8848,
            24.123445
          ],
          [
            120.884707,
            24.12364
          ],
          [
            120.884624,
            24.123706
          ],
          [
            120.884536,
            24.123732
          ],
          [
            120.884343,
            24.123767
          ],
          [
            120.884107,
            24.123874
          ],
          [
            120.884021,
            24.123917
          ],
          [
            120.883957,
            24.123917
          ],
          [
            120.883871,
            24.123896
          ],
          [
            120.883682,
            24.123773
          ],
          [
            120.883494,
            24.123578
          ],
          [
            120.883355,
            24.123483
          ],
          [
            120.883148,
            24.123466
          ],
          [
            120.882976,
            24.123402
          ],
          [
            120.882561,
            24.123144
          ],
          [
            120.882073,
            24.122978
          ],
          [
            120.88195,
            24.122944
          ],
          [
            120.881821,
            24.122951
          ],
          [
            120.88171,
            24.122991
          ],
          [
            120.881603,
            24.123033
          ],
          [
            120.881316,
            24.123255
          ],
          [
            120.881129,
            24.123404
          ],
          [
            120.880874,
            24.123511
          ],
          [
            120.880597,
            24.123635
          ],
          [
            120.880126,
            24.123905
          ],
          [
            120.879969,
            24.123986
          ],
          [
            120.879836,
            24.124008
          ],
          [
            120.879678,
            24.124013
          ],
          [
            120.878558,
            24.124016
          ],
          [
            120.878322,
            24.123973
          ],
          [
            120.878129,
            24.123973
          ],
          [
            120.878086,
            24.123991
          ],
          [
            120.878022,
            24.124016
          ],
          [
            120.87747,
            24.124242
          ],
          [
            120.877376,
            24.12428
          ],
          [
            120.877256,
            24.124276
          ],
          [
            120.87682,
            24.124137
          ],
          [
            120.876627,
            24.124137
          ],
          [
            120.876532,
            24.12415
          ],
          [
            120.876449,
            24.124205
          ],
          [
            120.876195,
            24.124625
          ],
          [
            120.876179,
            24.124685
          ],
          [
            120.876187,
            24.124728
          ],
          [
            120.876207,
            24.124761
          ],
          [
            120.87625,
            24.124788
          ],
          [
            120.876357,
            24.124843
          ],
          [
            120.876489,
            24.124925
          ],
          [
            120.877212,
            24.125499
          ],
          [
            120.877362,
            24.125585
          ],
          [
            120.877555,
            24.125628
          ],
          [
            120.877727,
            24.125671
          ],
          [
            120.877877,
            24.125735
          ],
          [
            120.877941,
            24.125778
          ],
          [
            120.87832,
            24.126127
          ],
          [
            120.878653,
            24.126359
          ],
          [
            120.878672,
            24.126383
          ],
          [
            120.878684,
            24.126424
          ],
          [
            120.878673,
            24.126469
          ],
          [
            120.878654,
            24.126493
          ],
          [
            120.878629,
            24.12651
          ],
          [
            120.878526,
            24.126506
          ],
          [
            120.87828,
            24.12641
          ],
          [
            120.878062,
            24.126391
          ],
          [
            120.877752,
            24.126458
          ],
          [
            120.877676,
            24.126492
          ],
          [
            120.877655,
            24.126534
          ],
          [
            120.877646,
            24.12658
          ],
          [
            120.877655,
            24.126642
          ],
          [
            120.877698,
            24.126685
          ],
          [
            120.877805,
            24.126706
          ],
          [
            120.878113,
            24.126725
          ],
          [
            120.878304,
            24.126744
          ],
          [
            120.878465,
            24.126804
          ],
          [
            120.878727,
            24.126983
          ],
          [
            120.878796,
            24.127058
          ],
          [
            120.878809,
            24.12714
          ],
          [
            120.878791,
            24.127223
          ],
          [
            120.878691,
            24.127335
          ],
          [
            120.878629,
            24.127437
          ],
          [
            120.878583,
            24.127545
          ],
          [
            120.878552,
            24.127667
          ],
          [
            120.878375,
            24.127929
          ],
          [
            120.878341,
            24.128015
          ],
          [
            120.878339,
            24.128078
          ],
          [
            120.878367,
            24.128124
          ],
          [
            120.878458,
            24.128181
          ],
          [
            120.879011,
            24.128383
          ],
          [
            120.879197,
            24.128479
          ],
          [
            120.879565,
            24.128754
          ],
          [
            120.879727,
            24.128889
          ],
          [
            120.879779,
            24.129022
          ],
          [
            120.879853,
            24.129334
          ],
          [
            120.879913,
            24.129455
          ],
          [
            120.880013,
            24.12961
          ],
          [
            120.880035,
            24.12973
          ],
          [
            120.880061,
            24.12988
          ],
          [
            120.880081,
            24.129915
          ],
          [
            120.880125,
            24.129952
          ],
          [
            120.880209,
            24.129968
          ],
          [
            120.880289,
            24.129937
          ],
          [
            120.880627,
            24.129719
          ],
          [
            120.880725,
            24.129635
          ],
          [
            120.880793,
            24.129558
          ],
          [
            120.880991,
            24.129152
          ],
          [
            120.881148,
            24.128811
          ],
          [
            120.88122,
            24.128703
          ],
          [
            120.881332,
            24.128579
          ],
          [
            120.881437,
            24.128518
          ],
          [
            120.881592,
            24.128498
          ],
          [
            120.88171,
            24.12852
          ],
          [
            120.881749,
            24.128541
          ],
          [
            120.881776,
            24.128576
          ],
          [
            120.88178,
            24.128635
          ],
          [
            120.881742,
            24.128699
          ],
          [
            120.881699,
            24.128733
          ],
          [
            120.881626,
            24.128793
          ],
          [
            120.881348,
            24.129017
          ],
          [
            120.881281,
            24.129116
          ],
          [
            120.881229,
            24.129237
          ],
          [
            120.88118,
            24.129473
          ],
          [
            120.881047,
            24.129696
          ],
          [
            120.880865,
            24.129924
          ],
          [
            120.880432,
            24.130406
          ],
          [
            120.880153,
            24.130742
          ],
          [
            120.880067,
            24.130815
          ],
          [
            120.880008,
            24.130845
          ],
          [
            120.879899,
            24.130861
          ],
          [
            120.87983,
            24.130853
          ],
          [
            120.879768,
            24.13081
          ],
          [
            120.879656,
            24.130732
          ],
          [
            120.879237,
            24.130296
          ],
          [
            120.879164,
            24.130247
          ],
          [
            120.879084,
            24.130245
          ],
          [
            120.879022,
            24.130271
          ],
          [
            120.878986,
            24.130306
          ],
          [
            120.87898,
            24.130353
          ],
          [
            120.878996,
            24.130401
          ],
          [
            120.879052,
            24.13046
          ],
          [
            120.879403,
            24.130772
          ],
          [
            120.879653,
            24.13105
          ],
          [
            120.879727,
            24.1311
          ],
          [
            120.879832,
            24.131157
          ],
          [
            120.879912,
            24.131171
          ],
          [
            120.880274,
            24.131169
          ],
          [
            120.880417,
            24.131204
          ],
          [
            120.880504,
            24.131252
          ],
          [
            120.88059,
            24.131347
          ],
          [
            120.880619,
            24.131414
          ],
          [
            120.880616,
            24.13147
          ],
          [
            120.880582,
            24.131566
          ],
          [
            120.880548,
            24.1316
          ],
          [
            120.880474,
            24.131673
          ],
          [
            120.880425,
            24.131704
          ],
          [
            120.880328,
            24.131745
          ],
          [
            120.879684,
            24.131904
          ],
          [
            120.879513,
            24.131991
          ],
          [
            120.879285,
            24.132092
          ],
          [
            120.879208,
            24.132122
          ],
          [
            120.879075,
            24.132157
          ],
          [
            120.878736,
            24.132199
          ],
          [
            120.878581,
            24.132278
          ],
          [
            120.878483,
            24.132329
          ],
          [
            120.878412,
            24.132351
          ],
          [
            120.878353,
            24.132335
          ],
          [
            120.8783,
            24.132302
          ],
          [
            120.87829,
            24.132258
          ],
          [
            120.878296,
            24.1322
          ],
          [
            120.878375,
            24.13211
          ],
          [
            120.878673,
            24.131857
          ],
          [
            120.878911,
            24.131742
          ],
          [
            120.878983,
            24.13169
          ],
          [
            120.879006,
            24.131647
          ],
          [
            120.879004,
            24.131595
          ],
          [
            120.878975,
            24.131534
          ],
          [
            120.878901,
            24.131496
          ],
          [
            120.87857,
            24.131407
          ],
          [
            120.878454,
            24.131339
          ],
          [
            120.878373,
            24.131282
          ],
          [
            120.878156,
            24.131007
          ],
          [
            120.878105,
            24.130925
          ],
          [
            120.877968,
            24.130511
          ],
          [
            120.877883,
            24.130358
          ],
          [
            120.877779,
            24.130254
          ],
          [
            120.877634,
            24.130141
          ],
          [
            120.877555,
            24.130118
          ],
          [
            120.877478,
            24.130111
          ],
          [
            120.877412,
            24.130132
          ],
          [
            120.877366,
            24.130169
          ],
          [
            120.877206,
            24.130364
          ],
          [
            120.877105,
            24.130458
          ],
          [
            120.876953,
            24.130577
          ],
          [
            120.876867,
            24.130599
          ],
          [
            120.876782,
            24.130598
          ],
          [
            120.876674,
            24.130563
          ],
          [
            120.876313,
            24.130426
          ],
          [
            120.876197,
            24.1304
          ],
          [
            120.875994,
            24.130408
          ],
          [
            120.875938,
            24.130386
          ],
          [
            120.875904,
            24.130356
          ],
          [
            120.875874,
            24.130312
          ],
          [
            120.875753,
            24.129821
          ],
          [
            120.875698,
            24.129695
          ],
          [
            120.875622,
            24.129592
          ],
          [
            120.875519,
            24.129443
          ],
          [
            120.87546,
            24.129325
          ],
          [
            120.875435,
            24.129188
          ],
          [
            120.875423,
            24.12868
          ],
          [
            120.875414,
            24.128627
          ],
          [
            120.875379,
            24.128565
          ],
          [
            120.87531,
            24.128511
          ],
          [
            120.875177,
            24.128547
          ],
          [
            120.874867,
            24.128559
          ],
          [
            120.874681,
            24.128588
          ],
          [
            120.874613,
            24.128687
          ],
          [
            120.874575,
            24.128728
          ],
          [
            120.874485,
            24.12877
          ],
          [
            120.874219,
            24.128877
          ],
          [
            120.874182,
            24.128907
          ],
          [
            120.874158,
            24.128947
          ],
          [
            120.874148,
            24.129011
          ],
          [
            120.874144,
            24.129246
          ],
          [
            120.874123,
            24.129337
          ],
          [
            120.874079,
            24.129407
          ],
          [
            120.874032,
            24.129457
          ],
          [
            120.873924,
            24.129493
          ],
          [
            120.873633,
            24.129544
          ],
          [
            120.873507,
            24.129592
          ],
          [
            120.873466,
            24.129632
          ],
          [
            120.873437,
            24.129697
          ],
          [
            120.873436,
            24.129765
          ],
          [
            120.873482,
            24.12987
          ],
          [
            120.873541,
            24.129924
          ],
          [
            120.873588,
            24.129937
          ],
          [
            120.873655,
            24.129926
          ],
          [
            120.873786,
            24.129802
          ],
          [
            120.873858,
            24.129752
          ],
          [
            120.873926,
            24.129706
          ],
          [
            120.874132,
            24.129618
          ],
          [
            120.874237,
            24.129539
          ],
          [
            120.874384,
            24.129374
          ],
          [
            120.874492,
            24.129284
          ],
          [
            120.874602,
            24.129261
          ],
          [
            120.874754,
            24.129249
          ],
          [
            120.874862,
            24.129261
          ],
          [
            120.874947,
            24.129296
          ],
          [
            120.87499,
            24.129363
          ],
          [
            120.875019,
            24.129471
          ],
          [
            120.875075,
            24.130205
          ],
          [
            120.87515,
            24.130389
          ],
          [
            120.875237,
            24.130541
          ],
          [
            120.875461,
            24.130853
          ],
          [
            120.875575,
            24.130966
          ],
          [
            120.875833,
            24.131153
          ],
          [
            120.875953,
            24.131297
          ],
          [
            120.876254,
            24.131738
          ],
          [
            120.876283,
            24.131829
          ],
          [
            120.876277,
            24.131891
          ],
          [
            120.876244,
            24.131961
          ],
          [
            120.876203,
            24.132008
          ],
          [
            120.875746,
            24.132474
          ],
          [
            120.875572,
            24.132615
          ],
          [
            120.875438,
            24.132691
          ],
          [
            120.875061,
            24.132841
          ],
          [
            120.874966,
            24.132886
          ],
          [
            120.874928,
            24.132933
          ],
          [
            120.874907,
            24.132993
          ],
          [
            120.87489,
            24.133142
          ],
          [
            120.875004,
            24.133668
          ],
          [
            120.875011,
            24.133753
          ],
          [
            120.874977,
            24.133848
          ],
          [
            120.874877,
            24.134049
          ],
          [
            120.874816,
            24.134126
          ],
          [
            120.874758,
            24.134173
          ],
          [
            120.874501,
            24.134267
          ],
          [
            120.874249,
            24.134396
          ],
          [
            120.87417,
            24.134465
          ],
          [
            120.874133,
            24.13453
          ],
          [
            120.874107,
            24.134631
          ],
          [
            120.874106,
            24.134814
          ],
          [
            120.874146,
            24.1349
          ],
          [
            120.874229,
            24.135074
          ],
          [
            120.874274,
            24.135128
          ],
          [
            120.874347,
            24.135203
          ],
          [
            120.874849,
            24.13556
          ],
          [
            120.875251,
            24.13589
          ],
          [
            120.875294,
            24.135911
          ],
          [
            120.87535,
            24.135923
          ],
          [
            120.875418,
            24.135918
          ],
          [
            120.875773,
            24.135809
          ],
          [
            120.875924,
            24.135785
          ],
          [
            120.876047,
            24.135785
          ],
          [
            120.876149,
            24.135816
          ],
          [
            120.876208,
            24.135855
          ],
          [
            120.876261,
            24.135898
          ],
          [
            120.876289,
            24.135986
          ],
          [
            120.876287,
            24.136043
          ],
          [
            120.876261,
            24.13612
          ],
          [
            120.876199,
            24.13626
          ],
          [
            120.87619,
            24.136349
          ],
          [
            120.876217,
            24.136438
          ],
          [
            120.876344,
            24.136704
          ],
          [
            120.876367,
            24.136791
          ],
          [
            120.87641,
            24.137113
          ],
          [
            120.8764,
            24.137197
          ],
          [
            120.876361,
            24.137266
          ],
          [
            120.876272,
            24.137323
          ],
          [
            120.876077,
            24.137413
          ],
          [
            120.875849,
            24.137607
          ],
          [
            120.875828,
            24.13763
          ],
          [
            120.875773,
            24.137691
          ],
          [
            120.875685,
            24.137846
          ],
          [
            120.875444,
            24.138443
          ],
          [
            120.875435,
            24.138516
          ],
          [
            120.875458,
            24.138576
          ],
          [
            120.875503,
            24.138626
          ],
          [
            120.875713,
            24.13871
          ],
          [
            120.87581,
            24.138775
          ],
          [
            120.875874,
            24.138825
          ],
          [
            120.875916,
            24.138888
          ],
          [
            120.875999,
            24.139131
          ],
          [
            120.876055,
            24.13919
          ],
          [
            120.876168,
            24.139249
          ],
          [
            120.876393,
            24.139339
          ],
          [
            120.87646,
            24.139399
          ],
          [
            120.876484,
            24.13947
          ],
          [
            120.87647,
            24.139588
          ],
          [
            120.876436,
            24.139673
          ],
          [
            120.876388,
            24.139759
          ],
          [
            120.876277,
            24.139858
          ],
          [
            120.876021,
            24.140088
          ],
          [
            120.875928,
            24.140188
          ],
          [
            120.875873,
            24.14027
          ],
          [
            120.875843,
            24.14036
          ],
          [
            120.875843,
            24.140489
          ],
          [
            120.875871,
            24.140613
          ],
          [
            120.875931,
            24.140697
          ],
          [
            120.875996,
            24.140818
          ],
          [
            120.875999,
            24.140886
          ],
          [
            120.875988,
            24.140933
          ],
          [
            120.875959,
            24.140975
          ],
          [
            120.875918,
            24.141008
          ],
          [
            120.875861,
            24.141025
          ],
          [
            120.875707,
            24.141044
          ],
          [
            120.875652,
            24.141066
          ],
          [
            120.875585,
            24.141123
          ],
          [
            120.875294,
            24.14149
          ],
          [
            120.875265,
            24.14156
          ],
          [
            120.875272,
            24.141626
          ],
          [
            120.875294,
            24.141678
          ],
          [
            120.875631,
            24.141879
          ],
          [
            120.87567,
            24.141952
          ],
          [
            120.87567,
            24.142012
          ],
          [
            120.875642,
            24.142088
          ],
          [
            120.875491,
            24.142277
          ],
          [
            120.87545,
            24.142457
          ],
          [
            120.875444,
            24.14252
          ],
          [
            120.875448,
            24.142606
          ],
          [
            120.875487,
            24.142671
          ],
          [
            120.875616,
            24.142821
          ],
          [
            120.875649,
            24.142901
          ],
          [
            120.875656,
            24.142991
          ],
          [
            120.875643,
            24.143067
          ],
          [
            120.875518,
            24.143292
          ],
          [
            120.875466,
            24.143409
          ],
          [
            120.875455,
            24.143507
          ],
          [
            120.875474,
            24.143565
          ],
          [
            120.875519,
            24.14362
          ],
          [
            120.875719,
            24.143711
          ],
          [
            120.875916,
            24.143765
          ],
          [
            120.876002,
            24.143808
          ],
          [
            120.876067,
            24.143872
          ],
          [
            120.876088,
            24.143958
          ],
          [
            120.876102,
            24.144135
          ],
          [
            120.876024,
            24.144409
          ],
          [
            120.876002,
            24.144537
          ],
          [
            120.876033,
            24.144854
          ],
          [
            120.876144,
            24.145171
          ],
          [
            120.876141,
            24.145237
          ],
          [
            120.87612,
            24.145325
          ],
          [
            120.876062,
            24.145475
          ],
          [
            120.876045,
            24.145567
          ],
          [
            120.876035,
            24.145782
          ],
          [
            120.876051,
            24.145867
          ],
          [
            120.876124,
            24.145955
          ],
          [
            120.876328,
            24.146198
          ],
          [
            120.876474,
            24.146318
          ],
          [
            120.876555,
            24.14639
          ],
          [
            120.876602,
            24.146463
          ],
          [
            120.876645,
            24.146657
          ],
          [
            120.876689,
            24.146748
          ],
          [
            120.876807,
            24.146866
          ],
          [
            120.876938,
            24.147084
          ],
          [
            120.877152,
            24.147435
          ],
          [
            120.877195,
            24.147532
          ],
          [
            120.877344,
            24.147738
          ],
          [
            120.877637,
            24.14822
          ],
          [
            120.877702,
            24.148284
          ],
          [
            120.878002,
            24.14852
          ],
          [
            120.878045,
            24.148585
          ],
          [
            120.878064,
            24.148641
          ],
          [
            120.878057,
            24.148694
          ],
          [
            120.878034,
            24.148754
          ],
          [
            120.877991,
            24.148808
          ],
          [
            120.877543,
            24.149201
          ],
          [
            120.877409,
            24.149357
          ],
          [
            120.877323,
            24.149486
          ],
          [
            120.877138,
            24.149876
          ],
          [
            120.876984,
            24.150201
          ],
          [
            120.876872,
            24.150718
          ],
          [
            120.876882,
            24.150825
          ],
          [
            120.876925,
            24.150975
          ],
          [
            120.876991,
            24.151095
          ],
          [
            120.877119,
            24.151266
          ],
          [
            120.877164,
            24.151376
          ],
          [
            120.877184,
            24.151565
          ],
          [
            120.877219,
            24.15169
          ],
          [
            120.877363,
            24.152068
          ],
          [
            120.877608,
            24.1528
          ],
          [
            120.87762,
            24.15291
          ],
          [
            120.877597,
            24.153016
          ],
          [
            120.877536,
            24.153112
          ],
          [
            120.877267,
            24.15341
          ],
          [
            120.877142,
            24.153644
          ],
          [
            120.877054,
            24.153807
          ],
          [
            120.876839,
            24.154103
          ],
          [
            120.876803,
            24.154203
          ],
          [
            120.876801,
            24.154311
          ],
          [
            120.876792,
            24.154386
          ],
          [
            120.876746,
            24.154462
          ],
          [
            120.8766,
            24.154573
          ],
          [
            120.876476,
            24.154693
          ],
          [
            120.876417,
            24.154791
          ],
          [
            120.876373,
            24.154923
          ],
          [
            120.876357,
            24.155058
          ],
          [
            120.876306,
            24.155172
          ],
          [
            120.87611,
            24.155481
          ],
          [
            120.876002,
            24.155588
          ],
          [
            120.875724,
            24.155756
          ],
          [
            120.875632,
            24.155777
          ],
          [
            120.875577,
            24.155762
          ],
          [
            120.875519,
            24.155719
          ],
          [
            120.875488,
            24.15567
          ],
          [
            120.875484,
            24.155607
          ],
          [
            120.875507,
            24.155506
          ],
          [
            120.875756,
            24.155206
          ],
          [
            120.875837,
            24.155055
          ],
          [
            120.875937,
            24.154764
          ],
          [
            120.875966,
            24.15461
          ],
          [
            120.875946,
            24.154528
          ],
          [
            120.87591,
            24.154464
          ],
          [
            120.875801,
            24.154366
          ],
          [
            120.8756,
            24.154185
          ],
          [
            120.875461,
            24.154089
          ],
          [
            120.875326,
            24.154023
          ],
          [
            120.874731,
            24.153825
          ],
          [
            120.874626,
            24.153754
          ],
          [
            120.874585,
            24.153695
          ],
          [
            120.874569,
            24.153616
          ],
          [
            120.874547,
            24.153402
          ],
          [
            120.874526,
            24.153316
          ],
          [
            120.874483,
            24.153273
          ],
          [
            120.874418,
            24.153252
          ],
          [
            120.873634,
            24.153126
          ],
          [
            120.873348,
            24.153017
          ],
          [
            120.873284,
            24.152974
          ],
          [
            120.873241,
            24.152909
          ],
          [
            120.873241,
            24.152845
          ],
          [
            120.873262,
            24.152781
          ],
          [
            120.873462,
            24.152589
          ],
          [
            120.873569,
            24.152439
          ],
          [
            120.8737,
            24.15207
          ],
          [
            120.873726,
            24.151963
          ],
          [
            120.873726,
            24.151911
          ],
          [
            120.873726,
            24.151881
          ],
          [
            120.873699,
            24.151795
          ],
          [
            120.873635,
            24.15171
          ],
          [
            120.87353,
            24.151656
          ],
          [
            120.873326,
            24.151614
          ],
          [
            120.872929,
            24.151597
          ],
          [
            120.872447,
            24.151606
          ],
          [
            120.872361,
            24.151585
          ],
          [
            120.872297,
            24.151542
          ],
          [
            120.872275,
            24.151499
          ],
          [
            120.872267,
            24.151451
          ],
          [
            120.872293,
            24.15137
          ],
          [
            120.87247,
            24.151123
          ],
          [
            120.872543,
            24.151029
          ],
          [
            120.872569,
            24.150946
          ],
          [
            120.872592,
            24.150832
          ],
          [
            120.87265,
            24.150757
          ],
          [
            120.872692,
            24.150715
          ],
          [
            120.872757,
            24.150672
          ],
          [
            120.873036,
            24.150629
          ],
          [
            120.8731,
            24.150607
          ],
          [
            120.873143,
            24.150564
          ],
          [
            120.873159,
            24.150511
          ],
          [
            120.873144,
            24.150461
          ],
          [
            120.872971,
            24.150336
          ],
          [
            120.872803,
            24.150236
          ],
          [
            120.872443,
            24.150061
          ],
          [
            120.872349,
            24.150044
          ],
          [
            120.872072,
            24.150065
          ],
          [
            120.871783,
            24.150066
          ],
          [
            120.871711,
            24.150059
          ],
          [
            120.871654,
            24.150023
          ],
          [
            120.871611,
            24.14998
          ],
          [
            120.87159,
            24.149916
          ],
          [
            120.87159,
            24.149851
          ],
          [
            120.871611,
            24.149787
          ],
          [
            120.871816,
            24.149541
          ],
          [
            120.871891,
            24.149412
          ],
          [
            120.871912,
            24.149315
          ],
          [
            120.871912,
            24.149251
          ],
          [
            120.871869,
            24.149186
          ],
          [
            120.871682,
            24.149076
          ],
          [
            120.871633,
            24.149015
          ],
          [
            120.871611,
            24.14895
          ],
          [
            120.871611,
            24.148886
          ],
          [
            120.871624,
            24.148842
          ],
          [
            120.871676,
            24.148755
          ],
          [
            120.871871,
            24.148443
          ],
          [
            120.871921,
            24.14831
          ],
          [
            120.871935,
            24.148231
          ],
          [
            120.87193,
            24.148134
          ],
          [
            120.871848,
            24.14792
          ],
          [
            120.871831,
            24.147849
          ],
          [
            120.871845,
            24.14778
          ],
          [
            120.871955,
            24.147577
          ],
          [
            120.871976,
            24.147491
          ],
          [
            120.871976,
            24.147384
          ],
          [
            120.871966,
            24.147293
          ],
          [
            120.871907,
            24.147218
          ],
          [
            120.871639,
            24.147113
          ],
          [
            120.871569,
            24.14704
          ],
          [
            120.871375,
            24.146757
          ],
          [
            120.871196,
            24.146571
          ],
          [
            120.871161,
            24.146491
          ],
          [
            120.871148,
            24.146386
          ],
          [
            120.871158,
            24.146179
          ],
          [
            120.871141,
            24.145987
          ],
          [
            120.871068,
            24.145877
          ],
          [
            120.870956,
            24.145774
          ],
          [
            120.870886,
            24.145686
          ],
          [
            120.870822,
            24.145529
          ],
          [
            120.870759,
            24.145432
          ],
          [
            120.870689,
            24.145348
          ],
          [
            120.870533,
            24.145214
          ],
          [
            120.870469,
            24.145138
          ],
          [
            120.870402,
            24.144963
          ],
          [
            120.870308,
            24.144905
          ],
          [
            120.870173,
            24.144874
          ],
          [
            120.869949,
            24.144852
          ],
          [
            120.869833,
            24.144834
          ],
          [
            120.869726,
            24.144791
          ],
          [
            120.869619,
            24.144726
          ],
          [
            120.869554,
            24.144641
          ],
          [
            120.869388,
            24.144403
          ],
          [
            120.869307,
            24.144331
          ],
          [
            120.86923,
            24.144289
          ],
          [
            120.869149,
            24.14426
          ],
          [
            120.86902,
            24.144239
          ],
          [
            120.86887,
            24.144239
          ],
          [
            120.868806,
            24.14426
          ],
          [
            120.868675,
            24.1444
          ],
          [
            120.868603,
            24.144564
          ],
          [
            120.868407,
            24.14528
          ],
          [
            120.868391,
            24.145394
          ],
          [
            120.868413,
            24.14548
          ],
          [
            120.868434,
            24.145544
          ],
          [
            120.868477,
            24.145608
          ],
          [
            120.868542,
            24.145651
          ],
          [
            120.868649,
            24.145694
          ],
          [
            120.86916,
            24.145873
          ],
          [
            120.869351,
            24.14596
          ],
          [
            120.869497,
            24.146111
          ],
          [
            120.869554,
            24.146252
          ],
          [
            120.869567,
            24.146365
          ],
          [
            120.869538,
            24.146496
          ],
          [
            120.869421,
            24.146785
          ],
          [
            120.869366,
            24.147003
          ],
          [
            120.869359,
            24.147128
          ],
          [
            120.869421,
            24.147265
          ],
          [
            120.869609,
            24.147403
          ],
          [
            120.869771,
            24.147512
          ],
          [
            120.869901,
            24.147595
          ],
          [
            120.87,
            24.147727
          ],
          [
            120.87003,
            24.147868
          ],
          [
            120.870039,
            24.148094
          ],
          [
            120.869993,
            24.148323
          ],
          [
            120.869945,
            24.148449
          ],
          [
            120.869756,
            24.148655
          ],
          [
            120.869627,
            24.148716
          ],
          [
            120.869544,
            24.148788
          ],
          [
            120.869476,
            24.148878
          ],
          [
            120.869445,
            24.148966
          ],
          [
            120.869409,
            24.149046
          ],
          [
            120.869292,
            24.149212
          ],
          [
            120.869216,
            24.149345
          ],
          [
            120.869208,
            24.149434
          ],
          [
            120.869238,
            24.149557
          ],
          [
            120.869295,
            24.14971
          ],
          [
            120.869296,
            24.149825
          ],
          [
            120.869263,
            24.15012
          ],
          [
            120.869276,
            24.150241
          ],
          [
            120.869339,
            24.150352
          ],
          [
            120.869682,
            24.150713
          ],
          [
            120.869782,
            24.150843
          ],
          [
            120.86982,
            24.150954
          ],
          [
            120.86983,
            24.150984
          ],
          [
            120.869843,
            24.151132
          ],
          [
            120.869795,
            24.15135
          ],
          [
            120.869774,
            24.151483
          ],
          [
            120.869786,
            24.151585
          ],
          [
            120.869811,
            24.151693
          ],
          [
            120.87002,
            24.152218
          ],
          [
            120.870048,
            24.152332
          ],
          [
            120.87006,
            24.152421
          ],
          [
            120.870069,
            24.152557
          ],
          [
            120.870034,
            24.152694
          ],
          [
            120.869947,
            24.152908
          ],
          [
            120.869892,
            24.153069
          ],
          [
            120.869837,
            24.153271
          ],
          [
            120.86981,
            24.153487
          ],
          [
            120.869825,
            24.153615
          ],
          [
            120.869839,
            24.153708
          ],
          [
            120.869861,
            24.153764
          ],
          [
            120.869915,
            24.153812
          ],
          [
            120.870024,
            24.153856
          ],
          [
            120.87036,
            24.153994
          ],
          [
            120.870824,
            24.154242
          ],
          [
            120.870942,
            24.154315
          ],
          [
            120.87104,
            24.15443
          ],
          [
            120.871136,
            24.15463
          ],
          [
            120.871223,
            24.154728
          ],
          [
            120.871352,
            24.154839
          ],
          [
            120.871548,
            24.154973
          ],
          [
            120.871672,
            24.155025
          ],
          [
            120.871783,
            24.155042
          ],
          [
            120.871981,
            24.155026
          ],
          [
            120.872066,
            24.155021
          ],
          [
            120.872204,
            24.155009
          ],
          [
            120.872269,
            24.155052
          ],
          [
            120.87229,
            24.155095
          ],
          [
            120.872312,
            24.155223
          ],
          [
            120.872269,
            24.155502
          ],
          [
            120.872247,
            24.15561
          ],
          [
            120.872204,
            24.155674
          ],
          [
            120.87214,
            24.155738
          ],
          [
            120.872033,
            24.155803
          ],
          [
            120.871689,
            24.155964
          ],
          [
            120.871601,
            24.156018
          ],
          [
            120.871554,
            24.156084
          ],
          [
            120.871523,
            24.156164
          ],
          [
            120.871528,
            24.156279
          ],
          [
            120.871554,
            24.15658
          ],
          [
            120.871535,
            24.156708
          ],
          [
            120.871504,
            24.156822
          ],
          [
            120.871445,
            24.156945
          ],
          [
            120.871346,
            24.157042
          ],
          [
            120.871217,
            24.157119
          ],
          [
            120.871029,
            24.157228
          ],
          [
            120.870859,
            24.1573
          ],
          [
            120.870743,
            24.157313
          ],
          [
            120.870606,
            24.157317
          ],
          [
            120.870293,
            24.15727
          ],
          [
            120.870179,
            24.157266
          ],
          [
            120.870064,
            24.157286
          ],
          [
            120.869932,
            24.157368
          ],
          [
            120.869718,
            24.157554
          ],
          [
            120.869495,
            24.15777
          ],
          [
            120.869395,
            24.157896
          ],
          [
            120.869357,
            24.157976
          ],
          [
            120.869324,
            24.158097
          ],
          [
            120.869311,
            24.158284
          ],
          [
            120.869307,
            24.15854
          ],
          [
            120.869295,
            24.158695
          ],
          [
            120.869257,
            24.158794
          ],
          [
            120.869197,
            24.158849
          ],
          [
            120.86908,
            24.158909
          ],
          [
            120.868976,
            24.158929
          ],
          [
            120.868873,
            24.158928
          ],
          [
            120.868657,
            24.158878
          ],
          [
            120.868481,
            24.15883
          ],
          [
            120.868368,
            24.158812
          ],
          [
            120.868217,
            24.158803
          ],
          [
            120.868087,
            24.158824
          ],
          [
            120.867985,
            24.158871
          ],
          [
            120.867867,
            24.158947
          ],
          [
            120.867803,
            24.15899
          ],
          [
            120.867674,
            24.15904
          ],
          [
            120.867469,
            24.159086
          ],
          [
            120.867277,
            24.159086
          ],
          [
            120.867076,
            24.159064
          ],
          [
            120.866639,
            24.158896
          ],
          [
            120.866028,
            24.158652
          ],
          [
            120.865766,
            24.158507
          ],
          [
            120.865638,
            24.158442
          ],
          [
            120.865552,
            24.158421
          ],
          [
            120.865467,
            24.158421
          ],
          [
            120.865381,
            24.158442
          ],
          [
            120.864999,
            24.158631
          ],
          [
            120.86485,
            24.158687
          ],
          [
            120.864498,
            24.158755
          ],
          [
            120.864229,
            24.158805
          ],
          [
            120.863667,
            24.158956
          ],
          [
            120.863153,
            24.159104
          ],
          [
            120.863042,
            24.15915
          ],
          [
            120.86295,
            24.159204
          ],
          [
            120.862808,
            24.159334
          ],
          [
            120.862715,
            24.159481
          ],
          [
            120.862657,
            24.159619
          ],
          [
            120.862624,
            24.15974
          ],
          [
            120.862584,
            24.160005
          ],
          [
            120.862491,
            24.160153
          ],
          [
            120.862359,
            24.160273
          ],
          [
            120.862196,
            24.16039
          ],
          [
            120.862033,
            24.160452
          ],
          [
            120.861953,
            24.160475
          ],
          [
            120.86093,
            24.160735
          ],
          [
            120.860573,
            24.160821
          ],
          [
            120.860337,
            24.160884
          ],
          [
            120.860186,
            24.160786
          ],
          [
            120.859989,
            24.160678
          ],
          [
            120.859394,
            24.160438
          ],
          [
            120.859308,
            24.160416
          ],
          [
            120.859072,
            24.160395
          ],
          [
            120.858944,
            24.160395
          ],
          [
            120.858793,
            24.160438
          ],
          [
            120.857613,
            24.160716
          ],
          [
            120.856905,
            24.160931
          ],
          [
            120.856497,
            24.16106
          ],
          [
            120.855789,
            24.161189
          ],
          [
            120.855489,
            24.16121
          ],
          [
            120.854974,
            24.161232
          ],
          [
            120.854287,
            24.161253
          ],
          [
            120.854073,
            24.161274
          ],
          [
            120.853493,
            24.161382
          ],
          [
            120.853214,
            24.161446
          ],
          [
            120.852849,
            24.161575
          ],
          [
            120.850996,
            24.162261
          ],
          [
            120.850446,
            24.162369
          ],
          [
            120.85036,
            24.162369
          ],
          [
            120.850189,
            24.162347
          ],
          [
            120.849824,
            24.16224
          ],
          [
            120.849609,
            24.162197
          ],
          [
            120.849094,
            24.162219
          ],
          [
            120.848622,
            24.162326
          ],
          [
            120.848129,
            24.162433
          ],
          [
            120.847893,
            24.162519
          ],
          [
            120.847695,
            24.162612
          ],
          [
            120.847228,
            24.162948
          ],
          [
            120.846798,
            24.163227
          ],
          [
            120.846562,
            24.163334
          ],
          [
            120.845919,
            24.163592
          ],
          [
            120.845704,
            24.163699
          ],
          [
            120.845103,
            24.164193
          ],
          [
            120.843258,
            24.165587
          ],
          [
            120.843151,
            24.165695
          ],
          [
            120.843065,
            24.165802
          ],
          [
            120.842915,
            24.166059
          ],
          [
            120.842872,
            24.16621
          ],
          [
            120.84285,
            24.16636
          ],
          [
            120.842872,
            24.166639
          ],
          [
            120.843108,
            24.167411
          ],
          [
            120.843108,
            24.167647
          ],
          [
            120.843022,
            24.167948
          ],
          [
            120.84285,
            24.168355
          ],
          [
            120.8427,
            24.16857
          ],
          [
            120.842346,
            24.168916
          ],
          [
            120.842212,
            24.169052
          ],
          [
            120.84182,
            24.169664
          ],
          [
            120.841627,
            24.1699
          ],
          [
            120.841134,
            24.170351
          ],
          [
            120.840764,
            24.170737
          ],
          [
            120.840702,
            24.170801
          ],
          [
            120.840611,
            24.170897
          ],
          [
            120.840407,
            24.171035
          ],
          [
            120.839717,
            24.171381
          ],
          [
            120.83888,
            24.171767
          ],
          [
            120.838795,
            24.171832
          ],
          [
            120.83873,
            24.171917
          ],
          [
            120.838563,
            24.172236
          ],
          [
            120.838473,
            24.17254
          ],
          [
            120.838451,
            24.17269
          ],
          [
            120.83843,
            24.17284
          ],
          [
            120.838451,
            24.17299
          ],
          [
            120.838537,
            24.173462
          ],
          [
            120.838559,
            24.174106
          ],
          [
            120.838902,
            24.175479
          ],
          [
            120.838988,
            24.175823
          ],
          [
            120.839031,
            24.176145
          ],
          [
            120.839031,
            24.176316
          ],
          [
            120.839009,
            24.176509
          ],
          [
            120.838966,
            24.17666
          ],
          [
            120.838902,
            24.176788
          ],
          [
            120.838838,
            24.176874
          ],
          [
            120.838646,
            24.177021
          ],
          [
            120.838422,
            24.177155
          ],
          [
            120.838345,
            24.177222
          ],
          [
            120.838288,
            24.17727
          ],
          [
            120.838215,
            24.177368
          ],
          [
            120.838172,
            24.177454
          ],
          [
            120.838172,
            24.177561
          ],
          [
            120.838174,
            24.17767
          ],
          [
            120.838199,
            24.177797
          ],
          [
            120.838623,
            24.179039
          ],
          [
            120.839114,
            24.179928
          ],
          [
            120.839371,
            24.180358
          ],
          [
            120.839525,
            24.180574
          ],
          [
            120.840273,
            24.181431
          ],
          [
            120.840401,
            24.181603
          ],
          [
            120.840444,
            24.18171
          ],
          [
            120.840487,
            24.181925
          ],
          [
            120.840552,
            24.182932
          ],
          [
            120.840624,
            24.183795
          ],
          [
            120.840597,
            24.183977
          ],
          [
            120.840365,
            24.184444
          ],
          [
            120.840348,
            24.184496
          ],
          [
            120.840275,
            24.184642
          ],
          [
            120.840254,
            24.184749
          ],
          [
            120.84024,
            24.184874
          ],
          [
            120.840275,
            24.185049
          ],
          [
            120.84049,
            24.185905
          ],
          [
            120.840509,
            24.186134
          ],
          [
            120.84049,
            24.186337
          ],
          [
            120.840447,
            24.18653
          ],
          [
            120.840297,
            24.187045
          ],
          [
            120.840232,
            24.187324
          ],
          [
            120.84019,
            24.187646
          ],
          [
            120.840168,
            24.187903
          ],
          [
            120.840193,
            24.18853
          ],
          [
            120.840215,
            24.188818
          ],
          [
            120.840208,
            24.18893
          ],
          [
            120.840173,
            24.189291
          ],
          [
            120.840104,
            24.18977
          ],
          [
            120.840004,
            24.190163
          ],
          [
            120.839932,
            24.190328
          ],
          [
            120.839846,
            24.190478
          ],
          [
            120.839823,
            24.190512
          ],
          [
            120.839457,
            24.191055
          ],
          [
            120.839382,
            24.191206
          ],
          [
            120.839339,
            24.191342
          ],
          [
            120.839331,
            24.19153
          ],
          [
            120.839353,
            24.191926
          ],
          [
            120.839368,
            24.192107
          ],
          [
            120.839376,
            24.192197
          ],
          [
            120.839395,
            24.192431
          ],
          [
            120.839395,
            24.192517
          ],
          [
            120.839202,
            24.19301
          ],
          [
            120.839181,
            24.193182
          ],
          [
            120.839095,
            24.19389
          ],
          [
            120.839095,
            24.194233
          ],
          [
            120.839098,
            24.19462
          ],
          [
            120.839117,
            24.195178
          ],
          [
            120.838993,
            24.196282
          ],
          [
            120.839015,
            24.196496
          ],
          [
            120.839036,
            24.196582
          ],
          [
            120.83923,
            24.197061
          ],
          [
            120.839359,
            24.197418
          ],
          [
            120.839437,
            24.197675
          ],
          [
            120.839493,
            24.198395
          ],
          [
            120.839509,
            24.19859
          ],
          [
            120.839826,
            24.199388
          ],
          [
            120.839863,
            24.199552
          ],
          [
            120.839877,
            24.199657
          ],
          [
            120.839823,
            24.20034
          ],
          [
            120.839783,
            24.200758
          ],
          [
            120.839731,
            24.201116
          ],
          [
            120.839716,
            24.201509
          ],
          [
            120.839705,
            24.202155
          ],
          [
            120.839734,
            24.20248
          ],
          [
            120.839793,
            24.202835
          ],
          [
            120.839696,
            24.203546
          ],
          [
            120.839672,
            24.203666
          ],
          [
            120.839567,
            24.204254
          ],
          [
            120.839474,
            24.204779
          ],
          [
            120.839425,
            24.205213
          ],
          [
            120.839395,
            24.205606
          ],
          [
            120.839395,
            24.205842
          ],
          [
            120.839401,
            24.206226
          ],
          [
            120.839465,
            24.207442
          ],
          [
            120.839524,
            24.207843
          ],
          [
            120.839632,
            24.208481
          ],
          [
            120.839696,
            24.208825
          ],
          [
            120.839717,
            24.209104
          ],
          [
            120.839696,
            24.209382
          ],
          [
            120.839567,
            24.209983
          ],
          [
            120.839409,
            24.210859
          ],
          [
            120.839471,
            24.211007
          ],
          [
            120.839414,
            24.211209
          ],
          [
            120.839049,
            24.212391
          ],
          [
            120.838599,
            24.213741
          ],
          [
            120.838543,
            24.213939
          ],
          [
            120.838438,
            24.214959
          ],
          [
            120.838417,
            24.215226
          ],
          [
            120.838253,
            24.215853
          ],
          [
            120.837754,
            24.217419
          ],
          [
            120.837676,
            24.217688
          ],
          [
            120.837639,
            24.217806
          ],
          [
            120.837365,
            24.218686
          ],
          [
            120.837252,
            24.21907
          ],
          [
            120.837239,
            24.219565
          ],
          [
            120.837242,
            24.220045
          ],
          [
            120.837242,
            24.220428
          ],
          [
            120.837242,
            24.220664
          ],
          [
            120.83725,
            24.221539
          ],
          [
            120.837274,
            24.222007
          ],
          [
            120.837443,
            24.22317
          ],
          [
            120.837523,
            24.223673
          ],
          [
            120.837537,
            24.223764
          ],
          [
            120.837609,
            24.224262
          ],
          [
            120.837738,
            24.225144
          ],
          [
            120.837915,
            24.226345
          ],
          [
            120.837934,
            24.226484
          ],
          [
            120.837907,
            24.226804
          ],
          [
            120.837751,
            24.227593
          ],
          [
            120.837443,
            24.228308
          ],
          [
            120.837271,
            24.228716
          ],
          [
            120.837185,
            24.228973
          ],
          [
            120.836949,
            24.230347
          ],
          [
            120.836821,
            24.230776
          ],
          [
            120.836606,
            24.231548
          ],
          [
            120.836284,
            24.232643
          ],
          [
            120.836177,
            24.23305
          ],
          [
            120.835769,
            24.234488
          ],
          [
            120.835598,
            24.235024
          ],
          [
            120.835297,
            24.236119
          ],
          [
            120.835254,
            24.236263
          ],
          [
            120.834889,
            24.237492
          ],
          [
            120.834632,
            24.238436
          ],
          [
            120.834436,
            24.239127
          ],
          [
            120.83419,
            24.24003
          ],
          [
            120.833731,
            24.241526
          ],
          [
            120.833623,
            24.242341
          ],
          [
            120.833596,
            24.24251
          ],
          [
            120.833495,
            24.243135
          ],
          [
            120.833452,
            24.243393
          ],
          [
            120.833256,
            24.244037
          ],
          [
            120.833151,
            24.24438
          ],
          [
            120.833001,
            24.244788
          ],
          [
            120.832372,
            24.246224
          ],
          [
            120.832343,
            24.246291
          ],
          [
            120.832246,
            24.246513
          ],
          [
            120.83218,
            24.246604
          ],
          [
            120.831733,
            24.247218
          ],
          [
            120.831588,
            24.247412
          ],
          [
            120.830553,
            24.24839
          ],
          [
            120.829479,
            24.249405
          ],
          [
            120.829418,
            24.249463
          ],
          [
            120.8287,
            24.250152
          ],
          [
            120.828456,
            24.250385
          ],
          [
            120.827623,
            24.251184
          ],
          [
            120.827567,
            24.251236
          ],
          [
            120.827272,
            24.251611
          ],
          [
            120.826631,
            24.252796
          ],
          [
            120.826586,
            24.252871
          ],
          [
            120.826561,
            24.252924
          ],
          [
            120.825598,
            24.25483
          ],
          [
            120.82553,
            24.254979
          ],
          [
            120.825427,
            24.255238
          ],
          [
            120.824695,
            24.256969
          ],
          [
            120.82467,
            24.257038
          ],
          [
            120.824496,
            24.257446
          ],
          [
            120.824432,
            24.257603
          ],
          [
            120.824342,
            24.257812
          ],
          [
            120.824267,
            24.257992
          ],
          [
            120.824118,
            24.258349
          ],
          [
            120.823946,
            24.258714
          ],
          [
            120.823817,
            24.259014
          ],
          [
            120.823687,
            24.259329
          ],
          [
            120.82357,
            24.25961
          ],
          [
            120.823447,
            24.259908
          ],
          [
            120.823346,
            24.260164
          ],
          [
            120.823325,
            24.260216
          ],
          [
            120.823299,
            24.260271
          ],
          [
            120.823062,
            24.260847
          ],
          [
            120.822818,
            24.261546
          ],
          [
            120.823195,
            24.261632
          ],
          [
            120.823367,
            24.261739
          ],
          [
            120.823152,
            24.261739
          ],
          [
            120.822818,
            24.261671
          ],
          [
            120.822651,
            24.261637
          ],
          [
            120.822473,
            24.261596
          ],
          [
            120.817839,
            24.260525
          ],
          [
            120.816912,
            24.260311
          ],
          [
            120.816884,
            24.260304
          ],
          [
            120.81682,
            24.260286
          ],
          [
            120.816616,
            24.260244
          ],
          [
            120.816601,
            24.260236
          ],
          [
            120.816436,
            24.260151
          ],
          [
            120.816389,
            24.260087
          ],
          [
            120.81635,
            24.260032
          ],
          [
            120.815942,
            24.259465
          ],
          [
            120.815749,
            24.25925
          ],
          [
            120.815264,
            24.258629
          ],
          [
            120.815213,
            24.258563
          ],
          [
            120.815148,
            24.258499
          ],
          [
            120.815084,
            24.258456
          ],
          [
            120.814955,
            24.258456
          ],
          [
            120.814891,
            24.258478
          ],
          [
            120.813775,
            24.25895
          ],
          [
            120.813668,
            24.258993
          ],
          [
            120.813561,
            24.259014
          ],
          [
            120.813453,
            24.259014
          ],
          [
            120.81326,
            24.25895
          ],
          [
            120.813196,
            24.258907
          ],
          [
            120.813131,
            24.258843
          ],
          [
            120.813045,
            24.258714
          ],
          [
            120.813003,
            24.258499
          ],
          [
            120.812981,
            24.25837
          ],
          [
            120.813003,
            24.258134
          ],
          [
            120.813045,
            24.258006
          ],
          [
            120.81311,
            24.257941
          ],
          [
            120.813651,
            24.25738
          ],
          [
            120.813689,
            24.25734
          ],
          [
            120.813775,
            24.257169
          ],
          [
            120.813882,
            24.256761
          ],
          [
            120.814076,
            24.256246
          ],
          [
            120.814533,
            24.25455
          ],
          [
            120.814655,
            24.2541
          ],
          [
            120.814655,
            24.253907
          ],
          [
            120.814612,
            24.253821
          ],
          [
            120.814548,
            24.253735
          ],
          [
            120.814419,
            24.253628
          ],
          [
            120.814269,
            24.253542
          ],
          [
            120.81414,
            24.253521
          ],
          [
            120.813818,
            24.253499
          ],
          [
            120.813182,
            24.253547
          ],
          [
            120.812595,
            24.253607
          ],
          [
            120.812488,
            24.253628
          ],
          [
            120.81238,
            24.253664
          ],
          [
            120.812201,
            24.253746
          ],
          [
            120.811672,
            24.254063
          ],
          [
            120.811125,
            24.25437
          ],
          [
            120.811028,
            24.254447
          ],
          [
            120.8109,
            24.254572
          ],
          [
            120.810599,
            24.255023
          ],
          [
            120.808797,
            24.257212
          ],
          [
            120.808732,
            24.257255
          ],
          [
            120.808647,
            24.257297
          ],
          [
            120.808539,
            24.257319
          ],
          [
            120.808454,
            24.257319
          ],
          [
            120.808368,
            24.257297
          ],
          [
            120.807231,
            24.256761
          ],
          [
            120.806871,
            24.25658
          ],
          [
            120.806776,
            24.256481
          ],
          [
            120.806694,
            24.25631
          ],
          [
            120.806844,
            24.255838
          ],
          [
            120.807086,
            24.255261
          ],
          [
            120.807939,
            24.252877
          ],
          [
            120.808475,
            24.251397
          ],
          [
            120.808904,
            24.250174
          ],
          [
            120.809119,
            24.249573
          ],
          [
            120.809339,
            24.248992
          ],
          [
            120.809355,
            24.24895
          ],
          [
            120.809514,
            24.248493
          ],
          [
            120.809848,
            24.247534
          ],
          [
            120.810123,
            24.246766
          ],
          [
            120.810428,
            24.245925
          ],
          [
            120.810448,
            24.245878
          ],
          [
            120.810492,
            24.245775
          ],
          [
            120.810501,
            24.245749
          ],
          [
            120.810685,
            24.245217
          ],
          [
            120.810718,
            24.245129
          ],
          [
            120.810878,
            24.244702
          ],
          [
            120.810728,
            24.24438
          ],
          [
            120.810556,
            24.244101
          ],
          [
            120.809838,
            24.243044
          ],
          [
            120.809827,
            24.243028
          ],
          [
            120.809585,
            24.242654
          ],
          [
            120.809051,
            24.241961
          ],
          [
            120.808931,
            24.241805
          ],
          [
            120.808668,
            24.241526
          ],
          [
            120.808255,
            24.240953
          ],
          [
            120.807804,
            24.240327
          ],
          [
            120.807123,
            24.239209
          ],
          [
            120.806789,
            24.238711
          ],
          [
            120.806176,
            24.237783
          ],
          [
            120.805707,
            24.23702
          ],
          [
            120.80545,
            24.236655
          ],
          [
            120.805128,
            24.23629
          ],
          [
            120.804698,
            24.235926
          ],
          [
            120.804678,
            24.235905
          ],
          [
            120.804591,
            24.235818
          ],
          [
            120.804119,
            24.235454
          ],
          [
            120.803894,
            24.235292
          ],
          [
            120.80382,
            24.235239
          ],
          [
            120.803172,
            24.234774
          ],
          [
            120.803087,
            24.23471
          ],
          [
            120.803044,
            24.234624
          ],
          [
            120.803001,
            24.234538
          ],
          [
            120.803001,
            24.234367
          ],
          [
            120.803132,
            24.234016
          ],
          [
            120.803797,
            24.23245
          ],
          [
            120.803859,
            24.232187
          ],
          [
            120.80388,
            24.232037
          ],
          [
            120.80388,
            24.231887
          ],
          [
            120.803872,
            24.231733
          ],
          [
            120.803848,
            24.231643
          ],
          [
            120.803454,
            24.230909
          ],
          [
            120.803432,
            24.230668
          ],
          [
            120.803423,
            24.230098
          ],
          [
            120.803416,
            24.229737
          ],
          [
            120.803411,
            24.229102
          ],
          [
            120.803411,
            24.228941
          ],
          [
            120.803411,
            24.228651
          ],
          [
            120.803411,
            24.227752
          ],
          [
            120.803411,
            24.227622
          ],
          [
            120.803389,
            24.226608
          ],
          [
            120.803881,
            24.226605
          ],
          [
            120.804575,
            24.226599
          ],
          [
            120.805234,
            24.226611
          ],
          [
            120.805321,
            24.22642
          ],
          [
            120.805344,
            24.226384
          ],
          [
            120.805321,
            24.22642
          ],
          [
            120.805234,
            24.226611
          ],
          [
            120.805478,
            24.226626
          ],
          [
            120.805548,
            24.226576
          ],
          [
            120.805621,
            24.226486
          ],
          [
            120.806029,
            24.225948
          ],
          [
            120.8062,
            24.225776
          ],
          [
            120.806479,
            24.22554
          ],
          [
            120.806758,
            24.225175
          ],
          [
            120.80693,
            24.225047
          ],
          [
            120.80708,
            24.224939
          ],
          [
            120.807252,
            24.224832
          ],
          [
            120.807466,
            24.22466
          ],
          [
            120.807595,
            24.224596
          ],
          [
            120.807703,
            24.224575
          ],
          [
            120.80781,
            24.224553
          ],
          [
            120.807928,
            24.22455
          ],
          [
            120.808046,
            24.224575
          ],
          [
            120.808151,
            24.224623
          ],
          [
            120.808958,
            24.224951
          ],
          [
            120.810157,
            24.225439
          ],
          [
            120.810621,
            24.225638
          ],
          [
            120.812663,
            24.226469
          ],
          [
            120.81274,
            24.226089
          ],
          [
            120.812823,
            24.225764
          ],
          [
            120.812885,
            24.225322
          ],
          [
            120.812925,
            24.224905
          ],
          [
            120.812943,
            24.224624
          ],
          [
            120.813005,
            24.224335
          ],
          [
            120.813183,
            24.223802
          ],
          [
            120.813291,
            24.223331
          ],
          [
            120.813593,
            24.222345
          ],
          [
            120.813748,
            24.221895
          ],
          [
            120.81381,
            24.221771
          ],
          [
            120.814151,
            24.221087
          ],
          [
            120.814429,
            24.22053
          ],
          [
            120.814672,
            24.220063
          ],
          [
            120.815263,
            24.218931
          ],
          [
            120.815851,
            24.217803
          ],
          [
            120.816607,
            24.21642
          ],
          [
            120.816737,
            24.216151
          ],
          [
            120.816932,
            24.215838
          ],
          [
            120.817273,
            24.215916
          ],
          [
            120.818997,
            24.216315
          ],
          [
            120.818856,
            24.216823
          ],
          [
            120.81899,
            24.216852
          ],
          [
            120.819456,
            24.216952
          ],
          [
            120.819597,
            24.216449
          ],
          [
            120.81983,
            24.216501
          ],
          [
            120.820317,
            24.21661
          ],
          [
            120.820357,
            24.217746
          ],
          [
            120.820346,
            24.218728
          ],
          [
            120.820346,
            24.21919
          ],
          [
            120.820439,
            24.219229
          ],
          [
            120.820512,
            24.219487
          ],
          [
            120.820612,
            24.219642
          ],
          [
            120.82083,
            24.219732
          ],
          [
            120.82168,
            24.22002
          ],
          [
            120.82217,
            24.220363
          ],
          [
            120.822306,
            24.220375
          ],
          [
            120.822503,
            24.220257
          ],
          [
            120.822569,
            24.220124
          ],
          [
            120.822547,
            24.219654
          ],
          [
            120.8225,
            24.21941
          ],
          [
            120.822561,
            24.218853
          ],
          [
            120.822616,
            24.218599
          ],
          [
            120.822693,
            24.217979
          ],
          [
            120.822825,
            24.21749
          ],
          [
            120.822864,
            24.217189
          ],
          [
            120.822864,
            24.216735
          ],
          [
            120.822918,
            24.21623
          ],
          [
            120.823052,
            24.215834
          ],
          [
            120.823265,
            24.215503
          ],
          [
            120.823352,
            24.215368
          ],
          [
            120.823404,
            24.215126
          ],
          [
            120.823532,
            24.214812
          ],
          [
            120.823646,
            24.2145
          ],
          [
            120.823754,
            24.214203
          ],
          [
            120.823864,
            24.213854
          ],
          [
            120.823923,
            24.213592
          ],
          [
            120.824199,
            24.213201
          ],
          [
            120.824439,
            24.212651
          ],
          [
            120.824587,
            24.212271
          ],
          [
            120.824595,
            24.21196
          ],
          [
            120.824509,
            24.211468
          ],
          [
            120.824504,
            24.211177
          ],
          [
            120.824512,
            24.210967
          ],
          [
            120.824559,
            24.210631
          ],
          [
            120.824629,
            24.210405
          ],
          [
            120.824751,
            24.210205
          ],
          [
            120.824936,
            24.210069
          ],
          [
            120.825109,
            24.20994
          ],
          [
            120.82528,
            24.209761
          ],
          [
            120.825335,
            24.209532
          ],
          [
            120.825369,
            24.209277
          ],
          [
            120.825385,
            24.209021
          ],
          [
            120.825275,
            24.208879
          ],
          [
            120.824656,
            24.208635
          ],
          [
            120.824622,
            24.208566
          ],
          [
            120.824592,
            24.20822
          ],
          [
            120.824588,
            24.208181
          ],
          [
            120.824592,
            24.20822
          ],
          [
            120.824622,
            24.208566
          ],
          [
            120.824656,
            24.208635
          ],
          [
            120.825275,
            24.208879
          ],
          [
            120.825385,
            24.209021
          ],
          [
            120.825369,
            24.209277
          ],
          [
            120.825335,
            24.209532
          ],
          [
            120.82528,
            24.209761
          ],
          [
            120.825109,
            24.20994
          ],
          [
            120.824936,
            24.210069
          ],
          [
            120.824751,
            24.210205
          ],
          [
            120.824629,
            24.210405
          ],
          [
            120.824559,
            24.210631
          ],
          [
            120.824512,
            24.210967
          ],
          [
            120.824504,
            24.211177
          ],
          [
            120.824509,
            24.211468
          ],
          [
            120.824595,
            24.21196
          ],
          [
            120.824587,
            24.212271
          ],
          [
            120.824439,
            24.212651
          ],
          [
            120.824199,
            24.213201
          ],
          [
            120.823923,
            24.213592
          ],
          [
            120.823864,
            24.213854
          ],
          [
            120.823754,
            24.214203
          ],
          [
            120.823646,
            24.2145
          ],
          [
            120.823532,
            24.214812
          ],
          [
            120.823404,
            24.215126
          ],
          [
            120.823352,
            24.215368
          ],
          [
            120.823265,
            24.215503
          ],
          [
            120.823052,
            24.215834
          ],
          [
            120.822918,
            24.21623
          ],
          [
            120.822864,
            24.216735
          ],
          [
            120.822864,
            24.217189
          ],
          [
            120.822825,
            24.21749
          ],
          [
            120.822693,
            24.217979
          ],
          [
            120.822616,
            24.218599
          ],
          [
            120.822561,
            24.218853
          ],
          [
            120.8225,
            24.21941
          ],
          [
            120.822547,
            24.219654
          ],
          [
            120.822569,
            24.220124
          ],
          [
            120.822503,
            24.220257
          ],
          [
            120.822306,
            24.220375
          ],
          [
            120.82217,
            24.220363
          ],
          [
            120.82168,
            24.22002
          ],
          [
            120.82083,
            24.219732
          ],
          [
            120.820612,
            24.219642
          ],
          [
            120.820512,
            24.219487
          ],
          [
            120.820439,
            24.219229
          ],
          [
            120.820346,
            24.21919
          ],
          [
            120.820346,
            24.218728
          ],
          [
            120.820357,
            24.217746
          ],
          [
            120.820317,
            24.21661
          ],
          [
            120.81983,
            24.216501
          ],
          [
            120.819597,
            24.216449
          ],
          [
            120.81984,
            24.215473
          ]
        ]
      },
      "properties": {
        "routeId": "taichung-kee-6273-0765cd-d2",
        "city": "taichung",
        "source_file": "taichung/taichung-kee-6273-0765cd-d2.geojson",
        "distance_km": 102.243,
        "duration_min": 122.17720000000001,
        "valhalla_config": "valhalla.json"
      }
    }
  ]
}