{
  "type": "FeatureCollection",
  "features": [
    {
      "type": "Feature",
      "geometry": {
        "type": "LineString",
        "coordinates": [
          [
            120.575458,
            24.281664
          ],
          [
            120.575458,
            24.281664
          ],
          [
            120.575464,
            24.281595
          ],
          [
            120.575036,
            24.281563
          ],
          [
            120.574989,
            24.281953
          ],
          [
            120.574938,
            24.282345
          ],
          [
            120.574884,
            24.282746
          ],
          [
            120.57482,
            24.283105
          ],
          [
            120.574791,
            24.283281
          ],
          [
            120.574748,
            24.283719
          ],
          [
            120.574723,
            24.284112
          ],
          [
            120.574698,
            24.284266
          ],
          [
            120.574608,
            24.284596
          ],
          [
            120.574563,
            24.284722
          ],
          [
            120.574373,
            24.285244
          ],
          [
            120.574321,
            24.285394
          ],
          [
            120.574186,
            24.285659
          ],
          [
            120.574015,
            24.285957
          ],
          [
            120.574155,
            24.285992
          ],
          [
            120.574334,
            24.28626
          ],
          [
            120.574893,
            24.28727
          ],
          [
            120.574945,
            24.287376
          ],
          [
            120.574945,
            24.287376
          ],
          [
            120.574893,
            24.28727
          ],
          [
            120.574334,
            24.28626
          ],
          [
            120.574155,
            24.285992
          ],
          [
            120.574015,
            24.285957
          ],
          [
            120.573638,
            24.286427
          ],
          [
            120.573347,
            24.286831
          ],
          [
            120.573333,
            24.28685
          ],
          [
            120.573125,
            24.287259
          ],
          [
            120.572679,
            24.288058
          ],
          [
            120.572406,
            24.288631
          ],
          [
            120.572111,
            24.28921
          ],
          [
            120.571368,
            24.290643
          ],
          [
            120.571325,
            24.290729
          ],
          [
            120.571263,
            24.290791
          ],
          [
            120.571126,
            24.290824
          ],
          [
            120.570229,
            24.291015
          ],
          [
            120.569217,
            24.291208
          ],
          [
            120.569179,
            24.291216
          ],
          [
            120.568471,
            24.291372
          ],
          [
            120.567906,
            24.2915
          ],
          [
            120.567012,
            24.291669
          ],
          [
            120.56645,
            24.291773
          ],
          [
            120.566545,
            24.292009
          ],
          [
            120.566478,
            24.292095
          ],
          [
            120.566465,
            24.292139
          ],
          [
            120.566465,
            24.292139
          ],
          [
            120.566397,
            24.292375
          ],
          [
            120.566037,
            24.292583
          ],
          [
            120.56601,
            24.292597
          ],
          [
            120.566101,
            24.292707
          ],
          [
            120.566101,
            24.292707
          ],
          [
            120.56601,
            24.292597
          ],
          [
            120.565738,
            24.292742
          ],
          [
            120.565589,
            24.292523
          ],
          [
            120.565509,
            24.292379
          ],
          [
            120.56546,
            24.292268
          ],
          [
            120.565357,
            24.291995
          ],
          [
            120.565172,
            24.292042
          ],
          [
            120.564198,
            24.292132
          ],
          [
            120.563954,
            24.29219
          ],
          [
            120.563715,
            24.292249
          ],
          [
            120.563635,
            24.292415
          ],
          [
            120.56363,
            24.292605
          ],
          [
            120.563762,
            24.293179
          ],
          [
            120.563778,
            24.293256
          ],
          [
            120.563822,
            24.293494
          ],
          [
            120.562975,
            24.293647
          ],
          [
            120.563168,
            24.294712
          ],
          [
            120.563168,
            24.294712
          ],
          [
            120.562975,
            24.293647
          ],
          [
            120.562521,
            24.293663
          ],
          [
            120.562217,
            24.293556
          ],
          [
            120.56149,
            24.293665
          ],
          [
            120.560973,
            24.293735
          ],
          [
            120.558576,
            24.294901
          ],
          [
            120.558092,
            24.295118
          ],
          [
            120.557914,
            24.295199
          ],
          [
            120.557849,
            24.295263
          ],
          [
            120.557806,
            24.295349
          ],
          [
            120.555452,
            24.294712
          ],
          [
            120.555302,
            24.294663
          ],
          [
            120.553695,
            24.29422
          ],
          [
            120.552647,
            24.293928
          ],
          [
            120.552261,
            24.293833
          ],
          [
            120.551986,
            24.293756
          ],
          [
            120.550598,
            24.293388
          ],
          [
            120.548868,
            24.292905
          ],
          [
            120.544972,
            24.291855
          ],
          [
            120.542899,
            24.291287
          ],
          [
            120.542539,
            24.291151
          ],
          [
            120.542143,
            24.290951
          ],
          [
            120.541806,
            24.290739
          ],
          [
            120.541421,
            24.290461
          ],
          [
            120.541037,
            24.290098
          ],
          [
            120.540657,
            24.289705
          ],
          [
            120.540557,
            24.2896
          ],
          [
            120.540633,
            24.289537
          ],
          [
            120.54071,
            24.289475
          ],
          [
            120.540792,
            24.289579
          ],
          [
            120.541173,
            24.289981
          ],
          [
            120.541371,
            24.290179
          ],
          [
            120.541555,
            24.290337
          ],
          [
            120.541886,
            24.290592
          ],
          [
            120.542307,
            24.290848
          ],
          [
            120.542673,
            24.291019
          ],
          [
            120.543056,
            24.291163
          ],
          [
            120.543705,
            24.291345
          ],
          [
            120.54362,
            24.291252
          ],
          [
            120.543739,
            24.291146
          ],
          [
            120.544056,
            24.290995
          ],
          [
            120.544056,
            24.290995
          ],
          [
            120.543739,
            24.291146
          ],
          [
            120.54362,
            24.291252
          ],
          [
            120.543705,
            24.291345
          ],
          [
            120.544923,
            24.291658
          ],
          [
            120.545741,
            24.291885
          ],
          [
            120.547855,
            24.292463
          ],
          [
            120.548913,
            24.292755
          ],
          [
            120.550649,
            24.293231
          ],
          [
            120.551943,
            24.29357
          ],
          [
            120.551664,
            24.292668
          ],
          [
            120.551434,
            24.291866
          ],
          [
            120.550991,
            24.290139
          ],
          [
            120.550103,
            24.286452
          ],
          [
            120.549822,
            24.285247
          ],
          [
            120.549726,
            24.28486
          ],
          [
            120.549683,
            24.284685
          ],
          [
            120.549603,
            24.28435
          ],
          [
            120.549307,
            24.283056
          ],
          [
            120.548928,
            24.281573
          ],
          [
            120.548774,
            24.281665
          ],
          [
            120.548689,
            24.281783
          ],
          [
            120.548595,
            24.282076
          ],
          [
            120.548262,
            24.282704
          ],
          [
            120.548038,
            24.283038
          ],
          [
            120.547131,
            24.284002
          ],
          [
            120.54617,
            24.284947
          ],
          [
            120.545689,
            24.285355
          ],
          [
            120.545777,
            24.28551
          ],
          [
            120.545806,
            24.285534
          ],
          [
            120.545833,
            24.285533
          ],
          [
            120.546358,
            24.285375
          ],
          [
            120.546466,
            24.285672
          ],
          [
            120.546466,
            24.285672
          ],
          [
            120.546358,
            24.285375
          ],
          [
            120.545833,
            24.285533
          ],
          [
            120.545806,
            24.285534
          ],
          [
            120.545777,
            24.28551
          ],
          [
            120.545689,
            24.285355
          ],
          [
            120.545162,
            24.285805
          ],
          [
            120.545079,
            24.28587
          ],
          [
            120.544783,
            24.286133
          ],
          [
            120.543993,
            24.286808
          ],
          [
            120.543246,
            24.287442
          ],
          [
            120.541812,
            24.288695
          ],
          [
            120.540792,
            24.289579
          ],
          [
            120.540729,
            24.289645
          ],
          [
            120.540657,
            24.289705
          ],
          [
            120.540557,
            24.2896
          ],
          [
            120.540337,
            24.289377
          ],
          [
            120.5402,
            24.289197
          ],
          [
            120.540101,
            24.289098
          ],
          [
            120.539655,
            24.288527
          ],
          [
            120.539404,
            24.288176
          ],
          [
            120.539109,
            24.287699
          ],
          [
            120.538778,
            24.287019
          ],
          [
            120.538318,
            24.285963
          ],
          [
            120.53711,
            24.283127
          ],
          [
            120.536404,
            24.281472
          ],
          [
            120.536338,
            24.281317
          ],
          [
            120.535427,
            24.279126
          ],
          [
            120.535364,
            24.278977
          ],
          [
            120.535259,
            24.278735
          ],
          [
            120.534149,
            24.27618
          ],
          [
            120.533196,
            24.273943
          ],
          [
            120.532747,
            24.272893
          ],
          [
            120.53258,
            24.2725
          ],
          [
            120.532547,
            24.272422
          ],
          [
            120.532516,
            24.27235
          ],
          [
            120.532486,
            24.272279
          ],
          [
            120.532582,
            24.272244
          ],
          [
            120.532678,
            24.272209
          ],
          [
            120.532765,
            24.272177
          ],
          [
            120.533075,
            24.272065
          ],
          [
            120.534236,
            24.271642
          ],
          [
            120.534326,
            24.271609
          ],
          [
            120.534393,
            24.271584
          ],
          [
            120.534932,
            24.271388
          ],
          [
            120.535108,
            24.271323
          ],
          [
            120.535191,
            24.271293
          ],
          [
            120.535371,
            24.271227
          ],
          [
            120.53559,
            24.271148
          ],
          [
            120.53567,
            24.271118
          ],
          [
            120.535937,
            24.27102
          ],
          [
            120.536065,
            24.270973
          ],
          [
            120.536309,
            24.270883
          ],
          [
            120.536404,
            24.270849
          ],
          [
            120.538034,
            24.27025
          ],
          [
            120.538153,
            24.270207
          ],
          [
            120.538272,
            24.270163
          ],
          [
            120.54006,
            24.269512
          ],
          [
            120.540152,
            24.26948
          ],
          [
            120.540392,
            24.269393
          ],
          [
            120.540511,
            24.269351
          ],
          [
            120.540571,
            24.269493
          ],
          [
            120.540452,
            24.269536
          ],
          [
            120.540233,
            24.269614
          ],
          [
            120.540208,
            24.269624
          ],
          [
            120.540232,
            24.269679
          ],
          [
            120.540221,
            24.269707
          ],
          [
            120.540199,
            24.269812
          ],
          [
            120.540193,
            24.269866
          ],
          [
            120.540203,
            24.269917
          ],
          [
            120.540221,
            24.269972
          ],
          [
            120.540248,
            24.270013
          ],
          [
            120.540285,
            24.270056
          ],
          [
            120.540305,
            24.270097
          ],
          [
            120.540337,
            24.270268
          ],
          [
            120.540423,
            24.270569
          ],
          [
            120.540464,
            24.270676
          ],
          [
            120.540517,
            24.27087
          ],
          [
            120.54054,
            24.270957
          ],
          [
            120.54054,
            24.270957
          ],
          [
            120.540589,
            24.271146
          ],
          [
            120.540763,
            24.271047
          ],
          [
            120.541865,
            24.27068
          ],
          [
            120.542605,
            24.270437
          ],
          [
            120.543107,
            24.270272
          ],
          [
            120.543223,
            24.270234
          ],
          [
            120.544196,
            24.269912
          ],
          [
            120.544776,
            24.271372
          ],
          [
            120.544961,
            24.271849
          ],
          [
            120.544693,
            24.271949
          ],
          [
            120.544693,
            24.271949
          ],
          [
            120.544961,
            24.271849
          ],
          [
            120.545201,
            24.27247
          ],
          [
            120.545242,
            24.272576
          ],
          [
            120.545252,
            24.272601
          ],
          [
            120.545341,
            24.272924
          ],
          [
            120.545907,
            24.274358
          ],
          [
            120.546425,
            24.275745
          ],
          [
            120.547068,
            24.275516
          ],
          [
            120.547299,
            24.275434
          ],
          [
            120.547345,
            24.275417
          ],
          [
            120.547391,
            24.275401
          ],
          [
            120.548757,
            24.274905
          ],
          [
            120.54903,
            24.27481
          ],
          [
            120.549661,
            24.274577
          ],
          [
            120.549848,
            24.27499
          ],
          [
            120.549899,
            24.275107
          ],
          [
            120.549899,
            24.275107
          ],
          [
            120.549848,
            24.27499
          ],
          [
            120.549661,
            24.274577
          ],
          [
            120.549872,
            24.274496
          ],
          [
            120.550292,
            24.274349
          ],
          [
            120.550551,
            24.274259
          ],
          [
            120.551035,
            24.274082
          ],
          [
            120.551596,
            24.27388
          ],
          [
            120.552079,
            24.273711
          ],
          [
            120.552651,
            24.274484
          ],
          [
            120.553113,
            24.275142
          ],
          [
            120.553171,
            24.275214
          ],
          [
            120.553251,
            24.275335
          ],
          [
            120.5533,
            24.275407
          ],
          [
            120.551765,
            24.275964
          ],
          [
            120.549639,
            24.276736
          ],
          [
            120.549574,
            24.276907
          ],
          [
            120.549823,
            24.277635
          ],
          [
            120.549766,
            24.277725
          ],
          [
            120.54975,
            24.277782
          ],
          [
            120.54975,
            24.277782
          ],
          [
            120.549766,
            24.277725
          ],
          [
            120.549823,
            24.277635
          ],
          [
            120.549574,
            24.276907
          ],
          [
            120.549145,
            24.277715
          ],
          [
            120.548747,
            24.27854
          ],
          [
            120.548516,
            24.279037
          ],
          [
            120.548814,
            24.280192
          ],
          [
            120.548989,
            24.280992
          ],
          [
            120.549098,
            24.281446
          ],
          [
            120.54943,
            24.281418
          ],
          [
            120.549775,
            24.281391
          ],
          [
            120.550069,
            24.281329
          ],
          [
            120.550196,
            24.281302
          ],
          [
            120.550364,
            24.281256
          ],
          [
            120.550812,
            24.2811
          ],
          [
            120.551798,
            24.280694
          ],
          [
            120.551859,
            24.280422
          ],
          [
            120.551868,
            24.280347
          ],
          [
            120.551868,
            24.280347
          ],
          [
            120.551859,
            24.280422
          ],
          [
            120.551798,
            24.280694
          ],
          [
            120.551976,
            24.280624
          ],
          [
            120.552814,
            24.280274
          ],
          [
            120.553346,
            24.280052
          ],
          [
            120.55384,
            24.279857
          ],
          [
            120.555763,
            24.279045
          ],
          [
            120.556183,
            24.278888
          ],
          [
            120.557262,
            24.278493
          ],
          [
            120.557884,
            24.278269
          ],
          [
            120.558176,
            24.278162
          ],
          [
            120.558692,
            24.277979
          ],
          [
            120.560176,
            24.277457
          ],
          [
            120.560257,
            24.277404
          ],
          [
            120.560778,
            24.277254
          ],
          [
            120.561366,
            24.277145
          ],
          [
            120.561512,
            24.277125
          ],
          [
            120.561956,
            24.277122
          ],
          [
            120.562248,
            24.277131
          ],
          [
            120.563086,
            24.27715
          ],
          [
            120.563553,
            24.277136
          ],
          [
            120.56391,
            24.277115
          ],
          [
            120.564143,
            24.277098
          ],
          [
            120.564207,
            24.277092
          ],
          [
            120.564498,
            24.277066
          ],
          [
            120.564542,
            24.277063
          ],
          [
            120.564996,
            24.27702
          ],
          [
            120.565748,
            24.276954
          ],
          [
            120.566397,
            24.27689
          ],
          [
            120.567295,
            24.276809
          ],
          [
            120.568298,
            24.276734
          ],
          [
            120.568771,
            24.276652
          ],
          [
            120.569293,
            24.276498
          ],
          [
            120.569789,
            24.276319
          ],
          [
            120.57026,
            24.276131
          ],
          [
            120.570678,
            24.27593
          ],
          [
            120.570884,
            24.275803
          ],
          [
            120.571194,
            24.275605
          ],
          [
            120.571322,
            24.275499
          ],
          [
            120.571438,
            24.275379
          ],
          [
            120.571513,
            24.275437
          ],
          [
            120.571883,
            24.27574
          ],
          [
            120.572045,
            24.275872
          ],
          [
            120.57241,
            24.276153
          ],
          [
            120.572871,
            24.276474
          ],
          [
            120.573063,
            24.276606
          ],
          [
            120.573003,
            24.276714
          ],
          [
            120.572918,
            24.276839
          ],
          [
            120.572824,
            24.276969
          ],
          [
            120.572703,
            24.277028
          ],
          [
            120.572703,
            24.277028
          ],
          [
            120.572824,
            24.276969
          ],
          [
            120.572918,
            24.276839
          ],
          [
            120.573003,
            24.276714
          ],
          [
            120.572814,
            24.276598
          ],
          [
            120.572515,
            24.276387
          ],
          [
            120.571835,
            24.275878
          ],
          [
            120.571392,
            24.275553
          ],
          [
            120.571322,
            24.275499
          ],
          [
            120.57112,
            24.275326
          ],
          [
            120.570331,
            24.274654
          ],
          [
            120.569808,
            24.274094
          ],
          [
            120.569665,
            24.273941
          ],
          [
            120.569375,
            24.273634
          ],
          [
            120.569015,
            24.273242
          ],
          [
            120.568977,
            24.273187
          ],
          [
            120.568667,
            24.2728
          ],
          [
            120.568318,
            24.272196
          ],
          [
            120.56805,
            24.271647
          ],
          [
            120.568219,
            24.271688
          ],
          [
            120.568897,
            24.271734
          ],
          [
            120.569083,
            24.271725
          ],
          [
            120.569452,
            24.271666
          ],
          [
            120.569715,
            24.271621
          ],
          [
            120.570472,
            24.271487
          ],
          [
            120.570541,
            24.271475
          ],
          [
            120.571008,
            24.271401
          ],
          [
            120.571103,
            24.271384
          ],
          [
            120.571229,
            24.271361
          ],
          [
            120.57158,
            24.271261
          ],
          [
            120.571908,
            24.271122
          ],
          [
            120.572069,
            24.271306
          ],
          [
            120.572254,
            24.271759
          ],
          [
            120.572396,
            24.272068
          ],
          [
            120.57242,
            24.272106
          ],
          [
            120.57242,
            24.272106
          ],
          [
            120.572588,
            24.272371
          ],
          [
            120.572776,
            24.272667
          ],
          [
            120.57281,
            24.272714
          ],
          [
            120.572891,
            24.272839
          ],
          [
            120.572965,
            24.272972
          ],
          [
            120.573071,
            24.273152
          ],
          [
            120.573215,
            24.273241
          ],
          [
            120.573426,
            24.273335
          ],
          [
            120.573524,
            24.273385
          ],
          [
            120.573778,
            24.273557
          ],
          [
            120.574036,
            24.273708
          ],
          [
            120.57425,
            24.273837
          ],
          [
            120.574201,
            24.273937
          ],
          [
            120.574201,
            24.273937
          ],
          [
            120.574088,
            24.274164
          ],
          [
            120.574402,
            24.274292
          ],
          [
            120.574455,
            24.274331
          ],
          [
            120.57448,
            24.274367
          ],
          [
            120.574483,
            24.274418
          ],
          [
            120.574147,
            24.275277
          ],
          [
            120.574482,
            24.275402
          ],
          [
            120.574777,
            24.275486
          ],
          [
            120.575221,
            24.275591
          ],
          [
            120.575525,
            24.275637
          ],
          [
            120.575767,
            24.275654
          ],
          [
            120.575914,
            24.275659
          ],
          [
            120.575918,
            24.275546
          ],
          [
            120.575918,
            24.275546
          ],
          [
            120.575914,
            24.275659
          ],
          [
            120.576432,
            24.275645
          ],
          [
            120.57713,
            24.275621
          ],
          [
            120.577138,
            24.275387
          ],
          [
            120.577179,
            24.274424
          ],
          [
            120.577182,
            24.274307
          ],
          [
            120.57719,
            24.273976
          ],
          [
            120.577183,
            24.273723
          ],
          [
            120.577278,
            24.273713
          ],
          [
            120.578201,
            24.273593
          ],
          [
            120.578488,
            24.273536
          ],
          [
            120.578707,
            24.273435
          ],
          [
            120.578744,
            24.273401
          ],
          [
            120.578881,
            24.273274
          ],
          [
            120.57893,
            24.273203
          ],
          [
            120.578942,
            24.273187
          ],
          [
            120.579107,
            24.272904
          ],
          [
            120.579219,
            24.272757
          ],
          [
            120.579619,
            24.272169
          ],
          [
            120.579854,
            24.27174
          ],
          [
            120.579913,
            24.271506
          ],
          [
            120.579905,
            24.271405
          ],
          [
            120.579859,
            24.271132
          ],
          [
            120.579781,
            24.270813
          ],
          [
            120.579748,
            24.27079
          ],
          [
            120.579687,
            24.270783
          ],
          [
            120.57939,
            24.270838
          ],
          [
            120.579227,
            24.270858
          ],
          [
            120.579069,
            24.27085
          ],
          [
            120.579173,
            24.270522
          ],
          [
            120.579179,
            24.270411
          ],
          [
            120.57918,
            24.270319
          ],
          [
            120.579168,
            24.270236
          ],
          [
            120.579135,
            24.270144
          ],
          [
            120.579094,
            24.270043
          ],
          [
            120.579014,
            24.2699
          ],
          [
            120.578932,
            24.269762
          ],
          [
            120.578654,
            24.269237
          ],
          [
            120.578536,
            24.269037
          ],
          [
            120.578401,
            24.268777
          ],
          [
            120.577932,
            24.267882
          ],
          [
            120.577627,
            24.267317
          ],
          [
            120.577627,
            24.267317
          ],
          [
            120.577277,
            24.26667
          ],
          [
            120.576687,
            24.265642
          ],
          [
            120.576075,
            24.264569
          ],
          [
            120.576186,
            24.26454
          ],
          [
            120.576313,
            24.264533
          ],
          [
            120.57641,
            24.264572
          ],
          [
            120.576475,
            24.264658
          ],
          [
            120.576757,
            24.265137
          ],
          [
            120.577128,
            24.265615
          ],
          [
            120.577773,
            24.266598
          ],
          [
            120.577922,
            24.266879
          ],
          [
            120.578022,
            24.267092
          ],
          [
            120.578134,
            24.26723
          ],
          [
            120.578218,
            24.26728
          ],
          [
            120.578325,
            24.267266
          ],
          [
            120.578391,
            24.267209
          ],
          [
            120.57853,
            24.267336
          ],
          [
            120.57899,
            24.267528
          ],
          [
            120.579769,
            24.267836
          ],
          [
            120.58,
            24.267956
          ],
          [
            120.58,
            24.267956
          ],
          [
            120.58007,
            24.267993
          ],
          [
            120.580192,
            24.268106
          ],
          [
            120.580299,
            24.268192
          ],
          [
            120.580385,
            24.268213
          ],
          [
            120.58045,
            24.268192
          ],
          [
            120.580745,
            24.267983
          ],
          [
            120.580809,
            24.267983
          ],
          [
            120.580852,
            24.267983
          ],
          [
            120.580916,
            24.268005
          ],
          [
            120.581053,
            24.268146
          ],
          [
            120.581437,
            24.268594
          ],
          [
            120.581769,
            24.269121
          ],
          [
            120.581753,
            24.269185
          ],
          [
            120.581702,
            24.269496
          ],
          [
            120.581625,
            24.269676
          ],
          [
            120.581495,
            24.269887
          ],
          [
            120.581337,
            24.27008
          ],
          [
            120.581061,
            24.270319
          ],
          [
            120.580926,
            24.270427
          ],
          [
            120.580849,
            24.270495
          ],
          [
            120.580818,
            24.270599
          ],
          [
            120.580807,
            24.270724
          ],
          [
            120.580568,
            24.270754
          ],
          [
            120.580228,
            24.270754
          ],
          [
            120.579781,
            24.270813
          ],
          [
            120.579859,
            24.271132
          ],
          [
            120.579905,
            24.271405
          ],
          [
            120.579913,
            24.271506
          ],
          [
            120.579854,
            24.27174
          ],
          [
            120.579619,
            24.272169
          ],
          [
            120.579686,
            24.272141
          ],
          [
            120.579686,
            24.272141
          ],
          [
            120.579619,
            24.272169
          ],
          [
            120.579219,
            24.272757
          ],
          [
            120.579107,
            24.272904
          ],
          [
            120.578942,
            24.273187
          ],
          [
            120.57893,
            24.273203
          ],
          [
            120.578881,
            24.273274
          ],
          [
            120.578744,
            24.273401
          ],
          [
            120.578707,
            24.273435
          ],
          [
            120.578488,
            24.273536
          ],
          [
            120.578201,
            24.273593
          ],
          [
            120.577278,
            24.273713
          ],
          [
            120.577275,
            24.273978
          ],
          [
            120.577676,
            24.273978
          ],
          [
            120.577674,
            24.273797
          ],
          [
            120.5788,
            24.273724
          ],
          [
            120.5788,
            24.273724
          ],
          [
            120.577674,
            24.273797
          ],
          [
            120.577676,
            24.273978
          ],
          [
            120.577275,
            24.273978
          ],
          [
            120.577262,
            24.274287
          ],
          [
            120.577257,
            24.274431
          ],
          [
            120.577245,
            24.275266
          ],
          [
            120.577241,
            24.275612
          ],
          [
            120.577398,
            24.275974
          ],
          [
            120.577459,
            24.276081
          ],
          [
            120.577522,
            24.276192
          ],
          [
            120.57771,
            24.276058
          ],
          [
            120.577904,
            24.275832
          ],
          [
            120.57775,
            24.275669
          ],
          [
            120.577807,
            24.275579
          ],
          [
            120.577807,
            24.275579
          ],
          [
            120.57775,
            24.275669
          ],
          [
            120.577904,
            24.275832
          ],
          [
            120.57771,
            24.276058
          ],
          [
            120.577522,
            24.276192
          ],
          [
            120.577649,
            24.276384
          ],
          [
            120.577886,
            24.276684
          ],
          [
            120.577955,
            24.276556
          ],
          [
            120.578127,
            24.27632
          ],
          [
            120.578538,
            24.275868
          ],
          [
            120.57881,
            24.275452
          ],
          [
            120.579036,
            24.275097
          ],
          [
            120.579077,
            24.275029
          ],
          [
            120.579117,
            24.274965
          ],
          [
            120.579239,
            24.274759
          ],
          [
            120.579417,
            24.274764
          ],
          [
            120.579612,
            24.274758
          ],
          [
            120.579744,
            24.274684
          ],
          [
            120.57989,
            24.274679
          ],
          [
            120.580048,
            24.274714
          ],
          [
            120.580134,
            24.27484
          ],
          [
            120.580207,
            24.274945
          ],
          [
            120.580216,
            24.274974
          ],
          [
            120.580243,
            24.275023
          ],
          [
            120.580243,
            24.275023
          ],
          [
            120.580252,
            24.275039
          ],
          [
            120.580326,
            24.275124
          ],
          [
            120.580363,
            24.275183
          ],
          [
            120.580467,
            24.275298
          ],
          [
            120.580448,
            24.2755
          ],
          [
            120.580997,
            24.275465
          ],
          [
            120.581179,
            24.275428
          ],
          [
            120.581154,
            24.275185
          ],
          [
            120.581107,
            24.274739
          ],
          [
            120.581153,
            24.27444
          ],
          [
            120.581342,
            24.274491
          ],
          [
            120.581493,
            24.274531
          ],
          [
            120.581678,
            24.274627
          ],
          [
            120.58203,
            24.274802
          ],
          [
            120.581993,
            24.274979
          ],
          [
            120.581993,
            24.274979
          ],
          [
            120.58203,
            24.274802
          ],
          [
            120.581678,
            24.274627
          ],
          [
            120.581493,
            24.274531
          ],
          [
            120.581342,
            24.274491
          ],
          [
            120.581153,
            24.27444
          ],
          [
            120.581107,
            24.274739
          ],
          [
            120.581154,
            24.275185
          ],
          [
            120.581179,
            24.275428
          ],
          [
            120.580997,
            24.275465
          ],
          [
            120.580448,
            24.2755
          ],
          [
            120.580446,
            24.275505
          ],
          [
            120.58039,
            24.275655
          ],
          [
            120.580426,
            24.276199
          ],
          [
            120.580475,
            24.276481
          ],
          [
            120.580549,
            24.276694
          ],
          [
            120.580643,
            24.276998
          ],
          [
            120.580517,
            24.277113
          ],
          [
            120.580538,
            24.277301
          ],
          [
            120.580704,
            24.277927
          ],
          [
            120.580989,
            24.278695
          ],
          [
            120.581313,
            24.278597
          ],
          [
            120.58153,
            24.279101
          ],
          [
            120.58153,
            24.279101
          ],
          [
            120.581561,
            24.279173
          ],
          [
            120.581619,
            24.279222
          ],
          [
            120.58165,
            24.279248
          ],
          [
            120.581816,
            24.279526
          ],
          [
            120.581829,
            24.279559
          ],
          [
            120.581743,
            24.279564
          ],
          [
            120.581528,
            24.279671
          ],
          [
            120.580622,
            24.280111
          ],
          [
            120.581084,
            24.280719
          ],
          [
            120.581393,
            24.28115
          ],
          [
            120.581469,
            24.281236
          ],
          [
            120.581651,
            24.281389
          ],
          [
            120.581923,
            24.281746
          ],
          [
            120.582583,
            24.282613
          ],
          [
            120.582787,
            24.283044
          ],
          [
            120.583089,
            24.283373
          ],
          [
            120.583227,
            24.283357
          ],
          [
            120.583424,
            24.283405
          ],
          [
            120.583683,
            24.283496
          ],
          [
            120.583795,
            24.283564
          ],
          [
            120.584598,
            24.283691
          ],
          [
            120.584699,
            24.283707
          ],
          [
            120.585153,
            24.283763
          ],
          [
            120.5858,
            24.28385
          ],
          [
            120.586014,
            24.28391
          ],
          [
            120.586095,
            24.283975
          ],
          [
            120.586162,
            24.284036
          ],
          [
            120.586319,
            24.284094
          ],
          [
            120.586489,
            24.284152
          ],
          [
            120.586978,
            24.284381
          ],
          [
            120.587221,
            24.284447
          ],
          [
            120.587344,
            24.284508
          ],
          [
            120.587447,
            24.284546
          ],
          [
            120.587503,
            24.284544
          ],
          [
            120.587611,
            24.284539
          ],
          [
            120.58774,
            24.2845
          ],
          [
            120.587906,
            24.284473
          ],
          [
            120.588224,
            24.284317
          ],
          [
            120.588542,
            24.284284
          ],
          [
            120.588682,
            24.284281
          ],
          [
            120.588771,
            24.284285
          ],
          [
            120.588806,
            24.284441
          ],
          [
            120.588835,
            24.284465
          ],
          [
            120.588875,
            24.284459
          ],
          [
            120.589016,
            24.284358
          ],
          [
            120.58917,
            24.28424
          ],
          [
            120.589229,
            24.284187
          ],
          [
            120.589245,
            24.28416
          ],
          [
            120.589258,
            24.284141
          ],
          [
            120.589323,
            24.284152
          ],
          [
            120.589325,
            24.284186
          ],
          [
            120.589325,
            24.284186
          ],
          [
            120.589331,
            24.284279
          ],
          [
            120.589445,
            24.284416
          ],
          [
            120.589551,
            24.284536
          ],
          [
            120.58965,
            24.284605
          ],
          [
            120.589736,
            24.284657
          ],
          [
            120.589921,
            24.284781
          ],
          [
            120.590093,
            24.284886
          ],
          [
            120.590167,
            24.284983
          ],
          [
            120.590463,
            24.285506
          ],
          [
            120.590502,
            24.285706
          ],
          [
            120.590545,
            24.285762
          ],
          [
            120.5906,
            24.285789
          ],
          [
            120.590682,
            24.285824
          ],
          [
            120.590735,
            24.285871
          ],
          [
            120.590778,
            24.285913
          ],
          [
            120.590848,
            24.285951
          ],
          [
            120.590912,
            24.285985
          ],
          [
            120.590894,
            24.286039
          ],
          [
            120.590898,
            24.286122
          ],
          [
            120.590888,
            24.28627
          ],
          [
            120.590881,
            24.286292
          ],
          [
            120.590861,
            24.286363
          ],
          [
            120.590857,
            24.286404
          ],
          [
            120.590877,
            24.286449
          ],
          [
            120.590952,
            24.286583
          ],
          [
            120.591042,
            24.286874
          ],
          [
            120.591149,
            24.287005
          ],
          [
            120.591143,
            24.287238
          ],
          [
            120.591157,
            24.287385
          ],
          [
            120.591162,
            24.287438
          ],
          [
            120.59128,
            24.287522
          ],
          [
            120.591362,
            24.287576
          ],
          [
            120.591399,
            24.2876
          ],
          [
            120.591561,
            24.287607
          ],
          [
            120.591729,
            24.287658
          ],
          [
            120.59183,
            24.287868
          ],
          [
            120.591889,
            24.287987
          ],
          [
            120.591996,
            24.28809
          ],
          [
            120.592075,
            24.288123
          ],
          [
            120.592097,
            24.288131
          ],
          [
            120.592302,
            24.28812
          ],
          [
            120.592407,
            24.288127
          ],
          [
            120.592532,
            24.288141
          ],
          [
            120.592813,
            24.288247
          ],
          [
            120.592998,
            24.288314
          ],
          [
            120.59317,
            24.288437
          ],
          [
            120.593472,
            24.288652
          ],
          [
            120.593681,
            24.288733
          ],
          [
            120.593899,
            24.288914
          ],
          [
            120.59425,
            24.289508
          ],
          [
            120.594476,
            24.28964
          ],
          [
            120.594678,
            24.289768
          ],
          [
            120.595159,
            24.29032
          ],
          [
            120.595298,
            24.290471
          ],
          [
            120.595326,
            24.290642
          ],
          [
            120.595302,
            24.290861
          ],
          [
            120.595298,
            24.290969
          ],
          [
            120.59532,
            24.291083
          ],
          [
            120.595397,
            24.291205
          ],
          [
            120.595407,
            24.291341
          ],
          [
            120.595325,
            24.291484
          ],
          [
            120.595318,
            24.291537
          ],
          [
            120.595328,
            24.291583
          ],
          [
            120.595395,
            24.291662
          ],
          [
            120.595468,
            24.291739
          ],
          [
            120.595711,
            24.291921
          ],
          [
            120.595825,
            24.291986
          ],
          [
            120.595977,
            24.292032
          ],
          [
            120.596043,
            24.292058
          ],
          [
            120.59609,
            24.292089
          ],
          [
            120.596088,
            24.292235
          ],
          [
            120.596113,
            24.292348
          ],
          [
            120.596264,
            24.292488
          ],
          [
            120.596357,
            24.292629
          ],
          [
            120.596402,
            24.292728
          ],
          [
            120.596437,
            24.292812
          ],
          [
            120.596478,
            24.292882
          ],
          [
            120.596544,
            24.292943
          ],
          [
            120.596573,
            24.29297
          ],
          [
            120.596655,
            24.29311
          ],
          [
            120.596666,
            24.293324
          ],
          [
            120.596626,
            24.293477
          ],
          [
            120.596608,
            24.293579
          ],
          [
            120.596612,
            24.293605
          ],
          [
            120.596612,
            24.293605
          ],
          [
            120.596608,
            24.293579
          ],
          [
            120.596626,
            24.293477
          ],
          [
            120.596666,
            24.293324
          ],
          [
            120.596655,
            24.29311
          ],
          [
            120.596573,
            24.29297
          ],
          [
            120.596544,
            24.292943
          ],
          [
            120.596478,
            24.292882
          ],
          [
            120.596437,
            24.292812
          ],
          [
            120.596402,
            24.292728
          ],
          [
            120.596357,
            24.292629
          ],
          [
            120.596264,
            24.292488
          ],
          [
            120.596113,
            24.292348
          ],
          [
            120.596088,
            24.292235
          ],
          [
            120.59609,
            24.292089
          ],
          [
            120.596043,
            24.292058
          ],
          [
            120.595977,
            24.292032
          ],
          [
            120.595825,
            24.291986
          ],
          [
            120.595711,
            24.291921
          ],
          [
            120.595468,
            24.291739
          ],
          [
            120.595395,
            24.291662
          ],
          [
            120.595328,
            24.291583
          ],
          [
            120.595318,
            24.291537
          ],
          [
            120.595325,
            24.291484
          ],
          [
            120.595407,
            24.291341
          ],
          [
            120.595397,
            24.291205
          ],
          [
            120.59532,
            24.291083
          ],
          [
            120.595298,
            24.290969
          ],
          [
            120.595302,
            24.290861
          ],
          [
            120.595326,
            24.290642
          ],
          [
            120.595298,
            24.290471
          ],
          [
            120.595159,
            24.29032
          ],
          [
            120.594678,
            24.289768
          ],
          [
            120.594476,
            24.28964
          ],
          [
            120.59425,
            24.289508
          ],
          [
            120.593899,
            24.288914
          ],
          [
            120.593681,
            24.288733
          ],
          [
            120.593472,
            24.288652
          ],
          [
            120.59317,
            24.288437
          ],
          [
            120.592998,
            24.288314
          ],
          [
            120.592813,
            24.288247
          ],
          [
            120.592532,
            24.288141
          ],
          [
            120.592407,
            24.288127
          ],
          [
            120.592302,
            24.28812
          ],
          [
            120.592097,
            24.288131
          ],
          [
            120.592075,
            24.288123
          ],
          [
            120.591996,
            24.28809
          ],
          [
            120.591889,
            24.287987
          ],
          [
            120.59183,
            24.287868
          ],
          [
            120.591729,
            24.287658
          ],
          [
            120.591561,
            24.287607
          ],
          [
            120.591399,
            24.2876
          ],
          [
            120.591362,
            24.287576
          ],
          [
            120.59128,
            24.287522
          ],
          [
            120.591162,
            24.287438
          ],
          [
            120.591157,
            24.287385
          ],
          [
            120.591143,
            24.287238
          ],
          [
            120.591149,
            24.287005
          ],
          [
            120.591042,
            24.286874
          ],
          [
            120.590952,
            24.286583
          ],
          [
            120.590877,
            24.286449
          ],
          [
            120.590857,
            24.286404
          ],
          [
            120.590861,
            24.286363
          ],
          [
            120.590881,
            24.286292
          ],
          [
            120.590888,
            24.28627
          ],
          [
            120.590898,
            24.286122
          ],
          [
            120.590894,
            24.286039
          ],
          [
            120.590912,
            24.285985
          ],
          [
            120.590848,
            24.285951
          ],
          [
            120.590778,
            24.285913
          ],
          [
            120.590735,
            24.285871
          ],
          [
            120.590682,
            24.285824
          ],
          [
            120.5906,
            24.285789
          ],
          [
            120.590545,
            24.285762
          ],
          [
            120.590502,
            24.285706
          ],
          [
            120.590463,
            24.285506
          ],
          [
            120.590167,
            24.284983
          ],
          [
            120.590093,
            24.284886
          ],
          [
            120.589921,
            24.284781
          ],
          [
            120.589736,
            24.284657
          ],
          [
            120.58965,
            24.284605
          ],
          [
            120.589551,
            24.284536
          ],
          [
            120.589445,
            24.284416
          ],
          [
            120.589331,
            24.284279
          ],
          [
            120.589323,
            24.284152
          ],
          [
            120.589258,
            24.284141
          ],
          [
            120.589245,
            24.28416
          ],
          [
            120.589229,
            24.284187
          ],
          [
            120.58917,
            24.28424
          ],
          [
            120.589016,
            24.284358
          ],
          [
            120.588875,
            24.284459
          ],
          [
            120.58887,
            24.28446
          ],
          [
            120.58887,
            24.28446
          ],
          [
            120.588835,
            24.284465
          ],
          [
            120.588806,
            24.284441
          ],
          [
            120.588771,
            24.284285
          ],
          [
            120.588682,
            24.284281
          ],
          [
            120.588542,
            24.284284
          ],
          [
            120.588224,
            24.284317
          ],
          [
            120.587906,
            24.284473
          ],
          [
            120.58774,
            24.2845
          ],
          [
            120.587611,
            24.284539
          ],
          [
            120.587503,
            24.284544
          ],
          [
            120.587447,
            24.284546
          ],
          [
            120.587452,
            24.284662
          ],
          [
            120.587475,
            24.284835
          ],
          [
            120.58751,
            24.284939
          ],
          [
            120.587522,
            24.284976
          ],
          [
            120.587677,
            24.28519
          ],
          [
            120.587635,
            24.285322
          ],
          [
            120.587627,
            24.285435
          ],
          [
            120.587645,
            24.285602
          ],
          [
            120.587784,
            24.285751
          ],
          [
            120.587879,
            24.285986
          ],
          [
            120.587901,
            24.28611
          ],
          [
            120.587823,
            24.286206
          ],
          [
            120.587695,
            24.286289
          ],
          [
            120.587564,
            24.286341
          ],
          [
            120.58749,
            24.28637
          ],
          [
            120.587628,
            24.286601
          ],
          [
            120.587801,
            24.286749
          ],
          [
            120.588001,
            24.286982
          ],
          [
            120.588149,
            24.287172
          ],
          [
            120.588233,
            24.287279
          ],
          [
            120.588267,
            24.287359
          ],
          [
            120.588302,
            24.287506
          ],
          [
            120.588372,
            24.287684
          ],
          [
            120.588403,
            24.287761
          ],
          [
            120.588449,
            24.287873
          ],
          [
            120.588616,
            24.288233
          ],
          [
            120.588748,
            24.288445
          ],
          [
            120.588903,
            24.288647
          ],
          [
            120.588992,
            24.288681
          ],
          [
            120.58907,
            24.28876
          ],
          [
            120.589223,
            24.289095
          ],
          [
            120.589329,
            24.289212
          ],
          [
            120.589456,
            24.289343
          ],
          [
            120.589693,
            24.289728
          ],
          [
            120.589806,
            24.289787
          ],
          [
            120.589872,
            24.289852
          ],
          [
            120.589921,
            24.289939
          ],
          [
            120.589962,
            24.290156
          ],
          [
            120.590217,
            24.290031
          ],
          [
            120.590419,
            24.289909
          ],
          [
            120.590644,
            24.28966
          ],
          [
            120.590724,
            24.289587
          ],
          [
            120.590871,
            24.289595
          ],
          [
            120.590974,
            24.289607
          ],
          [
            120.591045,
            24.28961
          ],
          [
            120.59109,
            24.289608
          ],
          [
            120.591146,
            24.289571
          ],
          [
            120.591204,
            24.289516
          ],
          [
            120.591252,
            24.289489
          ],
          [
            120.591355,
            24.289447
          ],
          [
            120.591457,
            24.289414
          ],
          [
            120.591536,
            24.289375
          ],
          [
            120.591642,
            24.289337
          ],
          [
            120.5917,
            24.289289
          ],
          [
            120.591752,
            24.289206
          ],
          [
            120.591797,
            24.289124
          ],
          [
            120.591853,
            24.289076
          ],
          [
            120.591853,
            24.289076
          ],
          [
            120.591797,
            24.289124
          ],
          [
            120.591752,
            24.289206
          ],
          [
            120.5917,
            24.289289
          ],
          [
            120.591642,
            24.289337
          ],
          [
            120.591536,
            24.289375
          ],
          [
            120.591457,
            24.289414
          ],
          [
            120.591355,
            24.289447
          ],
          [
            120.591252,
            24.289489
          ],
          [
            120.591204,
            24.289516
          ],
          [
            120.591146,
            24.289571
          ],
          [
            120.59109,
            24.289608
          ],
          [
            120.591045,
            24.28961
          ],
          [
            120.590974,
            24.289607
          ],
          [
            120.590871,
            24.289595
          ],
          [
            120.590724,
            24.289587
          ],
          [
            120.590644,
            24.28966
          ],
          [
            120.590419,
            24.289909
          ],
          [
            120.590217,
            24.290031
          ],
          [
            120.589962,
            24.290156
          ],
          [
            120.590027,
            24.290459
          ],
          [
            120.590174,
            24.290811
          ],
          [
            120.590237,
            24.290978
          ],
          [
            120.590357,
            24.291198
          ],
          [
            120.590391,
            24.291284
          ],
          [
            120.590382,
            24.291334
          ],
          [
            120.590332,
            24.291396
          ],
          [
            120.590259,
            24.291525
          ],
          [
            120.590111,
            24.291937
          ],
          [
            120.590108,
            24.292124
          ],
          [
            120.590111,
            24.292211
          ],
          [
            120.590022,
            24.292244
          ],
          [
            120.589906,
            24.292283
          ],
          [
            120.589751,
            24.292363
          ],
          [
            120.589684,
            24.292369
          ],
          [
            120.589533,
            24.292336
          ],
          [
            120.58938,
            24.292349
          ],
          [
            120.58916,
            24.292482
          ],
          [
            120.588967,
            24.292599
          ],
          [
            120.588853,
            24.292687
          ],
          [
            120.588605,
            24.292888
          ],
          [
            120.588589,
            24.293043
          ],
          [
            120.588852,
            24.293449
          ],
          [
            120.589082,
            24.293789
          ],
          [
            120.589313,
            24.294126
          ],
          [
            120.589589,
            24.294466
          ],
          [
            120.590092,
            24.295028
          ],
          [
            120.590507,
            24.295476
          ],
          [
            120.590657,
            24.295632
          ],
          [
            120.591204,
            24.296195
          ],
          [
            120.592243,
            24.297211
          ],
          [
            120.592478,
            24.297441
          ],
          [
            120.593092,
            24.298043
          ],
          [
            120.593332,
            24.298272
          ],
          [
            120.593739,
            24.298692
          ],
          [
            120.594542,
            24.299473
          ],
          [
            120.595124,
            24.300241
          ],
          [
            120.595676,
            24.30076
          ],
          [
            120.595886,
            24.300971
          ],
          [
            120.596108,
            24.301179
          ],
          [
            120.59627,
            24.301307
          ],
          [
            120.596416,
            24.301379
          ],
          [
            120.596841,
            24.301588
          ],
          [
            120.5975,
            24.301912
          ],
          [
            120.598275,
            24.302279
          ],
          [
            120.599147,
            24.302706
          ],
          [
            120.599442,
            24.302857
          ],
          [
            120.599971,
            24.303098
          ],
          [
            120.60021,
            24.303235
          ],
          [
            120.600155,
            24.30302
          ],
          [
            120.600071,
            24.302656
          ],
          [
            120.600123,
            24.302526
          ],
          [
            120.600212,
            24.302364
          ],
          [
            120.600345,
            24.302283
          ],
          [
            120.600556,
            24.302192
          ],
          [
            120.601199,
            24.301922
          ],
          [
            120.601328,
            24.301868
          ],
          [
            120.601473,
            24.301802
          ],
          [
            120.601516,
            24.301774
          ],
          [
            120.601537,
            24.301671
          ],
          [
            120.601562,
            24.301596
          ],
          [
            120.601615,
            24.301452
          ],
          [
            120.601611,
            24.301334
          ],
          [
            120.601533,
            24.30111
          ],
          [
            120.60147,
            24.300892
          ],
          [
            120.601406,
            24.300675
          ],
          [
            120.601272,
            24.300278
          ],
          [
            120.601154,
            24.299914
          ],
          [
            120.600989,
            24.299423
          ],
          [
            120.600935,
            24.299282
          ],
          [
            120.600935,
            24.299282
          ],
          [
            120.600989,
            24.299423
          ],
          [
            120.601154,
            24.299914
          ],
          [
            120.601272,
            24.300278
          ],
          [
            120.601406,
            24.300675
          ],
          [
            120.60147,
            24.300892
          ],
          [
            120.601533,
            24.30111
          ],
          [
            120.601611,
            24.301334
          ],
          [
            120.601615,
            24.301452
          ],
          [
            120.601562,
            24.301596
          ],
          [
            120.601537,
            24.301671
          ],
          [
            120.601516,
            24.301774
          ],
          [
            120.601643,
            24.301575
          ],
          [
            120.60171,
            24.301507
          ],
          [
            120.601827,
            24.30149
          ],
          [
            120.601933,
            24.301514
          ],
          [
            120.60197,
            24.301454
          ],
          [
            120.602074,
            24.301416
          ],
          [
            120.60226,
            24.301288
          ],
          [
            120.602719,
            24.300936
          ],
          [
            120.602719,
            24.300936
          ],
          [
            120.60226,
            24.301288
          ],
          [
            120.602074,
            24.301416
          ],
          [
            120.60197,
            24.301454
          ],
          [
            120.601933,
            24.301514
          ],
          [
            120.602008,
            24.301643
          ],
          [
            120.602087,
            24.301814
          ],
          [
            120.602172,
            24.302095
          ],
          [
            120.602375,
            24.302594
          ],
          [
            120.602428,
            24.302768
          ],
          [
            120.602447,
            24.302845
          ],
          [
            120.602564,
            24.303299
          ],
          [
            120.602703,
            24.303759
          ],
          [
            120.602803,
            24.304073
          ],
          [
            120.602931,
            24.304514
          ],
          [
            120.602996,
            24.304764
          ],
          [
            120.603045,
            24.304914
          ],
          [
            120.603079,
            24.304953
          ],
          [
            120.603191,
            24.30497
          ],
          [
            120.603268,
            24.305
          ],
          [
            120.603351,
            24.305037
          ],
          [
            120.603619,
            24.305087
          ],
          [
            120.604358,
            24.30531
          ],
          [
            120.604606,
            24.305302
          ],
          [
            120.604773,
            24.305305
          ],
          [
            120.604938,
            24.305299
          ],
          [
            120.605083,
            24.305294
          ],
          [
            120.605185,
            24.305324
          ],
          [
            120.605271,
            24.305331
          ],
          [
            120.605417,
            24.305324
          ],
          [
            120.605501,
            24.305324
          ],
          [
            120.605619,
            24.305329
          ],
          [
            120.605814,
            24.305322
          ],
          [
            120.605916,
            24.305298
          ],
          [
            120.606045,
            24.305295
          ],
          [
            120.606213,
            24.305296
          ],
          [
            120.606368,
            24.305278
          ],
          [
            120.606409,
            24.305257
          ],
          [
            120.606409,
            24.305257
          ],
          [
            120.606414,
            24.305255
          ],
          [
            120.606457,
            24.305245
          ],
          [
            120.606523,
            24.30524
          ],
          [
            120.606562,
            24.305242
          ],
          [
            120.60661,
            24.305258
          ],
          [
            120.606675,
            24.305271
          ],
          [
            120.606726,
            24.305287
          ],
          [
            120.606751,
            24.305292
          ],
          [
            120.606787,
            24.305296
          ],
          [
            120.606976,
            24.305296
          ],
          [
            120.607291,
            24.305308
          ],
          [
            120.607499,
            24.305301
          ],
          [
            120.607695,
            24.305272
          ],
          [
            120.607895,
            24.305237
          ],
          [
            120.608016,
            24.305198
          ],
          [
            120.608232,
            24.305149
          ],
          [
            120.608547,
            24.30505
          ],
          [
            120.608572,
            24.305049
          ],
          [
            120.608476,
            24.30497
          ],
          [
            120.608328,
            24.304866
          ],
          [
            120.608077,
            24.304693
          ],
          [
            120.607992,
            24.304646
          ],
          [
            120.607917,
            24.304601
          ],
          [
            120.607821,
            24.304553
          ],
          [
            120.60774,
            24.304513
          ],
          [
            120.607605,
            24.304347
          ],
          [
            120.607524,
            24.304294
          ],
          [
            120.60734,
            24.304203
          ],
          [
            120.607247,
            24.304157
          ],
          [
            120.607151,
            24.304138
          ],
          [
            120.607214,
            24.30405
          ],
          [
            120.607265,
            24.303962
          ],
          [
            120.607185,
            24.303941
          ],
          [
            120.607083,
            24.303902
          ],
          [
            120.607034,
            24.303874
          ],
          [
            120.607034,
            24.303874
          ],
          [
            120.607083,
            24.303902
          ],
          [
            120.607185,
            24.303941
          ],
          [
            120.607265,
            24.303962
          ],
          [
            120.607214,
            24.30405
          ],
          [
            120.607151,
            24.304138
          ],
          [
            120.607247,
            24.304157
          ],
          [
            120.60734,
            24.304203
          ],
          [
            120.607524,
            24.304294
          ],
          [
            120.607605,
            24.304347
          ],
          [
            120.60774,
            24.304513
          ],
          [
            120.607821,
            24.304553
          ],
          [
            120.607917,
            24.304601
          ],
          [
            120.607992,
            24.304646
          ],
          [
            120.608077,
            24.304693
          ],
          [
            120.608328,
            24.304866
          ],
          [
            120.608476,
            24.30497
          ],
          [
            120.608572,
            24.305049
          ],
          [
            120.608757,
            24.305085
          ],
          [
            120.608967,
            24.305125
          ],
          [
            120.609233,
            24.305144
          ],
          [
            120.609313,
            24.305152
          ],
          [
            120.609782,
            24.305173
          ],
          [
            120.61013,
            24.305224
          ],
          [
            120.61028,
            24.305321
          ],
          [
            120.610472,
            24.305455
          ],
          [
            120.610775,
            24.305555
          ],
          [
            120.610834,
            24.305667
          ],
          [
            120.610849,
            24.305796
          ],
          [
            120.61083,
            24.305958
          ],
          [
            120.610763,
            24.306401
          ],
          [
            120.610805,
            24.306575
          ],
          [
            120.610869,
            24.306725
          ],
          [
            120.610838,
            24.306773
          ],
          [
            120.610786,
            24.306856
          ],
          [
            120.610688,
            24.307061
          ],
          [
            120.610608,
            24.307289
          ],
          [
            120.610421,
            24.307494
          ],
          [
            120.61008,
            24.30767
          ],
          [
            120.609925,
            24.30782
          ],
          [
            120.609628,
            24.308054
          ],
          [
            120.608562,
            24.308563
          ],
          [
            120.607376,
            24.309136
          ],
          [
            120.605209,
            24.310199
          ],
          [
            120.604983,
            24.310385
          ],
          [
            120.604912,
            24.310523
          ],
          [
            120.604876,
            24.310628
          ],
          [
            120.604884,
            24.310916
          ],
          [
            120.604846,
            24.310971
          ],
          [
            120.60463,
            24.311049
          ],
          [
            120.604267,
            24.311087
          ],
          [
            120.603621,
            24.309807
          ],
          [
            120.603187,
            24.310004
          ],
          [
            120.603224,
            24.310107
          ],
          [
            120.60348,
            24.310903
          ],
          [
            120.603533,
            24.311523
          ],
          [
            120.603366,
            24.31152
          ],
          [
            120.603232,
            24.311332
          ],
          [
            120.603067,
            24.311109
          ],
          [
            120.602829,
            24.310917
          ],
          [
            120.602587,
            24.310735
          ],
          [
            120.602073,
            24.310455
          ],
          [
            120.601571,
            24.310615
          ],
          [
            120.601351,
            24.310656
          ],
          [
            120.601136,
            24.310658
          ],
          [
            120.600977,
            24.310641
          ],
          [
            120.600648,
            24.310586
          ],
          [
            120.60055,
            24.310584
          ],
          [
            120.600472,
            24.310599
          ],
          [
            120.600405,
            24.310626
          ],
          [
            120.597813,
            24.312443
          ],
          [
            120.597048,
            24.312983
          ],
          [
            120.596462,
            24.313362
          ],
          [
            120.596398,
            24.313403
          ],
          [
            120.596055,
            24.313625
          ],
          [
            120.595389,
            24.314033
          ],
          [
            120.594881,
            24.314333
          ],
          [
            120.594181,
            24.314718
          ],
          [
            120.593089,
            24.315225
          ],
          [
            120.59203,
            24.315676
          ],
          [
            120.591452,
            24.315926
          ],
          [
            120.590498,
            24.316292
          ],
          [
            120.590154,
            24.314878
          ],
          [
            120.589826,
            24.313464
          ],
          [
            120.589746,
            24.313211
          ],
          [
            120.589676,
            24.312938
          ],
          [
            120.589523,
            24.312648
          ],
          [
            120.589386,
            24.312432
          ],
          [
            120.589238,
            24.312185
          ],
          [
            120.589186,
            24.312034
          ],
          [
            120.589142,
            24.311853
          ],
          [
            120.589092,
            24.311599
          ],
          [
            120.589045,
            24.311336
          ],
          [
            120.589721,
            24.31132
          ],
          [
            120.590154,
            24.311324
          ],
          [
            120.590154,
            24.311324
          ],
          [
            120.589721,
            24.31132
          ],
          [
            120.589045,
            24.311336
          ],
          [
            120.589003,
            24.31085
          ],
          [
            120.588948,
            24.310214
          ],
          [
            120.588899,
            24.309145
          ],
          [
            120.588845,
            24.308622
          ],
          [
            120.588816,
            24.308168
          ],
          [
            120.588778,
            24.307594
          ],
          [
            120.588751,
            24.307162
          ],
          [
            120.588717,
            24.306729
          ],
          [
            120.588598,
            24.305356
          ],
          [
            120.588517,
            24.304285
          ],
          [
            120.588498,
            24.304036
          ],
          [
            120.588527,
            24.304008
          ],
          [
            120.589223,
            24.3042
          ],
          [
            120.590267,
            24.304488
          ],
          [
            120.590292,
            24.304429
          ],
          [
            120.590308,
            24.304373
          ],
          [
            120.590335,
            24.304278
          ],
          [
            120.587159,
            24.303382
          ],
          [
            120.587181,
            24.303323
          ],
          [
            120.587201,
            24.303257
          ],
          [
            120.587232,
            24.303145
          ],
          [
            120.588171,
            24.303397
          ],
          [
            120.588171,
            24.303397
          ],
          [
            120.589552,
            24.303768
          ],
          [
            120.589901,
            24.303877
          ],
          [
            120.590101,
            24.303932
          ],
          [
            120.590327,
            24.303997
          ],
          [
            120.590501,
            24.304039
          ],
          [
            120.590525,
            24.304046
          ],
          [
            120.590958,
            24.304152
          ],
          [
            120.59128,
            24.304215
          ],
          [
            120.591851,
            24.304277
          ],
          [
            120.592226,
            24.304278
          ],
          [
            120.592632,
            24.304247
          ],
          [
            120.594066,
            24.304094
          ],
          [
            120.594493,
            24.304017
          ],
          [
            120.596003,
            24.303745
          ],
          [
            120.596145,
            24.303719
          ],
          [
            120.596276,
            24.303684
          ],
          [
            120.596052,
            24.302844
          ],
          [
            120.595833,
            24.302225
          ],
          [
            120.595586,
            24.301577
          ],
          [
            120.595196,
            24.30068
          ],
          [
            120.595088,
            24.300498
          ],
          [
            120.594958,
            24.300298
          ],
          [
            120.59442,
            24.299544
          ],
          [
            120.593914,
            24.29908
          ],
          [
            120.593418,
            24.299212
          ],
          [
            120.592866,
            24.299375
          ],
          [
            120.592826,
            24.299349
          ],
          [
            120.592497,
            24.299127
          ],
          [
            120.592119,
            24.298841
          ],
          [
            120.592028,
            24.298869
          ],
          [
            120.591415,
            24.298988
          ],
          [
            120.59135,
            24.299018
          ],
          [
            120.591228,
            24.299105
          ],
          [
            120.590619,
            24.299525
          ],
          [
            120.590619,
            24.299525
          ],
          [
            120.591228,
            24.299105
          ],
          [
            120.59135,
            24.299018
          ],
          [
            120.591415,
            24.298988
          ],
          [
            120.592028,
            24.298869
          ],
          [
            120.592119,
            24.298841
          ],
          [
            120.591977,
            24.298685
          ],
          [
            120.591674,
            24.298484
          ],
          [
            120.591585,
            24.29849
          ],
          [
            120.591463,
            24.298457
          ],
          [
            120.591172,
            24.298339
          ],
          [
            120.591102,
            24.298274
          ],
          [
            120.590826,
            24.29802
          ],
          [
            120.590635,
            24.297914
          ],
          [
            120.590515,
            24.297887
          ],
          [
            120.590469,
            24.297879
          ],
          [
            120.590406,
            24.297868
          ],
          [
            120.590013,
            24.297689
          ],
          [
            120.589673,
            24.297574
          ],
          [
            120.589809,
            24.297837
          ],
          [
            120.589916,
            24.297947
          ],
          [
            120.589945,
            24.29803
          ],
          [
            120.589638,
            24.298143
          ],
          [
            120.589638,
            24.298143
          ],
          [
            120.589945,
            24.29803
          ],
          [
            120.589916,
            24.297947
          ],
          [
            120.589809,
            24.297837
          ],
          [
            120.589673,
            24.297574
          ],
          [
            120.589608,
            24.297523
          ],
          [
            120.589557,
            24.297447
          ],
          [
            120.589413,
            24.297007
          ],
          [
            120.589261,
            24.297024
          ],
          [
            120.588754,
            24.297036
          ],
          [
            120.588484,
            24.297041
          ],
          [
            120.588311,
            24.297047
          ],
          [
            120.587853,
            24.297066
          ],
          [
            120.587638,
            24.297064
          ],
          [
            120.586824,
            24.297078
          ],
          [
            120.586015,
            24.297088
          ],
          [
            120.5857,
            24.296997
          ],
          [
            120.585587,
            24.296965
          ],
          [
            120.585665,
            24.297116
          ],
          [
            120.585749,
            24.297235
          ],
          [
            120.585866,
            24.297318
          ],
          [
            120.58601,
            24.297363
          ],
          [
            120.586125,
            24.297389
          ],
          [
            120.585964,
            24.29756
          ],
          [
            120.58646,
            24.298604
          ],
          [
            120.58646,
            24.298604
          ],
          [
            120.585964,
            24.29756
          ],
          [
            120.586125,
            24.297389
          ],
          [
            120.58601,
            24.297363
          ],
          [
            120.585866,
            24.297318
          ],
          [
            120.585749,
            24.297235
          ],
          [
            120.585665,
            24.297116
          ],
          [
            120.585587,
            24.296965
          ],
          [
            120.58526,
            24.296885
          ],
          [
            120.584622,
            24.29673
          ],
          [
            120.582398,
            24.296116
          ],
          [
            120.582385,
            24.295754
          ],
          [
            120.582423,
            24.295649
          ],
          [
            120.582522,
            24.29556
          ],
          [
            120.582989,
            24.295356
          ],
          [
            120.584008,
            24.295013
          ],
          [
            120.584255,
            24.294935
          ],
          [
            120.584615,
            24.294823
          ],
          [
            120.585059,
            24.294647
          ],
          [
            120.585086,
            24.294613
          ],
          [
            120.585105,
            24.294584
          ],
          [
            120.585137,
            24.294557
          ],
          [
            120.585443,
            24.294436
          ],
          [
            120.58548,
            24.2944
          ],
          [
            120.585493,
            24.294378
          ],
          [
            120.585558,
            24.294352
          ],
          [
            120.585849,
            24.294322
          ],
          [
            120.586212,
            24.29421
          ],
          [
            120.586347,
            24.294578
          ],
          [
            120.586599,
            24.294996
          ],
          [
            120.586746,
            24.295064
          ],
          [
            120.586815,
            24.295138
          ],
          [
            120.586901,
            24.295165
          ],
          [
            120.586901,
            24.295165
          ],
          [
            120.586815,
            24.295138
          ],
          [
            120.586746,
            24.295064
          ],
          [
            120.586599,
            24.294996
          ],
          [
            120.586347,
            24.294578
          ],
          [
            120.586212,
            24.29421
          ],
          [
            120.585849,
            24.294322
          ],
          [
            120.585558,
            24.294352
          ],
          [
            120.585493,
            24.294378
          ],
          [
            120.58548,
            24.2944
          ],
          [
            120.585443,
            24.294436
          ],
          [
            120.585137,
            24.294557
          ],
          [
            120.585105,
            24.294584
          ],
          [
            120.585086,
            24.294613
          ],
          [
            120.585059,
            24.294647
          ],
          [
            120.584615,
            24.294823
          ],
          [
            120.584255,
            24.294935
          ],
          [
            120.584008,
            24.295013
          ],
          [
            120.583988,
            24.29492
          ],
          [
            120.583958,
            24.294823
          ],
          [
            120.583961,
            24.294689
          ],
          [
            120.583918,
            24.294567
          ],
          [
            120.583757,
            24.294414
          ],
          [
            120.58361,
            24.294411
          ],
          [
            120.583512,
            24.294345
          ],
          [
            120.583333,
            24.294383
          ],
          [
            120.583082,
            24.294444
          ],
          [
            120.582855,
            24.293939
          ],
          [
            120.582853,
            24.293525
          ],
          [
            120.58268,
            24.293549
          ],
          [
            120.58268,
            24.293549
          ],
          [
            120.582561,
            24.293565
          ],
          [
            120.582454,
            24.293127
          ],
          [
            120.582477,
            24.292962
          ],
          [
            120.582433,
            24.292772
          ],
          [
            120.582386,
            24.292523
          ],
          [
            120.582215,
            24.291911
          ],
          [
            120.582111,
            24.291964
          ],
          [
            120.581449,
            24.29224
          ],
          [
            120.581332,
            24.292289
          ],
          [
            120.58009,
            24.292898
          ],
          [
            120.579684,
            24.293102
          ],
          [
            120.579539,
            24.293178
          ],
          [
            120.579193,
            24.292302
          ],
          [
            120.578982,
            24.291859
          ],
          [
            120.578907,
            24.291783
          ],
          [
            120.578879,
            24.291748
          ],
          [
            120.57891,
            24.291716
          ],
          [
            120.579016,
            24.291625
          ],
          [
            120.579074,
            24.291571
          ],
          [
            120.579086,
            24.291518
          ],
          [
            120.579009,
            24.291476
          ],
          [
            120.578802,
            24.291312
          ],
          [
            120.578745,
            24.291227
          ],
          [
            120.578709,
            24.291132
          ],
          [
            120.578689,
            24.29106
          ],
          [
            120.578674,
            24.291034
          ],
          [
            120.578674,
            24.291034
          ],
          [
            120.578609,
            24.290918
          ],
          [
            120.578425,
            24.290616
          ],
          [
            120.577997,
            24.289816
          ],
          [
            120.577293,
            24.289833
          ],
          [
            120.576446,
            24.290265
          ],
          [
            120.575725,
            24.290615
          ],
          [
            120.57486,
            24.291037
          ],
          [
            120.575296,
            24.291904
          ],
          [
            120.575372,
            24.292092
          ],
          [
            120.575421,
            24.292329
          ],
          [
            120.575391,
            24.292463
          ],
          [
            120.575364,
            24.292563
          ],
          [
            120.575319,
            24.292664
          ],
          [
            120.574979,
            24.293145
          ],
          [
            120.575018,
            24.293258
          ],
          [
            120.575147,
            24.29353
          ],
          [
            120.575191,
            24.293709
          ],
          [
            120.575205,
            24.293853
          ],
          [
            120.57526,
            24.294206
          ],
          [
            120.575368,
            24.294792
          ],
          [
            120.575528,
            24.295181
          ],
          [
            120.575062,
            24.295302
          ],
          [
            120.574868,
            24.295328
          ],
          [
            120.574366,
            24.295229
          ],
          [
            120.574079,
            24.295066
          ],
          [
            120.57396,
            24.294951
          ],
          [
            120.573523,
            24.294385
          ],
          [
            120.573499,
            24.294332
          ],
          [
            120.573494,
            24.294273
          ],
          [
            120.573444,
            24.294213
          ],
          [
            120.573108,
            24.294046
          ],
          [
            120.57293,
            24.293954
          ],
          [
            120.572623,
            24.293689
          ],
          [
            120.572366,
            24.293508
          ],
          [
            120.57219,
            24.293347
          ],
          [
            120.572087,
            24.293269
          ],
          [
            120.571832,
            24.292937
          ],
          [
            120.571539,
            24.292552
          ],
          [
            120.571387,
            24.292411
          ],
          [
            120.571258,
            24.292319
          ],
          [
            120.571208,
            24.292637
          ],
          [
            120.571162,
            24.292783
          ],
          [
            120.571182,
            24.292901
          ],
          [
            120.571274,
            24.293173
          ],
          [
            120.571319,
            24.293276
          ],
          [
            120.571389,
            24.293437
          ],
          [
            120.571408,
            24.293511
          ],
          [
            120.571408,
            24.293511
          ],
          [
            120.571389,
            24.293437
          ],
          [
            120.571319,
            24.293276
          ],
          [
            120.571274,
            24.293173
          ],
          [
            120.571182,
            24.292901
          ],
          [
            120.571162,
            24.292783
          ],
          [
            120.571208,
            24.292637
          ],
          [
            120.571258,
            24.292319
          ],
          [
            120.571275,
            24.292155
          ],
          [
            120.571249,
            24.292005
          ],
          [
            120.571175,
            24.291337
          ],
          [
            120.571126,
            24.290824
          ],
          [
            120.570229,
            24.291015
          ],
          [
            120.569217,
            24.291208
          ],
          [
            120.569179,
            24.291216
          ],
          [
            120.568471,
            24.291372
          ],
          [
            120.568508,
            24.291594
          ],
          [
            120.568533,
            24.291688
          ],
          [
            120.568533,
            24.291688
          ],
          [
            120.568508,
            24.291594
          ],
          [
            120.568471,
            24.291372
          ],
          [
            120.567906,
            24.2915
          ],
          [
            120.568008,
            24.29167
          ],
          [
            120.56804,
            24.291738
          ],
          [
            120.56804,
            24.291738
          ],
          [
            120.568008,
            24.29167
          ],
          [
            120.567906,
            24.2915
          ],
          [
            120.567012,
            24.291669
          ],
          [
            120.567334,
            24.292136
          ],
          [
            120.567431,
            24.292304
          ],
          [
            120.567431,
            24.292304
          ],
          [
            120.56748,
            24.292389
          ],
          [
            120.567601,
            24.29258
          ],
          [
            120.567776,
            24.292676
          ],
          [
            120.567983,
            24.292795
          ],
          [
            120.568096,
            24.292968
          ],
          [
            120.568265,
            24.293114
          ],
          [
            120.568504,
            24.293294
          ],
          [
            120.568608,
            24.29337
          ],
          [
            120.568748,
            24.293437
          ],
          [
            120.568826,
            24.293526
          ],
          [
            120.568872,
            24.293653
          ],
          [
            120.568918,
            24.293926
          ],
          [
            120.568951,
            24.294197
          ],
          [
            120.568956,
            24.294399
          ],
          [
            120.568971,
            24.294544
          ],
          [
            120.569011,
            24.294694
          ],
          [
            120.569097,
            24.294877
          ],
          [
            120.569153,
            24.294919
          ],
          [
            120.56876,
            24.295147
          ],
          [
            120.568636,
            24.295204
          ],
          [
            120.568206,
            24.295414
          ],
          [
            120.568115,
            24.295334
          ],
          [
            120.568033,
            24.295309
          ],
          [
            120.567948,
            24.295194
          ],
          [
            120.567902,
            24.29513
          ],
          [
            120.567902,
            24.29513
          ],
          [
            120.567948,
            24.295194
          ],
          [
            120.568033,
            24.295309
          ],
          [
            120.568115,
            24.295334
          ],
          [
            120.568206,
            24.295414
          ],
          [
            120.568636,
            24.295204
          ],
          [
            120.56876,
            24.295147
          ],
          [
            120.569153,
            24.294919
          ],
          [
            120.569215,
            24.295009
          ],
          [
            120.569425,
            24.295317
          ],
          [
            120.569488,
            24.295447
          ],
          [
            120.569449,
            24.295643
          ],
          [
            120.569471,
            24.295744
          ],
          [
            120.569512,
            24.295929
          ],
          [
            120.56962,
            24.296302
          ],
          [
            120.569644,
            24.296493
          ],
          [
            120.569687,
            24.296643
          ],
          [
            120.57016,
            24.296755
          ],
          [
            120.570268,
            24.29704
          ],
          [
            120.570294,
            24.2972
          ],
          [
            120.570343,
            24.297247
          ],
          [
            120.570882,
            24.297156
          ],
          [
            120.570933,
            24.297389
          ],
          [
            120.571081,
            24.297851
          ],
          [
            120.57111,
            24.298018
          ],
          [
            120.571155,
            24.298201
          ],
          [
            120.571135,
            24.298324
          ],
          [
            120.571155,
            24.298443
          ],
          [
            120.571187,
            24.298724
          ],
          [
            120.571155,
            24.298835
          ],
          [
            120.571132,
            24.298915
          ],
          [
            120.571106,
            24.299011
          ],
          [
            120.571087,
            24.299077
          ],
          [
            120.569195,
            24.298551
          ],
          [
            120.568487,
            24.298347
          ],
          [
            120.567811,
            24.298152
          ],
          [
            120.564543,
            24.297264
          ],
          [
            120.564559,
            24.297348
          ],
          [
            120.564564,
            24.297462
          ],
          [
            120.564564,
            24.297645
          ],
          [
            120.564538,
            24.298473
          ],
          [
            120.564449,
            24.298937
          ],
          [
            120.564372,
            24.299257
          ],
          [
            120.564324,
            24.29951
          ],
          [
            120.564271,
            24.299663
          ],
          [
            120.563931,
            24.301143
          ],
          [
            120.563833,
            24.301577
          ],
          [
            120.563668,
            24.302358
          ],
          [
            120.563536,
            24.302939
          ],
          [
            120.56325,
            24.303621
          ],
          [
            120.5632,
            24.303809
          ],
          [
            120.563189,
            24.30395
          ],
          [
            120.563344,
            24.304655
          ],
          [
            120.56352,
            24.305237
          ],
          [
            120.56352,
            24.305431
          ],
          [
            120.563493,
            24.305549
          ],
          [
            120.563289,
            24.306194
          ],
          [
            120.563235,
            24.306316
          ],
          [
            120.563103,
            24.306667
          ],
          [
            120.563039,
            24.306904
          ],
          [
            120.562778,
            24.308361
          ],
          [
            120.562755,
            24.308486
          ],
          [
            120.562614,
            24.309368
          ],
          [
            120.562585,
            24.309569
          ],
          [
            120.562582,
            24.30997
          ],
          [
            120.562652,
            24.310537
          ],
          [
            120.562704,
            24.310988
          ],
          [
            120.562743,
            24.311305
          ],
          [
            120.562761,
            24.311542
          ],
          [
            120.562818,
            24.312081
          ],
          [
            120.562861,
            24.31245
          ],
          [
            120.562962,
            24.312816
          ],
          [
            120.563205,
            24.31344
          ],
          [
            120.563273,
            24.313669
          ],
          [
            120.563367,
            24.314023
          ],
          [
            120.563448,
            24.314373
          ],
          [
            120.56408,
            24.316598
          ],
          [
            120.56404,
            24.316685
          ],
          [
            120.564203,
            24.316881
          ],
          [
            120.564501,
            24.317248
          ],
          [
            120.56433,
            24.317463
          ],
          [
            120.564346,
            24.317552
          ],
          [
            120.56439,
            24.317749
          ],
          [
            120.564154,
            24.31774
          ],
          [
            120.564041,
            24.317759
          ],
          [
            120.563946,
            24.317882
          ],
          [
            120.563898,
            24.317912
          ],
          [
            120.563637,
            24.317928
          ],
          [
            120.563637,
            24.317928
          ],
          [
            120.563898,
            24.317912
          ],
          [
            120.563946,
            24.317882
          ],
          [
            120.564041,
            24.317759
          ],
          [
            120.564154,
            24.31774
          ],
          [
            120.56439,
            24.317749
          ],
          [
            120.565063,
            24.320138
          ],
          [
            120.564643,
            24.32013
          ],
          [
            120.564412,
            24.320146
          ],
          [
            120.564281,
            24.320179
          ],
          [
            120.564114,
            24.320185
          ],
          [
            120.564057,
            24.320141
          ],
          [
            120.56402,
            24.320136
          ],
          [
            120.563915,
            24.320146
          ],
          [
            120.563514,
            24.320229
          ],
          [
            120.563407,
            24.320279
          ],
          [
            120.563306,
            24.320333
          ],
          [
            120.563186,
            24.320363
          ],
          [
            120.563092,
            24.320319
          ],
          [
            120.563045,
            24.320326
          ],
          [
            120.562805,
            24.319994
          ],
          [
            120.562751,
            24.31997
          ],
          [
            120.562631,
            24.319994
          ],
          [
            120.562577,
            24.319917
          ],
          [
            120.562495,
            24.319834
          ],
          [
            120.562299,
            24.319698
          ],
          [
            120.562188,
            24.319647
          ],
          [
            120.562111,
            24.3196
          ],
          [
            120.562043,
            24.319605
          ],
          [
            120.561914,
            24.319629
          ],
          [
            120.561875,
            24.319507
          ],
          [
            120.561839,
            24.319486
          ],
          [
            120.561549,
            24.318732
          ],
          [
            120.561475,
            24.31874
          ],
          [
            120.561447,
            24.318708
          ],
          [
            120.561421,
            24.318652
          ],
          [
            120.561381,
            24.318636
          ],
          [
            120.561175,
            24.318731
          ],
          [
            120.561209,
            24.318831
          ],
          [
            120.560875,
            24.319009
          ],
          [
            120.560831,
            24.31894
          ],
          [
            120.560731,
            24.318965
          ],
          [
            120.560573,
            24.318993
          ],
          [
            120.560482,
            24.319042
          ],
          [
            120.560215,
            24.319119
          ],
          [
            120.560189,
            24.318998
          ],
          [
            120.560207,
            24.318856
          ],
          [
            120.560207,
            24.318856
          ],
          [
            120.560211,
            24.31882
          ],
          [
            120.560298,
            24.318654
          ],
          [
            120.560447,
            24.318593
          ],
          [
            120.560546,
            24.318607
          ],
          [
            120.56065,
            24.318683
          ],
          [
            120.560703,
            24.318672
          ],
          [
            120.560728,
            24.318641
          ],
          [
            120.560818,
            24.318537
          ],
          [
            120.561079,
            24.318471
          ],
          [
            120.561118,
            24.318042
          ],
          [
            120.561103,
            24.317859
          ],
          [
            120.561039,
            24.317747
          ],
          [
            120.560582,
            24.317689
          ],
          [
            120.55954,
            24.317616
          ],
          [
            120.559368,
            24.317613
          ],
          [
            120.559113,
            24.317648
          ],
          [
            120.558555,
            24.317807
          ],
          [
            120.558394,
            24.317889
          ],
          [
            120.55781,
            24.318141
          ],
          [
            120.557124,
            24.318133
          ],
          [
            120.556849,
            24.317981
          ],
          [
            120.556492,
            24.31796
          ],
          [
            120.556467,
            24.318283
          ],
          [
            120.556444,
            24.318318
          ],
          [
            120.556479,
            24.318386
          ],
          [
            120.55664,
            24.318702
          ],
          [
            120.55676,
            24.318914
          ],
          [
            120.556857,
            24.318867
          ],
          [
            120.556857,
            24.318867
          ],
          [
            120.55676,
            24.318914
          ],
          [
            120.55664,
            24.318702
          ],
          [
            120.556479,
            24.318386
          ],
          [
            120.556444,
            24.318318
          ],
          [
            120.556467,
            24.318283
          ],
          [
            120.556492,
            24.31796
          ],
          [
            120.556498,
            24.317718
          ],
          [
            120.556217,
            24.317694
          ],
          [
            120.556,
            24.317653
          ],
          [
            120.555942,
            24.317708
          ],
          [
            120.555671,
            24.317599
          ],
          [
            120.555643,
            24.317686
          ],
          [
            120.555581,
            24.317794
          ],
          [
            120.555395,
            24.317709
          ],
          [
            120.55547,
            24.317541
          ],
          [
            120.554977,
            24.317366
          ],
          [
            120.554721,
            24.317091
          ],
          [
            120.554137,
            24.317269
          ],
          [
            120.554239,
            24.31741
          ],
          [
            120.55441,
            24.317595
          ],
          [
            120.554533,
            24.317767
          ],
          [
            120.554597,
            24.317853
          ],
          [
            120.554717,
            24.318116
          ],
          [
            120.55482,
            24.318268
          ],
          [
            120.554827,
            24.318284
          ],
          [
            120.554827,
            24.318284
          ],
          [
            120.55482,
            24.318268
          ],
          [
            120.554717,
            24.318116
          ],
          [
            120.554597,
            24.317853
          ],
          [
            120.554533,
            24.317767
          ],
          [
            120.55441,
            24.317595
          ],
          [
            120.554239,
            24.31741
          ],
          [
            120.554137,
            24.317269
          ],
          [
            120.554721,
            24.317091
          ],
          [
            120.554575,
            24.316873
          ],
          [
            120.554976,
            24.316803
          ],
          [
            120.556037,
            24.317033
          ],
          [
            120.556281,
            24.317051
          ],
          [
            120.556536,
            24.316925
          ],
          [
            120.556687,
            24.316955
          ],
          [
            120.556957,
            24.316008
          ],
          [
            120.556836,
            24.314416
          ],
          [
            120.556807,
            24.314173
          ],
          [
            120.557079,
            24.312829
          ],
          [
            120.556992,
            24.312588
          ],
          [
            120.556895,
            24.312284
          ],
          [
            120.556988,
            24.312275
          ],
          [
            120.556988,
            24.312275
          ],
          [
            120.556895,
            24.312284
          ],
          [
            120.556831,
            24.311543
          ],
          [
            120.556775,
            24.311256
          ],
          [
            120.556865,
            24.310919
          ],
          [
            120.556464,
            24.310887
          ],
          [
            120.556474,
            24.310093
          ],
          [
            120.556392,
            24.309692
          ],
          [
            120.556362,
            24.309467
          ],
          [
            120.556318,
            24.30924
          ],
          [
            120.556241,
            24.309031
          ],
          [
            120.556183,
            24.308828
          ],
          [
            120.556159,
            24.308647
          ],
          [
            120.556084,
            24.308317
          ],
          [
            120.555981,
            24.307931
          ],
          [
            120.555804,
            24.307427
          ],
          [
            120.555702,
            24.307339
          ],
          [
            120.555211,
            24.307377
          ],
          [
            120.555151,
            24.30741
          ],
          [
            120.5549,
            24.307476
          ],
          [
            120.554024,
            24.307401
          ],
          [
            120.553821,
            24.30737
          ],
          [
            120.553755,
            24.307459
          ],
          [
            120.553813,
            24.307754
          ],
          [
            120.553813,
            24.307754
          ],
          [
            120.553755,
            24.307459
          ],
          [
            120.553821,
            24.30737
          ],
          [
            120.554024,
            24.307401
          ],
          [
            120.5549,
            24.307476
          ],
          [
            120.555151,
            24.30741
          ],
          [
            120.555211,
            24.307377
          ],
          [
            120.555702,
            24.307339
          ],
          [
            120.555804,
            24.307427
          ],
          [
            120.555981,
            24.307931
          ],
          [
            120.556084,
            24.308317
          ],
          [
            120.556159,
            24.308647
          ],
          [
            120.556183,
            24.308828
          ],
          [
            120.556241,
            24.309031
          ],
          [
            120.556318,
            24.30924
          ],
          [
            120.556362,
            24.309467
          ],
          [
            120.556392,
            24.309692
          ],
          [
            120.556474,
            24.310093
          ],
          [
            120.556464,
            24.310887
          ],
          [
            120.556865,
            24.310919
          ],
          [
            120.557073,
            24.31093
          ],
          [
            120.557282,
            24.31086
          ],
          [
            120.557589,
            24.310597
          ],
          [
            120.557917,
            24.310459
          ],
          [
            120.558566,
            24.309933
          ],
          [
            120.557914,
            24.30871
          ],
          [
            120.557184,
            24.307272
          ],
          [
            120.556412,
            24.305792
          ],
          [
            120.554813,
            24.302786
          ],
          [
            120.554533,
            24.302139
          ],
          [
            120.554427,
            24.301627
          ],
          [
            120.554357,
            24.301221
          ],
          [
            120.554223,
            24.3009
          ],
          [
            120.553974,
            24.300109
          ],
          [
            120.55377,
            24.299499
          ],
          [
            120.553683,
            24.299197
          ],
          [
            120.553436,
            24.298344
          ],
          [
            120.553217,
            24.297517
          ],
          [
            120.55285,
            24.296844
          ],
          [
            120.552757,
            24.296509
          ],
          [
            120.552748,
            24.296477
          ],
          [
            120.552721,
            24.29635
          ],
          [
            120.552691,
            24.296228
          ],
          [
            120.552652,
            24.296097
          ],
          [
            120.552464,
            24.295416
          ],
          [
            120.552423,
            24.295297
          ],
          [
            120.5522,
            24.294479
          ],
          [
            120.552102,
            24.294124
          ],
          [
            120.552088,
            24.294069
          ],
          [
            120.552041,
            24.293936
          ],
          [
            120.552008,
            24.293849
          ],
          [
            120.551986,
            24.293756
          ],
          [
            120.551965,
            24.293663
          ],
          [
            120.551943,
            24.29357
          ],
          [
            120.552206,
            24.29365
          ],
          [
            120.552755,
            24.293799
          ],
          [
            120.553742,
            24.294058
          ],
          [
            120.554147,
            24.294174
          ],
          [
            120.555171,
            24.294453
          ],
          [
            120.555422,
            24.294528
          ],
          [
            120.555577,
            24.294572
          ],
          [
            120.556487,
            24.29481
          ],
          [
            120.557914,
            24.295199
          ],
          [
            120.558092,
            24.295118
          ],
          [
            120.558576,
            24.294901
          ],
          [
            120.558542,
            24.294833
          ],
          [
            120.558196,
            24.293673
          ],
          [
            120.557989,
            24.29297
          ],
          [
            120.557768,
            24.29224
          ],
          [
            120.557625,
            24.291764
          ],
          [
            120.557529,
            24.291543
          ],
          [
            120.558048,
            24.291394
          ],
          [
            120.557848,
            24.291085
          ],
          [
            120.557775,
            24.291042
          ],
          [
            120.557624,
            24.291086
          ],
          [
            120.557624,
            24.291086
          ],
          [
            120.557775,
            24.291042
          ],
          [
            120.557848,
            24.291085
          ],
          [
            120.558048,
            24.291394
          ],
          [
            120.559133,
            24.29116
          ],
          [
            120.563852,
            24.289955
          ],
          [
            120.563316,
            24.289545
          ],
          [
            120.563123,
            24.289436
          ],
          [
            120.562924,
            24.289178
          ],
          [
            120.562742,
            24.288715
          ],
          [
            120.562779,
            24.288706
          ],
          [
            120.56368,
            24.288479
          ],
          [
            120.56368,
            24.288479
          ],
          [
            120.566768,
            24.2877
          ],
          [
            120.566446,
            24.286683
          ],
          [
            120.566425,
            24.286584
          ],
          [
            120.566442,
            24.286498
          ],
          [
            120.566386,
            24.286266
          ],
          [
            120.567067,
            24.28609
          ],
          [
            120.567067,
            24.28609
          ],
          [
            120.566386,
            24.286266
          ],
          [
            120.566442,
            24.286498
          ],
          [
            120.566425,
            24.286584
          ],
          [
            120.566446,
            24.286683
          ],
          [
            120.566768,
            24.2877
          ],
          [
            120.567189,
            24.289144
          ],
          [
            120.566163,
            24.28939
          ],
          [
            120.565888,
            24.289456
          ],
          [
            120.56435,
            24.289747
          ],
          [
            120.564214,
            24.289899
          ],
          [
            120.564187,
            24.290029
          ],
          [
            120.564171,
            24.290155
          ],
          [
            120.563852,
            24.289955
          ],
          [
            120.563316,
            24.289545
          ],
          [
            120.563123,
            24.289436
          ],
          [
            120.562924,
            24.289178
          ],
          [
            120.562742,
            24.288715
          ],
          [
            120.562549,
            24.288244
          ],
          [
            120.562264,
            24.287268
          ],
          [
            120.562089,
            24.286673
          ],
          [
            120.562065,
            24.286359
          ],
          [
            120.562054,
            24.286291
          ],
          [
            120.562036,
            24.286184
          ],
          [
            120.561988,
            24.285926
          ],
          [
            120.561945,
            24.285723
          ],
          [
            120.561899,
            24.285486
          ],
          [
            120.561808,
            24.28535
          ],
          [
            120.561584,
            24.285081
          ],
          [
            120.561375,
            24.284903
          ],
          [
            120.561204,
            24.284644
          ],
          [
            120.560919,
            24.284331
          ],
          [
            120.560511,
            24.283879
          ],
          [
            120.560383,
            24.283766
          ],
          [
            120.560271,
            24.283494
          ],
          [
            120.559371,
            24.284364
          ],
          [
            120.559315,
            24.284428
          ],
          [
            120.558726,
            24.284543
          ],
          [
            120.5587,
            24.284557
          ],
          [
            120.558686,
            24.284578
          ],
          [
            120.558746,
            24.284928
          ],
          [
            120.558741,
            24.284969
          ],
          [
            120.558383,
            24.28533
          ],
          [
            120.558345,
            24.285346
          ],
          [
            120.558052,
            24.285444
          ],
          [
            120.557905,
            24.284826
          ],
          [
            120.557644,
            24.284655
          ],
          [
            120.557644,
            24.284655
          ],
          [
            120.557905,
            24.284826
          ],
          [
            120.558052,
            24.285444
          ],
          [
            120.55692,
            24.285814
          ],
          [
            120.555763,
            24.286192
          ],
          [
            120.554609,
            24.286572
          ],
          [
            120.553899,
            24.284711
          ],
          [
            120.55455,
            24.284483
          ],
          [
            120.55461,
            24.284445
          ],
          [
            120.554655,
            24.284432
          ],
          [
            120.554743,
            24.28443
          ],
          [
            120.554743,
            24.28443
          ]
        ]
      },
      "properties": {
        "routeId": "taichung-ked-3329-a722fc-d1",
        "city": "taichung",
        "source_file": "taichung/taichung-ked-3329-a722fc-d1.geojson",
        "distance_km": 67.913,
        "duration_min": 132.85906666666668,
        "valhalla_config": "valhalla.json"
      }
    }
  ]
}