{
  "type": "FeatureCollection",
  "features": [
    {
      "type": "Feature",
      "geometry": {
        "type": "LineString",
        "coordinates": [
          [
            120.665549,
            24.181451
          ],
          [
            120.665549,
            24.181451
          ],
          [
            120.665739,
            24.181471
          ],
          [
            120.665822,
            24.181479
          ],
          [
            120.665881,
            24.18107
          ],
          [
            120.665985,
            24.180739
          ],
          [
            120.666003,
            24.180651
          ],
          [
            120.666003,
            24.180651
          ],
          [
            120.666105,
            24.180154
          ],
          [
            120.666287,
            24.179927
          ],
          [
            120.66652,
            24.179646
          ],
          [
            120.666178,
            24.179249
          ],
          [
            120.665974,
            24.179037
          ],
          [
            120.665925,
            24.178987
          ],
          [
            120.665406,
            24.179202
          ],
          [
            120.665361,
            24.179105
          ],
          [
            120.665361,
            24.179105
          ],
          [
            120.665406,
            24.179202
          ],
          [
            120.665925,
            24.178987
          ],
          [
            120.665974,
            24.179037
          ],
          [
            120.666178,
            24.179249
          ],
          [
            120.666224,
            24.179302
          ],
          [
            120.666224,
            24.179302
          ],
          [
            120.66652,
            24.179646
          ],
          [
            120.66656,
            24.17969
          ],
          [
            120.66656,
            24.17969
          ],
          [
            120.666858,
            24.18002
          ],
          [
            120.667052,
            24.180196
          ],
          [
            120.667294,
            24.179888
          ],
          [
            120.667454,
            24.179666
          ],
          [
            120.667173,
            24.179432
          ],
          [
            120.666996,
            24.179289
          ],
          [
            120.66692,
            24.17922
          ],
          [
            120.66692,
            24.17922
          ],
          [
            120.666858,
            24.179163
          ],
          [
            120.667247,
            24.178673
          ],
          [
            120.667534,
            24.178312
          ],
          [
            120.667548,
            24.178178
          ],
          [
            120.667182,
            24.178172
          ],
          [
            120.666817,
            24.178164
          ],
          [
            120.666814,
            24.178343
          ],
          [
            120.666814,
            24.178343
          ],
          [
            120.666817,
            24.178164
          ],
          [
            120.667182,
            24.178172
          ],
          [
            120.667548,
            24.178178
          ],
          [
            120.667625,
            24.178179
          ],
          [
            120.667706,
            24.178181
          ],
          [
            120.6679,
            24.178184
          ],
          [
            120.66808,
            24.178187
          ],
          [
            120.668468,
            24.178193
          ],
          [
            120.668495,
            24.178194
          ],
          [
            120.668588,
            24.178196
          ],
          [
            120.669153,
            24.177454
          ],
          [
            120.669345,
            24.177202
          ],
          [
            120.669899,
            24.176515
          ],
          [
            120.669949,
            24.176599
          ],
          [
            120.670893,
            24.177416
          ],
          [
            120.671344,
            24.177919
          ],
          [
            120.671709,
            24.178326
          ],
          [
            120.672419,
            24.178052
          ],
          [
            120.672513,
            24.178026
          ],
          [
            120.672537,
            24.177749
          ],
          [
            120.672553,
            24.177444
          ],
          [
            120.672595,
            24.176956
          ],
          [
            120.672771,
            24.176911
          ],
          [
            120.672808,
            24.176882
          ],
          [
            120.672834,
            24.176847
          ],
          [
            120.672871,
            24.17679
          ],
          [
            120.672871,
            24.17679
          ],
          [
            120.672926,
            24.176705
          ],
          [
            120.673258,
            24.176195
          ],
          [
            120.673381,
            24.17626
          ],
          [
            120.673845,
            24.175931
          ],
          [
            120.673845,
            24.175931
          ],
          [
            120.67399,
            24.175829
          ],
          [
            120.674178,
            24.176025
          ],
          [
            120.674178,
            24.176025
          ],
          [
            120.674475,
            24.176335
          ],
          [
            120.674505,
            24.176305
          ],
          [
            120.674505,
            24.176305
          ],
          [
            120.674742,
            24.176071
          ],
          [
            120.674572,
            24.175882
          ],
          [
            120.674439,
            24.175738
          ],
          [
            120.674263,
            24.175498
          ],
          [
            120.674184,
            24.175312
          ],
          [
            120.674115,
            24.175074
          ],
          [
            120.674068,
            24.174828
          ],
          [
            120.674068,
            24.174828
          ],
          [
            120.674017,
            24.17456
          ],
          [
            120.673252,
            24.174647
          ],
          [
            120.673276,
            24.17481
          ],
          [
            120.673276,
            24.17481
          ],
          [
            120.673319,
            24.175096
          ],
          [
            120.673306,
            24.175105
          ],
          [
            120.673306,
            24.175105
          ],
          [
            120.672783,
            24.175479
          ],
          [
            120.672783,
            24.175479
          ],
          [
            120.672409,
            24.175747
          ],
          [
            120.672091,
            24.175579
          ],
          [
            120.672018,
            24.175649
          ],
          [
            120.672018,
            24.175649
          ],
          [
            120.672091,
            24.175579
          ],
          [
            120.671856,
            24.175445
          ],
          [
            120.67159,
            24.175315
          ],
          [
            120.672015,
            24.174649
          ],
          [
            120.672015,
            24.174649
          ],
          [
            120.67192,
            24.174797
          ],
          [
            120.67192,
            24.174797
          ],
          [
            120.672035,
            24.174617
          ],
          [
            120.672439,
            24.174685
          ],
          [
            120.672439,
            24.174685
          ],
          [
            120.672035,
            24.174617
          ],
          [
            120.67159,
            24.175315
          ],
          [
            120.671371,
            24.175194
          ],
          [
            120.671079,
            24.175045
          ],
          [
            120.670894,
            24.175352
          ],
          [
            120.670841,
            24.175434
          ],
          [
            120.670667,
            24.175675
          ],
          [
            120.6705,
            24.175893
          ],
          [
            120.670194,
            24.176289
          ],
          [
            120.670633,
            24.176582
          ],
          [
            120.670741,
            24.176667
          ],
          [
            120.670876,
            24.176774
          ],
          [
            120.67094,
            24.176829
          ],
          [
            120.67094,
            24.176829
          ],
          [
            120.671227,
            24.177074
          ],
          [
            120.671208,
            24.177094
          ],
          [
            120.671208,
            24.177094
          ],
          [
            120.671227,
            24.177074
          ],
          [
            120.67147,
            24.176807
          ],
          [
            120.67168,
            24.176877
          ],
          [
            120.671726,
            24.176804
          ],
          [
            120.671726,
            24.176804
          ],
          [
            120.671799,
            24.176688
          ],
          [
            120.67181,
            24.176671
          ],
          [
            120.671847,
            24.176613
          ],
          [
            120.671847,
            24.176613
          ],
          [
            120.671918,
            24.176501
          ],
          [
            120.671918,
            24.176501
          ],
          [
            120.671952,
            24.176449
          ],
          [
            120.67205,
            24.176288
          ],
          [
            120.67205,
            24.176288
          ],
          [
            120.672081,
            24.176237
          ],
          [
            120.672189,
            24.176057
          ],
          [
            120.672189,
            24.176057
          ],
          [
            120.672081,
            24.176237
          ],
          [
            120.671952,
            24.176449
          ],
          [
            120.67181,
            24.176671
          ],
          [
            120.671799,
            24.176688
          ],
          [
            120.67168,
            24.176877
          ],
          [
            120.67147,
            24.176807
          ],
          [
            120.671227,
            24.177074
          ],
          [
            120.670893,
            24.177416
          ],
          [
            120.670598,
            24.177638
          ],
          [
            120.670189,
            24.177947
          ],
          [
            120.669719,
            24.178251
          ],
          [
            120.669828,
            24.17833
          ],
          [
            120.669922,
            24.178399
          ],
          [
            120.66963,
            24.178739
          ],
          [
            120.669742,
            24.178806
          ],
          [
            120.669769,
            24.178843
          ],
          [
            120.669769,
            24.178843
          ],
          [
            120.669742,
            24.178806
          ],
          [
            120.66963,
            24.178739
          ],
          [
            120.669537,
            24.178683
          ],
          [
            120.669434,
            24.178616
          ],
          [
            120.669357,
            24.178565
          ],
          [
            120.669329,
            24.178547
          ],
          [
            120.669329,
            24.178547
          ],
          [
            120.669357,
            24.178565
          ],
          [
            120.669434,
            24.178616
          ],
          [
            120.669138,
            24.17901
          ],
          [
            120.668862,
            24.179377
          ],
          [
            120.668739,
            24.17942
          ],
          [
            120.668503,
            24.179502
          ],
          [
            120.66839,
            24.179542
          ],
          [
            120.668382,
            24.179545
          ],
          [
            120.668382,
            24.179545
          ],
          [
            120.668277,
            24.179581
          ],
          [
            120.668495,
            24.179728
          ],
          [
            120.668525,
            24.179755
          ],
          [
            120.668453,
            24.179849
          ],
          [
            120.668453,
            24.179849
          ],
          [
            120.668525,
            24.179755
          ],
          [
            120.668722,
            24.17988
          ],
          [
            120.669095,
            24.179392
          ],
          [
            120.669095,
            24.179392
          ],
          [
            120.669195,
            24.179261
          ],
          [
            120.669399,
            24.179183
          ],
          [
            120.669896,
            24.179016
          ],
          [
            120.670053,
            24.178962
          ],
          [
            120.67011,
            24.179126
          ],
          [
            120.670312,
            24.179786
          ],
          [
            120.670533,
            24.180144
          ],
          [
            120.671095,
            24.180836
          ],
          [
            120.671298,
            24.181075
          ],
          [
            120.671743,
            24.181307
          ],
          [
            120.672231,
            24.181555
          ],
          [
            120.671943,
            24.182042
          ],
          [
            120.671679,
            24.182491
          ],
          [
            120.671411,
            24.182944
          ],
          [
            120.671138,
            24.183406
          ],
          [
            120.671468,
            24.183568
          ],
          [
            120.671595,
            24.18363
          ],
          [
            120.671568,
            24.183757
          ],
          [
            120.671504,
            24.183809
          ],
          [
            120.671426,
            24.183858
          ],
          [
            120.671621,
            24.184228
          ],
          [
            120.671621,
            24.184228
          ],
          [
            120.671426,
            24.183858
          ],
          [
            120.671348,
            24.183895
          ],
          [
            120.671348,
            24.183895
          ],
          [
            120.671426,
            24.183858
          ],
          [
            120.671504,
            24.183809
          ],
          [
            120.671568,
            24.183757
          ],
          [
            120.671595,
            24.18363
          ],
          [
            120.671921,
            24.183789
          ],
          [
            120.672204,
            24.183316
          ],
          [
            120.672546,
            24.183477
          ],
          [
            120.673245,
            24.182428
          ],
          [
            120.673181,
            24.182322
          ],
          [
            120.673058,
            24.182169
          ],
          [
            120.672676,
            24.182089
          ],
          [
            120.672758,
            24.181934
          ],
          [
            120.672758,
            24.181934
          ],
          [
            120.672676,
            24.182089
          ],
          [
            120.67256,
            24.182524
          ],
          [
            120.67256,
            24.182524
          ],
          [
            120.672676,
            24.182089
          ],
          [
            120.673058,
            24.182169
          ],
          [
            120.673181,
            24.182322
          ],
          [
            120.672218,
            24.18296
          ],
          [
            120.672155,
            24.183012
          ],
          [
            120.672155,
            24.183012
          ],
          [
            120.672218,
            24.18296
          ],
          [
            120.673181,
            24.182322
          ],
          [
            120.673245,
            24.182428
          ],
          [
            120.672546,
            24.183477
          ],
          [
            120.672319,
            24.183817
          ],
          [
            120.672226,
            24.183954
          ],
          [
            120.671623,
            24.184847
          ],
          [
            120.671591,
            24.184898
          ],
          [
            120.670954,
            24.185896
          ],
          [
            120.671232,
            24.186074
          ],
          [
            120.670608,
            24.187031
          ],
          [
            120.669659,
            24.188511
          ],
          [
            120.670204,
            24.188789
          ],
          [
            120.671024,
            24.189177
          ],
          [
            120.67105,
            24.189189
          ],
          [
            120.671063,
            24.189196
          ],
          [
            120.671174,
            24.189245
          ],
          [
            120.671381,
            24.189358
          ],
          [
            120.671476,
            24.189405
          ],
          [
            120.672268,
            24.189808
          ],
          [
            120.673181,
            24.190258
          ],
          [
            120.673198,
            24.19027
          ],
          [
            120.673276,
            24.190316
          ],
          [
            120.67336,
            24.190366
          ],
          [
            120.673255,
            24.190494
          ],
          [
            120.672729,
            24.19114
          ],
          [
            120.672563,
            24.191343
          ],
          [
            120.6724,
            24.191547
          ],
          [
            120.672256,
            24.191731
          ],
          [
            120.671993,
            24.192075
          ],
          [
            120.671924,
            24.192167
          ],
          [
            120.671883,
            24.19222
          ],
          [
            120.671839,
            24.192279
          ],
          [
            120.671734,
            24.192457
          ],
          [
            120.671404,
            24.193012
          ],
          [
            120.671354,
            24.193105
          ],
          [
            120.671306,
            24.193194
          ],
          [
            120.671253,
            24.193296
          ],
          [
            120.671204,
            24.193402
          ],
          [
            120.671174,
            24.193497
          ],
          [
            120.671102,
            24.19373
          ],
          [
            120.671055,
            24.193948
          ],
          [
            120.67102,
            24.194138
          ],
          [
            120.67101,
            24.194241
          ],
          [
            120.671003,
            24.194308
          ],
          [
            120.671,
            24.194414
          ],
          [
            120.670994,
            24.19464
          ],
          [
            120.670989,
            24.194837
          ],
          [
            120.670988,
            24.195124
          ],
          [
            120.670992,
            24.195333
          ],
          [
            120.670994,
            24.195413
          ],
          [
            120.670994,
            24.1955
          ],
          [
            120.670998,
            24.196049
          ],
          [
            120.670999,
            24.196586
          ],
          [
            120.670999,
            24.196681
          ],
          [
            120.670998,
            24.196759
          ],
          [
            120.67099,
            24.197842
          ],
          [
            120.670991,
            24.197942
          ],
          [
            120.671119,
            24.197941
          ],
          [
            120.672214,
            24.197937
          ],
          [
            120.672285,
            24.197937
          ],
          [
            120.672386,
            24.197936
          ],
          [
            120.673491,
            24.197926
          ],
          [
            120.67358,
            24.197925
          ],
          [
            120.673708,
            24.197927
          ],
          [
            120.674787,
            24.197929
          ],
          [
            120.674852,
            24.197929
          ],
          [
            120.674923,
            24.19793
          ],
          [
            120.676025,
            24.197922
          ],
          [
            120.676157,
            24.197921
          ],
          [
            120.676947,
            24.197923
          ],
          [
            120.67823,
            24.197915
          ],
          [
            120.678517,
            24.19791
          ],
          [
            120.679367,
            24.197894
          ],
          [
            120.679493,
            24.197795
          ],
          [
            120.679831,
            24.197493
          ],
          [
            120.680094,
            24.197259
          ],
          [
            120.680481,
            24.196915
          ],
          [
            120.681329,
            24.196167
          ],
          [
            120.682431,
            24.195194
          ],
          [
            120.682754,
            24.194899
          ],
          [
            120.68288,
            24.195219
          ],
          [
            120.682916,
            24.19544
          ],
          [
            120.682916,
            24.19544
          ],
          [
            120.683,
            24.195963
          ],
          [
            120.683,
            24.195963
          ],
          [
            120.68288,
            24.195219
          ],
          [
            120.682754,
            24.194899
          ],
          [
            120.682431,
            24.195194
          ],
          [
            120.681329,
            24.196167
          ],
          [
            120.680481,
            24.196915
          ],
          [
            120.680094,
            24.197259
          ],
          [
            120.679831,
            24.197493
          ],
          [
            120.679493,
            24.197795
          ],
          [
            120.679367,
            24.197894
          ],
          [
            120.67913,
            24.198029
          ],
          [
            120.678788,
            24.198249
          ],
          [
            120.678527,
            24.198418
          ],
          [
            120.677776,
            24.198868
          ],
          [
            120.677712,
            24.198933
          ],
          [
            120.677534,
            24.199251
          ],
          [
            120.677479,
            24.199325
          ],
          [
            120.677447,
            24.199368
          ],
          [
            120.67742,
            24.199405
          ],
          [
            120.677103,
            24.200092
          ],
          [
            120.676918,
            24.200456
          ],
          [
            120.676705,
            24.200789
          ],
          [
            120.676923,
            24.200788
          ],
          [
            120.678082,
            24.200795
          ],
          [
            120.678238,
            24.200822
          ],
          [
            120.678393,
            24.201163
          ],
          [
            120.6784,
            24.201323
          ],
          [
            120.67845,
            24.20146
          ],
          [
            120.678468,
            24.201539
          ],
          [
            120.678538,
            24.201706
          ],
          [
            120.678568,
            24.201824
          ],
          [
            120.678693,
            24.201846
          ],
          [
            120.678795,
            24.201865
          ],
          [
            120.678993,
            24.201879
          ],
          [
            120.679149,
            24.201944
          ],
          [
            120.679351,
            24.2017
          ],
          [
            120.679377,
            24.201603
          ],
          [
            120.67937,
            24.201386
          ],
          [
            120.679604,
            24.201382
          ],
          [
            120.680227,
            24.201375
          ],
          [
            120.680233,
            24.201566
          ],
          [
            120.680233,
            24.201566
          ],
          [
            120.680227,
            24.201375
          ],
          [
            120.679604,
            24.201382
          ],
          [
            120.67937,
            24.201386
          ],
          [
            120.679377,
            24.201603
          ],
          [
            120.679351,
            24.2017
          ],
          [
            120.679149,
            24.201944
          ],
          [
            120.678993,
            24.201879
          ],
          [
            120.678795,
            24.201865
          ],
          [
            120.678693,
            24.201846
          ],
          [
            120.678568,
            24.201824
          ],
          [
            120.678531,
            24.202033
          ],
          [
            120.678479,
            24.202428
          ],
          [
            120.67845,
            24.202586
          ],
          [
            120.67844,
            24.202661
          ],
          [
            120.678105,
            24.202582
          ],
          [
            120.677746,
            24.202421
          ],
          [
            120.677557,
            24.202408
          ],
          [
            120.677557,
            24.202408
          ],
          [
            120.677746,
            24.202421
          ],
          [
            120.678105,
            24.202582
          ],
          [
            120.67844,
            24.202661
          ],
          [
            120.67845,
            24.202586
          ],
          [
            120.678479,
            24.202428
          ],
          [
            120.678647,
            24.202461
          ],
          [
            120.678647,
            24.202461
          ],
          [
            120.678479,
            24.202428
          ],
          [
            120.67845,
            24.202586
          ],
          [
            120.67844,
            24.202661
          ],
          [
            120.678423,
            24.20332
          ],
          [
            120.678587,
            24.20332
          ],
          [
            120.678587,
            24.20332
          ],
          [
            120.678587,
            24.20332
          ],
          [
            120.678587,
            24.20332
          ],
          [
            120.678683,
            24.203367
          ],
          [
            120.678683,
            24.203367
          ],
          [
            120.679038,
            24.203542
          ],
          [
            120.679038,
            24.203542
          ],
          [
            120.678587,
            24.20332
          ],
          [
            120.678423,
            24.20332
          ],
          [
            120.67844,
            24.202661
          ],
          [
            120.67845,
            24.202586
          ],
          [
            120.678479,
            24.202428
          ],
          [
            120.678531,
            24.202033
          ],
          [
            120.678568,
            24.201824
          ],
          [
            120.678693,
            24.201846
          ],
          [
            120.678795,
            24.201865
          ],
          [
            120.678854,
            24.201869
          ],
          [
            120.678854,
            24.201869
          ],
          [
            120.678993,
            24.201879
          ],
          [
            120.679149,
            24.201944
          ],
          [
            120.679369,
            24.202059
          ],
          [
            120.679594,
            24.202198
          ],
          [
            120.679645,
            24.202226
          ],
          [
            120.679711,
            24.202185
          ],
          [
            120.679849,
            24.202284
          ],
          [
            120.67995,
            24.202345
          ],
          [
            120.680363,
            24.202529
          ],
          [
            120.680634,
            24.202714
          ],
          [
            120.680676,
            24.202768
          ],
          [
            120.680758,
            24.202669
          ],
          [
            120.680772,
            24.202652
          ],
          [
            120.680772,
            24.202652
          ],
          [
            120.680758,
            24.202669
          ],
          [
            120.680676,
            24.202768
          ],
          [
            120.68076,
            24.202872
          ],
          [
            120.68086,
            24.203032
          ],
          [
            120.680919,
            24.203076
          ],
          [
            120.681214,
            24.203146
          ],
          [
            120.681214,
            24.203146
          ],
          [
            120.68134,
            24.203176
          ],
          [
            120.682143,
            24.20366
          ],
          [
            120.682465,
            24.203775
          ],
          [
            120.682751,
            24.204006
          ],
          [
            120.683157,
            24.204215
          ],
          [
            120.683441,
            24.204327
          ],
          [
            120.683699,
            24.204382
          ],
          [
            120.684034,
            24.20452
          ],
          [
            120.684395,
            24.204694
          ],
          [
            120.684718,
            24.204783
          ],
          [
            120.684971,
            24.204797
          ],
          [
            120.685059,
            24.20479
          ],
          [
            120.685109,
            24.204786
          ],
          [
            120.685194,
            24.204796
          ],
          [
            120.6856,
            24.204971
          ],
          [
            120.68586,
            24.205047
          ],
          [
            120.686527,
            24.205196
          ],
          [
            120.686541,
            24.204372
          ],
          [
            120.686541,
            24.204372
          ],
          [
            120.686545,
            24.204141
          ],
          [
            120.686547,
            24.202386
          ],
          [
            120.686551,
            24.202294
          ],
          [
            120.686577,
            24.201273
          ],
          [
            120.686577,
            24.200878
          ],
          [
            120.686626,
            24.200873
          ],
          [
            120.686682,
            24.200872
          ],
          [
            120.686685,
            24.201275
          ],
          [
            120.68667,
            24.202025
          ],
          [
            120.68667,
            24.202025
          ],
          [
            120.686662,
            24.202444
          ],
          [
            120.686662,
            24.20251
          ],
          [
            120.686641,
            24.205274
          ],
          [
            120.686811,
            24.205346
          ],
          [
            120.687045,
            24.205442
          ],
          [
            120.68754,
            24.20559
          ],
          [
            120.687651,
            24.205617
          ],
          [
            120.687688,
            24.205449
          ],
          [
            120.687717,
            24.20532
          ],
          [
            120.687786,
            24.205021
          ],
          [
            120.687841,
            24.204785
          ],
          [
            120.687841,
            24.204785
          ],
          [
            120.687841,
            24.204785
          ],
          [
            120.688014,
            24.204361
          ],
          [
            120.688268,
            24.203759
          ],
          [
            120.688268,
            24.203759
          ],
          [
            120.688482,
            24.203251
          ],
          [
            120.688482,
            24.203251
          ],
          [
            120.688612,
            24.202942
          ],
          [
            120.688944,
            24.203155
          ],
          [
            120.689151,
            24.203402
          ],
          [
            120.689372,
            24.203782
          ],
          [
            120.689422,
            24.203857
          ],
          [
            120.689422,
            24.203857
          ],
          [
            120.689372,
            24.203782
          ],
          [
            120.689151,
            24.203402
          ],
          [
            120.688944,
            24.203155
          ],
          [
            120.688612,
            24.202942
          ],
          [
            120.688097,
            24.202518
          ],
          [
            120.687804,
            24.202286
          ],
          [
            120.687237,
            24.201824
          ],
          [
            120.686977,
            24.201566
          ],
          [
            120.686977,
            24.201566
          ],
          [
            120.687237,
            24.201824
          ],
          [
            120.687238,
            24.201825
          ],
          [
            120.687238,
            24.201825
          ],
          [
            120.687804,
            24.202286
          ],
          [
            120.688097,
            24.202518
          ],
          [
            120.688181,
            24.202588
          ],
          [
            120.688181,
            24.202588
          ],
          [
            120.688097,
            24.202518
          ],
          [
            120.687804,
            24.202286
          ],
          [
            120.687237,
            24.201824
          ],
          [
            120.686685,
            24.201275
          ],
          [
            120.686577,
            24.201273
          ],
          [
            120.685448,
            24.201277
          ],
          [
            120.685524,
            24.201473
          ],
          [
            120.685524,
            24.201473
          ],
          [
            120.685448,
            24.201277
          ],
          [
            120.684966,
            24.201286
          ],
          [
            120.684826,
            24.201287
          ],
          [
            120.684613,
            24.201287
          ],
          [
            120.684474,
            24.201276
          ],
          [
            120.684185,
            24.20128
          ],
          [
            120.683479,
            24.201276
          ],
          [
            120.683255,
            24.201327
          ],
          [
            120.683142,
            24.201316
          ],
          [
            120.683069,
            24.201319
          ],
          [
            120.683092,
            24.201764
          ],
          [
            120.683073,
            24.20182
          ],
          [
            120.683369,
            24.201787
          ],
          [
            120.683449,
            24.201797
          ],
          [
            120.683529,
            24.201841
          ],
          [
            120.683647,
            24.201971
          ],
          [
            120.683754,
            24.202102
          ],
          [
            120.68408,
            24.202483
          ],
          [
            120.684156,
            24.202496
          ],
          [
            120.684305,
            24.20248
          ],
          [
            120.684338,
            24.202487
          ],
          [
            120.684379,
            24.202515
          ],
          [
            120.684511,
            24.202722
          ],
          [
            120.684568,
            24.202809
          ],
          [
            120.684588,
            24.202864
          ],
          [
            120.684597,
            24.202954
          ],
          [
            120.684596,
            24.20323
          ],
          [
            120.684582,
            24.203312
          ],
          [
            120.68457,
            24.203444
          ],
          [
            120.68457,
            24.203444
          ],
          [
            120.68457,
            24.203444
          ],
          [
            120.68457,
            24.203444
          ],
          [
            120.68457,
            24.203444
          ],
          [
            120.684582,
            24.203312
          ],
          [
            120.684596,
            24.20323
          ],
          [
            120.684597,
            24.202954
          ],
          [
            120.684588,
            24.202864
          ],
          [
            120.684568,
            24.202809
          ],
          [
            120.684511,
            24.202722
          ],
          [
            120.684379,
            24.202515
          ],
          [
            120.684338,
            24.202487
          ],
          [
            120.684305,
            24.20248
          ],
          [
            120.684156,
            24.202496
          ],
          [
            120.68408,
            24.202483
          ],
          [
            120.683754,
            24.202102
          ],
          [
            120.683647,
            24.201971
          ],
          [
            120.683529,
            24.201841
          ],
          [
            120.683449,
            24.201797
          ],
          [
            120.683369,
            24.201787
          ],
          [
            120.683073,
            24.20182
          ],
          [
            120.683092,
            24.201764
          ],
          [
            120.683069,
            24.201319
          ],
          [
            120.682563,
            24.201323
          ],
          [
            120.680482,
            24.201323
          ],
          [
            120.680501,
            24.200821
          ],
          [
            120.683076,
            24.200842
          ],
          [
            120.683461,
            24.200861
          ],
          [
            120.683784,
            24.200863
          ],
          [
            120.684518,
            24.200871
          ],
          [
            120.684722,
            24.200869
          ],
          [
            120.684992,
            24.200874
          ],
          [
            120.685261,
            24.200866
          ],
          [
            120.685438,
            24.200868
          ],
          [
            120.686577,
            24.200878
          ],
          [
            120.686626,
            24.200873
          ],
          [
            120.686682,
            24.200872
          ],
          [
            120.686685,
            24.201275
          ],
          [
            120.686577,
            24.201273
          ],
          [
            120.685448,
            24.201277
          ],
          [
            120.685593,
            24.201651
          ],
          [
            120.685644,
            24.20182
          ],
          [
            120.685506,
            24.201881
          ],
          [
            120.685506,
            24.201881
          ],
          [
            120.685443,
            24.201909
          ],
          [
            120.685443,
            24.201909
          ],
          [
            120.685644,
            24.20182
          ],
          [
            120.685593,
            24.201651
          ],
          [
            120.685448,
            24.201277
          ],
          [
            120.684966,
            24.201286
          ],
          [
            120.684885,
            24.201252
          ],
          [
            120.684849,
            24.201209
          ],
          [
            120.684847,
            24.200953
          ],
          [
            120.684878,
            24.200925
          ],
          [
            120.684908,
            24.200903
          ],
          [
            120.684992,
            24.200874
          ],
          [
            120.685261,
            24.200866
          ],
          [
            120.685438,
            24.200868
          ],
          [
            120.686577,
            24.200878
          ],
          [
            120.686626,
            24.200873
          ],
          [
            120.686682,
            24.200872
          ],
          [
            120.686727,
            24.200872
          ],
          [
            120.686857,
            24.200844
          ],
          [
            120.688676,
            24.200828
          ],
          [
            120.689621,
            24.200842
          ],
          [
            120.68993,
            24.200845
          ],
          [
            120.690602,
            24.20085
          ],
          [
            120.691448,
            24.200842
          ],
          [
            120.691475,
            24.200856
          ],
          [
            120.693143,
            24.200854
          ],
          [
            120.693405,
            24.20085
          ],
          [
            120.693904,
            24.200834
          ],
          [
            120.696003,
            24.200836
          ],
          [
            120.696695,
            24.200846
          ],
          [
            120.697067,
            24.200861
          ],
          [
            120.697073,
            24.200591
          ],
          [
            120.697073,
            24.200591
          ],
          [
            120.697073,
            24.200591
          ],
          [
            120.697073,
            24.200591
          ],
          [
            120.697067,
            24.200861
          ],
          [
            120.698053,
            24.200899
          ],
          [
            120.69827,
            24.200913
          ],
          [
            120.698906,
            24.200953
          ],
          [
            120.699737,
            24.201012
          ],
          [
            120.699777,
            24.201034
          ],
          [
            120.699753,
            24.201409
          ],
          [
            120.6997,
            24.201468
          ],
          [
            120.698831,
            24.20141
          ],
          [
            120.698232,
            24.201367
          ],
          [
            120.698025,
            24.201352
          ],
          [
            120.697451,
            24.201323
          ],
          [
            120.69669,
            24.201285
          ],
          [
            120.695352,
            24.201279
          ],
          [
            120.694659,
            24.201282
          ],
          [
            120.694488,
            24.201279
          ],
          [
            120.6939,
            24.201281
          ],
          [
            120.693904,
            24.200834
          ],
          [
            120.693866,
            24.200729
          ],
          [
            120.693862,
            24.200606
          ],
          [
            120.693978,
            24.200575
          ],
          [
            120.694271,
            24.200515
          ],
          [
            120.694271,
            24.200515
          ],
          [
            120.694328,
            24.200503
          ],
          [
            120.694573,
            24.200467
          ],
          [
            120.69506,
            24.200392
          ],
          [
            120.695229,
            24.200363
          ],
          [
            120.695229,
            24.200363
          ],
          [
            120.695381,
            24.200337
          ],
          [
            120.695619,
            24.200311
          ],
          [
            120.695941,
            24.20023
          ],
          [
            120.695948,
            24.20013
          ],
          [
            120.695948,
            24.20009
          ],
          [
            120.695938,
            24.200024
          ],
          [
            120.695912,
            24.199949
          ],
          [
            120.695829,
            24.199819
          ],
          [
            120.695769,
            24.199727
          ],
          [
            120.695769,
            24.199727
          ],
          [
            120.695829,
            24.199819
          ],
          [
            120.695912,
            24.199949
          ],
          [
            120.695938,
            24.200024
          ],
          [
            120.695948,
            24.20009
          ],
          [
            120.695948,
            24.20013
          ],
          [
            120.695941,
            24.20023
          ],
          [
            120.695619,
            24.200311
          ],
          [
            120.695381,
            24.200337
          ],
          [
            120.69506,
            24.200392
          ],
          [
            120.694573,
            24.200467
          ],
          [
            120.694328,
            24.200503
          ],
          [
            120.693978,
            24.200575
          ],
          [
            120.693862,
            24.200606
          ],
          [
            120.693866,
            24.200729
          ],
          [
            120.693904,
            24.200834
          ],
          [
            120.696003,
            24.200836
          ],
          [
            120.696695,
            24.200846
          ],
          [
            120.69669,
            24.201285
          ],
          [
            120.695352,
            24.201279
          ],
          [
            120.695341,
            24.201439
          ],
          [
            120.69539,
            24.201567
          ],
          [
            120.695141,
            24.201639
          ],
          [
            120.695141,
            24.201639
          ],
          [
            120.69539,
            24.201567
          ],
          [
            120.695341,
            24.201439
          ],
          [
            120.695352,
            24.201279
          ],
          [
            120.694659,
            24.201282
          ],
          [
            120.69468,
            24.2014
          ],
          [
            120.694753,
            24.201506
          ],
          [
            120.694814,
            24.201559
          ],
          [
            120.694814,
            24.201559
          ],
          [
            120.694909,
            24.201641
          ],
          [
            120.694929,
            24.201686
          ],
          [
            120.694961,
            24.201776
          ],
          [
            120.695031,
            24.202016
          ],
          [
            120.695031,
            24.202016
          ],
          [
            120.694961,
            24.201776
          ],
          [
            120.694929,
            24.201686
          ],
          [
            120.694909,
            24.201641
          ],
          [
            120.694753,
            24.201506
          ],
          [
            120.69468,
            24.2014
          ],
          [
            120.694659,
            24.201282
          ],
          [
            120.694488,
            24.201279
          ],
          [
            120.6939,
            24.201281
          ],
          [
            120.693927,
            24.201433
          ],
          [
            120.69392,
            24.201528
          ],
          [
            120.69392,
            24.201528
          ],
          [
            120.693927,
            24.201433
          ],
          [
            120.6939,
            24.201281
          ],
          [
            120.693515,
            24.201284
          ],
          [
            120.693401,
            24.201272
          ],
          [
            120.692153,
            24.201281
          ],
          [
            120.690605,
            24.201291
          ],
          [
            120.690602,
            24.20085
          ],
          [
            120.691448,
            24.200842
          ],
          [
            120.691475,
            24.200856
          ],
          [
            120.692534,
            24.200855
          ],
          [
            120.692534,
            24.200855
          ],
          [
            120.693143,
            24.200854
          ],
          [
            120.693405,
            24.20085
          ],
          [
            120.693401,
            24.201272
          ],
          [
            120.692153,
            24.201281
          ],
          [
            120.691866,
            24.201283
          ],
          [
            120.691866,
            24.201283
          ],
          [
            120.690605,
            24.201291
          ],
          [
            120.689956,
            24.201293
          ],
          [
            120.689982,
            24.201453
          ],
          [
            120.690048,
            24.2016
          ],
          [
            120.690158,
            24.201731
          ],
          [
            120.690158,
            24.201731
          ],
          [
            120.690195,
            24.201774
          ],
          [
            120.690276,
            24.201884
          ],
          [
            120.690355,
            24.201845
          ],
          [
            120.690893,
            24.201764
          ],
          [
            120.690893,
            24.201764
          ],
          [
            120.691015,
            24.201745
          ],
          [
            120.691168,
            24.20176
          ],
          [
            120.691436,
            24.201919
          ],
          [
            120.692247,
            24.202368
          ],
          [
            120.692247,
            24.202368
          ],
          [
            120.692286,
            24.202389
          ],
          [
            120.692852,
            24.202689
          ],
          [
            120.693876,
            24.203284
          ],
          [
            120.694182,
            24.203438
          ],
          [
            120.694182,
            24.203438
          ],
          [
            120.694124,
            24.203409
          ],
          [
            120.694124,
            24.203409
          ],
          [
            120.693876,
            24.203284
          ],
          [
            120.692852,
            24.202689
          ],
          [
            120.692286,
            24.202389
          ],
          [
            120.692113,
            24.202293
          ],
          [
            120.692113,
            24.202293
          ],
          [
            120.691436,
            24.201919
          ],
          [
            120.691168,
            24.20176
          ],
          [
            120.691015,
            24.201745
          ],
          [
            120.690355,
            24.201845
          ],
          [
            120.690276,
            24.201884
          ],
          [
            120.690321,
            24.20206
          ],
          [
            120.690393,
            24.202684
          ],
          [
            120.690419,
            24.202962
          ],
          [
            120.690419,
            24.202962
          ],
          [
            120.690393,
            24.202684
          ],
          [
            120.690321,
            24.20206
          ],
          [
            120.690276,
            24.201884
          ],
          [
            120.690202,
            24.201915
          ],
          [
            120.690082,
            24.202194
          ],
          [
            120.68995,
            24.202453
          ],
          [
            120.68976,
            24.202749
          ],
          [
            120.68976,
            24.202749
          ],
          [
            120.68995,
            24.202453
          ],
          [
            120.690082,
            24.202194
          ],
          [
            120.690202,
            24.201915
          ],
          [
            120.690276,
            24.201884
          ],
          [
            120.690195,
            24.201774
          ],
          [
            120.690048,
            24.2016
          ],
          [
            120.689982,
            24.201453
          ],
          [
            120.689956,
            24.201293
          ],
          [
            120.68956,
            24.20129
          ],
          [
            120.68956,
            24.20129
          ],
          [
            120.689326,
            24.201289
          ],
          [
            120.688689,
            24.201279
          ],
          [
            120.686685,
            24.201275
          ],
          [
            120.686662,
            24.202444
          ],
          [
            120.686662,
            24.20251
          ],
          [
            120.686641,
            24.205274
          ],
          [
            120.686811,
            24.205346
          ],
          [
            120.687045,
            24.205442
          ],
          [
            120.68754,
            24.20559
          ],
          [
            120.687651,
            24.205617
          ],
          [
            120.687683,
            24.205471
          ],
          [
            120.687683,
            24.205471
          ],
          [
            120.687688,
            24.205449
          ],
          [
            120.687717,
            24.20532
          ],
          [
            120.687786,
            24.205021
          ],
          [
            120.687819,
            24.20488
          ],
          [
            120.687819,
            24.20488
          ],
          [
            120.687841,
            24.204785
          ],
          [
            120.688014,
            24.204361
          ],
          [
            120.688612,
            24.202942
          ],
          [
            120.688097,
            24.202518
          ],
          [
            120.687804,
            24.202286
          ],
          [
            120.687237,
            24.201824
          ],
          [
            120.686685,
            24.201275
          ],
          [
            120.686577,
            24.201273
          ],
          [
            120.685448,
            24.201277
          ],
          [
            120.684966,
            24.201286
          ],
          [
            120.684826,
            24.201287
          ],
          [
            120.684613,
            24.201287
          ],
          [
            120.684474,
            24.201276
          ],
          [
            120.684185,
            24.20128
          ],
          [
            120.683479,
            24.201276
          ],
          [
            120.683255,
            24.201327
          ],
          [
            120.683142,
            24.201316
          ],
          [
            120.683069,
            24.201319
          ],
          [
            120.683092,
            24.201764
          ],
          [
            120.683073,
            24.20182
          ],
          [
            120.683101,
            24.20204
          ],
          [
            120.683138,
            24.202356
          ],
          [
            120.683158,
            24.202598
          ],
          [
            120.683161,
            24.202726
          ],
          [
            120.683164,
            24.202855
          ],
          [
            120.683167,
            24.203012
          ],
          [
            120.683167,
            24.203012
          ],
          [
            120.683164,
            24.202855
          ],
          [
            120.683161,
            24.202726
          ],
          [
            120.683158,
            24.202598
          ],
          [
            120.683138,
            24.202356
          ],
          [
            120.683115,
            24.202158
          ],
          [
            120.683115,
            24.202158
          ],
          [
            120.683101,
            24.20204
          ],
          [
            120.683073,
            24.20182
          ],
          [
            120.683092,
            24.201764
          ],
          [
            120.683069,
            24.201319
          ],
          [
            120.682563,
            24.201323
          ],
          [
            120.680482,
            24.201323
          ],
          [
            120.680501,
            24.200821
          ],
          [
            120.683076,
            24.200842
          ],
          [
            120.683461,
            24.200861
          ],
          [
            120.683784,
            24.200863
          ],
          [
            120.684518,
            24.200871
          ],
          [
            120.684722,
            24.200869
          ],
          [
            120.684992,
            24.200874
          ],
          [
            120.685261,
            24.200866
          ],
          [
            120.685438,
            24.200868
          ],
          [
            120.686577,
            24.200878
          ],
          [
            120.686562,
            24.199939
          ],
          [
            120.686509,
            24.197846
          ],
          [
            120.68646,
            24.196579
          ],
          [
            120.686447,
            24.195351
          ],
          [
            120.686444,
            24.195282
          ],
          [
            120.686442,
            24.1952
          ],
          [
            120.68644,
            24.195137
          ],
          [
            120.686407,
            24.194033
          ],
          [
            120.686399,
            24.193624
          ],
          [
            120.686399,
            24.193512
          ],
          [
            120.686514,
            24.193501
          ],
          [
            120.686627,
            24.193494
          ],
          [
            120.686721,
            24.19348
          ],
          [
            120.687272,
            24.193407
          ],
          [
            120.687432,
            24.193388
          ],
          [
            120.687724,
            24.193354
          ],
          [
            120.687922,
            24.193331
          ],
          [
            120.688024,
            24.193313
          ],
          [
            120.688198,
            24.193293
          ],
          [
            120.688587,
            24.193215
          ],
          [
            120.688809,
            24.19317
          ],
          [
            120.688892,
            24.193155
          ],
          [
            120.689531,
            24.19301
          ],
          [
            120.689628,
            24.193473
          ],
          [
            120.689628,
            24.193473
          ],
          [
            120.689654,
            24.193598
          ],
          [
            120.689729,
            24.193869
          ],
          [
            120.689729,
            24.193869
          ],
          [
            120.689776,
            24.19404
          ],
          [
            120.689788,
            24.194094
          ],
          [
            120.689837,
            24.194312
          ],
          [
            120.689837,
            24.194312
          ],
          [
            120.689879,
            24.194502
          ],
          [
            120.689879,
            24.194502
          ],
          [
            120.689788,
            24.194094
          ],
          [
            120.689776,
            24.19404
          ],
          [
            120.689654,
            24.193598
          ],
          [
            120.689219,
            24.193675
          ],
          [
            120.689219,
            24.193675
          ],
          [
            120.688653,
            24.193776
          ],
          [
            120.688653,
            24.193776
          ],
          [
            120.688387,
            24.193823
          ],
          [
            120.688411,
            24.193923
          ],
          [
            120.688411,
            24.193923
          ],
          [
            120.688387,
            24.193823
          ],
          [
            120.688028,
            24.193885
          ],
          [
            120.688054,
            24.193967
          ],
          [
            120.688054,
            24.193967
          ],
          [
            120.688098,
            24.194104
          ],
          [
            120.687969,
            24.194128
          ],
          [
            120.687881,
            24.194148
          ],
          [
            120.68789,
            24.194197
          ],
          [
            120.68789,
            24.194197
          ],
          [
            120.687966,
            24.194602
          ],
          [
            120.687966,
            24.194602
          ],
          [
            120.688003,
            24.194799
          ],
          [
            120.688003,
            24.194799
          ],
          [
            120.687881,
            24.194148
          ],
          [
            120.687969,
            24.194128
          ],
          [
            120.688098,
            24.194104
          ],
          [
            120.688028,
            24.193885
          ],
          [
            120.687922,
            24.193331
          ],
          [
            120.687724,
            24.193354
          ],
          [
            120.687432,
            24.193388
          ],
          [
            120.687272,
            24.193407
          ],
          [
            120.686721,
            24.19348
          ],
          [
            120.686627,
            24.193494
          ],
          [
            120.686514,
            24.193501
          ],
          [
            120.686399,
            24.193512
          ],
          [
            120.686397,
            24.19343
          ],
          [
            120.686379,
            24.192804
          ],
          [
            120.686343,
            24.191755
          ],
          [
            120.686283,
            24.191755
          ],
          [
            120.685608,
            24.191757
          ],
          [
            120.685606,
            24.192149
          ],
          [
            120.685606,
            24.192149
          ],
          [
            120.685608,
            24.191757
          ],
          [
            120.686283,
            24.191755
          ],
          [
            120.686343,
            24.191755
          ],
          [
            120.686323,
            24.190575
          ],
          [
            120.686322,
            24.190488
          ],
          [
            120.68644,
            24.190489
          ],
          [
            120.686442,
            24.190577
          ],
          [
            120.686514,
            24.193427
          ],
          [
            120.686514,
            24.193501
          ],
          [
            120.686518,
            24.193621
          ],
          [
            120.68653,
            24.194029
          ],
          [
            120.686545,
            24.194615
          ],
          [
            120.686559,
            24.195135
          ],
          [
            120.68656,
            24.195199
          ],
          [
            120.686562,
            24.195283
          ],
          [
            120.686563,
            24.19535
          ],
          [
            120.686575,
            24.195794
          ],
          [
            120.686583,
            24.196576
          ],
          [
            120.686627,
            24.197844
          ],
          [
            120.686681,
            24.199944
          ],
          [
            120.686682,
            24.200872
          ],
          [
            120.686727,
            24.200872
          ],
          [
            120.686877,
            24.200912
          ],
          [
            120.687346,
            24.200907
          ],
          [
            120.692883,
            24.200928
          ],
          [
            120.693275,
            24.201039
          ],
          [
            120.696643,
            24.201032
          ],
          [
            120.696964,
            24.201035
          ],
          [
            120.697335,
            24.201052
          ],
          [
            120.70029,
            24.201222
          ],
          [
            120.700654,
            24.201241
          ],
          [
            120.701026,
            24.201253
          ],
          [
            120.701335,
            24.201252
          ],
          [
            120.701684,
            24.20124
          ],
          [
            120.701998,
            24.201218
          ],
          [
            120.70227,
            24.201187
          ],
          [
            120.702471,
            24.201156
          ],
          [
            120.70268,
            24.201109
          ],
          [
            120.704101,
            24.200736
          ],
          [
            120.704329,
            24.200688
          ],
          [
            120.704566,
            24.200645
          ],
          [
            120.704842,
            24.200607
          ],
          [
            120.705114,
            24.200579
          ],
          [
            120.705374,
            24.200559
          ],
          [
            120.705641,
            24.200545
          ],
          [
            120.706551,
            24.200538
          ],
          [
            120.708598,
            24.200526
          ],
          [
            120.709791,
            24.200513
          ],
          [
            120.710292,
            24.200513
          ],
          [
            120.710859,
            24.200508
          ],
          [
            120.712388,
            24.200499
          ],
          [
            120.713139,
            24.200413
          ],
          [
            120.713761,
            24.200284
          ],
          [
            120.714045,
            24.200206
          ],
          [
            120.714456,
            24.200053
          ],
          [
            120.714523,
            24.200022
          ],
          [
            120.714786,
            24.199905
          ],
          [
            120.715134,
            24.199727
          ],
          [
            120.71538,
            24.199589
          ],
          [
            120.715634,
            24.19944
          ],
          [
            120.71593,
            24.199233
          ],
          [
            120.716165,
            24.199047
          ],
          [
            120.717239,
            24.198227
          ],
          [
            120.717911,
            24.197741
          ],
          [
            120.718589,
            24.197195
          ],
          [
            120.719207,
            24.196686
          ],
          [
            120.719812,
            24.196165
          ],
          [
            120.720606,
            24.195456
          ],
          [
            120.720906,
            24.195178
          ],
          [
            120.721043,
            24.195032
          ],
          [
            120.721173,
            24.19488
          ],
          [
            120.721378,
            24.19462
          ],
          [
            120.721566,
            24.194352
          ],
          [
            120.721744,
            24.194074
          ],
          [
            120.721891,
            24.193814
          ],
          [
            120.72203,
            24.193496
          ],
          [
            120.722174,
            24.193107
          ],
          [
            120.722337,
            24.192485
          ],
          [
            120.7224,
            24.192119
          ],
          [
            120.722422,
            24.191771
          ],
          [
            120.722462,
            24.191297
          ],
          [
            120.722465,
            24.190862
          ],
          [
            120.722412,
            24.188888
          ],
          [
            120.722317,
            24.188531
          ],
          [
            120.722308,
            24.1884
          ],
          [
            120.72222,
            24.187809
          ],
          [
            120.722187,
            24.187523
          ],
          [
            120.721922,
            24.185023
          ],
          [
            120.721624,
            24.182583
          ],
          [
            120.721526,
            24.182104
          ],
          [
            120.721515,
            24.182
          ],
          [
            120.721509,
            24.181942
          ],
          [
            120.721502,
            24.181889
          ],
          [
            120.72178,
            24.18186
          ],
          [
            120.721902,
            24.18184
          ],
          [
            120.722248,
            24.181792
          ],
          [
            120.722501,
            24.181745
          ],
          [
            120.722665,
            24.181701
          ],
          [
            120.722881,
            24.181642
          ],
          [
            120.722937,
            24.181619
          ],
          [
            120.723,
            24.181594
          ],
          [
            120.723078,
            24.181569
          ],
          [
            120.723802,
            24.181334
          ],
          [
            120.723932,
            24.181301
          ],
          [
            120.724299,
            24.181148
          ],
          [
            120.724352,
            24.181127
          ],
          [
            120.724433,
            24.181086
          ],
          [
            120.725349,
            24.180667
          ],
          [
            120.725519,
            24.180589
          ],
          [
            120.725797,
            24.180487
          ],
          [
            120.7259,
            24.180436
          ],
          [
            120.725976,
            24.180399
          ],
          [
            120.726026,
            24.180378
          ],
          [
            120.726088,
            24.180329
          ],
          [
            120.726595,
            24.180071
          ],
          [
            120.727086,
            24.179791
          ],
          [
            120.727643,
            24.179446
          ],
          [
            120.72806,
            24.179155
          ],
          [
            120.728211,
            24.179048
          ],
          [
            120.72839,
            24.178915
          ],
          [
            120.728546,
            24.178787
          ],
          [
            120.728686,
            24.178656
          ],
          [
            120.729568,
            24.177837
          ],
          [
            120.729829,
            24.177594
          ],
          [
            120.729944,
            24.177486
          ],
          [
            120.730058,
            24.177382
          ],
          [
            120.730167,
            24.177277
          ],
          [
            120.73021,
            24.177236
          ],
          [
            120.730273,
            24.177145
          ],
          [
            120.730394,
            24.177172
          ],
          [
            120.73063,
            24.177174
          ],
          [
            120.730991,
            24.177153
          ],
          [
            120.731382,
            24.177085
          ],
          [
            120.731903,
            24.177019
          ],
          [
            120.732518,
            24.176944
          ],
          [
            120.733083,
            24.176894
          ],
          [
            120.733414,
            24.176884
          ],
          [
            120.733677,
            24.176896
          ],
          [
            120.73409,
            24.176991
          ],
          [
            120.734371,
            24.177059
          ],
          [
            120.734574,
            24.177125
          ],
          [
            120.734806,
            24.177225
          ],
          [
            120.734973,
            24.177313
          ],
          [
            120.735692,
            24.177715
          ],
          [
            120.735921,
            24.177851
          ],
          [
            120.73654,
            24.178195
          ],
          [
            120.73685,
            24.178352
          ],
          [
            120.73699,
            24.178404
          ],
          [
            120.73711,
            24.178434
          ],
          [
            120.737196,
            24.178441
          ],
          [
            120.737332,
            24.178453
          ],
          [
            120.737468,
            24.178445
          ],
          [
            120.738054,
            24.178379
          ],
          [
            120.738109,
            24.178374
          ],
          [
            120.738159,
            24.178373
          ],
          [
            120.738265,
            24.178373
          ],
          [
            120.738415,
            24.178383
          ],
          [
            120.738496,
            24.178397
          ],
          [
            120.738584,
            24.178421
          ],
          [
            120.738768,
            24.178502
          ],
          [
            120.738825,
            24.178533
          ],
          [
            120.739071,
            24.178667
          ],
          [
            120.739195,
            24.178733
          ],
          [
            120.739393,
            24.178832
          ],
          [
            120.739585,
            24.178941
          ],
          [
            120.739714,
            24.178947
          ],
          [
            120.739852,
            24.178938
          ],
          [
            120.739881,
            24.178922
          ],
          [
            120.739913,
            24.178913
          ],
          [
            120.739964,
            24.178911
          ],
          [
            120.740014,
            24.178926
          ],
          [
            120.740054,
            24.178955
          ],
          [
            120.74008,
            24.17899
          ],
          [
            120.740093,
            24.17903
          ],
          [
            120.740092,
            24.179073
          ],
          [
            120.740163,
            24.179176
          ],
          [
            120.740289,
            24.17937
          ],
          [
            120.740978,
            24.179922
          ],
          [
            120.741036,
            24.17997
          ],
          [
            120.741532,
            24.180315
          ],
          [
            120.741675,
            24.180483
          ],
          [
            120.741878,
            24.180743
          ],
          [
            120.741997,
            24.180915
          ],
          [
            120.742211,
            24.181132
          ],
          [
            120.742382,
            24.181348
          ],
          [
            120.742502,
            24.181675
          ],
          [
            120.742813,
            24.181894
          ],
          [
            120.743122,
            24.182058
          ],
          [
            120.7433,
            24.18224
          ],
          [
            120.743451,
            24.18241
          ],
          [
            120.743596,
            24.182621
          ],
          [
            120.743686,
            24.182905
          ],
          [
            120.7438,
            24.183314
          ],
          [
            120.743998,
            24.184233
          ],
          [
            120.74411,
            24.184714
          ],
          [
            120.744121,
            24.185017
          ],
          [
            120.744087,
            24.185423
          ],
          [
            120.744086,
            24.185737
          ],
          [
            120.74407,
            24.185806
          ],
          [
            120.744074,
            24.186046
          ],
          [
            120.744103,
            24.186273
          ],
          [
            120.744126,
            24.186389
          ],
          [
            120.744169,
            24.186503
          ],
          [
            120.744243,
            24.186629
          ],
          [
            120.744817,
            24.187595
          ],
          [
            120.74494,
            24.187802
          ],
          [
            120.745144,
            24.188125
          ],
          [
            120.74525,
            24.188312
          ],
          [
            120.745368,
            24.188456
          ],
          [
            120.745434,
            24.188523
          ],
          [
            120.74552,
            24.188574
          ],
          [
            120.745564,
            24.188607
          ],
          [
            120.74563,
            24.188647
          ],
          [
            120.7457,
            24.18869
          ],
          [
            120.745777,
            24.188723
          ],
          [
            120.745894,
            24.188792
          ],
          [
            120.745968,
            24.188886
          ],
          [
            120.746047,
            24.188988
          ],
          [
            120.746097,
            24.189068
          ],
          [
            120.746145,
            24.189157
          ],
          [
            120.746172,
            24.189258
          ],
          [
            120.746196,
            24.189386
          ],
          [
            120.746188,
            24.189917
          ],
          [
            120.746176,
            24.190372
          ],
          [
            120.746176,
            24.190608
          ],
          [
            120.746228,
            24.190774
          ],
          [
            120.746289,
            24.190908
          ],
          [
            120.746549,
            24.191295
          ],
          [
            120.746814,
            24.191925
          ],
          [
            120.747074,
            24.192572
          ],
          [
            120.747182,
            24.192797
          ],
          [
            120.747334,
            24.193208
          ],
          [
            120.747459,
            24.193524
          ],
          [
            120.747561,
            24.193638
          ],
          [
            120.747542,
            24.193682
          ],
          [
            120.747794,
            24.194056
          ],
          [
            120.747927,
            24.194254
          ],
          [
            120.747927,
            24.194254
          ],
          [
            120.747794,
            24.194056
          ],
          [
            120.747542,
            24.193682
          ],
          [
            120.747561,
            24.193638
          ],
          [
            120.747459,
            24.193524
          ],
          [
            120.747334,
            24.193208
          ],
          [
            120.747182,
            24.192797
          ],
          [
            120.747074,
            24.192572
          ],
          [
            120.746814,
            24.191925
          ],
          [
            120.746549,
            24.191295
          ],
          [
            120.746289,
            24.190908
          ],
          [
            120.746228,
            24.190774
          ],
          [
            120.746176,
            24.190608
          ],
          [
            120.746176,
            24.190372
          ],
          [
            120.746188,
            24.189917
          ],
          [
            120.746196,
            24.189386
          ],
          [
            120.746172,
            24.189258
          ],
          [
            120.746145,
            24.189157
          ],
          [
            120.746097,
            24.189068
          ],
          [
            120.746047,
            24.188988
          ],
          [
            120.745968,
            24.188886
          ],
          [
            120.745894,
            24.188792
          ],
          [
            120.745777,
            24.188723
          ],
          [
            120.7457,
            24.18869
          ],
          [
            120.74563,
            24.188647
          ],
          [
            120.745564,
            24.188607
          ],
          [
            120.74552,
            24.188574
          ],
          [
            120.745434,
            24.188523
          ],
          [
            120.745368,
            24.188456
          ],
          [
            120.74525,
            24.188312
          ],
          [
            120.745144,
            24.188125
          ],
          [
            120.74494,
            24.187802
          ],
          [
            120.744817,
            24.187595
          ],
          [
            120.744243,
            24.186629
          ],
          [
            120.744169,
            24.186503
          ],
          [
            120.744126,
            24.186389
          ],
          [
            120.744103,
            24.186273
          ],
          [
            120.744074,
            24.186046
          ],
          [
            120.74407,
            24.185806
          ],
          [
            120.744086,
            24.185737
          ],
          [
            120.744087,
            24.185423
          ],
          [
            120.743888,
            24.184802
          ],
          [
            120.743417,
            24.183111
          ],
          [
            120.743247,
            24.182826
          ],
          [
            120.742928,
            24.182486
          ],
          [
            120.742557,
            24.182052
          ],
          [
            120.742362,
            24.181721
          ],
          [
            120.742235,
            24.181461
          ],
          [
            120.741997,
            24.180915
          ],
          [
            120.741878,
            24.180743
          ],
          [
            120.741675,
            24.180483
          ],
          [
            120.741532,
            24.180315
          ],
          [
            120.741036,
            24.17997
          ],
          [
            120.740978,
            24.179922
          ],
          [
            120.740289,
            24.17937
          ],
          [
            120.739951,
            24.179185
          ],
          [
            120.739906,
            24.179181
          ],
          [
            120.739864,
            24.179165
          ],
          [
            120.739828,
            24.179135
          ],
          [
            120.739803,
            24.179098
          ],
          [
            120.739798,
            24.179078
          ],
          [
            120.739585,
            24.178941
          ],
          [
            120.739393,
            24.178832
          ],
          [
            120.739195,
            24.178733
          ],
          [
            120.739071,
            24.178667
          ],
          [
            120.738825,
            24.178533
          ],
          [
            120.738768,
            24.178502
          ],
          [
            120.738584,
            24.178421
          ],
          [
            120.738496,
            24.178397
          ],
          [
            120.738415,
            24.178383
          ],
          [
            120.738265,
            24.178373
          ],
          [
            120.738159,
            24.178373
          ],
          [
            120.738109,
            24.178374
          ],
          [
            120.738054,
            24.178379
          ],
          [
            120.737468,
            24.178445
          ],
          [
            120.737332,
            24.178453
          ],
          [
            120.737196,
            24.178441
          ],
          [
            120.73711,
            24.178434
          ],
          [
            120.73699,
            24.178404
          ],
          [
            120.73685,
            24.178352
          ],
          [
            120.73654,
            24.178195
          ],
          [
            120.735921,
            24.177851
          ],
          [
            120.735692,
            24.177715
          ],
          [
            120.734973,
            24.177313
          ],
          [
            120.734806,
            24.177225
          ],
          [
            120.734574,
            24.177125
          ],
          [
            120.734371,
            24.177059
          ],
          [
            120.73409,
            24.176991
          ],
          [
            120.733677,
            24.176896
          ],
          [
            120.733414,
            24.176884
          ],
          [
            120.733083,
            24.176894
          ],
          [
            120.732518,
            24.176944
          ],
          [
            120.731903,
            24.177019
          ],
          [
            120.731382,
            24.177085
          ],
          [
            120.730991,
            24.177153
          ],
          [
            120.73063,
            24.177174
          ],
          [
            120.730394,
            24.177172
          ],
          [
            120.730261,
            24.177348
          ],
          [
            120.730208,
            24.177405
          ],
          [
            120.729735,
            24.177839
          ],
          [
            120.729239,
            24.17829
          ],
          [
            120.728988,
            24.17852
          ],
          [
            120.72875,
            24.178742
          ],
          [
            120.728551,
            24.178918
          ],
          [
            120.728338,
            24.179081
          ],
          [
            120.728178,
            24.179199
          ],
          [
            120.728101,
            24.179255
          ],
          [
            120.727862,
            24.179419
          ],
          [
            120.727516,
            24.179658
          ],
          [
            120.727173,
            24.179882
          ],
          [
            120.72692,
            24.180024
          ],
          [
            120.7265,
            24.180242
          ],
          [
            120.726146,
            24.180422
          ],
          [
            120.726068,
            24.180461
          ],
          [
            120.726024,
            24.180488
          ],
          [
            120.725912,
            24.180539
          ],
          [
            120.72562,
            24.180671
          ],
          [
            120.725564,
            24.180696
          ],
          [
            120.725365,
            24.180779
          ],
          [
            120.725046,
            24.180925
          ],
          [
            120.724812,
            24.181037
          ],
          [
            120.724485,
            24.181185
          ],
          [
            120.724406,
            24.181222
          ],
          [
            120.724345,
            24.181247
          ],
          [
            120.724061,
            24.181366
          ],
          [
            120.723901,
            24.181426
          ],
          [
            120.72374,
            24.181478
          ],
          [
            120.723124,
            24.181683
          ],
          [
            120.723047,
            24.181707
          ],
          [
            120.72298,
            24.181726
          ],
          [
            120.722662,
            24.181817
          ],
          [
            120.72241,
            24.181886
          ],
          [
            120.722221,
            24.181903
          ],
          [
            120.721962,
            24.181942
          ],
          [
            120.721856,
            24.181955
          ],
          [
            120.721882,
            24.182032
          ],
          [
            120.721885,
            24.182041
          ],
          [
            120.721909,
            24.182546
          ],
          [
            120.722486,
            24.187517
          ],
          [
            120.722523,
            24.187895
          ],
          [
            120.72253,
            24.188031
          ],
          [
            120.72254,
            24.188186
          ],
          [
            120.722521,
            24.188517
          ],
          [
            120.722518,
            24.189095
          ],
          [
            120.722531,
            24.189685
          ],
          [
            120.722576,
            24.190854
          ],
          [
            120.722562,
            24.19151
          ],
          [
            120.722537,
            24.191756
          ],
          [
            120.722506,
            24.19213
          ],
          [
            120.722443,
            24.192495
          ],
          [
            120.722362,
            24.192848
          ],
          [
            120.722274,
            24.193144
          ],
          [
            120.72212,
            24.193531
          ],
          [
            120.721976,
            24.193851
          ],
          [
            120.721824,
            24.194117
          ],
          [
            120.721645,
            24.194398
          ],
          [
            120.721464,
            24.194684
          ],
          [
            120.72125,
            24.194942
          ],
          [
            120.720971,
            24.195242
          ],
          [
            120.720682,
            24.19554
          ],
          [
            120.719898,
            24.19625
          ],
          [
            120.718954,
            24.197044
          ],
          [
            120.717987,
            24.197834
          ],
          [
            120.717768,
            24.198012
          ],
          [
            120.7168,
            24.19876
          ],
          [
            120.715563,
            24.199641
          ],
          [
            120.715239,
            24.199818
          ],
          [
            120.714469,
            24.200176
          ],
          [
            120.71422,
            24.20026
          ],
          [
            120.713781,
            24.200386
          ],
          [
            120.713147,
            24.200525
          ],
          [
            120.71238,
            24.20061
          ],
          [
            120.711216,
            24.20062
          ],
          [
            120.711039,
            24.200621
          ],
          [
            120.710504,
            24.200624
          ],
          [
            120.709792,
            24.200627
          ],
          [
            120.70934,
            24.200631
          ],
          [
            120.706564,
            24.200654
          ],
          [
            120.705376,
            24.200679
          ],
          [
            120.705125,
            24.200697
          ],
          [
            120.704857,
            24.200725
          ],
          [
            120.704581,
            24.200767
          ],
          [
            120.704351,
            24.200809
          ],
          [
            120.704133,
            24.200857
          ],
          [
            120.702711,
            24.201227
          ],
          [
            120.702486,
            24.201272
          ],
          [
            120.70228,
            24.201301
          ],
          [
            120.702,
            24.201326
          ],
          [
            120.701686,
            24.201344
          ],
          [
            120.701331,
            24.201357
          ],
          [
            120.70102,
            24.201356
          ],
          [
            120.700646,
            24.201343
          ],
          [
            120.700285,
            24.201325
          ],
          [
            120.697326,
            24.201178
          ],
          [
            120.696959,
            24.201164
          ],
          [
            120.696631,
            24.201158
          ],
          [
            120.693261,
            24.201139
          ],
          [
            120.692942,
            24.201198
          ],
          [
            120.692775,
            24.201207
          ],
          [
            120.687,
            24.201194
          ],
          [
            120.686685,
            24.201275
          ],
          [
            120.686577,
            24.201273
          ],
          [
            120.686577,
            24.200878
          ],
          [
            120.686562,
            24.199939
          ],
          [
            120.686509,
            24.197846
          ],
          [
            120.68646,
            24.196579
          ],
          [
            120.686447,
            24.195351
          ],
          [
            120.686444,
            24.195282
          ],
          [
            120.686442,
            24.1952
          ],
          [
            120.68644,
            24.195137
          ],
          [
            120.686407,
            24.194033
          ],
          [
            120.686399,
            24.193624
          ],
          [
            120.686399,
            24.193512
          ],
          [
            120.686514,
            24.193501
          ],
          [
            120.686518,
            24.193621
          ],
          [
            120.68653,
            24.194029
          ],
          [
            120.686545,
            24.194615
          ],
          [
            120.687528,
            24.194599
          ],
          [
            120.687598,
            24.194598
          ],
          [
            120.687612,
            24.194683
          ],
          [
            120.687634,
            24.194819
          ],
          [
            120.687634,
            24.194819
          ],
          [
            120.687612,
            24.194683
          ],
          [
            120.687598,
            24.194598
          ],
          [
            120.687528,
            24.194599
          ],
          [
            120.68726,
            24.194603
          ],
          [
            120.68726,
            24.194603
          ],
          [
            120.686545,
            24.194615
          ],
          [
            120.686559,
            24.195135
          ],
          [
            120.68656,
            24.195199
          ],
          [
            120.686562,
            24.195283
          ],
          [
            120.686563,
            24.19535
          ],
          [
            120.686575,
            24.195794
          ],
          [
            120.68667,
            24.195792
          ],
          [
            120.687465,
            24.195772
          ],
          [
            120.687465,
            24.195772
          ],
          [
            120.687785,
            24.195764
          ],
          [
            120.687917,
            24.196583
          ],
          [
            120.68828,
            24.196575
          ],
          [
            120.68828,
            24.196575
          ],
          [
            120.688575,
            24.196568
          ],
          [
            120.689643,
            24.196582
          ],
          [
            120.689655,
            24.196358
          ],
          [
            120.689655,
            24.196358
          ],
          [
            120.689643,
            24.196582
          ],
          [
            120.690024,
            24.196578
          ],
          [
            120.690024,
            24.196578
          ],
          [
            120.690546,
            24.196573
          ],
          [
            120.690564,
            24.195964
          ],
          [
            120.690554,
            24.195373
          ],
          [
            120.690553,
            24.194777
          ],
          [
            120.690549,
            24.194169
          ],
          [
            120.690554,
            24.193469
          ],
          [
            120.690531,
            24.192792
          ],
          [
            120.689531,
            24.19301
          ],
          [
            120.688892,
            24.193155
          ],
          [
            120.688809,
            24.19317
          ],
          [
            120.688587,
            24.193215
          ],
          [
            120.688198,
            24.193293
          ],
          [
            120.688024,
            24.193313
          ],
          [
            120.687922,
            24.193331
          ],
          [
            120.687724,
            24.193354
          ],
          [
            120.687432,
            24.193388
          ],
          [
            120.687272,
            24.193407
          ],
          [
            120.687118,
            24.193427
          ],
          [
            120.687118,
            24.193427
          ]
        ]
      },
      "properties": {
        "routeId": "taichung-keg-8169-a58680-d6",
        "city": "taichung",
        "source_file": "taichung/taichung-keg-8169-a58680-d6.geojson",
        "distance_km": 52.733999999999995,
        "duration_min": 95.4976,
        "valhalla_config": "valhalla.json"
      }
    }
  ]
}