{
  "type": "FeatureCollection",
  "features": [
    {
      "type": "Feature",
      "geometry": {
        "type": "LineString",
        "coordinates": [
          [
            120.62405,
            24.178615
          ],
          [
            120.62405,
            24.178615
          ],
          [
            120.6242,
            24.178537
          ],
          [
            120.624258,
            24.178505
          ],
          [
            120.624357,
            24.178449
          ],
          [
            120.624254,
            24.178239
          ],
          [
            120.624254,
            24.178239
          ],
          [
            120.62385,
            24.177413
          ],
          [
            120.623655,
            24.177506
          ],
          [
            120.623655,
            24.177506
          ],
          [
            120.62385,
            24.177413
          ],
          [
            120.623604,
            24.176916
          ],
          [
            120.623454,
            24.176612
          ],
          [
            120.623454,
            24.176612
          ],
          [
            120.623604,
            24.176916
          ],
          [
            120.622836,
            24.177277
          ],
          [
            120.622836,
            24.177277
          ],
          [
            120.621994,
            24.177672
          ],
          [
            120.621573,
            24.176684
          ],
          [
            120.622053,
            24.176471
          ],
          [
            120.623145,
            24.175987
          ],
          [
            120.622615,
            24.174966
          ],
          [
            120.622241,
            24.174239
          ],
          [
            120.622225,
            24.174211
          ],
          [
            120.622179,
            24.174123
          ],
          [
            120.622095,
            24.173977
          ],
          [
            120.622075,
            24.173938
          ],
          [
            120.621831,
            24.173475
          ],
          [
            120.621485,
            24.17279
          ],
          [
            120.621352,
            24.172836
          ],
          [
            120.621124,
            24.172942
          ],
          [
            120.62105,
            24.172967
          ],
          [
            120.62105,
            24.172967
          ],
          [
            120.621124,
            24.172942
          ],
          [
            120.621352,
            24.172836
          ],
          [
            120.621485,
            24.17279
          ],
          [
            120.621831,
            24.173475
          ],
          [
            120.622075,
            24.173938
          ],
          [
            120.622095,
            24.173977
          ],
          [
            120.622179,
            24.174123
          ],
          [
            120.622225,
            24.174211
          ],
          [
            120.622241,
            24.174239
          ],
          [
            120.622615,
            24.174966
          ],
          [
            120.623145,
            24.175987
          ],
          [
            120.622053,
            24.176471
          ],
          [
            120.623145,
            24.175987
          ],
          [
            120.622615,
            24.174966
          ],
          [
            120.622241,
            24.174239
          ],
          [
            120.622225,
            24.174211
          ],
          [
            120.622179,
            24.174123
          ],
          [
            120.622095,
            24.173977
          ],
          [
            120.622075,
            24.173938
          ],
          [
            120.621831,
            24.173475
          ],
          [
            120.621485,
            24.17279
          ],
          [
            120.621352,
            24.172836
          ],
          [
            120.621124,
            24.172942
          ],
          [
            120.62105,
            24.172967
          ],
          [
            120.62105,
            24.172967
          ],
          [
            120.621124,
            24.172942
          ],
          [
            120.621352,
            24.172836
          ],
          [
            120.621485,
            24.17279
          ],
          [
            120.621831,
            24.173475
          ],
          [
            120.622075,
            24.173938
          ],
          [
            120.622095,
            24.173977
          ],
          [
            120.622179,
            24.174123
          ],
          [
            120.622012,
            24.174176
          ],
          [
            120.621973,
            24.174191
          ],
          [
            120.621412,
            24.174403
          ],
          [
            120.621388,
            24.174243
          ],
          [
            120.621377,
            24.174137
          ],
          [
            120.621346,
            24.174054
          ],
          [
            120.621295,
            24.173951
          ],
          [
            120.62119,
            24.173832
          ],
          [
            120.621052,
            24.173702
          ],
          [
            120.620973,
            24.17364
          ],
          [
            120.620861,
            24.173525
          ],
          [
            120.620812,
            24.173438
          ],
          [
            120.620843,
            24.173345
          ],
          [
            120.620843,
            24.173345
          ],
          [
            120.620812,
            24.173438
          ],
          [
            120.620861,
            24.173525
          ],
          [
            120.620973,
            24.17364
          ],
          [
            120.621052,
            24.173702
          ],
          [
            120.62119,
            24.173832
          ],
          [
            120.621295,
            24.173951
          ],
          [
            120.621346,
            24.174054
          ],
          [
            120.621377,
            24.174137
          ],
          [
            120.621388,
            24.174243
          ],
          [
            120.621412,
            24.174403
          ],
          [
            120.621973,
            24.174191
          ],
          [
            120.622012,
            24.174176
          ],
          [
            120.622179,
            24.174123
          ],
          [
            120.622095,
            24.173977
          ],
          [
            120.622075,
            24.173938
          ],
          [
            120.621831,
            24.173475
          ],
          [
            120.621485,
            24.17279
          ],
          [
            120.620738,
            24.171352
          ],
          [
            120.620626,
            24.171396
          ],
          [
            120.620475,
            24.171454
          ],
          [
            120.620475,
            24.171454
          ],
          [
            120.620626,
            24.171396
          ],
          [
            120.620738,
            24.171352
          ],
          [
            120.62064,
            24.171151
          ],
          [
            120.62064,
            24.171151
          ],
          [
            120.620567,
            24.171001
          ],
          [
            120.620337,
            24.170549
          ],
          [
            120.620136,
            24.170142
          ],
          [
            120.619932,
            24.169735
          ],
          [
            120.619631,
            24.169114
          ],
          [
            120.619615,
            24.169078
          ],
          [
            120.619573,
            24.168973
          ],
          [
            120.61947,
            24.168715
          ],
          [
            120.61945,
            24.168662
          ],
          [
            120.619434,
            24.16862
          ],
          [
            120.619426,
            24.1686
          ],
          [
            120.619407,
            24.168549
          ],
          [
            120.619263,
            24.16865
          ],
          [
            120.619215,
            24.168575
          ],
          [
            120.619168,
            24.1685
          ],
          [
            120.619134,
            24.168443
          ],
          [
            120.619117,
            24.168406
          ],
          [
            120.619101,
            24.168366
          ],
          [
            120.619073,
            24.168317
          ],
          [
            120.619073,
            24.168317
          ],
          [
            120.619101,
            24.168366
          ],
          [
            120.619117,
            24.168406
          ],
          [
            120.619134,
            24.168443
          ],
          [
            120.619168,
            24.1685
          ],
          [
            120.619342,
            24.168381
          ],
          [
            120.619286,
            24.168225
          ],
          [
            120.619273,
            24.168186
          ],
          [
            120.619199,
            24.167975
          ],
          [
            120.619181,
            24.167922
          ],
          [
            120.619105,
            24.167631
          ],
          [
            120.619105,
            24.167631
          ],
          [
            120.619059,
            24.167456
          ],
          [
            120.618946,
            24.167003
          ],
          [
            120.618728,
            24.165942
          ],
          [
            120.618667,
            24.165561
          ],
          [
            120.618542,
            24.165618
          ],
          [
            120.618496,
            24.165636
          ],
          [
            120.618489,
            24.165642
          ],
          [
            120.618483,
            24.16565
          ],
          [
            120.61848,
            24.165657
          ],
          [
            120.618478,
            24.165664
          ],
          [
            120.618465,
            24.165767
          ],
          [
            120.618454,
            24.16582
          ],
          [
            120.618458,
            24.165909
          ],
          [
            120.618454,
            24.165948
          ],
          [
            120.618449,
            24.165974
          ],
          [
            120.618449,
            24.165974
          ],
          [
            120.618454,
            24.165948
          ],
          [
            120.618458,
            24.165909
          ],
          [
            120.618454,
            24.16582
          ],
          [
            120.618465,
            24.165767
          ],
          [
            120.618478,
            24.165664
          ],
          [
            120.61848,
            24.165657
          ],
          [
            120.618483,
            24.16565
          ],
          [
            120.618489,
            24.165642
          ],
          [
            120.618496,
            24.165636
          ],
          [
            120.618542,
            24.165618
          ],
          [
            120.618667,
            24.165561
          ],
          [
            120.618603,
            24.165202
          ],
          [
            120.618603,
            24.165202
          ],
          [
            120.618503,
            24.164644
          ],
          [
            120.618503,
            24.164644
          ],
          [
            120.618439,
            24.164287
          ],
          [
            120.618439,
            24.164287
          ],
          [
            120.618365,
            24.163873
          ],
          [
            120.618356,
            24.163773
          ],
          [
            120.6183,
            24.163428
          ],
          [
            120.61814,
            24.162537
          ],
          [
            120.618036,
            24.161999
          ],
          [
            120.617971,
            24.161605
          ],
          [
            120.617794,
            24.160664
          ],
          [
            120.6176,
            24.159693
          ],
          [
            120.617588,
            24.159633
          ],
          [
            120.617536,
            24.159339
          ],
          [
            120.617135,
            24.157228
          ],
          [
            120.617069,
            24.156787
          ],
          [
            120.617048,
            24.156584
          ],
          [
            120.617024,
            24.156323
          ],
          [
            120.616992,
            24.15615
          ],
          [
            120.616982,
            24.156092
          ],
          [
            120.616949,
            24.155896
          ],
          [
            120.616839,
            24.15493
          ],
          [
            120.616742,
            24.154261
          ],
          [
            120.616701,
            24.153926
          ],
          [
            120.616668,
            24.153661
          ],
          [
            120.614864,
            24.153658
          ],
          [
            120.61482,
            24.153657
          ],
          [
            120.614605,
            24.153678
          ],
          [
            120.614243,
            24.153741
          ],
          [
            120.613253,
            24.154086
          ],
          [
            120.612768,
            24.154234
          ],
          [
            120.612539,
            24.154314
          ],
          [
            120.612439,
            24.154339
          ],
          [
            120.611577,
            24.15463
          ],
          [
            120.611279,
            24.15473
          ],
          [
            120.610019,
            24.155129
          ],
          [
            120.609612,
            24.155281
          ],
          [
            120.608993,
            24.155553
          ],
          [
            120.60879,
            24.155627
          ],
          [
            120.608933,
            24.155777
          ],
          [
            120.609037,
            24.15584
          ],
          [
            120.6096,
            24.156158
          ],
          [
            120.609652,
            24.156211
          ],
          [
            120.609687,
            24.156272
          ],
          [
            120.609855,
            24.156704
          ],
          [
            120.610588,
            24.158677
          ],
          [
            120.610725,
            24.159
          ],
          [
            120.610753,
            24.159049
          ],
          [
            120.610833,
            24.159152
          ],
          [
            120.61171,
            24.160344
          ],
          [
            120.612457,
            24.159827
          ],
          [
            120.612615,
            24.160163
          ],
          [
            120.612767,
            24.160111
          ],
          [
            120.613024,
            24.160048
          ],
          [
            120.613133,
            24.160036
          ],
          [
            120.613403,
            24.159973
          ],
          [
            120.613661,
            24.159928
          ],
          [
            120.613845,
            24.159883
          ],
          [
            120.614049,
            24.159858
          ],
          [
            120.614889,
            24.159701
          ],
          [
            120.615068,
            24.159682
          ],
          [
            120.615577,
            24.1597
          ],
          [
            120.616342,
            24.159769
          ],
          [
            120.616607,
            24.159771
          ],
          [
            120.616759,
            24.159763
          ],
          [
            120.617444,
            24.159706
          ],
          [
            120.617444,
            24.159706
          ],
          [
            120.6176,
            24.159693
          ],
          [
            120.617794,
            24.160664
          ],
          [
            120.617909,
            24.160655
          ],
          [
            120.618106,
            24.160647
          ],
          [
            120.618455,
            24.160666
          ],
          [
            120.618619,
            24.16067
          ],
          [
            120.618619,
            24.16067
          ],
          [
            120.618455,
            24.160666
          ],
          [
            120.618106,
            24.160647
          ],
          [
            120.617909,
            24.160655
          ],
          [
            120.617794,
            24.160664
          ],
          [
            120.6176,
            24.159693
          ],
          [
            120.618095,
            24.159649
          ],
          [
            120.618277,
            24.159622
          ],
          [
            120.618682,
            24.159588
          ],
          [
            120.619032,
            24.15955
          ],
          [
            120.619367,
            24.159474
          ],
          [
            120.619513,
            24.159423
          ],
          [
            120.61966,
            24.159389
          ],
          [
            120.619717,
            24.159386
          ],
          [
            120.619792,
            24.159393
          ],
          [
            120.620034,
            24.159486
          ],
          [
            120.620109,
            24.159351
          ],
          [
            120.620166,
            24.159269
          ],
          [
            120.620241,
            24.15918
          ],
          [
            120.620273,
            24.159359
          ],
          [
            120.620702,
            24.161029
          ],
          [
            120.620929,
            24.161708
          ],
          [
            120.620979,
            24.161847
          ],
          [
            120.620979,
            24.161847
          ],
          [
            120.620929,
            24.161708
          ],
          [
            120.620702,
            24.161029
          ],
          [
            120.620273,
            24.159359
          ],
          [
            120.620241,
            24.15918
          ],
          [
            120.620166,
            24.159269
          ],
          [
            120.620109,
            24.159351
          ],
          [
            120.620034,
            24.159486
          ],
          [
            120.619792,
            24.159393
          ],
          [
            120.619695,
            24.159566
          ],
          [
            120.619642,
            24.159679
          ],
          [
            120.619608,
            24.159811
          ],
          [
            120.619594,
            24.159906
          ],
          [
            120.619593,
            24.159988
          ],
          [
            120.619599,
            24.160093
          ],
          [
            120.619616,
            24.1602
          ],
          [
            120.619641,
            24.160289
          ],
          [
            120.619715,
            24.160426
          ],
          [
            120.619825,
            24.160579
          ],
          [
            120.619939,
            24.16069
          ],
          [
            120.620066,
            24.160779
          ],
          [
            120.620166,
            24.160873
          ],
          [
            120.620264,
            24.16102
          ],
          [
            120.620286,
            24.161071
          ],
          [
            120.620316,
            24.161173
          ],
          [
            120.620328,
            24.161301
          ],
          [
            120.620312,
            24.161422
          ],
          [
            120.620281,
            24.161548
          ],
          [
            120.620231,
            24.161692
          ],
          [
            120.620202,
            24.161864
          ],
          [
            120.62018,
            24.162026
          ],
          [
            120.620206,
            24.162229
          ],
          [
            120.620039,
            24.162249
          ],
          [
            120.619534,
            24.162336
          ],
          [
            120.619232,
            24.162392
          ],
          [
            120.618882,
            24.162407
          ],
          [
            120.61867,
            24.162457
          ],
          [
            120.618584,
            24.162474
          ],
          [
            120.61847,
            24.162493
          ],
          [
            120.618431,
            24.162499
          ],
          [
            120.618273,
            24.162517
          ],
          [
            120.61814,
            24.162537
          ],
          [
            120.618286,
            24.163349
          ],
          [
            120.618286,
            24.163349
          ],
          [
            120.6183,
            24.163428
          ],
          [
            120.618356,
            24.163773
          ],
          [
            120.618365,
            24.163873
          ],
          [
            120.618543,
            24.164868
          ],
          [
            120.618543,
            24.164868
          ],
          [
            120.618667,
            24.165561
          ],
          [
            120.618728,
            24.165942
          ],
          [
            120.618946,
            24.167003
          ],
          [
            120.618973,
            24.167111
          ],
          [
            120.618973,
            24.167111
          ],
          [
            120.619059,
            24.167456
          ],
          [
            120.619181,
            24.167922
          ],
          [
            120.619199,
            24.167975
          ],
          [
            120.619235,
            24.168078
          ],
          [
            120.619235,
            24.168078
          ],
          [
            120.619273,
            24.168186
          ],
          [
            120.619286,
            24.168225
          ],
          [
            120.619342,
            24.168381
          ],
          [
            120.619374,
            24.168463
          ],
          [
            120.619407,
            24.168549
          ],
          [
            120.619426,
            24.1686
          ],
          [
            120.619434,
            24.16862
          ],
          [
            120.61945,
            24.168662
          ],
          [
            120.61947,
            24.168715
          ],
          [
            120.619573,
            24.168973
          ],
          [
            120.619595,
            24.168842
          ],
          [
            120.619611,
            24.16881
          ],
          [
            120.619616,
            24.168799
          ],
          [
            120.619665,
            24.1687
          ],
          [
            120.619707,
            24.168713
          ],
          [
            120.619718,
            24.168752
          ],
          [
            120.619853,
            24.168831
          ],
          [
            120.619934,
            24.168895
          ],
          [
            120.619934,
            24.168895
          ],
          [
            120.619853,
            24.168831
          ],
          [
            120.619718,
            24.168752
          ],
          [
            120.619707,
            24.168713
          ],
          [
            120.619665,
            24.1687
          ],
          [
            120.619616,
            24.168799
          ],
          [
            120.619611,
            24.16881
          ],
          [
            120.619595,
            24.168842
          ],
          [
            120.619573,
            24.168973
          ],
          [
            120.619615,
            24.169078
          ],
          [
            120.619631,
            24.169114
          ],
          [
            120.619793,
            24.169447
          ],
          [
            120.619793,
            24.169447
          ],
          [
            120.619932,
            24.169735
          ],
          [
            120.620136,
            24.170142
          ],
          [
            120.620337,
            24.170549
          ],
          [
            120.620567,
            24.171001
          ],
          [
            120.620738,
            24.171352
          ],
          [
            120.621485,
            24.17279
          ],
          [
            120.621831,
            24.173475
          ],
          [
            120.622075,
            24.173938
          ],
          [
            120.622095,
            24.173977
          ],
          [
            120.622179,
            24.174123
          ],
          [
            120.622282,
            24.17404
          ],
          [
            120.622603,
            24.173926
          ],
          [
            120.622603,
            24.173926
          ],
          [
            120.623914,
            24.173462
          ],
          [
            120.623914,
            24.173462
          ],
          [
            120.624829,
            24.173138
          ],
          [
            120.624814,
            24.173097
          ],
          [
            120.625487,
            24.172833
          ],
          [
            120.625553,
            24.173024
          ],
          [
            120.624828,
            24.173296
          ],
          [
            120.624718,
            24.173257
          ],
          [
            120.6235,
            24.173679
          ],
          [
            120.622375,
            24.174075
          ],
          [
            120.622309,
            24.174096
          ],
          [
            120.622179,
            24.174123
          ],
          [
            120.622095,
            24.173977
          ],
          [
            120.622075,
            24.173938
          ],
          [
            120.621831,
            24.173475
          ],
          [
            120.621485,
            24.17279
          ],
          [
            120.620738,
            24.171352
          ],
          [
            120.620567,
            24.171001
          ],
          [
            120.620337,
            24.170549
          ],
          [
            120.620178,
            24.170228
          ],
          [
            120.620178,
            24.170228
          ],
          [
            120.620136,
            24.170142
          ],
          [
            120.619932,
            24.169735
          ],
          [
            120.619631,
            24.169114
          ],
          [
            120.619615,
            24.169078
          ],
          [
            120.619573,
            24.168973
          ],
          [
            120.61947,
            24.168715
          ],
          [
            120.61945,
            24.168662
          ],
          [
            120.619434,
            24.16862
          ],
          [
            120.619426,
            24.1686
          ],
          [
            120.619407,
            24.168549
          ],
          [
            120.619263,
            24.16865
          ],
          [
            120.619168,
            24.168718
          ],
          [
            120.617604,
            24.169821
          ],
          [
            120.616312,
            24.170736
          ],
          [
            120.616238,
            24.170788
          ],
          [
            120.616178,
            24.170831
          ],
          [
            120.616121,
            24.170771
          ],
          [
            120.61606,
            24.170707
          ],
          [
            120.616005,
            24.170649
          ],
          [
            120.615967,
            24.170612
          ],
          [
            120.615621,
            24.170381
          ],
          [
            120.615064,
            24.169928
          ],
          [
            120.614763,
            24.16966
          ],
          [
            120.614724,
            24.169615
          ],
          [
            120.614629,
            24.169455
          ],
          [
            120.614511,
            24.169196
          ],
          [
            120.614474,
            24.16911
          ],
          [
            120.614386,
            24.168979
          ],
          [
            120.614196,
            24.168845
          ],
          [
            120.614171,
            24.168769
          ],
          [
            120.614155,
            24.168744
          ],
          [
            120.614105,
            24.168696
          ],
          [
            120.613903,
            24.168563
          ],
          [
            120.613776,
            24.168477
          ],
          [
            120.613525,
            24.168363
          ],
          [
            120.613366,
            24.16827
          ],
          [
            120.613269,
            24.168188
          ],
          [
            120.613206,
            24.168099
          ],
          [
            120.61315,
            24.167981
          ],
          [
            120.613113,
            24.167914
          ],
          [
            120.613093,
            24.167789
          ],
          [
            120.613081,
            24.167513
          ],
          [
            120.613042,
            24.167175
          ],
          [
            120.612969,
            24.167177
          ],
          [
            120.612957,
            24.167136
          ],
          [
            120.612911,
            24.166663
          ],
          [
            120.612852,
            24.166389
          ],
          [
            120.61282,
            24.166282
          ],
          [
            120.612752,
            24.166113
          ],
          [
            120.612679,
            24.165935
          ],
          [
            120.612601,
            24.165639
          ],
          [
            120.612566,
            24.1655
          ],
          [
            120.612446,
            24.164951
          ],
          [
            120.612436,
            24.164856
          ],
          [
            120.612357,
            24.164573
          ],
          [
            120.612313,
            24.164514
          ],
          [
            120.612143,
            24.164363
          ],
          [
            120.61212,
            24.164305
          ],
          [
            120.612097,
            24.164197
          ],
          [
            120.612097,
            24.164096
          ],
          [
            120.61211,
            24.164031
          ],
          [
            120.612161,
            24.163936
          ],
          [
            120.612399,
            24.1637
          ],
          [
            120.612531,
            24.163491
          ],
          [
            120.612642,
            24.163277
          ],
          [
            120.612699,
            24.163258
          ],
          [
            120.612743,
            24.163194
          ],
          [
            120.61279,
            24.163108
          ],
          [
            120.612958,
            24.162844
          ],
          [
            120.613012,
            24.162731
          ],
          [
            120.61307,
            24.162473
          ],
          [
            120.613053,
            24.162402
          ],
          [
            120.613013,
            24.162309
          ],
          [
            120.613004,
            24.162254
          ],
          [
            120.613021,
            24.162199
          ],
          [
            120.613064,
            24.162159
          ],
          [
            120.613121,
            24.162125
          ],
          [
            120.613165,
            24.16207
          ],
          [
            120.613212,
            24.161858
          ],
          [
            120.613213,
            24.161714
          ],
          [
            120.613186,
            24.161557
          ],
          [
            120.613247,
            24.161573
          ],
          [
            120.613431,
            24.161578
          ],
          [
            120.613511,
            24.16156
          ],
          [
            120.613511,
            24.16156
          ],
          [
            120.613431,
            24.161578
          ],
          [
            120.613247,
            24.161573
          ],
          [
            120.613186,
            24.161557
          ],
          [
            120.613213,
            24.161714
          ],
          [
            120.613212,
            24.161858
          ],
          [
            120.613165,
            24.16207
          ],
          [
            120.613121,
            24.162125
          ],
          [
            120.613064,
            24.162159
          ],
          [
            120.613021,
            24.162199
          ],
          [
            120.613004,
            24.162254
          ],
          [
            120.613013,
            24.162309
          ],
          [
            120.613053,
            24.162402
          ],
          [
            120.61307,
            24.162473
          ],
          [
            120.613012,
            24.162731
          ],
          [
            120.612958,
            24.162844
          ],
          [
            120.61279,
            24.163108
          ],
          [
            120.612743,
            24.163194
          ],
          [
            120.612699,
            24.163258
          ],
          [
            120.612642,
            24.163277
          ],
          [
            120.612531,
            24.163491
          ],
          [
            120.612399,
            24.1637
          ],
          [
            120.612161,
            24.163936
          ],
          [
            120.61211,
            24.164031
          ],
          [
            120.612097,
            24.164096
          ],
          [
            120.612097,
            24.164197
          ],
          [
            120.61212,
            24.164305
          ],
          [
            120.612143,
            24.164363
          ],
          [
            120.612313,
            24.164514
          ],
          [
            120.612357,
            24.164573
          ],
          [
            120.612436,
            24.164856
          ],
          [
            120.612446,
            24.164951
          ],
          [
            120.612566,
            24.1655
          ],
          [
            120.612601,
            24.165639
          ],
          [
            120.612679,
            24.165935
          ],
          [
            120.612752,
            24.166113
          ],
          [
            120.61282,
            24.166282
          ],
          [
            120.612727,
            24.166326
          ],
          [
            120.612619,
            24.166359
          ],
          [
            120.612072,
            24.166381
          ],
          [
            120.611916,
            24.16637
          ],
          [
            120.611181,
            24.166361
          ],
          [
            120.611156,
            24.166358
          ],
          [
            120.611149,
            24.166327
          ],
          [
            120.611153,
            24.166244
          ],
          [
            120.611166,
            24.166228
          ],
          [
            120.611321,
            24.16614
          ],
          [
            120.611321,
            24.166084
          ],
          [
            120.6113,
            24.166016
          ],
          [
            120.611316,
            24.166001
          ],
          [
            120.611316,
            24.166001
          ],
          [
            120.6113,
            24.166016
          ],
          [
            120.611321,
            24.166084
          ],
          [
            120.611321,
            24.16614
          ],
          [
            120.611166,
            24.166228
          ],
          [
            120.611153,
            24.166244
          ],
          [
            120.611149,
            24.166327
          ],
          [
            120.611156,
            24.166358
          ],
          [
            120.611181,
            24.166361
          ],
          [
            120.611916,
            24.16637
          ],
          [
            120.612072,
            24.166381
          ],
          [
            120.612619,
            24.166359
          ],
          [
            120.612727,
            24.166326
          ],
          [
            120.61282,
            24.166282
          ],
          [
            120.612752,
            24.166113
          ],
          [
            120.612679,
            24.165935
          ],
          [
            120.612601,
            24.165639
          ],
          [
            120.612566,
            24.1655
          ],
          [
            120.612446,
            24.164951
          ],
          [
            120.612436,
            24.164856
          ],
          [
            120.612357,
            24.164573
          ],
          [
            120.612313,
            24.164514
          ],
          [
            120.612143,
            24.164363
          ],
          [
            120.61212,
            24.164305
          ],
          [
            120.612097,
            24.164197
          ],
          [
            120.612097,
            24.164096
          ],
          [
            120.61211,
            24.164031
          ],
          [
            120.612161,
            24.163936
          ],
          [
            120.612399,
            24.1637
          ],
          [
            120.612531,
            24.163491
          ],
          [
            120.612642,
            24.163277
          ],
          [
            120.612699,
            24.163258
          ],
          [
            120.612743,
            24.163194
          ],
          [
            120.61279,
            24.163108
          ],
          [
            120.612958,
            24.162844
          ],
          [
            120.612958,
            24.162844
          ],
          [
            120.612958,
            24.162844
          ],
          [
            120.61279,
            24.163108
          ],
          [
            120.612743,
            24.163194
          ],
          [
            120.612699,
            24.163258
          ],
          [
            120.612642,
            24.163277
          ],
          [
            120.612531,
            24.163491
          ],
          [
            120.612399,
            24.1637
          ],
          [
            120.612161,
            24.163936
          ],
          [
            120.61211,
            24.164031
          ],
          [
            120.612097,
            24.164096
          ],
          [
            120.612097,
            24.164197
          ],
          [
            120.61212,
            24.164305
          ],
          [
            120.612143,
            24.164363
          ],
          [
            120.612313,
            24.164514
          ],
          [
            120.612357,
            24.164573
          ],
          [
            120.612436,
            24.164856
          ],
          [
            120.612446,
            24.164951
          ],
          [
            120.612566,
            24.1655
          ],
          [
            120.612601,
            24.165639
          ],
          [
            120.612634,
            24.165763
          ],
          [
            120.612634,
            24.165763
          ],
          [
            120.612679,
            24.165935
          ],
          [
            120.612752,
            24.166113
          ],
          [
            120.61282,
            24.166282
          ],
          [
            120.612852,
            24.166389
          ],
          [
            120.612911,
            24.166663
          ],
          [
            120.612957,
            24.167136
          ],
          [
            120.612969,
            24.167177
          ],
          [
            120.613042,
            24.167175
          ],
          [
            120.613053,
            24.167051
          ],
          [
            120.613191,
            24.166877
          ],
          [
            120.613377,
            24.166624
          ],
          [
            120.61351,
            24.166445
          ],
          [
            120.613517,
            24.166435
          ],
          [
            120.613517,
            24.166435
          ],
          [
            120.61368,
            24.166217
          ],
          [
            120.613857,
            24.165981
          ],
          [
            120.614036,
            24.165682
          ],
          [
            120.614171,
            24.165573
          ],
          [
            120.614242,
            24.165508
          ],
          [
            120.614456,
            24.165454
          ],
          [
            120.614451,
            24.165394
          ],
          [
            120.614454,
            24.165353
          ],
          [
            120.614449,
            24.165296
          ],
          [
            120.614449,
            24.165296
          ],
          [
            120.614454,
            24.165353
          ],
          [
            120.614451,
            24.165394
          ],
          [
            120.614456,
            24.165454
          ],
          [
            120.614616,
            24.165428
          ],
          [
            120.614786,
            24.165327
          ],
          [
            120.615099,
            24.165058
          ],
          [
            120.615441,
            24.164817
          ],
          [
            120.615389,
            24.1648
          ],
          [
            120.615329,
            24.164552
          ],
          [
            120.615186,
            24.16425
          ],
          [
            120.615098,
            24.164026
          ],
          [
            120.615116,
            24.163835
          ],
          [
            120.615116,
            24.163835
          ],
          [
            120.615098,
            24.164026
          ],
          [
            120.615186,
            24.16425
          ],
          [
            120.615272,
            24.164433
          ],
          [
            120.615272,
            24.164433
          ],
          [
            120.615329,
            24.164552
          ],
          [
            120.615389,
            24.1648
          ],
          [
            120.615441,
            24.164817
          ],
          [
            120.615099,
            24.165058
          ],
          [
            120.614786,
            24.165327
          ],
          [
            120.614616,
            24.165428
          ],
          [
            120.614456,
            24.165454
          ],
          [
            120.614242,
            24.165508
          ],
          [
            120.614171,
            24.165573
          ],
          [
            120.614036,
            24.165682
          ],
          [
            120.613857,
            24.165981
          ],
          [
            120.61368,
            24.166217
          ],
          [
            120.61351,
            24.166445
          ],
          [
            120.613377,
            24.166624
          ],
          [
            120.613191,
            24.166877
          ],
          [
            120.613053,
            24.167051
          ],
          [
            120.613042,
            24.167175
          ],
          [
            120.613081,
            24.167513
          ],
          [
            120.613093,
            24.167789
          ],
          [
            120.613113,
            24.167914
          ],
          [
            120.61315,
            24.167981
          ],
          [
            120.613206,
            24.168099
          ],
          [
            120.613269,
            24.168188
          ],
          [
            120.613366,
            24.16827
          ],
          [
            120.613525,
            24.168363
          ],
          [
            120.613776,
            24.168477
          ],
          [
            120.613903,
            24.168563
          ],
          [
            120.614105,
            24.168696
          ],
          [
            120.614155,
            24.168744
          ],
          [
            120.614171,
            24.168769
          ],
          [
            120.614196,
            24.168845
          ],
          [
            120.614386,
            24.168979
          ],
          [
            120.614474,
            24.16911
          ],
          [
            120.614577,
            24.169087
          ],
          [
            120.614696,
            24.169064
          ],
          [
            120.61474,
            24.169052
          ],
          [
            120.614821,
            24.168993
          ],
          [
            120.614891,
            24.168936
          ],
          [
            120.615047,
            24.16878
          ],
          [
            120.615158,
            24.168669
          ],
          [
            120.615235,
            24.168582
          ],
          [
            120.615278,
            24.168554
          ],
          [
            120.615309,
            24.168489
          ],
          [
            120.615378,
            24.168317
          ],
          [
            120.61545,
            24.168209
          ],
          [
            120.615594,
            24.167983
          ],
          [
            120.615658,
            24.167895
          ],
          [
            120.61567,
            24.167885
          ],
          [
            120.61569,
            24.167843
          ],
          [
            120.615705,
            24.16782
          ],
          [
            120.615598,
            24.167709
          ],
          [
            120.615567,
            24.1677
          ],
          [
            120.615454,
            24.1676
          ],
          [
            120.615262,
            24.167422
          ],
          [
            120.61519,
            24.167348
          ],
          [
            120.61519,
            24.167348
          ],
          [
            120.61519,
            24.167348
          ],
          [
            120.615262,
            24.167422
          ],
          [
            120.615454,
            24.1676
          ],
          [
            120.615567,
            24.1677
          ],
          [
            120.615598,
            24.167709
          ],
          [
            120.615705,
            24.16782
          ],
          [
            120.61569,
            24.167843
          ],
          [
            120.61567,
            24.167885
          ],
          [
            120.615658,
            24.167895
          ],
          [
            120.615594,
            24.167983
          ],
          [
            120.61545,
            24.168209
          ],
          [
            120.615378,
            24.168317
          ],
          [
            120.615309,
            24.168489
          ],
          [
            120.615278,
            24.168554
          ],
          [
            120.615235,
            24.168582
          ],
          [
            120.615158,
            24.168669
          ],
          [
            120.615047,
            24.16878
          ],
          [
            120.614891,
            24.168936
          ],
          [
            120.614821,
            24.168993
          ],
          [
            120.61474,
            24.169052
          ],
          [
            120.614696,
            24.169064
          ],
          [
            120.614577,
            24.169087
          ],
          [
            120.614474,
            24.16911
          ],
          [
            120.614386,
            24.168979
          ],
          [
            120.614196,
            24.168845
          ],
          [
            120.614171,
            24.168769
          ],
          [
            120.614155,
            24.168744
          ],
          [
            120.614105,
            24.168696
          ],
          [
            120.613903,
            24.168563
          ],
          [
            120.613776,
            24.168477
          ],
          [
            120.613525,
            24.168363
          ],
          [
            120.613366,
            24.16827
          ],
          [
            120.613269,
            24.168188
          ],
          [
            120.613206,
            24.168099
          ],
          [
            120.61315,
            24.167981
          ],
          [
            120.613113,
            24.167914
          ],
          [
            120.613093,
            24.167789
          ],
          [
            120.613081,
            24.167513
          ],
          [
            120.613042,
            24.167175
          ],
          [
            120.613053,
            24.167051
          ],
          [
            120.613191,
            24.166877
          ],
          [
            120.613377,
            24.166624
          ],
          [
            120.61351,
            24.166445
          ],
          [
            120.61368,
            24.166217
          ],
          [
            120.613857,
            24.165981
          ],
          [
            120.614036,
            24.165682
          ],
          [
            120.614171,
            24.165573
          ],
          [
            120.614242,
            24.165508
          ],
          [
            120.614456,
            24.165454
          ],
          [
            120.614616,
            24.165428
          ],
          [
            120.614786,
            24.165327
          ],
          [
            120.615099,
            24.165058
          ],
          [
            120.615441,
            24.164817
          ],
          [
            120.615563,
            24.164763
          ],
          [
            120.61585,
            24.16462
          ],
          [
            120.616106,
            24.164488
          ],
          [
            120.616211,
            24.164434
          ],
          [
            120.616338,
            24.164364
          ],
          [
            120.616648,
            24.16424
          ],
          [
            120.616746,
            24.164215
          ],
          [
            120.616728,
            24.164116
          ],
          [
            120.616724,
            24.16393
          ],
          [
            120.616714,
            24.163783
          ],
          [
            120.616701,
            24.163746
          ],
          [
            120.616679,
            24.163624
          ],
          [
            120.616695,
            24.163593
          ],
          [
            120.616847,
            24.163485
          ],
          [
            120.616998,
            24.163386
          ],
          [
            120.616998,
            24.163386
          ],
          [
            120.616847,
            24.163485
          ],
          [
            120.616695,
            24.163593
          ],
          [
            120.616679,
            24.163624
          ],
          [
            120.616701,
            24.163746
          ],
          [
            120.616714,
            24.163783
          ],
          [
            120.616724,
            24.16393
          ],
          [
            120.616728,
            24.164116
          ],
          [
            120.616746,
            24.164215
          ],
          [
            120.616648,
            24.16424
          ],
          [
            120.616338,
            24.164364
          ],
          [
            120.616211,
            24.164434
          ],
          [
            120.616106,
            24.164488
          ],
          [
            120.61585,
            24.16462
          ],
          [
            120.61583,
            24.164586
          ],
          [
            120.615807,
            24.164531
          ],
          [
            120.615745,
            24.164297
          ],
          [
            120.615745,
            24.164297
          ],
          [
            120.615807,
            24.164531
          ],
          [
            120.61583,
            24.164586
          ],
          [
            120.61585,
            24.16462
          ],
          [
            120.616106,
            24.164488
          ],
          [
            120.616211,
            24.164434
          ],
          [
            120.616338,
            24.164364
          ],
          [
            120.616648,
            24.16424
          ],
          [
            120.616746,
            24.164215
          ],
          [
            120.616839,
            24.164225
          ],
          [
            120.616961,
            24.164247
          ],
          [
            120.617098,
            24.16424
          ],
          [
            120.617256,
            24.1642
          ],
          [
            120.617687,
            24.164102
          ],
          [
            120.617848,
            24.164061
          ],
          [
            120.61793,
            24.164019
          ],
          [
            120.61793,
            24.164019
          ],
          [
            120.617945,
            24.164012
          ],
          [
            120.618033,
            24.163947
          ],
          [
            120.61821,
            24.163817
          ],
          [
            120.618184,
            24.163709
          ],
          [
            120.618121,
            24.163376
          ],
          [
            120.618072,
            24.163205
          ],
          [
            120.617984,
            24.162998
          ],
          [
            120.617896,
            24.162705
          ],
          [
            120.617896,
            24.162705
          ],
          [
            120.617889,
            24.162681
          ],
          [
            120.61789,
            24.162563
          ],
          [
            120.618027,
            24.16255
          ],
          [
            120.61814,
            24.162537
          ],
          [
            120.618036,
            24.161999
          ],
          [
            120.617971,
            24.161605
          ],
          [
            120.617794,
            24.160664
          ],
          [
            120.6176,
            24.159693
          ],
          [
            120.617839,
            24.159672
          ],
          [
            120.617839,
            24.159672
          ],
          [
            120.618095,
            24.159649
          ],
          [
            120.618277,
            24.159622
          ],
          [
            120.618682,
            24.159588
          ],
          [
            120.619032,
            24.15955
          ],
          [
            120.619367,
            24.159474
          ],
          [
            120.619513,
            24.159423
          ],
          [
            120.61966,
            24.159389
          ],
          [
            120.619717,
            24.159386
          ],
          [
            120.619792,
            24.159393
          ],
          [
            120.619695,
            24.159566
          ],
          [
            120.619642,
            24.159679
          ],
          [
            120.619608,
            24.159811
          ],
          [
            120.619594,
            24.159906
          ],
          [
            120.619593,
            24.159988
          ],
          [
            120.619599,
            24.160093
          ],
          [
            120.619616,
            24.1602
          ],
          [
            120.619641,
            24.160289
          ],
          [
            120.619715,
            24.160426
          ],
          [
            120.619825,
            24.160579
          ],
          [
            120.619939,
            24.16069
          ],
          [
            120.620066,
            24.160779
          ],
          [
            120.620166,
            24.160873
          ],
          [
            120.620264,
            24.16102
          ],
          [
            120.620286,
            24.161071
          ],
          [
            120.620316,
            24.161173
          ],
          [
            120.620328,
            24.161301
          ],
          [
            120.620312,
            24.161422
          ],
          [
            120.620281,
            24.161548
          ],
          [
            120.620231,
            24.161692
          ],
          [
            120.620202,
            24.161864
          ],
          [
            120.62018,
            24.162026
          ],
          [
            120.620206,
            24.162229
          ],
          [
            120.620039,
            24.162249
          ],
          [
            120.619534,
            24.162336
          ],
          [
            120.619232,
            24.162392
          ],
          [
            120.618882,
            24.162407
          ],
          [
            120.61867,
            24.162457
          ],
          [
            120.618584,
            24.162474
          ],
          [
            120.61847,
            24.162493
          ],
          [
            120.618431,
            24.162499
          ],
          [
            120.618273,
            24.162517
          ],
          [
            120.61814,
            24.162537
          ],
          [
            120.6183,
            24.163428
          ],
          [
            120.618356,
            24.163773
          ],
          [
            120.618365,
            24.163873
          ],
          [
            120.618667,
            24.165561
          ],
          [
            120.618728,
            24.165942
          ],
          [
            120.618946,
            24.167003
          ],
          [
            120.619059,
            24.167456
          ],
          [
            120.619181,
            24.167922
          ],
          [
            120.619199,
            24.167975
          ],
          [
            120.619273,
            24.168186
          ],
          [
            120.619286,
            24.168225
          ],
          [
            120.619342,
            24.168381
          ],
          [
            120.619374,
            24.168463
          ],
          [
            120.619407,
            24.168549
          ],
          [
            120.619263,
            24.16865
          ],
          [
            120.619168,
            24.168718
          ],
          [
            120.617604,
            24.169821
          ],
          [
            120.616312,
            24.170736
          ],
          [
            120.616238,
            24.170788
          ],
          [
            120.616178,
            24.170831
          ],
          [
            120.616121,
            24.170771
          ],
          [
            120.61606,
            24.170707
          ],
          [
            120.616005,
            24.170649
          ],
          [
            120.615967,
            24.170612
          ],
          [
            120.615621,
            24.170381
          ],
          [
            120.615064,
            24.169928
          ],
          [
            120.614763,
            24.16966
          ],
          [
            120.614724,
            24.169615
          ],
          [
            120.614629,
            24.169455
          ],
          [
            120.614511,
            24.169196
          ],
          [
            120.614474,
            24.16911
          ],
          [
            120.614577,
            24.169087
          ],
          [
            120.614607,
            24.169081
          ],
          [
            120.614607,
            24.169081
          ],
          [
            120.614577,
            24.169087
          ],
          [
            120.614474,
            24.16911
          ],
          [
            120.614511,
            24.169196
          ],
          [
            120.614629,
            24.169455
          ],
          [
            120.614724,
            24.169615
          ],
          [
            120.614763,
            24.16966
          ],
          [
            120.615064,
            24.169928
          ],
          [
            120.615621,
            24.170381
          ],
          [
            120.615967,
            24.170612
          ],
          [
            120.616005,
            24.170649
          ],
          [
            120.61606,
            24.170707
          ],
          [
            120.616098,
            24.170682
          ],
          [
            120.616207,
            24.170605
          ],
          [
            120.616392,
            24.170474
          ],
          [
            120.616392,
            24.170474
          ],
          [
            120.617503,
            24.169686
          ],
          [
            120.619052,
            24.168587
          ],
          [
            120.619063,
            24.168579
          ],
          [
            120.619168,
            24.1685
          ],
          [
            120.619342,
            24.168381
          ],
          [
            120.619374,
            24.168463
          ],
          [
            120.619407,
            24.168549
          ],
          [
            120.619426,
            24.1686
          ],
          [
            120.619434,
            24.16862
          ],
          [
            120.61945,
            24.168662
          ],
          [
            120.61947,
            24.168715
          ],
          [
            120.619573,
            24.168973
          ],
          [
            120.619595,
            24.168842
          ],
          [
            120.619611,
            24.16881
          ],
          [
            120.619616,
            24.168799
          ],
          [
            120.619665,
            24.1687
          ],
          [
            120.619709,
            24.168535
          ],
          [
            120.619754,
            24.16845
          ],
          [
            120.619825,
            24.168349
          ],
          [
            120.620055,
            24.168221
          ],
          [
            120.620134,
            24.168305
          ],
          [
            120.620134,
            24.168305
          ],
          [
            120.620055,
            24.168221
          ],
          [
            120.62018,
            24.168135
          ],
          [
            120.62044,
            24.167993
          ],
          [
            120.62047,
            24.168056
          ],
          [
            120.620494,
            24.168086
          ],
          [
            120.620537,
            24.16816
          ],
          [
            120.620632,
            24.168229
          ],
          [
            120.620647,
            24.168254
          ],
          [
            120.620632,
            24.168229
          ],
          [
            120.620537,
            24.16816
          ],
          [
            120.620494,
            24.168086
          ],
          [
            120.62047,
            24.168056
          ],
          [
            120.62044,
            24.167993
          ],
          [
            120.62018,
            24.168135
          ],
          [
            120.620115,
            24.167971
          ],
          [
            120.620095,
            24.16793
          ],
          [
            120.62011,
            24.167882
          ],
          [
            120.620103,
            24.167856
          ],
          [
            120.619987,
            24.167718
          ],
          [
            120.619961,
            24.167674
          ],
          [
            120.619797,
            24.167299
          ],
          [
            120.619775,
            24.167224
          ],
          [
            120.619775,
            24.167224
          ],
          [
            120.619775,
            24.167224
          ],
          [
            120.619759,
            24.167034
          ],
          [
            120.619733,
            24.166936
          ],
          [
            120.619598,
            24.166612
          ],
          [
            120.619531,
            24.166433
          ],
          [
            120.619457,
            24.166263
          ],
          [
            120.619435,
            24.166209
          ],
          [
            120.619435,
            24.166209
          ],
          [
            120.619386,
            24.166091
          ],
          [
            120.619338,
            24.165945
          ],
          [
            120.619309,
            24.165793
          ],
          [
            120.619295,
            24.165429
          ],
          [
            120.619295,
            24.165429
          ],
          [
            120.619294,
            24.165406
          ],
          [
            120.6193,
            24.165356
          ],
          [
            120.619355,
            24.165107
          ],
          [
            120.619367,
            24.165072
          ],
          [
            120.619393,
            24.164962
          ],
          [
            120.61939,
            24.164862
          ],
          [
            120.619349,
            24.164751
          ],
          [
            120.619275,
            24.164625
          ],
          [
            120.619154,
            24.164511
          ],
          [
            120.619061,
            24.164332
          ],
          [
            120.61897,
            24.164117
          ],
          [
            120.618757,
            24.164057
          ],
          [
            120.618601,
            24.163995
          ],
          [
            120.618446,
            24.163919
          ],
          [
            120.618365,
            24.163873
          ],
          [
            120.618558,
            24.164953
          ],
          [
            120.618558,
            24.164953
          ],
          [
            120.618528,
            24.164785
          ],
          [
            120.618528,
            24.164785
          ],
          [
            120.618365,
            24.163873
          ],
          [
            120.618446,
            24.163919
          ],
          [
            120.618601,
            24.163995
          ],
          [
            120.618757,
            24.164057
          ],
          [
            120.61897,
            24.164117
          ],
          [
            120.619019,
            24.164088
          ],
          [
            120.61919,
            24.164062
          ],
          [
            120.619296,
            24.164043
          ],
          [
            120.619296,
            24.164043
          ],
          [
            120.619465,
            24.164012
          ],
          [
            120.619648,
            24.163968
          ],
          [
            120.61979,
            24.163918
          ],
          [
            120.620004,
            24.163888
          ],
          [
            120.620004,
            24.163888
          ],
          [
            120.620048,
            24.163882
          ],
          [
            120.620269,
            24.163862
          ],
          [
            120.620379,
            24.163903
          ],
          [
            120.620626,
            24.164002
          ],
          [
            120.620598,
            24.164085
          ],
          [
            120.620568,
            24.164159
          ],
          [
            120.620552,
            24.164238
          ],
          [
            120.620548,
            24.164302
          ],
          [
            120.620554,
            24.164383
          ],
          [
            120.620569,
            24.164494
          ],
          [
            120.620596,
            24.164577
          ],
          [
            120.620617,
            24.164634
          ],
          [
            120.620617,
            24.164634
          ],
          [
            120.620596,
            24.164577
          ],
          [
            120.620569,
            24.164494
          ],
          [
            120.620554,
            24.164383
          ],
          [
            120.620548,
            24.164302
          ],
          [
            120.620552,
            24.164238
          ],
          [
            120.620568,
            24.164159
          ],
          [
            120.620598,
            24.164085
          ],
          [
            120.620626,
            24.164002
          ],
          [
            120.620379,
            24.163903
          ],
          [
            120.620306,
            24.164102
          ],
          [
            120.620283,
            24.164204
          ],
          [
            120.620276,
            24.164358
          ],
          [
            120.620283,
            24.16445
          ],
          [
            120.620309,
            24.16459
          ],
          [
            120.620436,
            24.164863
          ],
          [
            120.620509,
            24.164963
          ],
          [
            120.620695,
            24.16514
          ],
          [
            120.620825,
            24.165285
          ],
          [
            120.620908,
            24.165409
          ],
          [
            120.620959,
            24.165536
          ],
          [
            120.620978,
            24.16572
          ],
          [
            120.620973,
            24.165881
          ],
          [
            120.620938,
            24.166067
          ],
          [
            120.620898,
            24.16635
          ],
          [
            120.620898,
            24.16635
          ],
          [
            120.620938,
            24.166067
          ],
          [
            120.620973,
            24.165881
          ],
          [
            120.620978,
            24.16572
          ],
          [
            120.620959,
            24.165536
          ],
          [
            120.620908,
            24.165409
          ],
          [
            120.620825,
            24.165285
          ],
          [
            120.620695,
            24.16514
          ],
          [
            120.620509,
            24.164963
          ],
          [
            120.620436,
            24.164863
          ],
          [
            120.620309,
            24.16459
          ],
          [
            120.620283,
            24.16445
          ],
          [
            120.620276,
            24.164358
          ],
          [
            120.620283,
            24.164204
          ],
          [
            120.620306,
            24.164102
          ],
          [
            120.620379,
            24.163903
          ],
          [
            120.620269,
            24.163862
          ],
          [
            120.620048,
            24.163882
          ],
          [
            120.61979,
            24.163918
          ],
          [
            120.619648,
            24.163968
          ],
          [
            120.619465,
            24.164012
          ],
          [
            120.61919,
            24.164062
          ],
          [
            120.619019,
            24.164088
          ],
          [
            120.61897,
            24.164117
          ],
          [
            120.618757,
            24.164057
          ],
          [
            120.618601,
            24.163995
          ],
          [
            120.618446,
            24.163919
          ],
          [
            120.618365,
            24.163873
          ],
          [
            120.618667,
            24.165561
          ],
          [
            120.618728,
            24.165942
          ],
          [
            120.618946,
            24.167003
          ],
          [
            120.619059,
            24.167456
          ],
          [
            120.619181,
            24.167922
          ],
          [
            120.619199,
            24.167975
          ],
          [
            120.619273,
            24.168186
          ],
          [
            120.619286,
            24.168225
          ],
          [
            120.619342,
            24.168381
          ],
          [
            120.619374,
            24.168463
          ],
          [
            120.619407,
            24.168549
          ],
          [
            120.619426,
            24.1686
          ],
          [
            120.619434,
            24.16862
          ],
          [
            120.61945,
            24.168662
          ],
          [
            120.61947,
            24.168715
          ],
          [
            120.619573,
            24.168973
          ],
          [
            120.619615,
            24.169078
          ],
          [
            120.619631,
            24.169114
          ],
          [
            120.619932,
            24.169735
          ],
          [
            120.620136,
            24.170142
          ],
          [
            120.620337,
            24.170549
          ],
          [
            120.620567,
            24.171001
          ],
          [
            120.620738,
            24.171352
          ],
          [
            120.621485,
            24.17279
          ],
          [
            120.622036,
            24.172596
          ],
          [
            120.622499,
            24.172477
          ],
          [
            120.622875,
            24.172436
          ],
          [
            120.623305,
            24.172328
          ],
          [
            120.623409,
            24.172299
          ],
          [
            120.623494,
            24.172275
          ],
          [
            120.623595,
            24.17229
          ],
          [
            120.623674,
            24.172299
          ],
          [
            120.623792,
            24.172282
          ],
          [
            120.623866,
            24.172255
          ],
          [
            120.623897,
            24.172239
          ],
          [
            120.623918,
            24.172218
          ],
          [
            120.623926,
            24.172193
          ],
          [
            120.623944,
            24.172152
          ],
          [
            120.623961,
            24.172094
          ],
          [
            120.623978,
            24.172019
          ],
          [
            120.623943,
            24.171962
          ],
          [
            120.623907,
            24.171881
          ],
          [
            120.623915,
            24.171743
          ],
          [
            120.623953,
            24.171617
          ],
          [
            120.623978,
            24.171566
          ],
          [
            120.623987,
            24.171454
          ],
          [
            120.623981,
            24.171406
          ],
          [
            120.623937,
            24.171307
          ],
          [
            120.623849,
            24.171058
          ],
          [
            120.623788,
            24.17094
          ],
          [
            120.623726,
            24.170834
          ],
          [
            120.623662,
            24.170688
          ],
          [
            120.623527,
            24.170339
          ],
          [
            120.623492,
            24.170293
          ],
          [
            120.623395,
            24.170211
          ],
          [
            120.623317,
            24.170167
          ],
          [
            120.623272,
            24.170142
          ],
          [
            120.623188,
            24.170115
          ],
          [
            120.623042,
            24.170106
          ],
          [
            120.622947,
            24.170114
          ],
          [
            120.622794,
            24.170135
          ],
          [
            120.622747,
            24.170124
          ],
          [
            120.622584,
            24.170011
          ],
          [
            120.622477,
            24.169922
          ],
          [
            120.622414,
            24.169843
          ],
          [
            120.622267,
            24.169734
          ],
          [
            120.622133,
            24.169662
          ],
          [
            120.622081,
            24.169629
          ],
          [
            120.621882,
            24.169464
          ],
          [
            120.621797,
            24.169377
          ],
          [
            120.621729,
            24.169245
          ],
          [
            120.621683,
            24.169113
          ],
          [
            120.621794,
            24.16876
          ],
          [
            120.62179,
            24.168704
          ],
          [
            120.621758,
            24.168604
          ],
          [
            120.621721,
            24.16849
          ],
          [
            120.621617,
            24.168192
          ],
          [
            120.621455,
            24.16768
          ],
          [
            120.621408,
            24.167579
          ],
          [
            120.62127,
            24.167353
          ],
          [
            120.621191,
            24.167188
          ],
          [
            120.621128,
            24.167132
          ],
          [
            120.621034,
            24.167099
          ],
          [
            120.621034,
            24.167099
          ],
          [
            120.621128,
            24.167132
          ],
          [
            120.621191,
            24.167188
          ],
          [
            120.62127,
            24.167353
          ],
          [
            120.621408,
            24.167579
          ],
          [
            120.621455,
            24.16768
          ],
          [
            120.621617,
            24.168192
          ],
          [
            120.621721,
            24.16849
          ],
          [
            120.621758,
            24.168604
          ],
          [
            120.62192,
            24.168559
          ],
          [
            120.62192,
            24.168559
          ],
          [
            120.621758,
            24.168604
          ],
          [
            120.62179,
            24.168704
          ],
          [
            120.621794,
            24.16876
          ],
          [
            120.621683,
            24.169113
          ],
          [
            120.621729,
            24.169245
          ],
          [
            120.621797,
            24.169377
          ],
          [
            120.621882,
            24.169464
          ],
          [
            120.622081,
            24.169629
          ],
          [
            120.622133,
            24.169662
          ],
          [
            120.622267,
            24.169734
          ],
          [
            120.622414,
            24.169843
          ],
          [
            120.622477,
            24.169922
          ],
          [
            120.622584,
            24.170011
          ],
          [
            120.622604,
            24.170025
          ],
          [
            120.622604,
            24.170025
          ],
          [
            120.622747,
            24.170124
          ],
          [
            120.622794,
            24.170135
          ],
          [
            120.622947,
            24.170114
          ],
          [
            120.623042,
            24.170106
          ],
          [
            120.623188,
            24.170115
          ],
          [
            120.623272,
            24.170142
          ],
          [
            120.623317,
            24.170167
          ],
          [
            120.623395,
            24.170211
          ],
          [
            120.623492,
            24.170293
          ],
          [
            120.623527,
            24.170339
          ],
          [
            120.623662,
            24.170688
          ],
          [
            120.623726,
            24.170834
          ],
          [
            120.623788,
            24.17094
          ],
          [
            120.623849,
            24.171058
          ],
          [
            120.623937,
            24.171307
          ],
          [
            120.623981,
            24.171406
          ],
          [
            120.623987,
            24.171454
          ],
          [
            120.623978,
            24.171566
          ],
          [
            120.623953,
            24.171617
          ],
          [
            120.623915,
            24.171743
          ],
          [
            120.623907,
            24.171881
          ],
          [
            120.623943,
            24.171962
          ],
          [
            120.623978,
            24.172019
          ],
          [
            120.624186,
            24.172076
          ],
          [
            120.624317,
            24.172116
          ],
          [
            120.62458,
            24.172224
          ],
          [
            120.624621,
            24.172225
          ],
          [
            120.62465,
            24.172201
          ],
          [
            120.624669,
            24.172147
          ],
          [
            120.624669,
            24.172147
          ],
          [
            120.624669,
            24.172147
          ],
          [
            120.624678,
            24.172027
          ],
          [
            120.624691,
            24.172
          ],
          [
            120.62472,
            24.171982
          ],
          [
            120.624796,
            24.171971
          ],
          [
            120.62487,
            24.171958
          ],
          [
            120.624988,
            24.171945
          ],
          [
            120.62505,
            24.171853
          ],
          [
            120.625118,
            24.171757
          ],
          [
            120.62519,
            24.171617
          ],
          [
            120.625279,
            24.171382
          ],
          [
            120.625307,
            24.171263
          ],
          [
            120.625356,
            24.170998
          ],
          [
            120.6254,
            24.170587
          ],
          [
            120.625413,
            24.1703
          ],
          [
            120.625429,
            24.170092
          ],
          [
            120.625439,
            24.169856
          ],
          [
            120.625421,
            24.169642
          ],
          [
            120.62539,
            24.169521
          ],
          [
            120.625345,
            24.169398
          ],
          [
            120.625257,
            24.169224
          ],
          [
            120.625278,
            24.169097
          ],
          [
            120.625281,
            24.168854
          ],
          [
            120.62526,
            24.168617
          ],
          [
            120.625205,
            24.168383
          ],
          [
            120.62505,
            24.168143
          ],
          [
            120.624738,
            24.167707
          ],
          [
            120.624422,
            24.167267
          ],
          [
            120.624261,
            24.167044
          ],
          [
            120.624232,
            24.166917
          ],
          [
            120.624232,
            24.166917
          ],
          [
            120.624232,
            24.166917
          ],
          [
            120.624232,
            24.166917
          ],
          [
            120.624261,
            24.167044
          ],
          [
            120.624422,
            24.167267
          ],
          [
            120.624738,
            24.167707
          ],
          [
            120.62505,
            24.168143
          ],
          [
            120.625205,
            24.168383
          ],
          [
            120.62526,
            24.168617
          ],
          [
            120.625281,
            24.168854
          ],
          [
            120.625278,
            24.169097
          ],
          [
            120.625257,
            24.169224
          ],
          [
            120.625345,
            24.169398
          ],
          [
            120.62539,
            24.169521
          ],
          [
            120.625421,
            24.169642
          ],
          [
            120.625439,
            24.169856
          ],
          [
            120.625429,
            24.170092
          ],
          [
            120.625413,
            24.1703
          ],
          [
            120.6254,
            24.170587
          ],
          [
            120.625356,
            24.170998
          ],
          [
            120.625307,
            24.171263
          ],
          [
            120.625279,
            24.171382
          ],
          [
            120.62519,
            24.171617
          ],
          [
            120.625118,
            24.171757
          ],
          [
            120.62505,
            24.171853
          ],
          [
            120.624988,
            24.171945
          ],
          [
            120.62487,
            24.171958
          ],
          [
            120.624796,
            24.171971
          ],
          [
            120.62472,
            24.171982
          ],
          [
            120.624691,
            24.172
          ],
          [
            120.624678,
            24.172027
          ],
          [
            120.624669,
            24.172147
          ],
          [
            120.62465,
            24.172201
          ],
          [
            120.624621,
            24.172225
          ],
          [
            120.62458,
            24.172224
          ],
          [
            120.624317,
            24.172116
          ],
          [
            120.624186,
            24.172076
          ],
          [
            120.623978,
            24.172019
          ],
          [
            120.623961,
            24.172094
          ],
          [
            120.623944,
            24.172152
          ],
          [
            120.623926,
            24.172193
          ],
          [
            120.623918,
            24.172218
          ],
          [
            120.623897,
            24.172239
          ],
          [
            120.623866,
            24.172255
          ],
          [
            120.623792,
            24.172282
          ],
          [
            120.623674,
            24.172299
          ],
          [
            120.623595,
            24.17229
          ],
          [
            120.623494,
            24.172275
          ],
          [
            120.623409,
            24.172299
          ],
          [
            120.623648,
            24.172867
          ],
          [
            120.62365,
            24.17293
          ],
          [
            120.623622,
            24.172962
          ],
          [
            120.623535,
            24.172978
          ],
          [
            120.623413,
            24.172996
          ],
          [
            120.623213,
            24.172956
          ],
          [
            120.623213,
            24.172956
          ],
          [
            120.623413,
            24.172996
          ],
          [
            120.623535,
            24.172978
          ],
          [
            120.623622,
            24.172962
          ],
          [
            120.62365,
            24.17293
          ],
          [
            120.623648,
            24.172867
          ],
          [
            120.623409,
            24.172299
          ],
          [
            120.623305,
            24.172328
          ],
          [
            120.622875,
            24.172436
          ],
          [
            120.622499,
            24.172477
          ],
          [
            120.622057,
            24.172591
          ],
          [
            120.622057,
            24.172591
          ],
          [
            120.622036,
            24.172596
          ],
          [
            120.621485,
            24.17279
          ],
          [
            120.620738,
            24.171352
          ],
          [
            120.620626,
            24.171396
          ],
          [
            120.620398,
            24.171483
          ],
          [
            120.620173,
            24.171538
          ],
          [
            120.620114,
            24.171551
          ],
          [
            120.620114,
            24.171551
          ],
          [
            120.61974,
            24.17163
          ],
          [
            120.619593,
            24.171689
          ],
          [
            120.61951,
            24.171732
          ],
          [
            120.619385,
            24.171765
          ],
          [
            120.619269,
            24.171807
          ],
          [
            120.619125,
            24.171848
          ],
          [
            120.619059,
            24.171881
          ],
          [
            120.619015,
            24.171926
          ],
          [
            120.618999,
            24.171953
          ],
          [
            120.619027,
            24.172085
          ],
          [
            120.619027,
            24.172085
          ],
          [
            120.61903,
            24.172098
          ],
          [
            120.61903,
            24.172139
          ],
          [
            120.619008,
            24.172158
          ],
          [
            120.618828,
            24.172207
          ],
          [
            120.61859,
            24.172297
          ],
          [
            120.61842,
            24.172374
          ],
          [
            120.618137,
            24.172501
          ],
          [
            120.618137,
            24.172501
          ],
          [
            120.618008,
            24.172558
          ],
          [
            120.618008,
            24.172558
          ],
          [
            120.617982,
            24.17257
          ],
          [
            120.617906,
            24.172604
          ],
          [
            120.617671,
            24.172729
          ],
          [
            120.617621,
            24.172753
          ],
          [
            120.617422,
            24.172827
          ],
          [
            120.617404,
            24.172847
          ],
          [
            120.617399,
            24.172874
          ],
          [
            120.617416,
            24.172895
          ],
          [
            120.617477,
            24.173006
          ],
          [
            120.617546,
            24.173152
          ],
          [
            120.617596,
            24.173271
          ],
          [
            120.61764,
            24.173352
          ],
          [
            120.617806,
            24.173633
          ],
          [
            120.617849,
            24.173692
          ],
          [
            120.617915,
            24.173767
          ],
          [
            120.61809,
            24.17396
          ],
          [
            120.618167,
            24.174046
          ],
          [
            120.618167,
            24.174046
          ],
          [
            120.61809,
            24.17396
          ],
          [
            120.617915,
            24.173767
          ],
          [
            120.617849,
            24.173692
          ],
          [
            120.617806,
            24.173633
          ],
          [
            120.61764,
            24.173352
          ],
          [
            120.617596,
            24.173271
          ],
          [
            120.617555,
            24.173174
          ],
          [
            120.617555,
            24.173174
          ],
          [
            120.617596,
            24.173271
          ],
          [
            120.61764,
            24.173352
          ],
          [
            120.617806,
            24.173633
          ],
          [
            120.617849,
            24.173692
          ],
          [
            120.617915,
            24.173767
          ],
          [
            120.61809,
            24.17396
          ],
          [
            120.618279,
            24.174171
          ],
          [
            120.618326,
            24.174246
          ],
          [
            120.618413,
            24.174515
          ],
          [
            120.618624,
            24.175021
          ],
          [
            120.618696,
            24.175123
          ],
          [
            120.618749,
            24.175232
          ],
          [
            120.618766,
            24.175288
          ],
          [
            120.618788,
            24.175344
          ],
          [
            120.618799,
            24.175448
          ],
          [
            120.618864,
            24.175644
          ],
          [
            120.618864,
            24.175644
          ],
          [
            120.618799,
            24.175448
          ],
          [
            120.618788,
            24.175344
          ],
          [
            120.618883,
            24.175287
          ],
          [
            120.618993,
            24.175266
          ],
          [
            120.619244,
            24.175199
          ],
          [
            120.619385,
            24.175122
          ],
          [
            120.619556,
            24.175032
          ],
          [
            120.619862,
            24.174919
          ],
          [
            120.619927,
            24.174939
          ],
          [
            120.620701,
            24.174647
          ],
          [
            120.620848,
            24.174597
          ],
          [
            120.620848,
            24.174597
          ],
          [
            120.621412,
            24.174403
          ],
          [
            120.621973,
            24.174191
          ],
          [
            120.622012,
            24.174176
          ],
          [
            120.622179,
            24.174123
          ],
          [
            120.622225,
            24.174211
          ],
          [
            120.622241,
            24.174239
          ],
          [
            120.622615,
            24.174966
          ],
          [
            120.6239,
            24.174479
          ],
          [
            120.624212,
            24.175136
          ],
          [
            120.624212,
            24.175136
          ],
          [
            120.6239,
            24.174479
          ],
          [
            120.622615,
            24.174966
          ],
          [
            120.621784,
            24.175276
          ],
          [
            120.621784,
            24.175276
          ],
          [
            120.621076,
            24.17554
          ],
          [
            120.621487,
            24.176486
          ],
          [
            120.621487,
            24.176486
          ],
          [
            120.621573,
            24.176684
          ],
          [
            120.623145,
            24.175987
          ],
          [
            120.623604,
            24.176916
          ],
          [
            120.62385,
            24.177413
          ],
          [
            120.622872,
            24.177878
          ],
          [
            120.622872,
            24.177878
          ],
          [
            120.62385,
            24.177413
          ],
          [
            120.624357,
            24.178449
          ],
          [
            120.624412,
            24.178536
          ],
          [
            120.624478,
            24.178657
          ],
          [
            120.624515,
            24.178731
          ],
          [
            120.624401,
            24.178783
          ],
          [
            120.624329,
            24.178818
          ],
          [
            120.624329,
            24.178818
          ],
          [
            120.623457,
            24.179238
          ],
          [
            120.623282,
            24.179324
          ],
          [
            120.622971,
            24.179491
          ],
          [
            120.622987,
            24.179513
          ],
          [
            120.62302,
            24.179558
          ],
          [
            120.623039,
            24.179595
          ],
          [
            120.623039,
            24.179595
          ],
          [
            120.62302,
            24.179558
          ],
          [
            120.622987,
            24.179513
          ],
          [
            120.622971,
            24.179491
          ],
          [
            120.622295,
            24.17984
          ],
          [
            120.622295,
            24.17984
          ],
          [
            120.621698,
            24.180149
          ],
          [
            120.621646,
            24.180034
          ],
          [
            120.621595,
            24.17996
          ],
          [
            120.621443,
            24.179917
          ],
          [
            120.62136,
            24.179842
          ],
          [
            120.621232,
            24.179676
          ],
          [
            120.621232,
            24.179676
          ],
          [
            120.621167,
            24.179592
          ],
          [
            120.621094,
            24.179526
          ],
          [
            120.621032,
            24.179465
          ],
          [
            120.620942,
            24.179376
          ],
          [
            120.620942,
            24.179376
          ],
          [
            120.620575,
            24.179015
          ],
          [
            120.620504,
            24.179075
          ],
          [
            120.620504,
            24.179075
          ],
          [
            120.620575,
            24.179015
          ],
          [
            120.620235,
            24.178682
          ],
          [
            120.620235,
            24.178682
          ],
          [
            120.620111,
            24.178561
          ],
          [
            120.619776,
            24.178229
          ],
          [
            120.619696,
            24.178295
          ],
          [
            120.619696,
            24.178295
          ],
          [
            120.619469,
            24.17848
          ],
          [
            120.619285,
            24.178297
          ],
          [
            120.619142,
            24.178097
          ],
          [
            120.61934,
            24.177934
          ],
          [
            120.61934,
            24.177934
          ],
          [
            120.619142,
            24.178097
          ],
          [
            120.619098,
            24.178031
          ],
          [
            120.619049,
            24.177901
          ],
          [
            120.619001,
            24.177772
          ],
          [
            120.618971,
            24.177712
          ],
          [
            120.619037,
            24.177658
          ],
          [
            120.619037,
            24.177658
          ],
          [
            120.618971,
            24.177712
          ],
          [
            120.619001,
            24.177772
          ],
          [
            120.619049,
            24.177901
          ],
          [
            120.619098,
            24.178031
          ],
          [
            120.619142,
            24.178097
          ],
          [
            120.619285,
            24.178297
          ],
          [
            120.619469,
            24.17848
          ],
          [
            120.619406,
            24.178534
          ],
          [
            120.619406,
            24.178534
          ],
          [
            120.619273,
            24.17865
          ],
          [
            120.619302,
            24.178792
          ],
          [
            120.61937,
            24.178904
          ],
          [
            120.619509,
            24.179009
          ],
          [
            120.619593,
            24.179039
          ],
          [
            120.619672,
            24.17898
          ],
          [
            120.619771,
            24.178881
          ],
          [
            120.619771,
            24.178881
          ],
          [
            120.619821,
            24.178831
          ],
          [
            120.620267,
            24.179276
          ],
          [
            120.620325,
            24.179333
          ],
          [
            120.620325,
            24.179333
          ],
          [
            120.620672,
            24.17968
          ],
          [
            120.620756,
            24.179682
          ],
          [
            120.620758,
            24.179681
          ],
          [
            120.620758,
            24.179681
          ],
          [
            120.621019,
            24.179561
          ],
          [
            120.621094,
            24.179526
          ],
          [
            120.621167,
            24.179592
          ],
          [
            120.62136,
            24.179842
          ],
          [
            120.621443,
            24.179917
          ],
          [
            120.622007,
            24.179644
          ],
          [
            120.622651,
            24.179311
          ],
          [
            120.623957,
            24.178663
          ],
          [
            120.6242,
            24.178537
          ],
          [
            120.624258,
            24.178505
          ],
          [
            120.624357,
            24.178449
          ],
          [
            120.624412,
            24.178536
          ],
          [
            120.624478,
            24.178657
          ],
          [
            120.624515,
            24.178731
          ],
          [
            120.624401,
            24.178783
          ],
          [
            120.623457,
            24.179238
          ],
          [
            120.623282,
            24.179324
          ],
          [
            120.622971,
            24.179491
          ],
          [
            120.621698,
            24.180149
          ],
          [
            120.621474,
            24.180253
          ],
          [
            120.6204,
            24.180769
          ],
          [
            120.619862,
            24.181048
          ],
          [
            120.619167,
            24.181409
          ],
          [
            120.619529,
            24.182058
          ],
          [
            120.620179,
            24.181744
          ],
          [
            120.620363,
            24.182062
          ],
          [
            120.620426,
            24.182171
          ],
          [
            120.620426,
            24.182171
          ],
          [
            120.620363,
            24.182062
          ],
          [
            120.620179,
            24.181744
          ],
          [
            120.620104,
            24.181631
          ],
          [
            120.620104,
            24.181631
          ],
          [
            120.620179,
            24.181744
          ],
          [
            120.620787,
            24.18145
          ],
          [
            120.62054,
            24.181015
          ],
          [
            120.62054,
            24.181015
          ],
          [
            120.620603,
            24.181126
          ],
          [
            120.620603,
            24.181126
          ],
          [
            120.620416,
            24.180796
          ],
          [
            120.6204,
            24.180769
          ],
          [
            120.619862,
            24.181048
          ],
          [
            120.619576,
            24.181196
          ],
          [
            120.619576,
            24.181196
          ],
          [
            120.619167,
            24.181409
          ],
          [
            120.619529,
            24.182058
          ],
          [
            120.620179,
            24.181744
          ],
          [
            120.619964,
            24.181419
          ],
          [
            120.61964,
            24.18157
          ],
          [
            120.61964,
            24.18157
          ],
          [
            120.619964,
            24.181419
          ],
          [
            120.620179,
            24.181744
          ],
          [
            120.620363,
            24.182062
          ],
          [
            120.620569,
            24.182418
          ],
          [
            120.620881,
            24.182275
          ],
          [
            120.620881,
            24.182275
          ]
        ]
      },
      "properties": {
        "routeId": "taichung-kel-2316-4d731b-d2",
        "city": "taichung",
        "source_file": "taichung/taichung-kel-2316-4d731b-d2.geojson",
        "distance_km": 36.586,
        "duration_min": 85.45256666666667,
        "valhalla_config": "valhalla.json"
      }
    }
  ]
}