{
  "type": "FeatureCollection",
  "features": [
    {
      "type": "Feature",
      "geometry": {
        "type": "LineString",
        "coordinates": [
          [
            120.560248,
            24.234121
          ],
          [
            120.560166,
            24.233812
          ],
          [
            120.560015,
            24.233417
          ],
          [
            120.559863,
            24.233056
          ],
          [
            120.559594,
            24.232529
          ],
          [
            120.559192,
            24.231738
          ],
          [
            120.559393,
            24.231653
          ],
          [
            120.559488,
            24.231621
          ],
          [
            120.559393,
            24.231653
          ],
          [
            120.559192,
            24.231738
          ],
          [
            120.559031,
            24.231452
          ],
          [
            120.558903,
            24.231231
          ],
          [
            120.5588,
            24.231131
          ],
          [
            120.558786,
            24.230942
          ],
          [
            120.558755,
            24.230792
          ],
          [
            120.558715,
            24.230529
          ],
          [
            120.558675,
            24.23023
          ],
          [
            120.558578,
            24.229502
          ],
          [
            120.558566,
            24.229038
          ],
          [
            120.558543,
            24.228303
          ],
          [
            120.558533,
            24.228026
          ],
          [
            120.558515,
            24.22792
          ],
          [
            120.558482,
            24.227785
          ],
          [
            120.558601,
            24.227849
          ],
          [
            120.558629,
            24.228112
          ],
          [
            120.558654,
            24.228777
          ],
          [
            120.558662,
            24.229136
          ],
          [
            120.55867,
            24.229499
          ],
          [
            120.558578,
            24.229502
          ],
          [
            120.558401,
            24.229469
          ],
          [
            120.558222,
            24.2294
          ],
          [
            120.557694,
            24.229102
          ],
          [
            120.558222,
            24.2294
          ],
          [
            120.558401,
            24.229469
          ],
          [
            120.558578,
            24.229502
          ],
          [
            120.55867,
            24.229499
          ],
          [
            120.558776,
            24.230183
          ],
          [
            120.558859,
            24.230725
          ],
          [
            120.558901,
            24.231049
          ],
          [
            120.558903,
            24.231231
          ],
          [
            120.559031,
            24.231452
          ],
          [
            120.559192,
            24.231738
          ],
          [
            120.559594,
            24.232529
          ],
          [
            120.559863,
            24.233056
          ],
          [
            120.560015,
            24.233417
          ],
          [
            120.560166,
            24.233812
          ],
          [
            120.560248,
            24.234121
          ],
          [
            120.560166,
            24.233812
          ],
          [
            120.560015,
            24.233417
          ],
          [
            120.559863,
            24.233056
          ],
          [
            120.559594,
            24.232529
          ],
          [
            120.559192,
            24.231738
          ],
          [
            120.559031,
            24.231452
          ],
          [
            120.558903,
            24.231231
          ],
          [
            120.5588,
            24.231131
          ],
          [
            120.558786,
            24.230942
          ],
          [
            120.558755,
            24.230792
          ],
          [
            120.558715,
            24.230529
          ],
          [
            120.558578,
            24.229502
          ],
          [
            120.558401,
            24.229469
          ],
          [
            120.558222,
            24.2294
          ],
          [
            120.557413,
            24.228943
          ],
          [
            120.557231,
            24.228846
          ],
          [
            120.556331,
            24.228337
          ],
          [
            120.555956,
            24.228124
          ],
          [
            120.555808,
            24.228026
          ],
          [
            120.555625,
            24.227912
          ],
          [
            120.555385,
            24.228059
          ],
          [
            120.55537,
            24.228066
          ],
          [
            120.555385,
            24.228059
          ],
          [
            120.555625,
            24.227912
          ],
          [
            120.555412,
            24.227671
          ],
          [
            120.555259,
            24.227363
          ],
          [
            120.555119,
            24.227077
          ],
          [
            120.554986,
            24.226788
          ],
          [
            120.55489,
            24.226589
          ],
          [
            120.554842,
            24.226458
          ],
          [
            120.554731,
            24.226156
          ],
          [
            120.554468,
            24.225585
          ],
          [
            120.554393,
            24.225401
          ],
          [
            120.55422,
            24.225004
          ],
          [
            120.55411,
            24.224738
          ],
          [
            120.554029,
            24.224537
          ],
          [
            120.553996,
            24.224371
          ],
          [
            120.554016,
            24.224206
          ],
          [
            120.554043,
            24.224083
          ],
          [
            120.554095,
            24.2239
          ],
          [
            120.554144,
            24.223785
          ],
          [
            120.553997,
            24.223753
          ],
          [
            120.554144,
            24.223785
          ],
          [
            120.554178,
            24.223708
          ],
          [
            120.554294,
            24.223594
          ],
          [
            120.554464,
            24.223449
          ],
          [
            120.554548,
            24.223387
          ],
          [
            120.554711,
            24.223301
          ],
          [
            120.555003,
            24.223168
          ],
          [
            120.555411,
            24.223059
          ],
          [
            120.556026,
            24.222882
          ],
          [
            120.556728,
            24.222647
          ],
          [
            120.556831,
            24.222617
          ],
          [
            120.55778,
            24.225044
          ],
          [
            120.557917,
            24.225464
          ],
          [
            120.557989,
            24.225699
          ],
          [
            120.558103,
            24.226061
          ],
          [
            120.558215,
            24.226462
          ],
          [
            120.558255,
            24.226589
          ],
          [
            120.55845,
            24.227325
          ],
          [
            120.558492,
            24.227509
          ],
          [
            120.558551,
            24.227731
          ],
          [
            120.558601,
            24.227849
          ],
          [
            120.558907,
            24.228184
          ],
          [
            120.55976,
            24.229465
          ],
          [
            120.560476,
            24.230422
          ],
          [
            120.560987,
            24.231168
          ],
          [
            120.56083,
            24.23128
          ],
          [
            120.560798,
            24.231422
          ],
          [
            120.560747,
            24.231485
          ],
          [
            120.560651,
            24.231511
          ],
          [
            120.560533,
            24.231511
          ],
          [
            120.560246,
            24.231469
          ],
          [
            120.559988,
            24.231489
          ],
          [
            120.559605,
            24.231582
          ],
          [
            120.559488,
            24.231621
          ],
          [
            120.559393,
            24.231653
          ],
          [
            120.559192,
            24.231738
          ],
          [
            120.559031,
            24.231452
          ],
          [
            120.558903,
            24.231231
          ],
          [
            120.5588,
            24.231131
          ],
          [
            120.558786,
            24.230942
          ],
          [
            120.558755,
            24.230792
          ],
          [
            120.558715,
            24.230529
          ],
          [
            120.558578,
            24.229502
          ],
          [
            120.558566,
            24.229038
          ],
          [
            120.558543,
            24.228303
          ],
          [
            120.558533,
            24.228026
          ],
          [
            120.558515,
            24.22792
          ],
          [
            120.558482,
            24.227785
          ],
          [
            120.558366,
            24.227408
          ],
          [
            120.558191,
            24.226791
          ],
          [
            120.557885,
            24.22577
          ],
          [
            120.557665,
            24.225067
          ],
          [
            120.557389,
            24.224372
          ],
          [
            120.55721,
            24.223956
          ],
          [
            120.557018,
            24.223476
          ],
          [
            120.556728,
            24.222647
          ],
          [
            120.556026,
            24.222882
          ],
          [
            120.55553,
            24.223025
          ],
          [
            120.556026,
            24.222882
          ],
          [
            120.556728,
            24.222647
          ],
          [
            120.556831,
            24.222617
          ],
          [
            120.55778,
            24.225044
          ],
          [
            120.557917,
            24.225464
          ],
          [
            120.557989,
            24.225699
          ],
          [
            120.558103,
            24.226061
          ],
          [
            120.558215,
            24.226462
          ],
          [
            120.558255,
            24.226589
          ],
          [
            120.55845,
            24.227325
          ],
          [
            120.558492,
            24.227509
          ],
          [
            120.558551,
            24.227731
          ],
          [
            120.558601,
            24.227849
          ],
          [
            120.558629,
            24.228112
          ],
          [
            120.558654,
            24.228777
          ],
          [
            120.55867,
            24.229499
          ],
          [
            120.558776,
            24.230183
          ],
          [
            120.558859,
            24.230725
          ],
          [
            120.558901,
            24.231049
          ],
          [
            120.558903,
            24.231231
          ],
          [
            120.5588,
            24.231131
          ],
          [
            120.558786,
            24.230942
          ],
          [
            120.558755,
            24.230792
          ],
          [
            120.558715,
            24.230529
          ],
          [
            120.558675,
            24.23023
          ],
          [
            120.558578,
            24.229502
          ],
          [
            120.558566,
            24.229038
          ],
          [
            120.558543,
            24.228303
          ],
          [
            120.558533,
            24.228026
          ],
          [
            120.558515,
            24.22792
          ],
          [
            120.558482,
            24.227785
          ],
          [
            120.558366,
            24.227408
          ],
          [
            120.558191,
            24.226791
          ],
          [
            120.557885,
            24.22577
          ],
          [
            120.557665,
            24.225067
          ],
          [
            120.557389,
            24.224372
          ],
          [
            120.55721,
            24.223956
          ],
          [
            120.557018,
            24.223476
          ],
          [
            120.556728,
            24.222647
          ],
          [
            120.556026,
            24.222882
          ],
          [
            120.556087,
            24.223068
          ],
          [
            120.556026,
            24.222882
          ],
          [
            120.556728,
            24.222647
          ],
          [
            120.556831,
            24.222617
          ],
          [
            120.55778,
            24.225044
          ],
          [
            120.557917,
            24.225464
          ],
          [
            120.557989,
            24.225699
          ],
          [
            120.558103,
            24.226061
          ],
          [
            120.558215,
            24.226462
          ],
          [
            120.558255,
            24.226589
          ],
          [
            120.55845,
            24.227325
          ],
          [
            120.558492,
            24.227509
          ],
          [
            120.558551,
            24.227731
          ],
          [
            120.558601,
            24.227849
          ],
          [
            120.558629,
            24.228112
          ],
          [
            120.558654,
            24.228777
          ],
          [
            120.558662,
            24.229136
          ],
          [
            120.55867,
            24.229499
          ],
          [
            120.558578,
            24.229502
          ],
          [
            120.558566,
            24.229038
          ],
          [
            120.558543,
            24.228303
          ],
          [
            120.558533,
            24.228026
          ],
          [
            120.558515,
            24.22792
          ],
          [
            120.558482,
            24.227785
          ],
          [
            120.558366,
            24.227408
          ],
          [
            120.558191,
            24.226791
          ],
          [
            120.557885,
            24.22577
          ],
          [
            120.557665,
            24.225067
          ],
          [
            120.557389,
            24.224372
          ],
          [
            120.55721,
            24.223956
          ],
          [
            120.556449,
            24.224171
          ],
          [
            120.55584,
            24.224326
          ],
          [
            120.555743,
            24.224041
          ],
          [
            120.555411,
            24.223059
          ],
          [
            120.556026,
            24.222882
          ],
          [
            120.556728,
            24.222647
          ],
          [
            120.556831,
            24.222617
          ],
          [
            120.55778,
            24.225044
          ],
          [
            120.557917,
            24.225464
          ],
          [
            120.557989,
            24.225699
          ],
          [
            120.558103,
            24.226061
          ],
          [
            120.558215,
            24.226462
          ],
          [
            120.558255,
            24.226589
          ],
          [
            120.55845,
            24.227325
          ],
          [
            120.558492,
            24.227509
          ],
          [
            120.558551,
            24.227731
          ],
          [
            120.558601,
            24.227849
          ],
          [
            120.558629,
            24.228112
          ],
          [
            120.558654,
            24.228777
          ],
          [
            120.55867,
            24.229499
          ],
          [
            120.558578,
            24.229502
          ],
          [
            120.558401,
            24.229469
          ],
          [
            120.558222,
            24.2294
          ],
          [
            120.557694,
            24.229102
          ],
          [
            120.558222,
            24.2294
          ],
          [
            120.558401,
            24.229469
          ],
          [
            120.558578,
            24.229502
          ],
          [
            120.558566,
            24.229038
          ],
          [
            120.558543,
            24.228303
          ],
          [
            120.558533,
            24.228026
          ],
          [
            120.558515,
            24.22792
          ],
          [
            120.558482,
            24.227785
          ],
          [
            120.558366,
            24.227408
          ],
          [
            120.558191,
            24.226791
          ],
          [
            120.557885,
            24.22577
          ],
          [
            120.557665,
            24.225067
          ],
          [
            120.557389,
            24.224372
          ],
          [
            120.55721,
            24.223956
          ],
          [
            120.557018,
            24.223476
          ],
          [
            120.556728,
            24.222647
          ],
          [
            120.556574,
            24.222254
          ],
          [
            120.55653,
            24.222143
          ],
          [
            120.556491,
            24.222033
          ],
          [
            120.556299,
            24.221578
          ],
          [
            120.556223,
            24.221403
          ],
          [
            120.556197,
            24.221366
          ],
          [
            120.556151,
            24.22127
          ],
          [
            120.556128,
            24.22123
          ],
          [
            120.555983,
            24.220959
          ],
          [
            120.556057,
            24.220899
          ],
          [
            120.556191,
            24.221101
          ],
          [
            120.556259,
            24.221227
          ],
          [
            120.556298,
            24.22131
          ],
          [
            120.556322,
            24.221359
          ],
          [
            120.556412,
            24.221537
          ],
          [
            120.556459,
            24.221645
          ],
          [
            120.556831,
            24.222617
          ],
          [
            120.55778,
            24.225044
          ],
          [
            120.557917,
            24.225464
          ],
          [
            120.557989,
            24.225699
          ],
          [
            120.558103,
            24.226061
          ],
          [
            120.558215,
            24.226462
          ],
          [
            120.558255,
            24.226589
          ],
          [
            120.55845,
            24.227325
          ],
          [
            120.558492,
            24.227509
          ],
          [
            120.558551,
            24.227731
          ],
          [
            120.558601,
            24.227849
          ],
          [
            120.558629,
            24.228112
          ],
          [
            120.558654,
            24.228777
          ],
          [
            120.55867,
            24.229499
          ],
          [
            120.558578,
            24.229502
          ],
          [
            120.558401,
            24.229469
          ],
          [
            120.558222,
            24.2294
          ],
          [
            120.557413,
            24.228943
          ],
          [
            120.557231,
            24.228846
          ],
          [
            120.556331,
            24.228337
          ],
          [
            120.555956,
            24.228124
          ],
          [
            120.555808,
            24.228026
          ],
          [
            120.555625,
            24.227912
          ],
          [
            120.555385,
            24.228059
          ],
          [
            120.55537,
            24.228066
          ],
          [
            120.555385,
            24.228059
          ],
          [
            120.555625,
            24.227912
          ],
          [
            120.555808,
            24.228026
          ],
          [
            120.555956,
            24.228124
          ],
          [
            120.556331,
            24.228337
          ],
          [
            120.557231,
            24.228846
          ],
          [
            120.557413,
            24.228943
          ],
          [
            120.558222,
            24.2294
          ],
          [
            120.558401,
            24.229469
          ],
          [
            120.558578,
            24.229502
          ],
          [
            120.558566,
            24.229038
          ],
          [
            120.558543,
            24.228303
          ],
          [
            120.558533,
            24.228026
          ],
          [
            120.558515,
            24.22792
          ],
          [
            120.558482,
            24.227785
          ],
          [
            120.558366,
            24.227408
          ],
          [
            120.558206,
            24.226843
          ],
          [
            120.558191,
            24.226791
          ],
          [
            120.557885,
            24.22577
          ],
          [
            120.557665,
            24.225067
          ],
          [
            120.557222,
            24.225179
          ],
          [
            120.556864,
            24.225259
          ],
          [
            120.556514,
            24.225336
          ],
          [
            120.556479,
            24.225202
          ],
          [
            120.556322,
            24.224606
          ],
          [
            120.556675,
            24.224531
          ],
          [
            120.557023,
            24.224478
          ],
          [
            120.557389,
            24.224372
          ],
          [
            120.55721,
            24.223956
          ],
          [
            120.557018,
            24.223476
          ],
          [
            120.556728,
            24.222647
          ],
          [
            120.556026,
            24.222882
          ],
          [
            120.555411,
            24.223059
          ],
          [
            120.555003,
            24.223168
          ],
          [
            120.554711,
            24.223301
          ],
          [
            120.554548,
            24.223387
          ],
          [
            120.554464,
            24.223449
          ],
          [
            120.554294,
            24.223594
          ],
          [
            120.554178,
            24.223708
          ],
          [
            120.554144,
            24.223785
          ],
          [
            120.554095,
            24.2239
          ],
          [
            120.554043,
            24.224083
          ],
          [
            120.554016,
            24.224206
          ],
          [
            120.553996,
            24.224371
          ],
          [
            120.554029,
            24.224537
          ],
          [
            120.55411,
            24.224738
          ],
          [
            120.55422,
            24.225004
          ],
          [
            120.554393,
            24.225401
          ],
          [
            120.554468,
            24.225585
          ],
          [
            120.554731,
            24.226156
          ],
          [
            120.554842,
            24.226458
          ],
          [
            120.554731,
            24.226156
          ],
          [
            120.554468,
            24.225585
          ],
          [
            120.554393,
            24.225401
          ],
          [
            120.55422,
            24.225004
          ],
          [
            120.55411,
            24.224738
          ],
          [
            120.554029,
            24.224537
          ],
          [
            120.553996,
            24.224371
          ],
          [
            120.554016,
            24.224206
          ],
          [
            120.554043,
            24.224083
          ],
          [
            120.554095,
            24.2239
          ],
          [
            120.554144,
            24.223785
          ],
          [
            120.553997,
            24.223753
          ],
          [
            120.554144,
            24.223785
          ],
          [
            120.554178,
            24.223708
          ],
          [
            120.554294,
            24.223594
          ],
          [
            120.554464,
            24.223449
          ],
          [
            120.554548,
            24.223387
          ],
          [
            120.554711,
            24.223301
          ],
          [
            120.555003,
            24.223168
          ],
          [
            120.555411,
            24.223059
          ],
          [
            120.556026,
            24.222882
          ],
          [
            120.556728,
            24.222647
          ],
          [
            120.556831,
            24.222617
          ],
          [
            120.55778,
            24.225044
          ],
          [
            120.557665,
            24.225067
          ],
          [
            120.557222,
            24.225179
          ],
          [
            120.557173,
            24.225007
          ],
          [
            120.557023,
            24.224478
          ],
          [
            120.557389,
            24.224372
          ],
          [
            120.55721,
            24.223956
          ],
          [
            120.557018,
            24.223476
          ],
          [
            120.556728,
            24.222647
          ],
          [
            120.556026,
            24.222882
          ],
          [
            120.55553,
            24.223025
          ],
          [
            120.556026,
            24.222882
          ],
          [
            120.556087,
            24.223068
          ],
          [
            120.556449,
            24.224171
          ],
          [
            120.55721,
            24.223956
          ],
          [
            120.557038,
            24.223525
          ],
          [
            120.557018,
            24.223476
          ],
          [
            120.556728,
            24.222647
          ],
          [
            120.556026,
            24.222882
          ],
          [
            120.555411,
            24.223059
          ],
          [
            120.555743,
            24.224041
          ],
          [
            120.555411,
            24.223059
          ],
          [
            120.556026,
            24.222882
          ],
          [
            120.556728,
            24.222647
          ],
          [
            120.556831,
            24.222617
          ],
          [
            120.55778,
            24.225044
          ],
          [
            120.557917,
            24.225464
          ],
          [
            120.557989,
            24.225699
          ],
          [
            120.558103,
            24.226061
          ],
          [
            120.558215,
            24.226462
          ],
          [
            120.558255,
            24.226589
          ],
          [
            120.55845,
            24.227325
          ],
          [
            120.558492,
            24.227509
          ],
          [
            120.558551,
            24.227731
          ],
          [
            120.558601,
            24.227849
          ],
          [
            120.558629,
            24.228112
          ],
          [
            120.558654,
            24.228777
          ],
          [
            120.55867,
            24.229499
          ],
          [
            120.558776,
            24.230183
          ],
          [
            120.558859,
            24.230725
          ],
          [
            120.558901,
            24.231049
          ],
          [
            120.558903,
            24.231231
          ],
          [
            120.559031,
            24.231452
          ],
          [
            120.559192,
            24.231738
          ],
          [
            120.559337,
            24.232024
          ],
          [
            120.559192,
            24.231738
          ],
          [
            120.559031,
            24.231452
          ],
          [
            120.558903,
            24.231231
          ],
          [
            120.5588,
            24.231131
          ],
          [
            120.558786,
            24.230942
          ],
          [
            120.558755,
            24.230792
          ],
          [
            120.558715,
            24.230529
          ],
          [
            120.558578,
            24.229502
          ],
          [
            120.558566,
            24.229038
          ],
          [
            120.558543,
            24.228303
          ],
          [
            120.558533,
            24.228026
          ],
          [
            120.558515,
            24.22792
          ],
          [
            120.558482,
            24.227785
          ],
          [
            120.558366,
            24.227408
          ],
          [
            120.558191,
            24.226791
          ],
          [
            120.557885,
            24.22577
          ],
          [
            120.557665,
            24.225067
          ],
          [
            120.557389,
            24.224372
          ],
          [
            120.55721,
            24.223956
          ],
          [
            120.557018,
            24.223476
          ],
          [
            120.556728,
            24.222647
          ],
          [
            120.556574,
            24.222254
          ],
          [
            120.55653,
            24.222143
          ],
          [
            120.556491,
            24.222033
          ],
          [
            120.556299,
            24.221578
          ],
          [
            120.556223,
            24.221403
          ],
          [
            120.556197,
            24.221366
          ],
          [
            120.556151,
            24.22127
          ],
          [
            120.556128,
            24.22123
          ],
          [
            120.555983,
            24.220959
          ],
          [
            120.556057,
            24.220899
          ],
          [
            120.556191,
            24.221101
          ],
          [
            120.556259,
            24.221227
          ],
          [
            120.556298,
            24.22131
          ],
          [
            120.556322,
            24.221359
          ],
          [
            120.556412,
            24.221537
          ],
          [
            120.556459,
            24.221645
          ],
          [
            120.556831,
            24.222617
          ],
          [
            120.55778,
            24.225044
          ],
          [
            120.557917,
            24.225464
          ],
          [
            120.557989,
            24.225699
          ],
          [
            120.558103,
            24.226061
          ],
          [
            120.558215,
            24.226462
          ],
          [
            120.558255,
            24.226589
          ],
          [
            120.55845,
            24.227325
          ],
          [
            120.558492,
            24.227509
          ],
          [
            120.558551,
            24.227731
          ],
          [
            120.558601,
            24.227849
          ],
          [
            120.558629,
            24.228112
          ],
          [
            120.558654,
            24.228777
          ],
          [
            120.55867,
            24.229499
          ],
          [
            120.558776,
            24.230183
          ],
          [
            120.558859,
            24.230725
          ],
          [
            120.558901,
            24.231049
          ],
          [
            120.558903,
            24.231231
          ],
          [
            120.558878,
            24.231688
          ],
          [
            120.558812,
            24.232227
          ],
          [
            120.558764,
            24.232872
          ],
          [
            120.558722,
            24.233303
          ],
          [
            120.558709,
            24.233567
          ],
          [
            120.558832,
            24.233592
          ],
          [
            120.560091,
            24.234247
          ],
          [
            120.560179,
            24.2343
          ],
          [
            120.56029,
            24.234279
          ],
          [
            120.56132,
            24.233843
          ],
          [
            120.561591,
            24.233733
          ],
          [
            120.561543,
            24.233586
          ],
          [
            120.561591,
            24.233733
          ],
          [
            120.562083,
            24.233559
          ],
          [
            120.562475,
            24.233403
          ],
          [
            120.561578,
            24.23208
          ],
          [
            120.561428,
            24.231838
          ],
          [
            120.560987,
            24.231168
          ],
          [
            120.560476,
            24.230422
          ],
          [
            120.55976,
            24.229465
          ],
          [
            120.558907,
            24.228184
          ],
          [
            120.558601,
            24.227849
          ],
          [
            120.558482,
            24.227785
          ],
          [
            120.558366,
            24.227408
          ],
          [
            120.558206,
            24.226843
          ],
          [
            120.558191,
            24.226791
          ],
          [
            120.557885,
            24.22577
          ],
          [
            120.557665,
            24.225067
          ],
          [
            120.557222,
            24.225179
          ],
          [
            120.556864,
            24.225259
          ],
          [
            120.556514,
            24.225336
          ],
          [
            120.556479,
            24.225202
          ],
          [
            120.556514,
            24.225336
          ],
          [
            120.556864,
            24.225259
          ],
          [
            120.557222,
            24.225179
          ],
          [
            120.557665,
            24.225067
          ],
          [
            120.55778,
            24.225044
          ],
          [
            120.557917,
            24.225464
          ],
          [
            120.557989,
            24.225699
          ],
          [
            120.558103,
            24.226061
          ],
          [
            120.558215,
            24.226462
          ],
          [
            120.558255,
            24.226589
          ],
          [
            120.55845,
            24.227325
          ],
          [
            120.558492,
            24.227509
          ],
          [
            120.558551,
            24.227731
          ],
          [
            120.558601,
            24.227849
          ],
          [
            120.558629,
            24.228112
          ],
          [
            120.558654,
            24.228777
          ],
          [
            120.55867,
            24.229499
          ],
          [
            120.558776,
            24.230183
          ],
          [
            120.558859,
            24.230725
          ],
          [
            120.558901,
            24.231049
          ],
          [
            120.558903,
            24.231231
          ],
          [
            120.558878,
            24.231688
          ],
          [
            120.558812,
            24.232227
          ],
          [
            120.558764,
            24.232872
          ],
          [
            120.558722,
            24.233303
          ],
          [
            120.558709,
            24.233567
          ],
          [
            120.558832,
            24.233592
          ],
          [
            120.560091,
            24.234247
          ],
          [
            120.560179,
            24.2343
          ],
          [
            120.560321,
            24.234358
          ],
          [
            120.559952,
            24.234467
          ],
          [
            120.559915,
            24.234479
          ],
          [
            120.559266,
            24.234681
          ],
          [
            120.55911,
            24.234735
          ],
          [
            120.558886,
            24.234742
          ],
          [
            120.558802,
            24.23478
          ],
          [
            120.558714,
            24.234357
          ],
          [
            120.558652,
            24.23397
          ],
          [
            120.558646,
            24.233756
          ],
          [
            120.558644,
            24.233538
          ],
          [
            120.558647,
            24.233161
          ],
          [
            120.558657,
            24.232905
          ],
          [
            120.558763,
            24.231676
          ],
          [
            120.5588,
            24.231131
          ],
          [
            120.558786,
            24.230942
          ],
          [
            120.558755,
            24.230792
          ],
          [
            120.558715,
            24.230529
          ],
          [
            120.558578,
            24.229502
          ],
          [
            120.558566,
            24.229038
          ],
          [
            120.558543,
            24.228303
          ],
          [
            120.558533,
            24.228026
          ],
          [
            120.558515,
            24.22792
          ],
          [
            120.558482,
            24.227785
          ],
          [
            120.558366,
            24.227408
          ],
          [
            120.558191,
            24.226791
          ],
          [
            120.557885,
            24.22577
          ],
          [
            120.557665,
            24.225067
          ],
          [
            120.557222,
            24.225179
          ],
          [
            120.557173,
            24.225007
          ],
          [
            120.557023,
            24.224478
          ],
          [
            120.557389,
            24.224372
          ],
          [
            120.55721,
            24.223956
          ],
          [
            120.557038,
            24.223525
          ],
          [
            120.557018,
            24.223476
          ],
          [
            120.556728,
            24.222647
          ],
          [
            120.556831,
            24.222617
          ],
          [
            120.55778,
            24.225044
          ],
          [
            120.557917,
            24.225464
          ],
          [
            120.557989,
            24.225699
          ],
          [
            120.558103,
            24.226061
          ],
          [
            120.558215,
            24.226462
          ],
          [
            120.558255,
            24.226589
          ],
          [
            120.55845,
            24.227325
          ],
          [
            120.558492,
            24.227509
          ],
          [
            120.558551,
            24.227731
          ],
          [
            120.558601,
            24.227849
          ],
          [
            120.558629,
            24.228112
          ],
          [
            120.558654,
            24.228777
          ],
          [
            120.55867,
            24.229499
          ],
          [
            120.558776,
            24.230183
          ],
          [
            120.558859,
            24.230725
          ],
          [
            120.558901,
            24.231049
          ],
          [
            120.558903,
            24.231231
          ],
          [
            120.558878,
            24.231688
          ],
          [
            120.558812,
            24.232227
          ],
          [
            120.558764,
            24.232872
          ],
          [
            120.558722,
            24.233303
          ],
          [
            120.558709,
            24.233567
          ],
          [
            120.558721,
            24.233785
          ],
          [
            120.558752,
            24.234021
          ],
          [
            120.558886,
            24.234742
          ],
          [
            120.559007,
            24.23511
          ],
          [
            120.559162,
            24.235579
          ],
          [
            120.559316,
            24.236064
          ],
          [
            120.559425,
            24.236408
          ],
          [
            120.559696,
            24.237175
          ],
          [
            120.560809,
            24.237031
          ],
          [
            120.560852,
            24.237344
          ],
          [
            120.560809,
            24.237031
          ],
          [
            120.560639,
            24.236056
          ],
          [
            120.560532,
            24.235412
          ],
          [
            120.560502,
            24.235236
          ],
          [
            120.560432,
            24.234772
          ],
          [
            120.560321,
            24.234358
          ],
          [
            120.56029,
            24.234279
          ],
          [
            120.560166,
            24.233812
          ],
          [
            120.560015,
            24.233417
          ],
          [
            120.559863,
            24.233056
          ],
          [
            120.559594,
            24.232529
          ],
          [
            120.559337,
            24.232024
          ],
          [
            120.559192,
            24.231738
          ],
          [
            120.559393,
            24.231653
          ],
          [
            120.559605,
            24.231582
          ],
          [
            120.559988,
            24.231489
          ],
          [
            120.560246,
            24.231469
          ],
          [
            120.560533,
            24.231511
          ],
          [
            120.560651,
            24.231511
          ],
          [
            120.560747,
            24.231485
          ],
          [
            120.560798,
            24.231422
          ],
          [
            120.56083,
            24.23128
          ],
          [
            120.560987,
            24.231168
          ],
          [
            120.561428,
            24.231838
          ],
          [
            120.561578,
            24.23208
          ],
          [
            120.561967,
            24.232654
          ],
          [
            120.562475,
            24.233403
          ],
          [
            120.562535,
            24.23349
          ],
          [
            120.56204,
            24.233666
          ],
          [
            120.562012,
            24.233676
          ],
          [
            120.561657,
            24.233803
          ],
          [
            120.560878,
            24.234135
          ],
          [
            120.560321,
            24.234358
          ],
          [
            120.560179,
            24.2343
          ],
          [
            120.56029,
            24.234279
          ],
          [
            120.56132,
            24.233843
          ],
          [
            120.561591,
            24.233733
          ],
          [
            120.561543,
            24.233586
          ],
          [
            120.561591,
            24.233733
          ],
          [
            120.562083,
            24.233559
          ],
          [
            120.562475,
            24.233403
          ],
          [
            120.561578,
            24.23208
          ],
          [
            120.561428,
            24.231838
          ],
          [
            120.560987,
            24.231168
          ],
          [
            120.560476,
            24.230422
          ],
          [
            120.55976,
            24.229465
          ],
          [
            120.558907,
            24.228184
          ],
          [
            120.558601,
            24.227849
          ],
          [
            120.558629,
            24.228112
          ],
          [
            120.558654,
            24.228777
          ],
          [
            120.558663,
            24.22918
          ],
          [
            120.55867,
            24.229499
          ],
          [
            120.558776,
            24.230183
          ],
          [
            120.558859,
            24.230725
          ],
          [
            120.558901,
            24.231049
          ],
          [
            120.558903,
            24.231231
          ],
          [
            120.558878,
            24.231688
          ],
          [
            120.558812,
            24.232227
          ],
          [
            120.558764,
            24.232872
          ],
          [
            120.558722,
            24.233303
          ],
          [
            120.558709,
            24.233567
          ],
          [
            120.558832,
            24.233592
          ],
          [
            120.560091,
            24.234247
          ],
          [
            120.560179,
            24.2343
          ],
          [
            120.560321,
            24.234358
          ],
          [
            120.559952,
            24.234467
          ],
          [
            120.559915,
            24.234479
          ],
          [
            120.559266,
            24.234681
          ],
          [
            120.55911,
            24.234735
          ],
          [
            120.558886,
            24.234742
          ],
          [
            120.559007,
            24.23511
          ],
          [
            120.559162,
            24.235579
          ],
          [
            120.559316,
            24.236064
          ],
          [
            120.559425,
            24.236408
          ],
          [
            120.559696,
            24.237175
          ],
          [
            120.560809,
            24.237031
          ],
          [
            120.560852,
            24.237344
          ],
          [
            120.560809,
            24.237031
          ],
          [
            120.559696,
            24.237175
          ],
          [
            120.559606,
            24.237199
          ],
          [
            120.559335,
            24.236439
          ],
          [
            120.55908,
            24.235614
          ],
          [
            120.558802,
            24.23478
          ],
          [
            120.558714,
            24.234357
          ],
          [
            120.558652,
            24.23397
          ],
          [
            120.558646,
            24.233756
          ],
          [
            120.558644,
            24.233538
          ],
          [
            120.557806,
            24.233116
          ],
          [
            120.557774,
            24.233103
          ],
          [
            120.557806,
            24.233116
          ],
          [
            120.558644,
            24.233538
          ],
          [
            120.558709,
            24.233567
          ],
          [
            120.558832,
            24.233592
          ],
          [
            120.560091,
            24.234247
          ],
          [
            120.560179,
            24.2343
          ],
          [
            120.56029,
            24.234279
          ],
          [
            120.56132,
            24.233843
          ],
          [
            120.561591,
            24.233733
          ],
          [
            120.562083,
            24.233559
          ],
          [
            120.562475,
            24.233403
          ],
          [
            120.561967,
            24.232654
          ],
          [
            120.561578,
            24.23208
          ],
          [
            120.561428,
            24.231838
          ],
          [
            120.560987,
            24.231168
          ],
          [
            120.560476,
            24.230422
          ],
          [
            120.55976,
            24.229465
          ],
          [
            120.558907,
            24.228184
          ],
          [
            120.558601,
            24.227849
          ],
          [
            120.558629,
            24.228112
          ],
          [
            120.558654,
            24.228777
          ],
          [
            120.558663,
            24.22918
          ],
          [
            120.55867,
            24.229499
          ],
          [
            120.558776,
            24.230183
          ],
          [
            120.558859,
            24.230725
          ],
          [
            120.558901,
            24.231049
          ],
          [
            120.558903,
            24.231231
          ],
          [
            120.558878,
            24.231688
          ],
          [
            120.558812,
            24.232227
          ],
          [
            120.558764,
            24.232872
          ],
          [
            120.558722,
            24.233303
          ],
          [
            120.558709,
            24.233567
          ],
          [
            120.558644,
            24.233538
          ],
          [
            120.557806,
            24.233116
          ],
          [
            120.557628,
            24.233042
          ],
          [
            120.556836,
            24.232641
          ],
          [
            120.556518,
            24.232475
          ],
          [
            120.556117,
            24.232274
          ],
          [
            120.5552,
            24.231795
          ],
          [
            120.555022,
            24.231677
          ],
          [
            120.554729,
            24.231557
          ],
          [
            120.554409,
            24.230873
          ],
          [
            120.554162,
            24.230283
          ],
          [
            120.553705,
            24.230422
          ],
          [
            120.553265,
            24.230555
          ],
          [
            120.55297,
            24.230645
          ],
          [
            120.552241,
            24.230287
          ],
          [
            120.552136,
            24.230236
          ],
          [
            120.551716,
            24.230042
          ],
          [
            120.552035,
            24.230543
          ],
          [
            120.55214,
            24.230764
          ],
          [
            120.552183,
            24.230868
          ],
          [
            120.552272,
            24.231079
          ],
          [
            120.55249,
            24.231572
          ],
          [
            120.552899,
            24.231421
          ],
          [
            120.55249,
            24.231572
          ],
          [
            120.552396,
            24.231606
          ],
          [
            120.552172,
            24.231127
          ],
          [
            120.552048,
            24.230861
          ],
          [
            120.551919,
            24.230597
          ],
          [
            120.551608,
            24.230119
          ],
          [
            120.551361,
            24.229856
          ],
          [
            120.550945,
            24.229565
          ],
          [
            120.550757,
            24.229455
          ],
          [
            120.550438,
            24.229311
          ],
          [
            120.550366,
            24.229459
          ],
          [
            120.55023,
            24.229574
          ],
          [
            120.550016,
            24.229666
          ],
          [
            120.55023,
            24.229574
          ],
          [
            120.550366,
            24.229459
          ],
          [
            120.550438,
            24.229311
          ],
          [
            120.550446,
            24.229166
          ],
          [
            120.550704,
            24.229274
          ],
          [
            120.550876,
            24.22936
          ],
          [
            120.551208,
            24.22957
          ],
          [
            120.551481,
            24.229804
          ],
          [
            120.551716,
            24.230042
          ],
          [
            120.552035,
            24.230543
          ],
          [
            120.55214,
            24.230764
          ],
          [
            120.552272,
            24.231079
          ],
          [
            120.55249,
            24.231572
          ],
          [
            120.552396,
            24.231606
          ],
          [
            120.552172,
            24.231127
          ],
          [
            120.550788,
            24.231596
          ],
          [
            120.552172,
            24.231127
          ],
          [
            120.552048,
            24.230861
          ],
          [
            120.551919,
            24.230597
          ],
          [
            120.551608,
            24.230119
          ],
          [
            120.551716,
            24.230042
          ],
          [
            120.552136,
            24.230236
          ],
          [
            120.55297,
            24.230645
          ],
          [
            120.55311,
            24.230723
          ],
          [
            120.553143,
            24.23074
          ],
          [
            120.553494,
            24.230916
          ],
          [
            120.553834,
            24.231075
          ],
          [
            120.554729,
            24.231557
          ],
          [
            120.555022,
            24.231677
          ],
          [
            120.5552,
            24.231795
          ],
          [
            120.556117,
            24.232274
          ],
          [
            120.556518,
            24.232475
          ],
          [
            120.556836,
            24.232641
          ],
          [
            120.557628,
            24.233042
          ],
          [
            120.557774,
            24.233103
          ],
          [
            120.557628,
            24.233042
          ],
          [
            120.556836,
            24.232641
          ],
          [
            120.556518,
            24.232475
          ],
          [
            120.556117,
            24.232274
          ],
          [
            120.5552,
            24.231795
          ],
          [
            120.555022,
            24.231677
          ],
          [
            120.554729,
            24.231557
          ],
          [
            120.553834,
            24.231075
          ],
          [
            120.55249,
            24.231572
          ],
          [
            120.552396,
            24.231606
          ],
          [
            120.552068,
            24.231719
          ],
          [
            120.55108,
            24.232057
          ],
          [
            120.552396,
            24.231606
          ],
          [
            120.55249,
            24.231572
          ],
          [
            120.552634,
            24.231917
          ],
          [
            120.55365,
            24.234341
          ],
          [
            120.555595,
            24.233651
          ],
          [
            120.555355,
            24.233028
          ],
          [
            120.555129,
            24.232533
          ],
          [
            120.555197,
            24.232682
          ],
          [
            120.555075,
            24.232414
          ],
          [
            120.55482,
            24.231822
          ],
          [
            120.554729,
            24.231557
          ],
          [
            120.553834,
            24.231075
          ],
          [
            120.553494,
            24.230916
          ],
          [
            120.553143,
            24.23074
          ],
          [
            120.55311,
            24.230723
          ],
          [
            120.55297,
            24.230645
          ],
          [
            120.553705,
            24.230422
          ],
          [
            120.553265,
            24.230555
          ],
          [
            120.554162,
            24.230283
          ],
          [
            120.554409,
            24.230873
          ],
          [
            120.554729,
            24.231557
          ],
          [
            120.555022,
            24.231677
          ],
          [
            120.5552,
            24.231795
          ],
          [
            120.556117,
            24.232274
          ],
          [
            120.556518,
            24.232475
          ],
          [
            120.557462,
            24.232178
          ],
          [
            120.557416,
            24.231978
          ],
          [
            120.557292,
            24.232019
          ],
          [
            120.557416,
            24.231978
          ],
          [
            120.557462,
            24.232178
          ],
          [
            120.556518,
            24.232475
          ],
          [
            120.556117,
            24.232274
          ],
          [
            120.5552,
            24.231795
          ],
          [
            120.555022,
            24.231677
          ],
          [
            120.554729,
            24.231557
          ],
          [
            120.553834,
            24.231075
          ],
          [
            120.553494,
            24.230916
          ],
          [
            120.553143,
            24.23074
          ],
          [
            120.55311,
            24.230723
          ],
          [
            120.55297,
            24.230645
          ],
          [
            120.552241,
            24.230287
          ],
          [
            120.552136,
            24.230236
          ],
          [
            120.551716,
            24.230042
          ],
          [
            120.552035,
            24.230543
          ],
          [
            120.55214,
            24.230764
          ],
          [
            120.552183,
            24.230868
          ],
          [
            120.552272,
            24.231079
          ],
          [
            120.55249,
            24.231572
          ],
          [
            120.553834,
            24.231075
          ],
          [
            120.554729,
            24.231557
          ],
          [
            120.555022,
            24.231677
          ],
          [
            120.5552,
            24.231795
          ],
          [
            120.556117,
            24.232274
          ],
          [
            120.556518,
            24.232475
          ],
          [
            120.557462,
            24.232178
          ],
          [
            120.557416,
            24.231978
          ],
          [
            120.557254,
            24.231639
          ],
          [
            120.55663,
            24.230336
          ],
          [
            120.556478,
            24.230049
          ],
          [
            120.55618,
            24.229464
          ],
          [
            120.556084,
            24.229279
          ],
          [
            120.555464,
            24.229508
          ],
          [
            120.556084,
            24.229279
          ],
          [
            120.55618,
            24.229464
          ],
          [
            120.556478,
            24.230049
          ],
          [
            120.55663,
            24.230336
          ],
          [
            120.557254,
            24.231639
          ],
          [
            120.557416,
            24.231978
          ],
          [
            120.557462,
            24.232178
          ],
          [
            120.556518,
            24.232475
          ],
          [
            120.556117,
            24.232274
          ],
          [
            120.5552,
            24.231795
          ],
          [
            120.555022,
            24.231677
          ],
          [
            120.554729,
            24.231557
          ],
          [
            120.553834,
            24.231075
          ],
          [
            120.552899,
            24.231421
          ],
          [
            120.553834,
            24.231075
          ],
          [
            120.554729,
            24.231557
          ],
          [
            120.555022,
            24.231677
          ],
          [
            120.5552,
            24.231795
          ],
          [
            120.556117,
            24.232274
          ],
          [
            120.556518,
            24.232475
          ],
          [
            120.557462,
            24.232178
          ],
          [
            120.557416,
            24.231978
          ],
          [
            120.557254,
            24.231639
          ],
          [
            120.55663,
            24.230336
          ],
          [
            120.556478,
            24.230049
          ],
          [
            120.55618,
            24.229464
          ],
          [
            120.556084,
            24.229279
          ],
          [
            120.556033,
            24.22902
          ],
          [
            120.556039,
            24.228894
          ],
          [
            120.55606,
            24.228749
          ],
          [
            120.556197,
            24.22849
          ],
          [
            120.556331,
            24.228337
          ],
          [
            120.555956,
            24.228124
          ],
          [
            120.556121,
            24.227895
          ],
          [
            120.556381,
            24.227533
          ],
          [
            120.556421,
            24.227475
          ],
          [
            120.556439,
            24.227442
          ],
          [
            120.556479,
            24.227332
          ],
          [
            120.556468,
            24.2273
          ],
          [
            120.556439,
            24.227212
          ],
          [
            120.556226,
            24.226717
          ],
          [
            120.556058,
            24.22636
          ],
          [
            120.555856,
            24.225844
          ],
          [
            120.555782,
            24.225825
          ],
          [
            120.555684,
            24.225832
          ],
          [
            120.554731,
            24.226156
          ],
          [
            120.55467,
            24.226024
          ],
          [
            120.554468,
            24.225585
          ],
          [
            120.553317,
            24.225983
          ],
          [
            120.553222,
            24.22595
          ],
          [
            120.553095,
            24.225972
          ],
          [
            120.552829,
            24.226014
          ],
          [
            120.552406,
            24.22613
          ],
          [
            120.551038,
            24.226522
          ],
          [
            120.549095,
            24.22707
          ],
          [
            120.548903,
            24.227064
          ],
          [
            120.548287,
            24.227128
          ],
          [
            120.548216,
            24.227143
          ],
          [
            120.548152,
            24.227177
          ],
          [
            120.548134,
            24.227199
          ],
          [
            120.548121,
            24.227243
          ],
          [
            120.548116,
            24.227293
          ],
          [
            120.548499,
            24.227984
          ],
          [
            120.548664,
            24.228299
          ],
          [
            120.548784,
            24.228536
          ],
          [
            120.549638,
            24.228956
          ],
          [
            120.549819,
            24.229069
          ],
          [
            120.550142,
            24.229079
          ],
          [
            120.550446,
            24.229166
          ],
          [
            120.550438,
            24.229311
          ],
          [
            120.550366,
            24.229459
          ],
          [
            120.55023,
            24.229574
          ],
          [
            120.550016,
            24.229666
          ],
          [
            120.55023,
            24.229574
          ],
          [
            120.550366,
            24.229459
          ],
          [
            120.550438,
            24.229311
          ],
          [
            120.550285,
            24.229252
          ],
          [
            120.550135,
            24.229193
          ],
          [
            120.549843,
            24.229186
          ],
          [
            120.549819,
            24.229069
          ],
          [
            120.549638,
            24.228956
          ],
          [
            120.548784,
            24.228536
          ],
          [
            120.548664,
            24.228299
          ],
          [
            120.548499,
            24.227984
          ],
          [
            120.548116,
            24.227293
          ],
          [
            120.548121,
            24.227243
          ],
          [
            120.548134,
            24.227199
          ],
          [
            120.548152,
            24.227177
          ],
          [
            120.548216,
            24.227143
          ],
          [
            120.548287,
            24.227128
          ],
          [
            120.548903,
            24.227064
          ],
          [
            120.549095,
            24.22707
          ],
          [
            120.551038,
            24.226522
          ],
          [
            120.552406,
            24.22613
          ],
          [
            120.552829,
            24.226014
          ],
          [
            120.553095,
            24.225972
          ],
          [
            120.553222,
            24.22595
          ],
          [
            120.553317,
            24.225983
          ],
          [
            120.553823,
            24.225808
          ],
          [
            120.553317,
            24.225983
          ],
          [
            120.553222,
            24.22595
          ],
          [
            120.553095,
            24.225972
          ],
          [
            120.552829,
            24.226014
          ],
          [
            120.552406,
            24.22613
          ],
          [
            120.551038,
            24.226522
          ],
          [
            120.549095,
            24.22707
          ],
          [
            120.548903,
            24.227064
          ],
          [
            120.548287,
            24.227128
          ],
          [
            120.548216,
            24.227143
          ],
          [
            120.548152,
            24.227177
          ],
          [
            120.548134,
            24.227199
          ],
          [
            120.548121,
            24.227243
          ],
          [
            120.548116,
            24.227293
          ],
          [
            120.548499,
            24.227984
          ],
          [
            120.548664,
            24.228299
          ],
          [
            120.548784,
            24.228536
          ],
          [
            120.549638,
            24.228956
          ],
          [
            120.549819,
            24.229069
          ],
          [
            120.550142,
            24.229079
          ],
          [
            120.550446,
            24.229166
          ],
          [
            120.550704,
            24.229274
          ],
          [
            120.550876,
            24.22936
          ],
          [
            120.551208,
            24.22957
          ],
          [
            120.551481,
            24.229804
          ],
          [
            120.551716,
            24.230042
          ],
          [
            120.552035,
            24.230543
          ],
          [
            120.55214,
            24.230764
          ],
          [
            120.552272,
            24.231079
          ],
          [
            120.55249,
            24.231572
          ],
          [
            120.552396,
            24.231606
          ],
          [
            120.552172,
            24.231127
          ],
          [
            120.550788,
            24.231596
          ],
          [
            120.552172,
            24.231127
          ],
          [
            120.552048,
            24.230861
          ],
          [
            120.551919,
            24.230597
          ],
          [
            120.551608,
            24.230119
          ],
          [
            120.551716,
            24.230042
          ],
          [
            120.552035,
            24.230543
          ],
          [
            120.55214,
            24.230764
          ],
          [
            120.552272,
            24.231079
          ],
          [
            120.55249,
            24.231572
          ],
          [
            120.552396,
            24.231606
          ],
          [
            120.552068,
            24.231719
          ],
          [
            120.552396,
            24.231606
          ],
          [
            120.552172,
            24.231127
          ],
          [
            120.552048,
            24.230861
          ],
          [
            120.551919,
            24.230597
          ],
          [
            120.551608,
            24.230119
          ],
          [
            120.551361,
            24.229856
          ],
          [
            120.550945,
            24.229565
          ],
          [
            120.550757,
            24.229455
          ],
          [
            120.550438,
            24.229311
          ],
          [
            120.550285,
            24.229252
          ],
          [
            120.550135,
            24.229193
          ],
          [
            120.549843,
            24.229186
          ],
          [
            120.549819,
            24.229069
          ],
          [
            120.549638,
            24.228956
          ],
          [
            120.548784,
            24.228536
          ],
          [
            120.548664,
            24.228299
          ],
          [
            120.548499,
            24.227984
          ],
          [
            120.548116,
            24.227293
          ],
          [
            120.548121,
            24.227243
          ],
          [
            120.548134,
            24.227199
          ],
          [
            120.548152,
            24.227177
          ],
          [
            120.548216,
            24.227143
          ],
          [
            120.548287,
            24.227128
          ],
          [
            120.548903,
            24.227064
          ],
          [
            120.549007,
            24.226631
          ],
          [
            120.549011,
            24.226438
          ],
          [
            120.548953,
            24.225897
          ],
          [
            120.548941,
            24.225255
          ],
          [
            120.548901,
            24.224923
          ],
          [
            120.54883,
            24.224587
          ],
          [
            120.548762,
            24.224377
          ],
          [
            120.548578,
            24.224018
          ],
          [
            120.548429,
            24.2236
          ],
          [
            120.548225,
            24.222801
          ],
          [
            120.54795,
            24.221786
          ],
          [
            120.547771,
            24.22106
          ],
          [
            120.547592,
            24.220527
          ],
          [
            120.547615,
            24.220381
          ],
          [
            120.547616,
            24.22031
          ],
          [
            120.547599,
            24.220256
          ],
          [
            120.547572,
            24.220174
          ],
          [
            120.547523,
            24.220073
          ],
          [
            120.547484,
            24.220009
          ],
          [
            120.547418,
            24.219884
          ],
          [
            120.547363,
            24.219786
          ],
          [
            120.547301,
            24.219633
          ],
          [
            120.547073,
            24.219002
          ],
          [
            120.548364,
            24.218628
          ],
          [
            120.547975,
            24.217497
          ],
          [
            120.547869,
            24.217151
          ],
          [
            120.548816,
            24.217002
          ],
          [
            120.5489,
            24.217329
          ],
          [
            120.548557,
            24.217393
          ],
          [
            120.548311,
            24.217439
          ],
          [
            120.547975,
            24.217497
          ],
          [
            120.546537,
            24.217721
          ],
          [
            120.546494,
            24.217823
          ],
          [
            120.546452,
            24.217891
          ],
          [
            120.546372,
            24.217978
          ],
          [
            120.546273,
            24.218037
          ],
          [
            120.545565,
            24.218181
          ],
          [
            120.544788,
            24.218316
          ],
          [
            120.542538,
            24.218844
          ],
          [
            120.542637,
            24.219239
          ],
          [
            120.543395,
            24.221741
          ],
          [
            120.544612,
            24.225147
          ],
          [
            120.545197,
            24.22706
          ],
          [
            120.545838,
            24.229051
          ],
          [
            120.546232,
            24.230218
          ],
          [
            120.546259,
            24.230328
          ],
          [
            120.546899,
            24.232456
          ],
          [
            120.547241,
            24.233347
          ],
          [
            120.547475,
            24.233276
          ],
          [
            120.549044,
            24.232725
          ],
          [
            120.550064,
            24.232389
          ],
          [
            120.550318,
            24.232299
          ],
          [
            120.550973,
            24.232094
          ],
          [
            120.55108,
            24.232057
          ],
          [
            120.552396,
            24.231606
          ],
          [
            120.55249,
            24.231572
          ],
          [
            120.552634,
            24.231917
          ],
          [
            120.55365,
            24.234341
          ],
          [
            120.555595,
            24.233651
          ],
          [
            120.555355,
            24.233028
          ],
          [
            120.555129,
            24.232533
          ],
          [
            120.555075,
            24.232414
          ],
          [
            120.55482,
            24.231822
          ],
          [
            120.554729,
            24.231557
          ],
          [
            120.553834,
            24.231075
          ],
          [
            120.553494,
            24.230916
          ],
          [
            120.553143,
            24.23074
          ],
          [
            120.55311,
            24.230723
          ],
          [
            120.55297,
            24.230645
          ],
          [
            120.552136,
            24.230236
          ],
          [
            120.551716,
            24.230042
          ],
          [
            120.551608,
            24.230119
          ],
          [
            120.551361,
            24.229856
          ],
          [
            120.550945,
            24.229565
          ],
          [
            120.550757,
            24.229455
          ],
          [
            120.550438,
            24.229311
          ],
          [
            120.550285,
            24.229252
          ],
          [
            120.550135,
            24.229193
          ],
          [
            120.549843,
            24.229186
          ],
          [
            120.549819,
            24.229069
          ],
          [
            120.549638,
            24.228956
          ],
          [
            120.548784,
            24.228536
          ],
          [
            120.548664,
            24.228299
          ],
          [
            120.548499,
            24.227984
          ],
          [
            120.548116,
            24.227293
          ],
          [
            120.548121,
            24.227243
          ],
          [
            120.548134,
            24.227199
          ],
          [
            120.548152,
            24.227177
          ],
          [
            120.548216,
            24.227143
          ],
          [
            120.548287,
            24.227128
          ],
          [
            120.548903,
            24.227064
          ],
          [
            120.549095,
            24.22707
          ],
          [
            120.551038,
            24.226522
          ],
          [
            120.552406,
            24.22613
          ],
          [
            120.552829,
            24.226014
          ],
          [
            120.553095,
            24.225972
          ],
          [
            120.553222,
            24.22595
          ],
          [
            120.55301,
            24.225472
          ],
          [
            120.552701,
            24.224775
          ],
          [
            120.553533,
            24.224487
          ],
          [
            120.552701,
            24.224775
          ],
          [
            120.55301,
            24.225472
          ],
          [
            120.553222,
            24.22595
          ],
          [
            120.553095,
            24.225972
          ],
          [
            120.552829,
            24.226014
          ],
          [
            120.552406,
            24.22613
          ],
          [
            120.551038,
            24.226522
          ],
          [
            120.549095,
            24.22707
          ],
          [
            120.548903,
            24.227064
          ],
          [
            120.548287,
            24.227128
          ],
          [
            120.548216,
            24.227143
          ],
          [
            120.548152,
            24.227177
          ],
          [
            120.548134,
            24.227199
          ],
          [
            120.548121,
            24.227243
          ],
          [
            120.548116,
            24.227293
          ],
          [
            120.548499,
            24.227984
          ],
          [
            120.548664,
            24.228299
          ],
          [
            120.548784,
            24.228536
          ],
          [
            120.549638,
            24.228956
          ],
          [
            120.549819,
            24.229069
          ],
          [
            120.550142,
            24.229079
          ],
          [
            120.550446,
            24.229166
          ],
          [
            120.550704,
            24.229274
          ],
          [
            120.550876,
            24.22936
          ],
          [
            120.551208,
            24.22957
          ],
          [
            120.551481,
            24.229804
          ],
          [
            120.551716,
            24.230042
          ],
          [
            120.552136,
            24.230236
          ],
          [
            120.55297,
            24.230645
          ],
          [
            120.55311,
            24.230723
          ],
          [
            120.553143,
            24.23074
          ],
          [
            120.553494,
            24.230916
          ],
          [
            120.553834,
            24.231075
          ],
          [
            120.554729,
            24.231557
          ],
          [
            120.55482,
            24.231822
          ],
          [
            120.555075,
            24.232414
          ],
          [
            120.555197,
            24.232682
          ],
          [
            120.555075,
            24.232414
          ],
          [
            120.55482,
            24.231822
          ],
          [
            120.554729,
            24.231557
          ],
          [
            120.553834,
            24.231075
          ],
          [
            120.553494,
            24.230916
          ],
          [
            120.553143,
            24.23074
          ],
          [
            120.55311,
            24.230723
          ],
          [
            120.55297,
            24.230645
          ],
          [
            120.552136,
            24.230236
          ],
          [
            120.551716,
            24.230042
          ],
          [
            120.551608,
            24.230119
          ],
          [
            120.551361,
            24.229856
          ],
          [
            120.550945,
            24.229565
          ],
          [
            120.550757,
            24.229455
          ],
          [
            120.550438,
            24.229311
          ],
          [
            120.550285,
            24.229252
          ],
          [
            120.550135,
            24.229193
          ],
          [
            120.549843,
            24.229186
          ],
          [
            120.549819,
            24.229069
          ],
          [
            120.549638,
            24.228956
          ],
          [
            120.548784,
            24.228536
          ],
          [
            120.548664,
            24.228299
          ],
          [
            120.548499,
            24.227984
          ],
          [
            120.548116,
            24.227293
          ],
          [
            120.548121,
            24.227243
          ],
          [
            120.548134,
            24.227199
          ],
          [
            120.548152,
            24.227177
          ],
          [
            120.548216,
            24.227143
          ],
          [
            120.548287,
            24.227128
          ],
          [
            120.548903,
            24.227064
          ],
          [
            120.549095,
            24.22707
          ],
          [
            120.551038,
            24.226522
          ],
          [
            120.552406,
            24.22613
          ],
          [
            120.552829,
            24.226014
          ],
          [
            120.553095,
            24.225972
          ],
          [
            120.553222,
            24.22595
          ],
          [
            120.55301,
            24.225472
          ],
          [
            120.552701,
            24.224775
          ],
          [
            120.552552,
            24.224437
          ],
          [
            120.552474,
            24.224462
          ],
          [
            120.552552,
            24.224437
          ],
          [
            120.552477,
            24.224269
          ],
          [
            120.552472,
            24.224219
          ],
          [
            120.552489,
            24.22417
          ],
          [
            120.55252,
            24.224134
          ],
          [
            120.55255,
            24.224114
          ],
          [
            120.553304,
            24.223891
          ],
          [
            120.55315,
            24.223621
          ],
          [
            120.553109,
            24.223547
          ],
          [
            120.55315,
            24.223621
          ],
          [
            120.553304,
            24.223891
          ],
          [
            120.553385,
            24.223987
          ],
          [
            120.553526,
            24.224103
          ],
          [
            120.553582,
            24.224149
          ],
          [
            120.553746,
            24.224309
          ],
          [
            120.553831,
            24.224384
          ],
          [
            120.553996,
            24.224371
          ],
          [
            120.554029,
            24.224537
          ],
          [
            120.55411,
            24.224738
          ],
          [
            120.55422,
            24.225004
          ],
          [
            120.554393,
            24.225401
          ],
          [
            120.554468,
            24.225585
          ],
          [
            120.554731,
            24.226156
          ],
          [
            120.55489,
            24.226589
          ],
          [
            120.554986,
            24.226788
          ],
          [
            120.555119,
            24.227077
          ],
          [
            120.555259,
            24.227363
          ],
          [
            120.555412,
            24.227671
          ],
          [
            120.555625,
            24.227912
          ],
          [
            120.555808,
            24.228026
          ],
          [
            120.555956,
            24.228124
          ],
          [
            120.556331,
            24.228337
          ],
          [
            120.556197,
            24.22849
          ],
          [
            120.55606,
            24.228749
          ],
          [
            120.556039,
            24.228894
          ],
          [
            120.556033,
            24.22902
          ],
          [
            120.556084,
            24.229279
          ],
          [
            120.55618,
            24.229464
          ],
          [
            120.556478,
            24.230049
          ],
          [
            120.55663,
            24.230336
          ],
          [
            120.557254,
            24.231639
          ],
          [
            120.557416,
            24.231978
          ],
          [
            120.557292,
            24.232019
          ],
          [
            120.557416,
            24.231978
          ],
          [
            120.558427,
            24.23167
          ],
          [
            120.558763,
            24.231676
          ],
          [
            120.5588,
            24.231131
          ],
          [
            120.558786,
            24.230942
          ],
          [
            120.558755,
            24.230792
          ],
          [
            120.558715,
            24.230529
          ],
          [
            120.558578,
            24.229502
          ],
          [
            120.558566,
            24.229038
          ],
          [
            120.558543,
            24.228303
          ],
          [
            120.558533,
            24.228026
          ],
          [
            120.558515,
            24.22792
          ],
          [
            120.558482,
            24.227785
          ],
          [
            120.558366,
            24.227408
          ],
          [
            120.558191,
            24.226791
          ],
          [
            120.557885,
            24.22577
          ],
          [
            120.557665,
            24.225067
          ],
          [
            120.557389,
            24.224372
          ],
          [
            120.55721,
            24.223956
          ],
          [
            120.557018,
            24.223476
          ],
          [
            120.556728,
            24.222647
          ],
          [
            120.55653,
            24.222143
          ],
          [
            120.556491,
            24.222033
          ],
          [
            120.556299,
            24.221578
          ],
          [
            120.556223,
            24.221403
          ],
          [
            120.556197,
            24.221366
          ],
          [
            120.556151,
            24.22127
          ],
          [
            120.556128,
            24.22123
          ],
          [
            120.555983,
            24.220959
          ],
          [
            120.555445,
            24.220276
          ],
          [
            120.555063,
            24.219804
          ],
          [
            120.55467,
            24.21934
          ],
          [
            120.553621,
            24.218033
          ],
          [
            120.5536,
            24.218005
          ],
          [
            120.553191,
            24.217469
          ],
          [
            120.553112,
            24.217343
          ],
          [
            120.553092,
            24.21731
          ],
          [
            120.553033,
            24.21719
          ],
          [
            120.552844,
            24.216902
          ],
          [
            120.552738,
            24.216664
          ],
          [
            120.552478,
            24.215924
          ],
          [
            120.552284,
            24.215812
          ],
          [
            120.552219,
            24.21579
          ],
          [
            120.552013,
            24.215798
          ],
          [
            120.551927,
            24.215863
          ],
          [
            120.551237,
            24.216342
          ],
          [
            120.550661,
            24.216742
          ],
          [
            120.550532,
            24.216828
          ],
          [
            120.550414,
            24.216887
          ],
          [
            120.550242,
            24.216983
          ],
          [
            120.550023,
            24.217062
          ],
          [
            120.550072,
            24.217307
          ],
          [
            120.550118,
            24.217388
          ],
          [
            120.550245,
            24.217498
          ],
          [
            120.550418,
            24.217894
          ],
          [
            120.550428,
            24.217922
          ],
          [
            120.550496,
            24.218091
          ],
          [
            120.55074,
            24.21871
          ],
          [
            120.551058,
            24.219504
          ],
          [
            120.551152,
            24.219736
          ],
          [
            120.551221,
            24.219922
          ],
          [
            120.551461,
            24.220517
          ],
          [
            120.551499,
            24.220612
          ],
          [
            120.551727,
            24.221177
          ],
          [
            120.551897,
            24.221577
          ],
          [
            120.552131,
            24.222032
          ],
          [
            120.552198,
            24.222219
          ],
          [
            120.55232,
            24.222434
          ],
          [
            120.552485,
            24.222654
          ],
          [
            120.55298,
            24.223192
          ],
          [
            120.553042,
            24.223426
          ],
          [
            120.55315,
            24.223621
          ],
          [
            120.553304,
            24.223891
          ],
          [
            120.553385,
            24.223987
          ],
          [
            120.553526,
            24.224103
          ],
          [
            120.553582,
            24.224149
          ],
          [
            120.553746,
            24.224309
          ],
          [
            120.553831,
            24.224384
          ],
          [
            120.553996,
            24.224371
          ],
          [
            120.554029,
            24.224537
          ],
          [
            120.55411,
            24.224738
          ],
          [
            120.55422,
            24.225004
          ],
          [
            120.554393,
            24.225401
          ],
          [
            120.554468,
            24.225585
          ],
          [
            120.554731,
            24.226156
          ],
          [
            120.55489,
            24.226589
          ],
          [
            120.554986,
            24.226788
          ],
          [
            120.555119,
            24.227077
          ],
          [
            120.555259,
            24.227363
          ],
          [
            120.555412,
            24.227671
          ],
          [
            120.555625,
            24.227912
          ],
          [
            120.555808,
            24.228026
          ],
          [
            120.555956,
            24.228124
          ],
          [
            120.556331,
            24.228337
          ],
          [
            120.556197,
            24.22849
          ],
          [
            120.55606,
            24.228749
          ],
          [
            120.556039,
            24.228894
          ],
          [
            120.556033,
            24.22902
          ],
          [
            120.556084,
            24.229279
          ],
          [
            120.555464,
            24.229508
          ],
          [
            120.556084,
            24.229279
          ],
          [
            120.556033,
            24.22902
          ],
          [
            120.556039,
            24.228894
          ],
          [
            120.55606,
            24.228749
          ],
          [
            120.556197,
            24.22849
          ],
          [
            120.556331,
            24.228337
          ],
          [
            120.555956,
            24.228124
          ],
          [
            120.555808,
            24.228026
          ],
          [
            120.555625,
            24.227912
          ],
          [
            120.555412,
            24.227671
          ],
          [
            120.555259,
            24.227363
          ],
          [
            120.555119,
            24.227077
          ],
          [
            120.554986,
            24.226788
          ],
          [
            120.55489,
            24.226589
          ],
          [
            120.554731,
            24.226156
          ],
          [
            120.554468,
            24.225585
          ],
          [
            120.554393,
            24.225401
          ],
          [
            120.55422,
            24.225004
          ],
          [
            120.55411,
            24.224738
          ],
          [
            120.554029,
            24.224537
          ],
          [
            120.553996,
            24.224371
          ],
          [
            120.553831,
            24.224384
          ],
          [
            120.553746,
            24.224309
          ],
          [
            120.553582,
            24.224149
          ],
          [
            120.553526,
            24.224103
          ],
          [
            120.553385,
            24.223987
          ],
          [
            120.553304,
            24.223891
          ],
          [
            120.55315,
            24.223621
          ],
          [
            120.553042,
            24.223426
          ],
          [
            120.55298,
            24.223192
          ],
          [
            120.552485,
            24.222654
          ],
          [
            120.55232,
            24.222434
          ],
          [
            120.552198,
            24.222219
          ],
          [
            120.552131,
            24.222032
          ],
          [
            120.551897,
            24.221577
          ],
          [
            120.551727,
            24.221177
          ],
          [
            120.551461,
            24.220517
          ],
          [
            120.551221,
            24.219922
          ],
          [
            120.551152,
            24.219736
          ],
          [
            120.551058,
            24.219504
          ],
          [
            120.55074,
            24.21871
          ],
          [
            120.550496,
            24.218091
          ],
          [
            120.550428,
            24.217922
          ],
          [
            120.550418,
            24.217894
          ],
          [
            120.550255,
            24.217936
          ],
          [
            120.550418,
            24.217894
          ],
          [
            120.550428,
            24.217922
          ],
          [
            120.550496,
            24.218091
          ],
          [
            120.55074,
            24.21871
          ],
          [
            120.551058,
            24.219504
          ],
          [
            120.551152,
            24.219736
          ],
          [
            120.551221,
            24.219922
          ],
          [
            120.551461,
            24.220517
          ],
          [
            120.551727,
            24.221177
          ],
          [
            120.551897,
            24.221577
          ],
          [
            120.552131,
            24.222032
          ],
          [
            120.552198,
            24.222219
          ],
          [
            120.55232,
            24.222434
          ],
          [
            120.552485,
            24.222654
          ],
          [
            120.55298,
            24.223192
          ],
          [
            120.553042,
            24.223426
          ],
          [
            120.55315,
            24.223621
          ],
          [
            120.553304,
            24.223891
          ],
          [
            120.553385,
            24.223987
          ],
          [
            120.553526,
            24.224103
          ],
          [
            120.553582,
            24.224149
          ],
          [
            120.553746,
            24.224309
          ],
          [
            120.553831,
            24.224384
          ],
          [
            120.553996,
            24.224371
          ],
          [
            120.554029,
            24.224537
          ],
          [
            120.55411,
            24.224738
          ],
          [
            120.55422,
            24.225004
          ],
          [
            120.554393,
            24.225401
          ],
          [
            120.554468,
            24.225585
          ],
          [
            120.554731,
            24.226156
          ],
          [
            120.555684,
            24.225832
          ],
          [
            120.555782,
            24.225825
          ],
          [
            120.555856,
            24.225844
          ],
          [
            120.556058,
            24.22636
          ],
          [
            120.556226,
            24.226717
          ],
          [
            120.556439,
            24.227212
          ],
          [
            120.556479,
            24.227332
          ],
          [
            120.556439,
            24.227442
          ],
          [
            120.556421,
            24.227475
          ],
          [
            120.556381,
            24.227533
          ],
          [
            120.556121,
            24.227895
          ],
          [
            120.556381,
            24.227533
          ],
          [
            120.556421,
            24.227475
          ],
          [
            120.556439,
            24.227442
          ],
          [
            120.556479,
            24.227332
          ],
          [
            120.556468,
            24.2273
          ],
          [
            120.556439,
            24.227212
          ],
          [
            120.556226,
            24.226717
          ],
          [
            120.556058,
            24.22636
          ],
          [
            120.555856,
            24.225844
          ],
          [
            120.555782,
            24.225825
          ],
          [
            120.555684,
            24.225832
          ],
          [
            120.554731,
            24.226156
          ],
          [
            120.55467,
            24.226024
          ],
          [
            120.554468,
            24.225585
          ],
          [
            120.553823,
            24.225808
          ],
          [
            120.553317,
            24.225983
          ],
          [
            120.553222,
            24.22595
          ],
          [
            120.55301,
            24.225472
          ],
          [
            120.552701,
            24.224775
          ],
          [
            120.552552,
            24.224437
          ],
          [
            120.552477,
            24.224269
          ],
          [
            120.552472,
            24.224219
          ],
          [
            120.552489,
            24.22417
          ],
          [
            120.55252,
            24.224134
          ],
          [
            120.55255,
            24.224114
          ],
          [
            120.553304,
            24.223891
          ],
          [
            120.55315,
            24.223621
          ],
          [
            120.553042,
            24.223426
          ],
          [
            120.55298,
            24.223192
          ],
          [
            120.552485,
            24.222654
          ],
          [
            120.55232,
            24.222434
          ],
          [
            120.552198,
            24.222219
          ],
          [
            120.552131,
            24.222032
          ],
          [
            120.551897,
            24.221577
          ],
          [
            120.551727,
            24.221177
          ],
          [
            120.551461,
            24.220517
          ],
          [
            120.551221,
            24.219922
          ],
          [
            120.551152,
            24.219736
          ],
          [
            120.551058,
            24.219504
          ],
          [
            120.55074,
            24.21871
          ],
          [
            120.550496,
            24.218091
          ],
          [
            120.550428,
            24.217922
          ],
          [
            120.550809,
            24.217819
          ],
          [
            120.550428,
            24.217922
          ],
          [
            120.550418,
            24.217894
          ],
          [
            120.550245,
            24.217498
          ],
          [
            120.550118,
            24.217388
          ],
          [
            120.550072,
            24.217307
          ],
          [
            120.550023,
            24.217062
          ],
          [
            120.549947,
            24.216717
          ],
          [
            120.549959,
            24.21644
          ],
          [
            120.549889,
            24.216338
          ],
          [
            120.549734,
            24.216289
          ],
          [
            120.549559,
            24.216233
          ],
          [
            120.549404,
            24.216169
          ],
          [
            120.549234,
            24.216145
          ],
          [
            120.549073,
            24.216139
          ],
          [
            120.548956,
            24.216177
          ],
          [
            120.548838,
            24.216211
          ],
          [
            120.548794,
            24.216117
          ],
          [
            120.548573,
            24.215585
          ],
          [
            120.548086,
            24.213854
          ],
          [
            120.547999,
            24.213881
          ],
          [
            120.547955,
            24.213892
          ],
          [
            120.547622,
            24.213974
          ],
          [
            120.547982,
            24.215267
          ],
          [
            120.54808,
            24.215571
          ],
          [
            120.548075,
            24.215653
          ],
          [
            120.548036,
            24.215741
          ],
          [
            120.547923,
            24.215911
          ],
          [
            120.547834,
            24.216109
          ],
          [
            120.547746,
            24.216204
          ],
          [
            120.547602,
            24.216298
          ],
          [
            120.54733,
            24.216436
          ],
          [
            120.54727,
            24.216467
          ],
          [
            120.547056,
            24.216559
          ],
          [
            120.546976,
            24.216605
          ],
          [
            120.5469,
            24.216747
          ],
          [
            120.546818,
            24.216907
          ],
          [
            120.546674,
            24.217351
          ],
          [
            120.547869,
            24.217151
          ],
          [
            120.548816,
            24.217002
          ],
          [
            120.5489,
            24.217329
          ],
          [
            120.548557,
            24.217393
          ],
          [
            120.548311,
            24.217439
          ],
          [
            120.547975,
            24.217497
          ],
          [
            120.546537,
            24.217721
          ],
          [
            120.546674,
            24.217351
          ],
          [
            120.546818,
            24.216907
          ],
          [
            120.5469,
            24.216747
          ],
          [
            120.546976,
            24.216605
          ],
          [
            120.547056,
            24.216559
          ],
          [
            120.54727,
            24.216467
          ],
          [
            120.54733,
            24.216436
          ],
          [
            120.547602,
            24.216298
          ],
          [
            120.547746,
            24.216204
          ],
          [
            120.547834,
            24.216109
          ],
          [
            120.547923,
            24.215911
          ],
          [
            120.548036,
            24.215741
          ],
          [
            120.548075,
            24.215653
          ],
          [
            120.54808,
            24.215571
          ],
          [
            120.547982,
            24.215267
          ],
          [
            120.547622,
            24.213974
          ],
          [
            120.547955,
            24.213892
          ],
          [
            120.547999,
            24.213881
          ],
          [
            120.548086,
            24.213854
          ],
          [
            120.549609,
            24.213519
          ],
          [
            120.550372,
            24.213359
          ],
          [
            120.551499,
            24.213107
          ],
          [
            120.551589,
            24.213082
          ],
          [
            120.551698,
            24.213048
          ],
          [
            120.551745,
            24.213238
          ],
          [
            120.551869,
            24.213757
          ],
          [
            120.552106,
            24.214617
          ],
          [
            120.552113,
            24.214639
          ],
          [
            120.552133,
            24.214701
          ],
          [
            120.552259,
            24.215096
          ],
          [
            120.552296,
            24.215195
          ],
          [
            120.552399,
            24.215507
          ],
          [
            120.552447,
            24.215608
          ],
          [
            120.552917,
            24.216798
          ],
          [
            120.55316,
            24.21719
          ],
          [
            120.553033,
            24.21719
          ],
          [
            120.552941,
            24.21705
          ],
          [
            120.552844,
            24.216902
          ],
          [
            120.552738,
            24.216664
          ],
          [
            120.552478,
            24.215924
          ],
          [
            120.552371,
            24.215645
          ],
          [
            120.552335,
            24.21556
          ],
          [
            120.552313,
            24.215502
          ],
          [
            120.552292,
            24.215452
          ],
          [
            120.552209,
            24.215252
          ],
          [
            120.552265,
            24.215215
          ],
          [
            120.552296,
            24.215195
          ],
          [
            120.552399,
            24.215507
          ],
          [
            120.552447,
            24.215608
          ],
          [
            120.552749,
            24.216372
          ],
          [
            120.552917,
            24.216798
          ],
          [
            120.55316,
            24.21719
          ],
          [
            120.553112,
            24.217343
          ],
          [
            120.553092,
            24.217356
          ],
          [
            120.552995,
            24.217397
          ],
          [
            120.55257,
            24.21751
          ],
          [
            120.55149,
            24.217797
          ],
          [
            120.551017,
            24.217933
          ],
          [
            120.550496,
            24.218091
          ],
          [
            120.55074,
            24.21871
          ],
          [
            120.551058,
            24.219504
          ],
          [
            120.551152,
            24.219736
          ],
          [
            120.551221,
            24.219922
          ],
          [
            120.551461,
            24.220517
          ],
          [
            120.551727,
            24.221177
          ],
          [
            120.551897,
            24.221577
          ],
          [
            120.552131,
            24.222032
          ],
          [
            120.552198,
            24.222219
          ],
          [
            120.55232,
            24.222434
          ],
          [
            120.552485,
            24.222654
          ],
          [
            120.55298,
            24.223192
          ],
          [
            120.553042,
            24.223426
          ],
          [
            120.55315,
            24.223621
          ],
          [
            120.553304,
            24.223891
          ],
          [
            120.553385,
            24.223987
          ],
          [
            120.553526,
            24.224103
          ],
          [
            120.553582,
            24.224149
          ],
          [
            120.553746,
            24.224309
          ],
          [
            120.553831,
            24.224384
          ],
          [
            120.553533,
            24.224487
          ],
          [
            120.552701,
            24.224775
          ],
          [
            120.552552,
            24.224437
          ],
          [
            120.552474,
            24.224462
          ],
          [
            120.552552,
            24.224437
          ],
          [
            120.552477,
            24.224269
          ],
          [
            120.552472,
            24.224219
          ],
          [
            120.552489,
            24.22417
          ],
          [
            120.55252,
            24.224134
          ],
          [
            120.55255,
            24.224114
          ],
          [
            120.553304,
            24.223891
          ],
          [
            120.55315,
            24.223621
          ],
          [
            120.553109,
            24.223547
          ],
          [
            120.553042,
            24.223426
          ],
          [
            120.55298,
            24.223192
          ],
          [
            120.552485,
            24.222654
          ],
          [
            120.55232,
            24.222434
          ],
          [
            120.552198,
            24.222219
          ],
          [
            120.552131,
            24.222032
          ],
          [
            120.551897,
            24.221577
          ],
          [
            120.551727,
            24.221177
          ],
          [
            120.551499,
            24.220612
          ],
          [
            120.551461,
            24.220517
          ],
          [
            120.551221,
            24.219922
          ],
          [
            120.551152,
            24.219736
          ],
          [
            120.551058,
            24.219504
          ],
          [
            120.55074,
            24.21871
          ],
          [
            120.550496,
            24.218091
          ],
          [
            120.550428,
            24.217922
          ],
          [
            120.551824,
            24.217543
          ],
          [
            120.552753,
            24.217287
          ],
          [
            120.552946,
            24.217231
          ],
          [
            120.553033,
            24.21719
          ],
          [
            120.55316,
            24.21719
          ],
          [
            120.553307,
            24.217437
          ],
          [
            120.553702,
            24.217978
          ],
          [
            120.554311,
            24.218736
          ],
          [
            120.554766,
            24.219284
          ],
          [
            120.555166,
            24.219763
          ],
          [
            120.555564,
            24.220277
          ],
          [
            120.556057,
            24.220899
          ],
          [
            120.556191,
            24.221101
          ],
          [
            120.556259,
            24.221227
          ],
          [
            120.556298,
            24.22131
          ],
          [
            120.556322,
            24.221359
          ],
          [
            120.556412,
            24.221537
          ],
          [
            120.556459,
            24.221645
          ],
          [
            120.556831,
            24.222617
          ],
          [
            120.55778,
            24.225044
          ],
          [
            120.557917,
            24.225464
          ],
          [
            120.557989,
            24.225699
          ],
          [
            120.558103,
            24.226061
          ],
          [
            120.558215,
            24.226462
          ],
          [
            120.558255,
            24.226589
          ],
          [
            120.55845,
            24.227325
          ],
          [
            120.558492,
            24.227509
          ],
          [
            120.558551,
            24.227731
          ],
          [
            120.55886,
            24.227627
          ],
          [
            120.559129,
            24.22758
          ],
          [
            120.55949,
            24.227502
          ],
          [
            120.559535,
            24.227497
          ],
          [
            120.559698,
            24.227479
          ],
          [
            120.559963,
            24.227504
          ],
          [
            120.560214,
            24.227457
          ],
          [
            120.56059,
            24.227367
          ],
          [
            120.561317,
            24.227293
          ],
          [
            120.561604,
            24.227267
          ],
          [
            120.562102,
            24.227172
          ],
          [
            120.562306,
            24.227052
          ],
          [
            120.562744,
            24.226842
          ],
          [
            120.563311,
            24.226621
          ],
          [
            120.563469,
            24.226675
          ],
          [
            120.563962,
            24.226843
          ],
          [
            120.56426,
            24.226934
          ],
          [
            120.564519,
            24.227024
          ],
          [
            120.564622,
            24.227054
          ],
          [
            120.564699,
            24.227002
          ],
          [
            120.564729,
            24.22691
          ],
          [
            120.564867,
            24.2265
          ],
          [
            120.565193,
            24.22547
          ],
          [
            120.565256,
            24.225274
          ],
          [
            120.565819,
            24.224578
          ],
          [
            120.566068,
            24.22429
          ],
          [
            120.566216,
            24.224189
          ],
          [
            120.566471,
            24.224013
          ],
          [
            120.566773,
            24.223828
          ],
          [
            120.566974,
            24.223707
          ],
          [
            120.567195,
            24.223644
          ],
          [
            120.567211,
            24.223519
          ],
          [
            120.567374,
            24.223527
          ],
          [
            120.567496,
            24.223535
          ],
          [
            120.567992,
            24.223572
          ],
          [
            120.568686,
            24.22361
          ],
          [
            120.568694,
            24.22324
          ],
          [
            120.568804,
            24.223234
          ],
          [
            120.569043,
            24.223209
          ],
          [
            120.569421,
            24.223161
          ],
          [
            120.569729,
            24.22312
          ],
          [
            120.570248,
            24.223017
          ],
          [
            120.570685,
            24.222938
          ],
          [
            120.570877,
            24.222891
          ],
          [
            120.571241,
            24.22282
          ],
          [
            120.571385,
            24.222791
          ],
          [
            120.571833,
            24.222694
          ],
          [
            120.572183,
            24.222599
          ],
          [
            120.571934,
            24.222183
          ],
          [
            120.571592,
            24.221707
          ],
          [
            120.57169,
            24.221679
          ],
          [
            120.571592,
            24.221707
          ],
          [
            120.570804,
            24.221876
          ],
          [
            120.570598,
            24.221891
          ],
          [
            120.570378,
            24.221913
          ],
          [
            120.570352,
            24.221926
          ],
          [
            120.57031,
            24.221948
          ],
          [
            120.570129,
            24.222005
          ],
          [
            120.569969,
            24.222056
          ],
          [
            120.56995,
            24.222081
          ],
          [
            120.569931,
            24.222107
          ],
          [
            120.569922,
            24.222168
          ],
          [
            120.569655,
            24.222239
          ],
          [
            120.569601,
            24.222277
          ],
          [
            120.569592,
            24.222366
          ],
          [
            120.569729,
            24.22312
          ],
          [
            120.569421,
            24.223161
          ],
          [
            120.569043,
            24.223209
          ],
          [
            120.568804,
            24.223234
          ],
          [
            120.568694,
            24.22324
          ],
          [
            120.568708,
            24.222672
          ],
          [
            120.568339,
            24.222893
          ],
          [
            120.568256,
            24.222944
          ],
          [
            120.567994,
            24.223119
          ],
          [
            120.567793,
            24.22325
          ],
          [
            120.567505,
            24.223456
          ],
          [
            120.567496,
            24.223535
          ],
          [
            120.567374,
            24.223527
          ],
          [
            120.567211,
            24.223519
          ],
          [
            120.567195,
            24.223644
          ],
          [
            120.566974,
            24.223707
          ],
          [
            120.566773,
            24.223828
          ],
          [
            120.566471,
            24.224013
          ],
          [
            120.566216,
            24.224189
          ],
          [
            120.566068,
            24.22429
          ],
          [
            120.565819,
            24.224578
          ],
          [
            120.565256,
            24.225274
          ],
          [
            120.565193,
            24.22547
          ],
          [
            120.564867,
            24.2265
          ],
          [
            120.564729,
            24.22691
          ],
          [
            120.564699,
            24.227002
          ],
          [
            120.564622,
            24.227054
          ],
          [
            120.564519,
            24.227024
          ],
          [
            120.56426,
            24.226934
          ],
          [
            120.563962,
            24.226843
          ],
          [
            120.563469,
            24.226675
          ],
          [
            120.563311,
            24.226621
          ],
          [
            120.562744,
            24.226842
          ],
          [
            120.562306,
            24.227052
          ],
          [
            120.562102,
            24.227172
          ],
          [
            120.561604,
            24.227267
          ],
          [
            120.561317,
            24.227293
          ],
          [
            120.56059,
            24.227367
          ],
          [
            120.560214,
            24.227457
          ],
          [
            120.559963,
            24.227504
          ],
          [
            120.559698,
            24.227479
          ],
          [
            120.559535,
            24.227497
          ],
          [
            120.55949,
            24.227502
          ],
          [
            120.559129,
            24.22758
          ],
          [
            120.55886,
            24.227627
          ],
          [
            120.558551,
            24.227731
          ],
          [
            120.558482,
            24.227785
          ],
          [
            120.558366,
            24.227408
          ],
          [
            120.558191,
            24.226791
          ],
          [
            120.557885,
            24.22577
          ],
          [
            120.557665,
            24.225067
          ],
          [
            120.557389,
            24.224372
          ],
          [
            120.55721,
            24.223956
          ],
          [
            120.557018,
            24.223476
          ],
          [
            120.556728,
            24.222647
          ],
          [
            120.55653,
            24.222143
          ],
          [
            120.556491,
            24.222033
          ],
          [
            120.556299,
            24.221578
          ],
          [
            120.556223,
            24.221403
          ],
          [
            120.556197,
            24.221366
          ],
          [
            120.556151,
            24.22127
          ],
          [
            120.556128,
            24.22123
          ],
          [
            120.555983,
            24.220959
          ],
          [
            120.555445,
            24.220276
          ],
          [
            120.555063,
            24.219804
          ],
          [
            120.55467,
            24.21934
          ],
          [
            120.553621,
            24.218033
          ],
          [
            120.5536,
            24.218005
          ],
          [
            120.553191,
            24.217469
          ],
          [
            120.553112,
            24.217343
          ],
          [
            120.553092,
            24.21731
          ],
          [
            120.553033,
            24.21719
          ],
          [
            120.552844,
            24.216902
          ],
          [
            120.552738,
            24.216664
          ],
          [
            120.552478,
            24.215924
          ],
          [
            120.552284,
            24.215812
          ],
          [
            120.552219,
            24.21579
          ],
          [
            120.552013,
            24.215798
          ],
          [
            120.551927,
            24.215863
          ],
          [
            120.551237,
            24.216342
          ],
          [
            120.550661,
            24.216742
          ],
          [
            120.550532,
            24.216828
          ],
          [
            120.550414,
            24.216887
          ],
          [
            120.550242,
            24.216983
          ],
          [
            120.550023,
            24.217062
          ],
          [
            120.550072,
            24.217307
          ],
          [
            120.550118,
            24.217388
          ],
          [
            120.550245,
            24.217498
          ],
          [
            120.550418,
            24.217894
          ],
          [
            120.550255,
            24.217936
          ],
          [
            120.550418,
            24.217894
          ],
          [
            120.550428,
            24.217922
          ],
          [
            120.550809,
            24.217819
          ],
          [
            120.551824,
            24.217543
          ],
          [
            120.552753,
            24.217287
          ],
          [
            120.552946,
            24.217231
          ],
          [
            120.553033,
            24.21719
          ],
          [
            120.552941,
            24.21705
          ],
          [
            120.552844,
            24.216902
          ],
          [
            120.552738,
            24.216664
          ],
          [
            120.552478,
            24.215924
          ],
          [
            120.552371,
            24.215645
          ],
          [
            120.552335,
            24.21556
          ],
          [
            120.552313,
            24.215502
          ],
          [
            120.552292,
            24.215452
          ],
          [
            120.552209,
            24.215252
          ],
          [
            120.552265,
            24.215215
          ],
          [
            120.552296,
            24.215195
          ],
          [
            120.552399,
            24.215507
          ],
          [
            120.552447,
            24.215608
          ],
          [
            120.552749,
            24.216372
          ],
          [
            120.552917,
            24.216798
          ],
          [
            120.55316,
            24.21719
          ],
          [
            120.553112,
            24.217343
          ],
          [
            120.553092,
            24.217356
          ],
          [
            120.552995,
            24.217397
          ],
          [
            120.55257,
            24.21751
          ],
          [
            120.552995,
            24.217397
          ],
          [
            120.553092,
            24.217356
          ],
          [
            120.553112,
            24.217343
          ],
          [
            120.55316,
            24.21719
          ],
          [
            120.553307,
            24.217437
          ],
          [
            120.553702,
            24.217978
          ],
          [
            120.554311,
            24.218736
          ],
          [
            120.554766,
            24.219284
          ],
          [
            120.555166,
            24.219763
          ],
          [
            120.555564,
            24.220277
          ],
          [
            120.556057,
            24.220899
          ],
          [
            120.556191,
            24.221101
          ],
          [
            120.556259,
            24.221227
          ],
          [
            120.556298,
            24.22131
          ],
          [
            120.556322,
            24.221359
          ],
          [
            120.556412,
            24.221537
          ],
          [
            120.556459,
            24.221645
          ],
          [
            120.556831,
            24.222617
          ],
          [
            120.55778,
            24.225044
          ],
          [
            120.557917,
            24.225464
          ],
          [
            120.557989,
            24.225699
          ],
          [
            120.558103,
            24.226061
          ],
          [
            120.558215,
            24.226462
          ],
          [
            120.558255,
            24.226589
          ],
          [
            120.55845,
            24.227325
          ],
          [
            120.558492,
            24.227509
          ],
          [
            120.558551,
            24.227731
          ],
          [
            120.55886,
            24.227627
          ],
          [
            120.559129,
            24.22758
          ],
          [
            120.55949,
            24.227502
          ],
          [
            120.559535,
            24.227497
          ],
          [
            120.559698,
            24.227479
          ],
          [
            120.559963,
            24.227504
          ],
          [
            120.560214,
            24.227457
          ],
          [
            120.56059,
            24.227367
          ],
          [
            120.561317,
            24.227293
          ],
          [
            120.561604,
            24.227267
          ],
          [
            120.562102,
            24.227172
          ],
          [
            120.562306,
            24.227052
          ],
          [
            120.562744,
            24.226842
          ],
          [
            120.563311,
            24.226621
          ],
          [
            120.563469,
            24.226675
          ],
          [
            120.563962,
            24.226843
          ],
          [
            120.56426,
            24.226934
          ],
          [
            120.564519,
            24.227024
          ],
          [
            120.564622,
            24.227054
          ],
          [
            120.564699,
            24.227002
          ],
          [
            120.564729,
            24.22691
          ],
          [
            120.564867,
            24.2265
          ],
          [
            120.565193,
            24.22547
          ],
          [
            120.565256,
            24.225274
          ],
          [
            120.565819,
            24.224578
          ],
          [
            120.566068,
            24.22429
          ],
          [
            120.566216,
            24.224189
          ],
          [
            120.566471,
            24.224013
          ],
          [
            120.566773,
            24.223828
          ],
          [
            120.566974,
            24.223707
          ],
          [
            120.567195,
            24.223644
          ],
          [
            120.567211,
            24.223519
          ],
          [
            120.567374,
            24.223527
          ],
          [
            120.567496,
            24.223535
          ],
          [
            120.567992,
            24.223572
          ],
          [
            120.568686,
            24.22361
          ],
          [
            120.568694,
            24.22324
          ],
          [
            120.568804,
            24.223234
          ],
          [
            120.569043,
            24.223209
          ],
          [
            120.569421,
            24.223161
          ],
          [
            120.569729,
            24.22312
          ],
          [
            120.570248,
            24.223017
          ],
          [
            120.570685,
            24.222938
          ],
          [
            120.570877,
            24.222891
          ],
          [
            120.571241,
            24.22282
          ],
          [
            120.571385,
            24.222791
          ],
          [
            120.571833,
            24.222694
          ],
          [
            120.572183,
            24.222599
          ],
          [
            120.571934,
            24.222183
          ],
          [
            120.571592,
            24.221707
          ],
          [
            120.57169,
            24.221679
          ]
        ]
      },
      "properties": {
        "routeId": "taichung-ked-9068-e1317f-d2",
        "city": "taichung",
        "source_file": "taichung/taichung-ked-9068-e1317f-d2.geojson",
        "distance_km": 86.872,
        "duration_min": 154.12765,
        "valhalla_config": "valhalla.json"
      }
    }
  ]
}