{
  "type": "FeatureCollection",
  "features": [
    {
      "type": "Feature",
      "geometry": {
        "type": "LineString",
        "coordinates": [
          [
            121.659341,
            25.170638
          ],
          [
            121.659187,
            25.170666
          ],
          [
            121.659018,
            25.171033
          ],
          [
            121.658552,
            25.171264
          ],
          [
            121.658232,
            25.171354
          ],
          [
            121.657856,
            25.171491
          ],
          [
            121.657678,
            25.1716
          ],
          [
            121.657473,
            25.171724
          ],
          [
            121.657149,
            25.171986
          ],
          [
            121.656886,
            25.172414
          ],
          [
            121.656807,
            25.172702
          ],
          [
            121.656722,
            25.173013
          ],
          [
            121.656402,
            25.173459
          ],
          [
            121.656147,
            25.173856
          ],
          [
            121.656295,
            25.173871
          ],
          [
            121.656417,
            25.173874
          ],
          [
            121.656614,
            25.173925
          ],
          [
            121.656911,
            25.173961
          ],
          [
            121.657182,
            25.174
          ],
          [
            121.657407,
            25.174022
          ],
          [
            121.657711,
            25.174177
          ],
          [
            121.657912,
            25.174285
          ],
          [
            121.657711,
            25.174177
          ],
          [
            121.657407,
            25.174022
          ],
          [
            121.657182,
            25.174
          ],
          [
            121.656911,
            25.173961
          ],
          [
            121.656614,
            25.173925
          ],
          [
            121.656417,
            25.173874
          ],
          [
            121.656295,
            25.173871
          ],
          [
            121.656147,
            25.173856
          ],
          [
            121.65578,
            25.174426
          ],
          [
            121.655705,
            25.174805
          ],
          [
            121.655498,
            25.175263
          ],
          [
            121.655221,
            25.175359
          ],
          [
            121.654953,
            25.175578
          ],
          [
            121.65489,
            25.175629
          ],
          [
            121.654743,
            25.175703
          ],
          [
            121.654485,
            25.175779
          ],
          [
            121.654358,
            25.175759
          ],
          [
            121.65418,
            25.175691
          ],
          [
            121.653941,
            25.175461
          ],
          [
            121.653762,
            25.175278
          ],
          [
            121.653626,
            25.175202
          ],
          [
            121.65319,
            25.175011
          ],
          [
            121.653048,
            25.175035
          ],
          [
            121.652987,
            25.175095
          ],
          [
            121.652893,
            25.17532
          ],
          [
            121.652773,
            25.175435
          ],
          [
            121.652646,
            25.175548
          ],
          [
            121.652533,
            25.175765
          ],
          [
            121.65251,
            25.175808
          ],
          [
            121.652208,
            25.176183
          ],
          [
            121.651638,
            25.176708
          ],
          [
            121.651452,
            25.177
          ],
          [
            121.651411,
            25.177034
          ],
          [
            121.651293,
            25.177047
          ],
          [
            121.650941,
            25.176656
          ],
          [
            121.650744,
            25.176452
          ],
          [
            121.650664,
            25.176257
          ],
          [
            121.650621,
            25.175548
          ],
          [
            121.650657,
            25.17544
          ],
          [
            121.650708,
            25.175381
          ],
          [
            121.651162,
            25.174859
          ],
          [
            121.651294,
            25.174664
          ],
          [
            121.651395,
            25.17407
          ],
          [
            121.651363,
            25.173888
          ],
          [
            121.650986,
            25.172971
          ],
          [
            121.650954,
            25.172797
          ],
          [
            121.650945,
            25.172513
          ],
          [
            121.650915,
            25.171969
          ],
          [
            121.650895,
            25.171871
          ],
          [
            121.650826,
            25.171536
          ],
          [
            121.650891,
            25.171417
          ],
          [
            121.651045,
            25.171176
          ],
          [
            121.651059,
            25.171048
          ],
          [
            121.651017,
            25.17087
          ],
          [
            121.650373,
            25.169641
          ],
          [
            121.65011,
            25.169447
          ],
          [
            121.647927,
            25.16859
          ],
          [
            121.64772,
            25.168533
          ],
          [
            121.647594,
            25.168543
          ],
          [
            121.647358,
            25.168566
          ],
          [
            121.647003,
            25.168641
          ],
          [
            121.64687,
            25.168644
          ],
          [
            121.646805,
            25.168614
          ],
          [
            121.64674,
            25.168537
          ],
          [
            121.646701,
            25.16846
          ],
          [
            121.646389,
            25.168257
          ],
          [
            121.646268,
            25.168215
          ],
          [
            121.646108,
            25.168169
          ],
          [
            121.645897,
            25.168096
          ],
          [
            121.645739,
            25.168032
          ],
          [
            121.645446,
            25.167871
          ],
          [
            121.645371,
            25.167838
          ],
          [
            121.645313,
            25.167819
          ],
          [
            121.64509,
            25.167778
          ],
          [
            121.644948,
            25.167782
          ],
          [
            121.644798,
            25.167784
          ],
          [
            121.644603,
            25.167706
          ],
          [
            121.644253,
            25.167558
          ],
          [
            121.644044,
            25.167416
          ],
          [
            121.643917,
            25.167329
          ],
          [
            121.643863,
            25.167292
          ],
          [
            121.643704,
            25.167241
          ],
          [
            121.643431,
            25.167198
          ],
          [
            121.643136,
            25.167165
          ],
          [
            121.642873,
            25.167131
          ],
          [
            121.642692,
            25.167055
          ],
          [
            121.642339,
            25.166907
          ],
          [
            121.642078,
            25.166838
          ],
          [
            121.641729,
            25.166737
          ],
          [
            121.641582,
            25.16666
          ],
          [
            121.641022,
            25.166367
          ],
          [
            121.64055,
            25.166173
          ],
          [
            121.640106,
            25.165979
          ],
          [
            121.639792,
            25.16587
          ],
          [
            121.639562,
            25.165843
          ],
          [
            121.639438,
            25.165825
          ],
          [
            121.639209,
            25.16602
          ],
          [
            121.638974,
            25.166275
          ],
          [
            121.638828,
            25.166425
          ],
          [
            121.638711,
            25.166589
          ],
          [
            121.638651,
            25.166652
          ],
          [
            121.638581,
            25.166813
          ],
          [
            121.63845,
            25.16717
          ],
          [
            121.638362,
            25.167425
          ],
          [
            121.638326,
            25.167487
          ],
          [
            121.638303,
            25.167527
          ],
          [
            121.638209,
            25.167604
          ],
          [
            121.638022,
            25.167758
          ],
          [
            121.637815,
            25.167898
          ],
          [
            121.63758,
            25.168025
          ],
          [
            121.637491,
            25.168052
          ],
          [
            121.637301,
            25.16807
          ],
          [
            121.636867,
            25.168094
          ],
          [
            121.636613,
            25.168166
          ],
          [
            121.636473,
            25.168213
          ],
          [
            121.636214,
            25.168276
          ],
          [
            121.635979,
            25.16829
          ],
          [
            121.635858,
            25.168319
          ],
          [
            121.635703,
            25.168366
          ],
          [
            121.635581,
            25.168438
          ],
          [
            121.63535,
            25.168523
          ],
          [
            121.634838,
            25.168625
          ],
          [
            121.634364,
            25.16863
          ],
          [
            121.633725,
            25.168613
          ],
          [
            121.633538,
            25.168601
          ],
          [
            121.633349,
            25.168563
          ],
          [
            121.632523,
            25.168431
          ],
          [
            121.632365,
            25.168404
          ],
          [
            121.632204,
            25.168402
          ],
          [
            121.631552,
            25.168625
          ],
          [
            121.631199,
            25.168723
          ],
          [
            121.631051,
            25.168764
          ],
          [
            121.63054,
            25.169036
          ],
          [
            121.630199,
            25.169107
          ],
          [
            121.629905,
            25.169121
          ],
          [
            121.62965,
            25.169218
          ],
          [
            121.629062,
            25.169541
          ],
          [
            121.628965,
            25.169475
          ],
          [
            121.628741,
            25.169424
          ],
          [
            121.628574,
            25.169406
          ],
          [
            121.628741,
            25.169424
          ],
          [
            121.628965,
            25.169475
          ],
          [
            121.629062,
            25.169541
          ],
          [
            121.628077,
            25.170151
          ],
          [
            121.627904,
            25.170294
          ],
          [
            121.627711,
            25.17054
          ],
          [
            121.627664,
            25.170698
          ],
          [
            121.627623,
            25.170913
          ],
          [
            121.62745,
            25.171108
          ],
          [
            121.626741,
            25.17143
          ],
          [
            121.62745,
            25.171108
          ],
          [
            121.627623,
            25.170913
          ],
          [
            121.627664,
            25.170698
          ],
          [
            121.627711,
            25.17054
          ],
          [
            121.627904,
            25.170294
          ],
          [
            121.628077,
            25.170151
          ],
          [
            121.629062,
            25.169541
          ],
          [
            121.628965,
            25.169475
          ],
          [
            121.628741,
            25.169424
          ],
          [
            121.628031,
            25.169348
          ],
          [
            121.627919,
            25.169329
          ],
          [
            121.627855,
            25.16929
          ],
          [
            121.627874,
            25.169258
          ],
          [
            121.628037,
            25.169191
          ],
          [
            121.628045,
            25.168934
          ],
          [
            121.628067,
            25.168805
          ],
          [
            121.628298,
            25.168596
          ],
          [
            121.629065,
            25.168184
          ],
          [
            121.630154,
            25.16763
          ],
          [
            121.630618,
            25.167497
          ],
          [
            121.631017,
            25.167535
          ],
          [
            121.631339,
            25.167504
          ],
          [
            121.631586,
            25.167387
          ],
          [
            121.632128,
            25.166848
          ],
          [
            121.632546,
            25.166552
          ],
          [
            121.632785,
            25.166225
          ],
          [
            121.632903,
            25.166135
          ],
          [
            121.632852,
            25.166057
          ],
          [
            121.632678,
            25.166008
          ],
          [
            121.632495,
            25.165841
          ],
          [
            121.632366,
            25.165741
          ],
          [
            121.632374,
            25.165564
          ],
          [
            121.63223,
            25.165414
          ],
          [
            121.632023,
            25.165334
          ],
          [
            121.631986,
            25.16528
          ],
          [
            121.632061,
            25.165241
          ],
          [
            121.632342,
            25.165234
          ],
          [
            121.63245,
            25.165297
          ],
          [
            121.632659,
            25.16545
          ],
          [
            121.632769,
            25.16544
          ],
          [
            121.632852,
            25.165397
          ],
          [
            121.632943,
            25.165338
          ],
          [
            121.632873,
            25.164982
          ],
          [
            121.632817,
            25.164872
          ],
          [
            121.632784,
            25.164797
          ],
          [
            121.632671,
            25.164668
          ],
          [
            121.632572,
            25.164555
          ],
          [
            121.632396,
            25.164412
          ],
          [
            121.632147,
            25.164258
          ],
          [
            121.631539,
            25.163901
          ],
          [
            121.631271,
            25.163984
          ],
          [
            121.630477,
            25.164315
          ],
          [
            121.630127,
            25.164366
          ],
          [
            121.630055,
            25.164281
          ],
          [
            121.630145,
            25.163738
          ],
          [
            121.630198,
            25.163487
          ],
          [
            121.630444,
            25.163119
          ],
          [
            121.630701,
            25.162851
          ],
          [
            121.631056,
            25.162612
          ],
          [
            121.631622,
            25.162181
          ],
          [
            121.632026,
            25.162143
          ],
          [
            121.632392,
            25.162011
          ],
          [
            121.632936,
            25.161638
          ],
          [
            121.633119,
            25.161587
          ],
          [
            121.633799,
            25.161427
          ],
          [
            121.634208,
            25.161291
          ],
          [
            121.634593,
            25.161228
          ],
          [
            121.63495,
            25.161347
          ],
          [
            121.635231,
            25.161393
          ],
          [
            121.635412,
            25.161348
          ],
          [
            121.635676,
            25.161058
          ],
          [
            121.635741,
            25.161023
          ],
          [
            121.636061,
            25.160971
          ],
          [
            121.636268,
            25.160937
          ],
          [
            121.636673,
            25.160776
          ],
          [
            121.636869,
            25.160717
          ],
          [
            121.637037,
            25.160738
          ],
          [
            121.637195,
            25.160867
          ],
          [
            121.637307,
            25.160982
          ],
          [
            121.637501,
            25.161168
          ],
          [
            121.637622,
            25.161201
          ],
          [
            121.637949,
            25.161095
          ],
          [
            121.638265,
            25.160906
          ],
          [
            121.638462,
            25.16073
          ],
          [
            121.638662,
            25.160602
          ],
          [
            121.638768,
            25.160581
          ],
          [
            121.639129,
            25.160517
          ],
          [
            121.639377,
            25.160393
          ],
          [
            121.639668,
            25.160312
          ],
          [
            121.639971,
            25.160183
          ],
          [
            121.640291,
            25.159906
          ],
          [
            121.640441,
            25.159813
          ],
          [
            121.640612,
            25.159707
          ],
          [
            121.641069,
            25.159577
          ],
          [
            121.641166,
            25.159549
          ],
          [
            121.641353,
            25.159469
          ],
          [
            121.641592,
            25.15946
          ],
          [
            121.64216,
            25.159532
          ],
          [
            121.642718,
            25.159598
          ],
          [
            121.642896,
            25.159588
          ],
          [
            121.643044,
            25.159526
          ],
          [
            121.643124,
            25.159402
          ],
          [
            121.64326,
            25.159307
          ],
          [
            121.643361,
            25.159277
          ],
          [
            121.643441,
            25.15928
          ],
          [
            121.643532,
            25.159321
          ],
          [
            121.643817,
            25.159455
          ],
          [
            121.643958,
            25.159455
          ],
          [
            121.644033,
            25.159438
          ],
          [
            121.644365,
            25.159246
          ],
          [
            121.64452,
            25.159153
          ],
          [
            121.644604,
            25.159065
          ],
          [
            121.644964,
            25.158685
          ],
          [
            121.645115,
            25.158396
          ],
          [
            121.645215,
            25.158302
          ],
          [
            121.645366,
            25.158266
          ],
          [
            121.645464,
            25.15829
          ],
          [
            121.645596,
            25.158388
          ],
          [
            121.645907,
            25.158667
          ],
          [
            121.646112,
            25.15889
          ],
          [
            121.646219,
            25.158949
          ],
          [
            121.646482,
            25.159085
          ],
          [
            121.646643,
            25.159267
          ],
          [
            121.646748,
            25.159432
          ],
          [
            121.646842,
            25.159594
          ],
          [
            121.646918,
            25.15964
          ],
          [
            121.647011,
            25.159636
          ],
          [
            121.647048,
            25.15956
          ],
          [
            121.647021,
            25.159432
          ],
          [
            121.646932,
            25.159339
          ],
          [
            121.646857,
            25.159237
          ],
          [
            121.646787,
            25.159169
          ],
          [
            121.646666,
            25.159042
          ],
          [
            121.646661,
            25.158992
          ],
          [
            121.646685,
            25.158954
          ],
          [
            121.646743,
            25.158926
          ],
          [
            121.646802,
            25.158928
          ],
          [
            121.647105,
            25.159172
          ],
          [
            121.647358,
            25.159381
          ],
          [
            121.647467,
            25.159483
          ],
          [
            121.647585,
            25.159553
          ],
          [
            121.647648,
            25.159574
          ],
          [
            121.647769,
            25.159573
          ],
          [
            121.647869,
            25.15956
          ],
          [
            121.647979,
            25.159563
          ],
          [
            121.648173,
            25.159626
          ],
          [
            121.648365,
            25.15968
          ],
          [
            121.64863,
            25.159709
          ],
          [
            121.648566,
            25.159659
          ],
          [
            121.648489,
            25.159614
          ],
          [
            121.648371,
            25.159555
          ],
          [
            121.648159,
            25.159447
          ],
          [
            121.647951,
            25.159337
          ],
          [
            121.647864,
            25.159283
          ],
          [
            121.647722,
            25.159152
          ],
          [
            121.647617,
            25.159029
          ],
          [
            121.647546,
            25.158922
          ],
          [
            121.647521,
            25.158733
          ],
          [
            121.647506,
            25.158603
          ],
          [
            121.647466,
            25.158492
          ],
          [
            121.647384,
            25.158384
          ],
          [
            121.647302,
            25.158277
          ],
          [
            121.647192,
            25.158193
          ],
          [
            121.647086,
            25.158115
          ],
          [
            121.64697,
            25.158016
          ],
          [
            121.6469,
            25.157919
          ],
          [
            121.646847,
            25.157812
          ],
          [
            121.646778,
            25.157671
          ],
          [
            121.64671,
            25.157571
          ],
          [
            121.646556,
            25.157462
          ],
          [
            121.64648,
            25.157374
          ],
          [
            121.646397,
            25.157179
          ],
          [
            121.646283,
            25.156921
          ],
          [
            121.646099,
            25.156493
          ],
          [
            121.646032,
            25.15635
          ],
          [
            121.645981,
            25.156277
          ],
          [
            121.645875,
            25.156212
          ],
          [
            121.645792,
            25.156193
          ],
          [
            121.645669,
            25.156184
          ],
          [
            121.645509,
            25.156187
          ],
          [
            121.645307,
            25.156174
          ],
          [
            121.645243,
            25.156124
          ],
          [
            121.645074,
            25.155873
          ],
          [
            121.64521,
            25.155751
          ],
          [
            121.645371,
            25.155581
          ],
          [
            121.645548,
            25.15538
          ],
          [
            121.645693,
            25.155219
          ],
          [
            121.645825,
            25.155077
          ],
          [
            121.645961,
            25.154994
          ],
          [
            121.646043,
            25.154976
          ],
          [
            121.646142,
            25.154993
          ],
          [
            121.646227,
            25.155028
          ],
          [
            121.646298,
            25.155058
          ],
          [
            121.646366,
            25.155077
          ],
          [
            121.646454,
            25.155099
          ],
          [
            121.646536,
            25.155094
          ],
          [
            121.646612,
            25.155047
          ],
          [
            121.646629,
            25.154947
          ],
          [
            121.646629,
            25.154895
          ],
          [
            121.646598,
            25.154823
          ],
          [
            121.646431,
            25.154724
          ],
          [
            121.646222,
            25.154629
          ],
          [
            121.645995,
            25.154599
          ],
          [
            121.645768,
            25.154586
          ],
          [
            121.645686,
            25.154596
          ],
          [
            121.64556,
            25.154614
          ],
          [
            121.645422,
            25.154634
          ],
          [
            121.645267,
            25.154671
          ],
          [
            121.645082,
            25.154703
          ],
          [
            121.644989,
            25.154709
          ],
          [
            121.644906,
            25.154714
          ],
          [
            121.644551,
            25.154783
          ],
          [
            121.644173,
            25.154806
          ],
          [
            121.643911,
            25.154802
          ],
          [
            121.643786,
            25.154863
          ],
          [
            121.643636,
            25.154981
          ],
          [
            121.643508,
            25.155126
          ],
          [
            121.643375,
            25.155165
          ],
          [
            121.643262,
            25.15519
          ],
          [
            121.643129,
            25.155112
          ],
          [
            121.643065,
            25.155025
          ],
          [
            121.642981,
            25.154943
          ],
          [
            121.642915,
            25.154884
          ],
          [
            121.642854,
            25.154857
          ],
          [
            121.642725,
            25.154834
          ],
          [
            121.642586,
            25.154829
          ],
          [
            121.64245,
            25.154797
          ],
          [
            121.642136,
            25.15469
          ],
          [
            121.64199,
            25.154655
          ],
          [
            121.641834,
            25.154692
          ],
          [
            121.641616,
            25.154737
          ],
          [
            121.641472,
            25.154708
          ],
          [
            121.641319,
            25.154654
          ],
          [
            121.641043,
            25.154601
          ],
          [
            121.640882,
            25.154578
          ],
          [
            121.640761,
            25.154609
          ],
          [
            121.640638,
            25.154652
          ],
          [
            121.640497,
            25.154678
          ],
          [
            121.640376,
            25.154649
          ],
          [
            121.640273,
            25.154602
          ],
          [
            121.640162,
            25.154507
          ],
          [
            121.640055,
            25.154419
          ],
          [
            121.640002,
            25.154392
          ],
          [
            121.639898,
            25.154362
          ],
          [
            121.639793,
            25.154313
          ],
          [
            121.639714,
            25.15422
          ],
          [
            121.639684,
            25.154141
          ],
          [
            121.639655,
            25.153965
          ],
          [
            121.639663,
            25.153804
          ],
          [
            121.63964,
            25.153643
          ],
          [
            121.639583,
            25.153546
          ],
          [
            121.639504,
            25.153463
          ],
          [
            121.639389,
            25.153397
          ],
          [
            121.639207,
            25.153311
          ],
          [
            121.639001,
            25.153258
          ],
          [
            121.638749,
            25.153251
          ],
          [
            121.638535,
            25.153258
          ],
          [
            121.638285,
            25.153278
          ],
          [
            121.638057,
            25.153319
          ],
          [
            121.637896,
            25.153391
          ],
          [
            121.637783,
            25.153452
          ],
          [
            121.637679,
            25.153516
          ],
          [
            121.637564,
            25.153599
          ],
          [
            121.637518,
            25.153602
          ],
          [
            121.637485,
            25.153605
          ],
          [
            121.637428,
            25.153554
          ],
          [
            121.637399,
            25.153477
          ],
          [
            121.637369,
            25.153306
          ],
          [
            121.637311,
            25.153204
          ],
          [
            121.637158,
            25.153068
          ],
          [
            121.636991,
            25.152964
          ],
          [
            121.636799,
            25.152865
          ],
          [
            121.636698,
            25.152786
          ],
          [
            121.636594,
            25.152704
          ],
          [
            121.636548,
            25.152647
          ],
          [
            121.636517,
            25.152547
          ],
          [
            121.636481,
            25.152433
          ],
          [
            121.636447,
            25.152351
          ],
          [
            121.636392,
            25.152307
          ],
          [
            121.636313,
            25.152248
          ],
          [
            121.636207,
            25.152186
          ],
          [
            121.636132,
            25.152102
          ],
          [
            121.636106,
            25.152033
          ],
          [
            121.63609,
            25.151931
          ],
          [
            121.636111,
            25.151855
          ],
          [
            121.636175,
            25.151754
          ],
          [
            121.636178,
            25.151673
          ],
          [
            121.636158,
            25.151596
          ],
          [
            121.636087,
            25.151537
          ],
          [
            121.635969,
            25.151457
          ],
          [
            121.635891,
            25.151338
          ],
          [
            121.635855,
            25.151217
          ],
          [
            121.635798,
            25.151022
          ],
          [
            121.635781,
            25.150825
          ],
          [
            121.635741,
            25.150722
          ],
          [
            121.63568,
            25.150664
          ],
          [
            121.635577,
            25.150635
          ],
          [
            121.635413,
            25.150622
          ],
          [
            121.635354,
            25.150571
          ],
          [
            121.635291,
            25.150471
          ],
          [
            121.635236,
            25.150295
          ],
          [
            121.635171,
            25.150248
          ],
          [
            121.635037,
            25.150238
          ],
          [
            121.634902,
            25.15023
          ],
          [
            121.634815,
            25.150203
          ],
          [
            121.634751,
            25.15014
          ],
          [
            121.634669,
            25.149942
          ],
          [
            121.634599,
            25.149795
          ],
          [
            121.63448,
            25.149677
          ],
          [
            121.634363,
            25.149645
          ],
          [
            121.634174,
            25.149642
          ],
          [
            121.634008,
            25.149634
          ],
          [
            121.633762,
            25.149626
          ],
          [
            121.633682,
            25.149652
          ],
          [
            121.633601,
            25.149734
          ],
          [
            121.633492,
            25.149983
          ],
          [
            121.633414,
            25.150122
          ],
          [
            121.63337,
            25.150208
          ],
          [
            121.63332,
            25.150253
          ],
          [
            121.633194,
            25.150283
          ],
          [
            121.633136,
            25.150281
          ],
          [
            121.633009,
            25.150302
          ],
          [
            121.632877,
            25.150342
          ],
          [
            121.632792,
            25.150409
          ],
          [
            121.632714,
            25.150486
          ],
          [
            121.632623,
            25.150554
          ],
          [
            121.632569,
            25.150594
          ],
          [
            121.632534,
            25.15062
          ],
          [
            121.632471,
            25.150634
          ],
          [
            121.632359,
            25.150659
          ],
          [
            121.632198,
            25.150646
          ],
          [
            121.632077,
            25.1506
          ],
          [
            121.631986,
            25.150544
          ],
          [
            121.631794,
            25.150306
          ],
          [
            121.631719,
            25.150227
          ],
          [
            121.631603,
            25.15016
          ],
          [
            121.63144,
            25.150127
          ],
          [
            121.631131,
            25.150087
          ],
          [
            121.631002,
            25.150085
          ],
          [
            121.630835,
            25.150095
          ],
          [
            121.630741,
            25.150068
          ],
          [
            121.630666,
            25.149988
          ],
          [
            121.630586,
            25.149915
          ],
          [
            121.630422,
            25.14983
          ],
          [
            121.630174,
            25.149768
          ],
          [
            121.630079,
            25.149691
          ],
          [
            121.630013,
            25.149636
          ],
          [
            121.629904,
            25.149607
          ],
          [
            121.629735,
            25.149588
          ],
          [
            121.629658,
            25.149528
          ],
          [
            121.629518,
            25.149427
          ],
          [
            121.629382,
            25.1494
          ],
          [
            121.629229,
            25.149399
          ],
          [
            121.629106,
            25.149397
          ],
          [
            121.628958,
            25.1494
          ],
          [
            121.628749,
            25.149341
          ],
          [
            121.628629,
            25.149303
          ],
          [
            121.628504,
            25.149301
          ],
          [
            121.628341,
            25.149301
          ],
          [
            121.628236,
            25.149279
          ],
          [
            121.628113,
            25.149212
          ],
          [
            121.627954,
            25.149085
          ],
          [
            121.627828,
            25.148981
          ],
          [
            121.627718,
            25.148957
          ],
          [
            121.627638,
            25.148978
          ],
          [
            121.627625,
            25.148988
          ],
          [
            121.627546,
            25.149048
          ],
          [
            121.627428,
            25.149121
          ],
          [
            121.627297,
            25.149207
          ],
          [
            121.627182,
            25.149279
          ],
          [
            121.62709,
            25.149285
          ],
          [
            121.626906,
            25.149218
          ],
          [
            121.626719,
            25.149181
          ],
          [
            121.626609,
            25.149177
          ],
          [
            121.626511,
            25.149101
          ],
          [
            121.626431,
            25.149003
          ],
          [
            121.626338,
            25.14887
          ],
          [
            121.626274,
            25.148793
          ],
          [
            121.626152,
            25.148744
          ],
          [
            121.626061,
            25.148785
          ],
          [
            121.625977,
            25.148866
          ],
          [
            121.6259,
            25.148961
          ],
          [
            121.625823,
            25.148982
          ],
          [
            121.62575,
            25.148953
          ],
          [
            121.625615,
            25.148845
          ],
          [
            121.625534,
            25.148756
          ],
          [
            121.625414,
            25.148654
          ],
          [
            121.625323,
            25.14862
          ],
          [
            121.625229,
            25.14859
          ],
          [
            121.625165,
            25.148632
          ],
          [
            121.625119,
            25.148703
          ],
          [
            121.625087,
            25.148864
          ],
          [
            121.625015,
            25.149221
          ],
          [
            121.624975,
            25.149365
          ],
          [
            121.624956,
            25.149415
          ],
          [
            121.624927,
            25.149465
          ],
          [
            121.624894,
            25.149489
          ],
          [
            121.624854,
            25.149505
          ],
          [
            121.624813,
            25.149517
          ],
          [
            121.62477,
            25.149519
          ],
          [
            121.624719,
            25.149498
          ],
          [
            121.624676,
            25.149465
          ],
          [
            121.624656,
            25.149409
          ],
          [
            121.624642,
            25.149293
          ],
          [
            121.624621,
            25.149171
          ],
          [
            121.624592,
            25.149046
          ],
          [
            121.624554,
            25.14892
          ],
          [
            121.624441,
            25.148619
          ],
          [
            121.624361,
            25.14852
          ],
          [
            121.624235,
            25.148458
          ],
          [
            121.624129,
            25.148483
          ],
          [
            121.624032,
            25.148557
          ],
          [
            121.62394,
            25.14863
          ],
          [
            121.62385,
            25.148672
          ],
          [
            121.623736,
            25.14871
          ],
          [
            121.623587,
            25.148769
          ],
          [
            121.623436,
            25.148859
          ],
          [
            121.623288,
            25.14889
          ],
          [
            121.623199,
            25.148877
          ],
          [
            121.623113,
            25.14882
          ],
          [
            121.622953,
            25.148662
          ],
          [
            121.622832,
            25.148549
          ],
          [
            121.622772,
            25.148485
          ],
          [
            121.622749,
            25.148397
          ],
          [
            121.622772,
            25.148283
          ],
          [
            121.622858,
            25.148216
          ],
          [
            121.622873,
            25.148085
          ],
          [
            121.622848,
            25.147988
          ],
          [
            121.622775,
            25.147959
          ],
          [
            121.622673,
            25.147939
          ],
          [
            121.622633,
            25.147879
          ],
          [
            121.622603,
            25.147814
          ],
          [
            121.6226,
            25.147709
          ],
          [
            121.622519,
            25.147641
          ],
          [
            121.622434,
            25.147623
          ],
          [
            121.622342,
            25.147635
          ],
          [
            121.622235,
            25.147671
          ],
          [
            121.622128,
            25.147712
          ],
          [
            121.621988,
            25.147794
          ],
          [
            121.621903,
            25.14791
          ],
          [
            121.621817,
            25.148058
          ],
          [
            121.621652,
            25.148291
          ],
          [
            121.621366,
            25.148552
          ],
          [
            121.621263,
            25.148634
          ],
          [
            121.621119,
            25.148748
          ],
          [
            121.620995,
            25.148798
          ],
          [
            121.620874,
            25.14878
          ],
          [
            121.620808,
            25.148754
          ],
          [
            121.620689,
            25.148621
          ],
          [
            121.62066,
            25.148585
          ],
          [
            121.620608,
            25.148551
          ],
          [
            121.620535,
            25.148575
          ],
          [
            121.620485,
            25.148634
          ],
          [
            121.620402,
            25.148828
          ],
          [
            121.620308,
            25.148998
          ],
          [
            121.620135,
            25.149083
          ],
          [
            121.61985,
            25.149155
          ],
          [
            121.619396,
            25.149031
          ],
          [
            121.619213,
            25.148943
          ],
          [
            121.619155,
            25.148869
          ],
          [
            121.619102,
            25.14885
          ],
          [
            121.619018,
            25.148879
          ],
          [
            121.618886,
            25.148883
          ],
          [
            121.6188,
            25.148875
          ],
          [
            121.618702,
            25.148852
          ],
          [
            121.618475,
            25.148764
          ],
          [
            121.61837,
            25.148752
          ],
          [
            121.618272,
            25.148765
          ],
          [
            121.618182,
            25.148792
          ],
          [
            121.618116,
            25.148785
          ],
          [
            121.618043,
            25.148746
          ],
          [
            121.617953,
            25.148689
          ],
          [
            121.617876,
            25.148648
          ],
          [
            121.617794,
            25.14864
          ],
          [
            121.617706,
            25.148647
          ],
          [
            121.617576,
            25.148666
          ],
          [
            121.617462,
            25.148661
          ],
          [
            121.617282,
            25.14863
          ],
          [
            121.617179,
            25.148581
          ],
          [
            121.617098,
            25.148508
          ],
          [
            121.617024,
            25.148404
          ],
          [
            121.616953,
            25.148327
          ],
          [
            121.616838,
            25.148251
          ],
          [
            121.616726,
            25.148234
          ],
          [
            121.616611,
            25.148256
          ],
          [
            121.616508,
            25.14827
          ],
          [
            121.616394,
            25.148247
          ],
          [
            121.616101,
            25.148157
          ],
          [
            121.61586,
            25.148112
          ],
          [
            121.615588,
            25.148093
          ],
          [
            121.61547,
            25.148082
          ],
          [
            121.615338,
            25.148029
          ],
          [
            121.615179,
            25.147936
          ],
          [
            121.615008,
            25.147796
          ],
          [
            121.614921,
            25.147748
          ],
          [
            121.614818,
            25.147744
          ],
          [
            121.61472,
            25.147753
          ],
          [
            121.6146,
            25.147754
          ],
          [
            121.614409,
            25.147695
          ],
          [
            121.614168,
            25.147606
          ],
          [
            121.613973,
            25.147501
          ],
          [
            121.613766,
            25.14738
          ],
          [
            121.613619,
            25.147275
          ],
          [
            121.613478,
            25.14719
          ],
          [
            121.613363,
            25.147143
          ],
          [
            121.61323,
            25.147109
          ],
          [
            121.613041,
            25.147074
          ],
          [
            121.612921,
            25.147039
          ],
          [
            121.612818,
            25.146973
          ],
          [
            121.612591,
            25.146791
          ],
          [
            121.612369,
            25.146569
          ],
          [
            121.612226,
            25.146438
          ],
          [
            121.612086,
            25.146341
          ],
          [
            121.611985,
            25.146288
          ],
          [
            121.611865,
            25.146256
          ],
          [
            121.611709,
            25.146227
          ],
          [
            121.611608,
            25.146223
          ],
          [
            121.61154,
            25.146212
          ],
          [
            121.611444,
            25.146166
          ],
          [
            121.61108,
            25.145977
          ],
          [
            121.610964,
            25.14592
          ],
          [
            121.610848,
            25.145885
          ],
          [
            121.610801,
            25.145841
          ],
          [
            121.610785,
            25.145745
          ],
          [
            121.610785,
            25.145567
          ],
          [
            121.610787,
            25.145422
          ],
          [
            121.610783,
            25.145381
          ],
          [
            121.610759,
            25.14534
          ],
          [
            121.610699,
            25.145339
          ],
          [
            121.610612,
            25.145376
          ],
          [
            121.61052,
            25.145379
          ],
          [
            121.610413,
            25.1453
          ],
          [
            121.610376,
            25.145177
          ],
          [
            121.610396,
            25.145028
          ],
          [
            121.61048,
            25.144794
          ],
          [
            121.610597,
            25.144585
          ],
          [
            121.610578,
            25.144391
          ],
          [
            121.610589,
            25.144192
          ],
          [
            121.610615,
            25.144023
          ],
          [
            121.610637,
            25.143896
          ],
          [
            121.610649,
            25.143789
          ],
          [
            121.610631,
            25.143697
          ],
          [
            121.610555,
            25.14362
          ],
          [
            121.610428,
            25.14359
          ],
          [
            121.61043,
            25.143508
          ],
          [
            121.610439,
            25.143358
          ],
          [
            121.610421,
            25.143255
          ],
          [
            121.610403,
            25.143194
          ],
          [
            121.610361,
            25.143115
          ],
          [
            121.610319,
            25.143055
          ],
          [
            121.610257,
            25.142985
          ],
          [
            121.610197,
            25.142935
          ],
          [
            121.610135,
            25.142898
          ],
          [
            121.61,
            25.142851
          ],
          [
            121.609875,
            25.142837
          ],
          [
            121.609783,
            25.142832
          ],
          [
            121.609702,
            25.142852
          ],
          [
            121.60967,
            25.142874
          ],
          [
            121.609638,
            25.142901
          ],
          [
            121.609602,
            25.142942
          ],
          [
            121.609594,
            25.142981
          ],
          [
            121.609593,
            25.143025
          ],
          [
            121.609608,
            25.143063
          ],
          [
            121.609627,
            25.143113
          ],
          [
            121.609647,
            25.143155
          ],
          [
            121.609678,
            25.143235
          ],
          [
            121.609692,
            25.143298
          ],
          [
            121.609688,
            25.143327
          ],
          [
            121.609682,
            25.143348
          ],
          [
            121.609672,
            25.143377
          ],
          [
            121.609634,
            25.143423
          ],
          [
            121.609563,
            25.143478
          ],
          [
            121.609489,
            25.143515
          ],
          [
            121.608866,
            25.143797
          ],
          [
            121.60857,
            25.143904
          ],
          [
            121.608262,
            25.144037
          ],
          [
            121.607963,
            25.144154
          ],
          [
            121.607622,
            25.144293
          ],
          [
            121.607485,
            25.144361
          ],
          [
            121.607311,
            25.144459
          ],
          [
            121.606765,
            25.144688
          ],
          [
            121.60671,
            25.144699
          ],
          [
            121.606666,
            25.144704
          ],
          [
            121.606608,
            25.144696
          ],
          [
            121.606563,
            25.144675
          ],
          [
            121.606469,
            25.144633
          ],
          [
            121.606364,
            25.144571
          ],
          [
            121.60597,
            25.144343
          ],
          [
            121.6056,
            25.144106
          ],
          [
            121.605339,
            25.143951
          ],
          [
            121.605309,
            25.143919
          ],
          [
            121.60524,
            25.143816
          ],
          [
            121.605191,
            25.143727
          ],
          [
            121.605166,
            25.143697
          ],
          [
            121.605128,
            25.14368
          ],
          [
            121.60509,
            25.143677
          ],
          [
            121.605049,
            25.143677
          ],
          [
            121.604996,
            25.143698
          ],
          [
            121.604939,
            25.143753
          ],
          [
            121.60483,
            25.14387
          ],
          [
            121.604791,
            25.143936
          ],
          [
            121.604768,
            25.14398
          ],
          [
            121.604757,
            25.144028
          ],
          [
            121.604765,
            25.144083
          ],
          [
            121.604795,
            25.144254
          ],
          [
            121.604791,
            25.144449
          ],
          [
            121.604807,
            25.144525
          ],
          [
            121.604823,
            25.14458
          ],
          [
            121.604864,
            25.144769
          ],
          [
            121.604892,
            25.144874
          ],
          [
            121.6049,
            25.144957
          ],
          [
            121.604876,
            25.145043
          ],
          [
            121.604833,
            25.145095
          ],
          [
            121.6048,
            25.145132
          ],
          [
            121.604745,
            25.145187
          ],
          [
            121.604688,
            25.145224
          ],
          [
            121.604581,
            25.145269
          ],
          [
            121.604523,
            25.145283
          ],
          [
            121.604465,
            25.14529
          ],
          [
            121.604366,
            25.145279
          ],
          [
            121.604237,
            25.145274
          ],
          [
            121.604119,
            25.14527
          ],
          [
            121.603995,
            25.145278
          ],
          [
            121.60395,
            25.145297
          ],
          [
            121.603914,
            25.145327
          ],
          [
            121.60389,
            25.145379
          ],
          [
            121.603857,
            25.145473
          ],
          [
            121.60377,
            25.145895
          ],
          [
            121.603748,
            25.145936
          ],
          [
            121.603722,
            25.145957
          ],
          [
            121.60368,
            25.145978
          ],
          [
            121.603642,
            25.145991
          ],
          [
            121.603607,
            25.146001
          ],
          [
            121.603575,
            25.146001
          ],
          [
            121.603531,
            25.145998
          ],
          [
            121.60349,
            25.145979
          ],
          [
            121.603452,
            25.14594
          ],
          [
            121.603431,
            25.145905
          ],
          [
            121.60342,
            25.145832
          ],
          [
            121.603424,
            25.145755
          ],
          [
            121.603467,
            25.145613
          ],
          [
            121.603527,
            25.145441
          ],
          [
            121.603591,
            25.145292
          ],
          [
            121.603613,
            25.145234
          ],
          [
            121.603674,
            25.145171
          ],
          [
            121.603779,
            25.145134
          ],
          [
            121.603856,
            25.145107
          ],
          [
            121.603951,
            25.145069
          ],
          [
            121.604,
            25.145034
          ],
          [
            121.604032,
            25.144979
          ],
          [
            121.604068,
            25.144856
          ],
          [
            121.604095,
            25.144777
          ],
          [
            121.604092,
            25.144697
          ],
          [
            121.604086,
            25.144632
          ],
          [
            121.604076,
            25.144565
          ],
          [
            121.604024,
            25.144509
          ],
          [
            121.603934,
            25.144457
          ],
          [
            121.60372,
            25.144274
          ],
          [
            121.603661,
            25.144212
          ],
          [
            121.603609,
            25.144145
          ],
          [
            121.603561,
            25.14405
          ],
          [
            121.603503,
            25.143937
          ],
          [
            121.603409,
            25.143727
          ],
          [
            121.603373,
            25.143704
          ],
          [
            121.603316,
            25.143687
          ],
          [
            121.60327,
            25.143696
          ],
          [
            121.603244,
            25.143715
          ],
          [
            121.603228,
            25.143755
          ],
          [
            121.603221,
            25.143792
          ],
          [
            121.603227,
            25.143836
          ],
          [
            121.603242,
            25.143884
          ],
          [
            121.603265,
            25.143941
          ],
          [
            121.603327,
            25.144047
          ],
          [
            121.603389,
            25.144141
          ],
          [
            121.603418,
            25.144189
          ],
          [
            121.603405,
            25.144217
          ],
          [
            121.603386,
            25.144231
          ],
          [
            121.603343,
            25.144241
          ],
          [
            121.603308,
            25.144235
          ],
          [
            121.603271,
            25.144224
          ],
          [
            121.603197,
            25.14416
          ],
          [
            121.603157,
            25.144109
          ],
          [
            121.603112,
            25.144065
          ],
          [
            121.603033,
            25.14397
          ],
          [
            121.602973,
            25.143904
          ],
          [
            121.602835,
            25.143693
          ],
          [
            121.602679,
            25.14346
          ],
          [
            121.602662,
            25.143397
          ],
          [
            121.602654,
            25.143353
          ],
          [
            121.602658,
            25.143306
          ],
          [
            121.602688,
            25.143248
          ],
          [
            121.602741,
            25.143214
          ],
          [
            121.602792,
            25.143182
          ],
          [
            121.602874,
            25.14311
          ],
          [
            121.602884,
            25.143057
          ],
          [
            121.602894,
            25.143007
          ],
          [
            121.602887,
            25.142959
          ],
          [
            121.602863,
            25.142913
          ],
          [
            121.602827,
            25.142865
          ],
          [
            121.602771,
            25.142815
          ],
          [
            121.602685,
            25.142765
          ],
          [
            121.602643,
            25.142745
          ],
          [
            121.602564,
            25.142723
          ],
          [
            121.602413,
            25.142581
          ],
          [
            121.602353,
            25.142528
          ],
          [
            121.602309,
            25.142472
          ],
          [
            121.602286,
            25.142437
          ],
          [
            121.602289,
            25.142377
          ],
          [
            121.602296,
            25.142341
          ],
          [
            121.602307,
            25.142299
          ],
          [
            121.602332,
            25.142259
          ],
          [
            121.602365,
            25.142241
          ],
          [
            121.602421,
            25.142222
          ],
          [
            121.602503,
            25.142196
          ],
          [
            121.602579,
            25.142196
          ],
          [
            121.602694,
            25.142189
          ],
          [
            121.602768,
            25.142183
          ],
          [
            121.602851,
            25.142149
          ],
          [
            121.60293,
            25.14208
          ],
          [
            121.603065,
            25.141935
          ],
          [
            121.603191,
            25.141813
          ],
          [
            121.603291,
            25.141703
          ],
          [
            121.603315,
            25.14164
          ],
          [
            121.603318,
            25.141554
          ],
          [
            121.603314,
            25.141463
          ],
          [
            121.603304,
            25.141388
          ],
          [
            121.603277,
            25.141053
          ],
          [
            121.603277,
            25.140955
          ],
          [
            121.603292,
            25.14087
          ],
          [
            121.603306,
            25.140796
          ],
          [
            121.603324,
            25.140748
          ],
          [
            121.603368,
            25.140675
          ],
          [
            121.6034,
            25.140641
          ],
          [
            121.603465,
            25.140589
          ],
          [
            121.603536,
            25.140552
          ],
          [
            121.60357,
            25.140518
          ],
          [
            121.603644,
            25.140464
          ],
          [
            121.603693,
            25.140411
          ],
          [
            121.603749,
            25.140311
          ],
          [
            121.603761,
            25.140216
          ],
          [
            121.603755,
            25.140162
          ],
          [
            121.60374,
            25.140083
          ],
          [
            121.603723,
            25.139985
          ],
          [
            121.603689,
            25.139879
          ],
          [
            121.603655,
            25.139798
          ],
          [
            121.603643,
            25.139702
          ],
          [
            121.60365,
            25.139641
          ],
          [
            121.603667,
            25.139592
          ],
          [
            121.603691,
            25.139535
          ],
          [
            121.603728,
            25.139487
          ],
          [
            121.603803,
            25.139426
          ],
          [
            121.603952,
            25.13928
          ],
          [
            121.604106,
            25.139166
          ],
          [
            121.604187,
            25.139124
          ],
          [
            121.604244,
            25.139106
          ],
          [
            121.604187,
            25.139124
          ],
          [
            121.604106,
            25.139166
          ],
          [
            121.603952,
            25.13928
          ],
          [
            121.603803,
            25.139426
          ],
          [
            121.603728,
            25.139487
          ],
          [
            121.603691,
            25.139535
          ],
          [
            121.603667,
            25.139592
          ],
          [
            121.60365,
            25.139641
          ],
          [
            121.603643,
            25.139702
          ],
          [
            121.603655,
            25.139798
          ],
          [
            121.603689,
            25.139879
          ],
          [
            121.603723,
            25.139985
          ],
          [
            121.60374,
            25.140083
          ],
          [
            121.603755,
            25.140162
          ],
          [
            121.603761,
            25.140216
          ],
          [
            121.603749,
            25.140311
          ],
          [
            121.603693,
            25.140411
          ],
          [
            121.603644,
            25.140464
          ],
          [
            121.60357,
            25.140518
          ],
          [
            121.603536,
            25.140552
          ],
          [
            121.603465,
            25.140589
          ],
          [
            121.6034,
            25.140641
          ],
          [
            121.603368,
            25.140675
          ],
          [
            121.603324,
            25.140748
          ],
          [
            121.603306,
            25.140796
          ],
          [
            121.603292,
            25.14087
          ],
          [
            121.603277,
            25.140955
          ],
          [
            121.603277,
            25.141053
          ],
          [
            121.603304,
            25.141388
          ],
          [
            121.603314,
            25.141463
          ],
          [
            121.603318,
            25.141554
          ],
          [
            121.603315,
            25.14164
          ],
          [
            121.603291,
            25.141703
          ],
          [
            121.603191,
            25.141813
          ],
          [
            121.603065,
            25.141935
          ],
          [
            121.60293,
            25.14208
          ],
          [
            121.602851,
            25.142149
          ],
          [
            121.602768,
            25.142183
          ],
          [
            121.602694,
            25.142189
          ],
          [
            121.602579,
            25.142196
          ],
          [
            121.602503,
            25.142196
          ],
          [
            121.602421,
            25.142222
          ],
          [
            121.602365,
            25.142241
          ],
          [
            121.602332,
            25.142259
          ],
          [
            121.602307,
            25.142299
          ],
          [
            121.602296,
            25.142341
          ],
          [
            121.602289,
            25.142377
          ],
          [
            121.602286,
            25.142437
          ],
          [
            121.602309,
            25.142472
          ],
          [
            121.602353,
            25.142528
          ],
          [
            121.602413,
            25.142581
          ],
          [
            121.602564,
            25.142723
          ],
          [
            121.602643,
            25.142745
          ],
          [
            121.602685,
            25.142765
          ],
          [
            121.602771,
            25.142815
          ],
          [
            121.602827,
            25.142865
          ],
          [
            121.602863,
            25.142913
          ],
          [
            121.602887,
            25.142959
          ],
          [
            121.602894,
            25.143007
          ],
          [
            121.602884,
            25.143057
          ],
          [
            121.602874,
            25.14311
          ],
          [
            121.602792,
            25.143182
          ],
          [
            121.602741,
            25.143214
          ],
          [
            121.602688,
            25.143248
          ],
          [
            121.602658,
            25.143306
          ],
          [
            121.602654,
            25.143353
          ],
          [
            121.602662,
            25.143397
          ],
          [
            121.602679,
            25.14346
          ],
          [
            121.602835,
            25.143693
          ],
          [
            121.602973,
            25.143904
          ],
          [
            121.603033,
            25.14397
          ],
          [
            121.603112,
            25.144065
          ],
          [
            121.603157,
            25.144109
          ],
          [
            121.603197,
            25.14416
          ],
          [
            121.603271,
            25.144224
          ],
          [
            121.603308,
            25.144235
          ],
          [
            121.603343,
            25.144241
          ],
          [
            121.603386,
            25.144231
          ],
          [
            121.603405,
            25.144217
          ],
          [
            121.603418,
            25.144189
          ],
          [
            121.603389,
            25.144141
          ],
          [
            121.603327,
            25.144047
          ],
          [
            121.603265,
            25.143941
          ],
          [
            121.603242,
            25.143884
          ],
          [
            121.603227,
            25.143836
          ],
          [
            121.603221,
            25.143792
          ],
          [
            121.603228,
            25.143755
          ],
          [
            121.603244,
            25.143715
          ],
          [
            121.60327,
            25.143696
          ],
          [
            121.603316,
            25.143687
          ],
          [
            121.603373,
            25.143704
          ],
          [
            121.603409,
            25.143727
          ],
          [
            121.603503,
            25.143937
          ],
          [
            121.603561,
            25.14405
          ],
          [
            121.603609,
            25.144145
          ],
          [
            121.603661,
            25.144212
          ],
          [
            121.60372,
            25.144274
          ],
          [
            121.603934,
            25.144457
          ],
          [
            121.604024,
            25.144509
          ],
          [
            121.604076,
            25.144565
          ],
          [
            121.604086,
            25.144632
          ],
          [
            121.604092,
            25.144697
          ],
          [
            121.604095,
            25.144777
          ],
          [
            121.604068,
            25.144856
          ],
          [
            121.604032,
            25.144979
          ],
          [
            121.604,
            25.145034
          ],
          [
            121.603951,
            25.145069
          ],
          [
            121.603856,
            25.145107
          ],
          [
            121.603674,
            25.145171
          ],
          [
            121.603613,
            25.145234
          ],
          [
            121.603591,
            25.145292
          ],
          [
            121.603527,
            25.145441
          ],
          [
            121.603467,
            25.145613
          ],
          [
            121.603424,
            25.145755
          ],
          [
            121.60342,
            25.145832
          ],
          [
            121.603431,
            25.145905
          ],
          [
            121.603452,
            25.14594
          ],
          [
            121.60349,
            25.145979
          ],
          [
            121.603531,
            25.145998
          ],
          [
            121.603575,
            25.146001
          ],
          [
            121.603607,
            25.146001
          ],
          [
            121.603642,
            25.145991
          ],
          [
            121.60368,
            25.145978
          ],
          [
            121.603722,
            25.145957
          ],
          [
            121.603748,
            25.145936
          ],
          [
            121.60377,
            25.145895
          ],
          [
            121.603857,
            25.145473
          ],
          [
            121.60389,
            25.145379
          ],
          [
            121.603914,
            25.145327
          ],
          [
            121.60395,
            25.145297
          ],
          [
            121.603995,
            25.145278
          ],
          [
            121.604119,
            25.14527
          ],
          [
            121.604237,
            25.145274
          ],
          [
            121.604366,
            25.145279
          ],
          [
            121.604465,
            25.14529
          ],
          [
            121.604523,
            25.145283
          ],
          [
            121.604581,
            25.145269
          ],
          [
            121.604688,
            25.145224
          ],
          [
            121.604745,
            25.145187
          ],
          [
            121.6048,
            25.145132
          ],
          [
            121.604833,
            25.145095
          ],
          [
            121.604876,
            25.145043
          ],
          [
            121.6049,
            25.144957
          ],
          [
            121.604892,
            25.144874
          ],
          [
            121.604864,
            25.144769
          ],
          [
            121.604823,
            25.14458
          ],
          [
            121.604807,
            25.144525
          ],
          [
            121.604791,
            25.144449
          ],
          [
            121.604795,
            25.144254
          ],
          [
            121.604765,
            25.144083
          ],
          [
            121.604757,
            25.144028
          ],
          [
            121.604768,
            25.14398
          ],
          [
            121.604791,
            25.143936
          ],
          [
            121.60483,
            25.14387
          ],
          [
            121.604939,
            25.143753
          ],
          [
            121.604996,
            25.143698
          ],
          [
            121.605049,
            25.143677
          ],
          [
            121.60509,
            25.143677
          ],
          [
            121.605128,
            25.14368
          ],
          [
            121.605166,
            25.143697
          ],
          [
            121.605191,
            25.143727
          ],
          [
            121.60524,
            25.143816
          ],
          [
            121.605309,
            25.143919
          ],
          [
            121.605339,
            25.143951
          ],
          [
            121.6056,
            25.144106
          ],
          [
            121.60597,
            25.144343
          ],
          [
            121.606364,
            25.144571
          ],
          [
            121.606469,
            25.144633
          ],
          [
            121.606563,
            25.144675
          ],
          [
            121.606608,
            25.144696
          ],
          [
            121.606666,
            25.144704
          ],
          [
            121.60671,
            25.144699
          ],
          [
            121.606765,
            25.144688
          ],
          [
            121.607311,
            25.144459
          ],
          [
            121.607485,
            25.144361
          ],
          [
            121.607622,
            25.144293
          ],
          [
            121.607963,
            25.144154
          ],
          [
            121.608262,
            25.144037
          ],
          [
            121.60857,
            25.143904
          ],
          [
            121.608866,
            25.143797
          ],
          [
            121.609489,
            25.143515
          ],
          [
            121.609563,
            25.143478
          ],
          [
            121.609634,
            25.143423
          ],
          [
            121.609672,
            25.143377
          ],
          [
            121.609682,
            25.143348
          ],
          [
            121.609688,
            25.143327
          ],
          [
            121.609692,
            25.143298
          ],
          [
            121.609678,
            25.143235
          ],
          [
            121.609647,
            25.143155
          ],
          [
            121.609627,
            25.143113
          ],
          [
            121.609608,
            25.143063
          ],
          [
            121.609593,
            25.143025
          ],
          [
            121.609594,
            25.142981
          ],
          [
            121.609602,
            25.142942
          ],
          [
            121.609638,
            25.142901
          ],
          [
            121.60967,
            25.142874
          ],
          [
            121.609702,
            25.142852
          ],
          [
            121.609783,
            25.142832
          ],
          [
            121.609875,
            25.142837
          ],
          [
            121.61,
            25.142851
          ],
          [
            121.610135,
            25.142898
          ],
          [
            121.610197,
            25.142935
          ],
          [
            121.610257,
            25.142985
          ],
          [
            121.610319,
            25.143055
          ],
          [
            121.610361,
            25.143115
          ],
          [
            121.610403,
            25.143194
          ],
          [
            121.610421,
            25.143255
          ],
          [
            121.610439,
            25.143358
          ],
          [
            121.61043,
            25.143508
          ],
          [
            121.610428,
            25.14359
          ],
          [
            121.610375,
            25.143682
          ],
          [
            121.610273,
            25.143839
          ],
          [
            121.610145,
            25.144046
          ],
          [
            121.609976,
            25.144333
          ],
          [
            121.609914,
            25.144434
          ],
          [
            121.609814,
            25.144535
          ],
          [
            121.609645,
            25.144696
          ],
          [
            121.609431,
            25.144873
          ],
          [
            121.609377,
            25.144923
          ],
          [
            121.609351,
            25.14499
          ],
          [
            121.609339,
            25.145058
          ],
          [
            121.609339,
            25.145134
          ],
          [
            121.609344,
            25.145453
          ],
          [
            121.60935,
            25.145674
          ],
          [
            121.609298,
            25.145979
          ],
          [
            121.609277,
            25.146116
          ],
          [
            121.609232,
            25.146203
          ],
          [
            121.609149,
            25.146263
          ],
          [
            121.609126,
            25.14628
          ],
          [
            121.608923,
            25.146374
          ],
          [
            121.608864,
            25.146403
          ],
          [
            121.608811,
            25.14643
          ],
          [
            121.608708,
            25.146528
          ],
          [
            121.608778,
            25.146721
          ],
          [
            121.609024,
            25.147073
          ],
          [
            121.609081,
            25.147211
          ],
          [
            121.609067,
            25.147339
          ],
          [
            121.608969,
            25.147567
          ],
          [
            121.608936,
            25.147786
          ],
          [
            121.608949,
            25.147826
          ],
          [
            121.608962,
            25.147868
          ],
          [
            121.609031,
            25.147939
          ],
          [
            121.609232,
            25.147965
          ],
          [
            121.60942,
            25.14795
          ],
          [
            121.609637,
            25.147931
          ],
          [
            121.609775,
            25.147903
          ],
          [
            121.610014,
            25.147836
          ],
          [
            121.610066,
            25.147809
          ],
          [
            121.610132,
            25.147781
          ],
          [
            121.610214,
            25.147779
          ],
          [
            121.610261,
            25.147817
          ],
          [
            121.610274,
            25.147884
          ],
          [
            121.610273,
            25.147956
          ],
          [
            121.610298,
            25.148033
          ],
          [
            121.610346,
            25.148104
          ],
          [
            121.610366,
            25.148128
          ],
          [
            121.610379,
            25.148145
          ],
          [
            121.610442,
            25.148171
          ],
          [
            121.610511,
            25.148171
          ],
          [
            121.610646,
            25.1481
          ],
          [
            121.610717,
            25.148034
          ],
          [
            121.610798,
            25.147977
          ],
          [
            121.610873,
            25.14793
          ],
          [
            121.610948,
            25.147908
          ],
          [
            121.611032,
            25.147923
          ],
          [
            121.611137,
            25.147992
          ],
          [
            121.611182,
            25.148018
          ],
          [
            121.611278,
            25.148036
          ],
          [
            121.611392,
            25.148052
          ],
          [
            121.611455,
            25.148072
          ],
          [
            121.611496,
            25.148112
          ],
          [
            121.611514,
            25.148157
          ],
          [
            121.611507,
            25.148214
          ],
          [
            121.611492,
            25.148326
          ],
          [
            121.611481,
            25.148442
          ],
          [
            121.611509,
            25.148544
          ],
          [
            121.611548,
            25.148618
          ],
          [
            121.611581,
            25.148655
          ],
          [
            121.611638,
            25.14868
          ],
          [
            121.611716,
            25.148678
          ],
          [
            121.611798,
            25.148642
          ],
          [
            121.611914,
            25.148495
          ],
          [
            121.611974,
            25.148411
          ],
          [
            121.61205,
            25.148338
          ],
          [
            121.612125,
            25.148319
          ],
          [
            121.612242,
            25.148365
          ],
          [
            121.612365,
            25.148445
          ],
          [
            121.61243,
            25.148496
          ],
          [
            121.612553,
            25.148538
          ],
          [
            121.612655,
            25.148595
          ],
          [
            121.612726,
            25.148665
          ],
          [
            121.612756,
            25.14874
          ],
          [
            121.612732,
            25.148821
          ],
          [
            121.612722,
            25.148971
          ],
          [
            121.612727,
            25.149069
          ],
          [
            121.612771,
            25.149176
          ],
          [
            121.612836,
            25.14923
          ],
          [
            121.612919,
            25.149215
          ],
          [
            121.613116,
            25.149107
          ],
          [
            121.613276,
            25.148883
          ],
          [
            121.613337,
            25.148794
          ],
          [
            121.613386,
            25.148762
          ],
          [
            121.613469,
            25.14877
          ],
          [
            121.613538,
            25.148812
          ],
          [
            121.613577,
            25.148897
          ],
          [
            121.613605,
            25.148981
          ],
          [
            121.613723,
            25.149335
          ],
          [
            121.61374,
            25.149481
          ],
          [
            121.613778,
            25.149551
          ],
          [
            121.613817,
            25.149594
          ],
          [
            121.613884,
            25.149618
          ],
          [
            121.614028,
            25.149583
          ],
          [
            121.614129,
            25.149471
          ],
          [
            121.61418,
            25.149328
          ],
          [
            121.614279,
            25.149239
          ],
          [
            121.614406,
            25.149169
          ],
          [
            121.614611,
            25.149187
          ],
          [
            121.614748,
            25.149232
          ],
          [
            121.614907,
            25.149257
          ],
          [
            121.615047,
            25.149245
          ],
          [
            121.61517,
            25.149242
          ],
          [
            121.615264,
            25.149262
          ],
          [
            121.615315,
            25.149311
          ],
          [
            121.615311,
            25.149435
          ],
          [
            121.615211,
            25.149575
          ],
          [
            121.614797,
            25.150328
          ],
          [
            121.614747,
            25.150455
          ],
          [
            121.61475,
            25.150549
          ],
          [
            121.614785,
            25.150617
          ],
          [
            121.614878,
            25.150669
          ],
          [
            121.614971,
            25.150682
          ],
          [
            121.615063,
            25.150665
          ],
          [
            121.615137,
            25.150601
          ],
          [
            121.615229,
            25.150555
          ],
          [
            121.615344,
            25.15055
          ],
          [
            121.615544,
            25.150572
          ],
          [
            121.615716,
            25.150578
          ],
          [
            121.615821,
            25.150601
          ],
          [
            121.615915,
            25.150646
          ],
          [
            121.616015,
            25.150732
          ],
          [
            121.616081,
            25.150795
          ],
          [
            121.616147,
            25.150848
          ],
          [
            121.616235,
            25.150854
          ],
          [
            121.61635,
            25.150836
          ],
          [
            121.616434,
            25.150853
          ],
          [
            121.616509,
            25.150857
          ],
          [
            121.616599,
            25.150899
          ],
          [
            121.61661,
            25.150912
          ],
          [
            121.616748,
            25.151083
          ],
          [
            121.616899,
            25.151331
          ],
          [
            121.61697,
            25.15154
          ],
          [
            121.616986,
            25.151628
          ],
          [
            121.617085,
            25.151678
          ],
          [
            121.617216,
            25.151675
          ],
          [
            121.617347,
            25.151646
          ],
          [
            121.617561,
            25.151547
          ],
          [
            121.617861,
            25.151385
          ],
          [
            121.618068,
            25.151312
          ],
          [
            121.618223,
            25.151276
          ],
          [
            121.618342,
            25.151285
          ],
          [
            121.618472,
            25.151299
          ],
          [
            121.618605,
            25.151326
          ],
          [
            121.618707,
            25.151384
          ],
          [
            121.618768,
            25.151483
          ],
          [
            121.618844,
            25.151629
          ],
          [
            121.618869,
            25.151691
          ],
          [
            121.618933,
            25.151765
          ],
          [
            121.619055,
            25.151855
          ],
          [
            121.619174,
            25.151956
          ],
          [
            121.619262,
            25.152069
          ],
          [
            121.619314,
            25.152193
          ],
          [
            121.61931,
            25.152353
          ],
          [
            121.619323,
            25.152464
          ],
          [
            121.619356,
            25.152559
          ],
          [
            121.619401,
            25.152608
          ],
          [
            121.61947,
            25.152616
          ],
          [
            121.61954,
            25.152554
          ],
          [
            121.619621,
            25.152456
          ],
          [
            121.619691,
            25.152356
          ],
          [
            121.619808,
            25.152255
          ],
          [
            121.620001,
            25.152155
          ],
          [
            121.620173,
            25.152067
          ],
          [
            121.620313,
            25.15202
          ],
          [
            121.620392,
            25.152083
          ],
          [
            121.62046,
            25.152154
          ],
          [
            121.620491,
            25.152217
          ],
          [
            121.620559,
            25.152298
          ],
          [
            121.620634,
            25.152314
          ],
          [
            121.620717,
            25.152291
          ],
          [
            121.620796,
            25.152257
          ],
          [
            121.620942,
            25.15218
          ],
          [
            121.621059,
            25.152171
          ],
          [
            121.621273,
            25.152236
          ],
          [
            121.621434,
            25.152314
          ],
          [
            121.621575,
            25.152341
          ],
          [
            121.62165,
            25.152394
          ],
          [
            121.621732,
            25.152497
          ],
          [
            121.621718,
            25.152599
          ],
          [
            121.621637,
            25.153008
          ],
          [
            121.62159,
            25.153227
          ],
          [
            121.621557,
            25.153293
          ],
          [
            121.621481,
            25.153421
          ],
          [
            121.621433,
            25.153486
          ],
          [
            121.621381,
            25.153592
          ],
          [
            121.621373,
            25.153712
          ],
          [
            121.621362,
            25.153779
          ],
          [
            121.62135,
            25.153831
          ],
          [
            121.621344,
            25.153891
          ],
          [
            121.621339,
            25.153975
          ],
          [
            121.621366,
            25.154021
          ],
          [
            121.621385,
            25.154041
          ],
          [
            121.621462,
            25.154051
          ],
          [
            121.621598,
            25.154069
          ],
          [
            121.621693,
            25.15408
          ],
          [
            121.621778,
            25.15409
          ],
          [
            121.621924,
            25.154102
          ],
          [
            121.62206,
            25.15412
          ],
          [
            121.622138,
            25.15414
          ],
          [
            121.622201,
            25.154203
          ],
          [
            121.622278,
            25.154329
          ],
          [
            121.622389,
            25.154519
          ],
          [
            121.622543,
            25.154781
          ],
          [
            121.62262,
            25.154885
          ],
          [
            121.622751,
            25.154997
          ],
          [
            121.622838,
            25.15508
          ],
          [
            121.622909,
            25.1552
          ],
          [
            121.622942,
            25.155297
          ],
          [
            121.622933,
            25.155419
          ],
          [
            121.622917,
            25.155466
          ],
          [
            121.622925,
            25.155531
          ],
          [
            121.622951,
            25.155611
          ],
          [
            121.623003,
            25.155784
          ],
          [
            121.623112,
            25.155899
          ],
          [
            121.623189,
            25.155997
          ],
          [
            121.623226,
            25.156041
          ],
          [
            121.623253,
            25.156065
          ],
          [
            121.623301,
            25.15608
          ],
          [
            121.623371,
            25.156096
          ],
          [
            121.623485,
            25.156102
          ],
          [
            121.623621,
            25.156099
          ],
          [
            121.623627,
            25.1561
          ],
          [
            121.623743,
            25.156111
          ],
          [
            121.623825,
            25.156138
          ],
          [
            121.6239,
            25.156187
          ],
          [
            121.62396,
            25.156205
          ],
          [
            121.624032,
            25.156217
          ],
          [
            121.624124,
            25.156198
          ],
          [
            121.624188,
            25.156161
          ],
          [
            121.624291,
            25.156055
          ],
          [
            121.624388,
            25.155969
          ],
          [
            121.624521,
            25.155897
          ],
          [
            121.624657,
            25.155855
          ],
          [
            121.624727,
            25.155845
          ],
          [
            121.624819,
            25.155861
          ],
          [
            121.624926,
            25.155904
          ],
          [
            121.625004,
            25.155945
          ],
          [
            121.625081,
            25.156008
          ],
          [
            121.625195,
            25.156086
          ],
          [
            121.625284,
            25.156156
          ],
          [
            121.625463,
            25.156262
          ],
          [
            121.625685,
            25.156346
          ],
          [
            121.625871,
            25.156353
          ],
          [
            121.626012,
            25.156345
          ],
          [
            121.626072,
            25.156355
          ],
          [
            121.626124,
            25.156381
          ],
          [
            121.62615,
            25.156424
          ],
          [
            121.626122,
            25.156483
          ],
          [
            121.626036,
            25.156533
          ],
          [
            121.62593,
            25.156573
          ],
          [
            121.625707,
            25.156647
          ],
          [
            121.625488,
            25.156769
          ],
          [
            121.625342,
            25.156894
          ],
          [
            121.625251,
            25.156996
          ],
          [
            121.625222,
            25.157078
          ],
          [
            121.625227,
            25.157148
          ],
          [
            121.625268,
            25.157262
          ],
          [
            121.625343,
            25.157339
          ],
          [
            121.625434,
            25.157377
          ],
          [
            121.625522,
            25.157402
          ],
          [
            121.625582,
            25.15743
          ],
          [
            121.625641,
            25.157499
          ],
          [
            121.625625,
            25.157555
          ],
          [
            121.625525,
            25.157692
          ],
          [
            121.625412,
            25.157843
          ],
          [
            121.625206,
            25.158024
          ],
          [
            121.624933,
            25.158261
          ],
          [
            121.624723,
            25.158506
          ],
          [
            121.6247,
            25.158607
          ],
          [
            121.624149,
            25.158837
          ],
          [
            121.624128,
            25.158846
          ],
          [
            121.623528,
            25.159089
          ],
          [
            121.62336,
            25.159172
          ],
          [
            121.623334,
            25.159207
          ],
          [
            121.623305,
            25.159259
          ],
          [
            121.623287,
            25.159386
          ],
          [
            121.623319,
            25.159456
          ],
          [
            121.623341,
            25.159479
          ],
          [
            121.623437,
            25.159542
          ],
          [
            121.623623,
            25.159655
          ],
          [
            121.62383,
            25.159779
          ],
          [
            121.624057,
            25.159892
          ],
          [
            121.624132,
            25.159913
          ],
          [
            121.624288,
            25.159957
          ],
          [
            121.624457,
            25.16001
          ],
          [
            121.624525,
            25.160033
          ],
          [
            121.624808,
            25.160083
          ],
          [
            121.624956,
            25.160093
          ],
          [
            121.625086,
            25.160011
          ],
          [
            121.625224,
            25.15993
          ],
          [
            121.625527,
            25.159888
          ],
          [
            121.625944,
            25.159961
          ],
          [
            121.62642,
            25.160043
          ],
          [
            121.626812,
            25.160053
          ],
          [
            121.627175,
            25.160062
          ],
          [
            121.627447,
            25.159999
          ],
          [
            121.627615,
            25.160005
          ],
          [
            121.627791,
            25.160047
          ],
          [
            121.627855,
            25.160104
          ],
          [
            121.627869,
            25.160216
          ],
          [
            121.627939,
            25.16035
          ],
          [
            121.628021,
            25.160421
          ],
          [
            121.628145,
            25.160491
          ],
          [
            121.62834,
            25.160529
          ],
          [
            121.628546,
            25.160521
          ],
          [
            121.628701,
            25.160513
          ],
          [
            121.628845,
            25.160518
          ],
          [
            121.628978,
            25.160551
          ],
          [
            121.62922,
            25.160695
          ],
          [
            121.629285,
            25.160725
          ],
          [
            121.62953,
            25.160778
          ],
          [
            121.629734,
            25.160779
          ],
          [
            121.629883,
            25.160781
          ],
          [
            121.630153,
            25.160764
          ],
          [
            121.630545,
            25.160785
          ],
          [
            121.630776,
            25.160774
          ],
          [
            121.631067,
            25.160781
          ],
          [
            121.631493,
            25.160708
          ],
          [
            121.631624,
            25.1607
          ],
          [
            121.631818,
            25.160721
          ],
          [
            121.631943,
            25.160698
          ],
          [
            121.632143,
            25.160567
          ],
          [
            121.632272,
            25.160452
          ],
          [
            121.632399,
            25.160412
          ],
          [
            121.632498,
            25.160428
          ],
          [
            121.632601,
            25.160463
          ],
          [
            121.632719,
            25.160481
          ],
          [
            121.632815,
            25.160477
          ],
          [
            121.633166,
            25.16035
          ],
          [
            121.633601,
            25.160216
          ],
          [
            121.633832,
            25.160098
          ],
          [
            121.633983,
            25.15994
          ],
          [
            121.634098,
            25.159909
          ],
          [
            121.634217,
            25.159933
          ],
          [
            121.634393,
            25.160008
          ],
          [
            121.634517,
            25.160049
          ],
          [
            121.634787,
            25.160079
          ],
          [
            121.635065,
            25.160047
          ],
          [
            121.635203,
            25.160042
          ],
          [
            121.635305,
            25.159998
          ],
          [
            121.635414,
            25.159897
          ],
          [
            121.635684,
            25.159596
          ],
          [
            121.635798,
            25.159486
          ],
          [
            121.635967,
            25.159464
          ],
          [
            121.636029,
            25.159532
          ],
          [
            121.636038,
            25.159606
          ],
          [
            121.63599,
            25.159708
          ],
          [
            121.635851,
            25.159872
          ],
          [
            121.635621,
            25.159991
          ],
          [
            121.635518,
            25.160063
          ],
          [
            121.63552,
            25.160168
          ],
          [
            121.63559,
            25.160235
          ],
          [
            121.635684,
            25.160219
          ],
          [
            121.635894,
            25.16004
          ],
          [
            121.636227,
            25.159799
          ],
          [
            121.636707,
            25.159691
          ],
          [
            121.636954,
            25.159697
          ],
          [
            121.637092,
            25.159619
          ],
          [
            121.637222,
            25.159359
          ],
          [
            121.637344,
            25.159276
          ],
          [
            121.637419,
            25.159259
          ],
          [
            121.637513,
            25.159288
          ],
          [
            121.637541,
            25.159319
          ],
          [
            121.637518,
            25.159391
          ],
          [
            121.637337,
            25.159516
          ],
          [
            121.637265,
            25.159576
          ],
          [
            121.63718,
            25.159796
          ],
          [
            121.637155,
            25.159868
          ],
          [
            121.637108,
            25.159915
          ],
          [
            121.63679,
            25.159986
          ],
          [
            121.636659,
            25.160056
          ],
          [
            121.636433,
            25.160366
          ],
          [
            121.636312,
            25.160592
          ],
          [
            121.636041,
            25.160779
          ],
          [
            121.636061,
            25.160971
          ],
          [
            121.636268,
            25.160937
          ],
          [
            121.636673,
            25.160776
          ],
          [
            121.636869,
            25.160717
          ],
          [
            121.637037,
            25.160738
          ],
          [
            121.637195,
            25.160867
          ],
          [
            121.637307,
            25.160982
          ],
          [
            121.637501,
            25.161168
          ],
          [
            121.637622,
            25.161201
          ],
          [
            121.637949,
            25.161095
          ],
          [
            121.638265,
            25.160906
          ],
          [
            121.638462,
            25.16073
          ],
          [
            121.638662,
            25.160602
          ],
          [
            121.638768,
            25.160581
          ],
          [
            121.639129,
            25.160517
          ],
          [
            121.639377,
            25.160393
          ],
          [
            121.639668,
            25.160312
          ],
          [
            121.639971,
            25.160183
          ],
          [
            121.640291,
            25.159906
          ],
          [
            121.640612,
            25.159707
          ],
          [
            121.641166,
            25.159549
          ],
          [
            121.641353,
            25.159469
          ],
          [
            121.641592,
            25.15946
          ],
          [
            121.64216,
            25.159532
          ],
          [
            121.642718,
            25.159598
          ],
          [
            121.642896,
            25.159588
          ],
          [
            121.643044,
            25.159526
          ],
          [
            121.643124,
            25.159402
          ],
          [
            121.64326,
            25.159307
          ],
          [
            121.643361,
            25.159277
          ],
          [
            121.643441,
            25.15928
          ],
          [
            121.643532,
            25.159321
          ],
          [
            121.643817,
            25.159455
          ],
          [
            121.643958,
            25.159455
          ],
          [
            121.644033,
            25.159438
          ],
          [
            121.644365,
            25.159246
          ],
          [
            121.64452,
            25.159153
          ],
          [
            121.644604,
            25.159065
          ],
          [
            121.644964,
            25.158685
          ],
          [
            121.645115,
            25.158396
          ],
          [
            121.645215,
            25.158302
          ],
          [
            121.645366,
            25.158266
          ],
          [
            121.645464,
            25.15829
          ],
          [
            121.645596,
            25.158388
          ],
          [
            121.645907,
            25.158667
          ],
          [
            121.646112,
            25.15889
          ],
          [
            121.646219,
            25.158949
          ],
          [
            121.646482,
            25.159085
          ],
          [
            121.646643,
            25.159267
          ],
          [
            121.646748,
            25.159432
          ],
          [
            121.646842,
            25.159594
          ],
          [
            121.646918,
            25.15964
          ],
          [
            121.647011,
            25.159636
          ],
          [
            121.647048,
            25.15956
          ],
          [
            121.647021,
            25.159432
          ],
          [
            121.646932,
            25.159339
          ],
          [
            121.646857,
            25.159237
          ],
          [
            121.646787,
            25.159169
          ],
          [
            121.646666,
            25.159042
          ],
          [
            121.646661,
            25.158992
          ],
          [
            121.646685,
            25.158954
          ],
          [
            121.646743,
            25.158926
          ],
          [
            121.646802,
            25.158928
          ],
          [
            121.647105,
            25.159172
          ],
          [
            121.647358,
            25.159381
          ],
          [
            121.647467,
            25.159483
          ],
          [
            121.647585,
            25.159553
          ],
          [
            121.647648,
            25.159574
          ],
          [
            121.647769,
            25.159573
          ],
          [
            121.647869,
            25.15956
          ],
          [
            121.647979,
            25.159563
          ],
          [
            121.648173,
            25.159626
          ],
          [
            121.648365,
            25.15968
          ],
          [
            121.64863,
            25.159709
          ],
          [
            121.648511,
            25.159747
          ],
          [
            121.648476,
            25.159937
          ],
          [
            121.648428,
            25.160102
          ],
          [
            121.64821,
            25.160146
          ],
          [
            121.648159,
            25.160216
          ],
          [
            121.648259,
            25.160511
          ],
          [
            121.648206,
            25.160669
          ],
          [
            121.648141,
            25.160828
          ],
          [
            121.648017,
            25.161166
          ],
          [
            121.647931,
            25.161244
          ],
          [
            121.647695,
            25.161342
          ],
          [
            121.64743,
            25.161529
          ],
          [
            121.647199,
            25.161755
          ],
          [
            121.647198,
            25.161792
          ],
          [
            121.647199,
            25.161755
          ],
          [
            121.64743,
            25.161529
          ],
          [
            121.647695,
            25.161342
          ],
          [
            121.647931,
            25.161244
          ],
          [
            121.648017,
            25.161166
          ],
          [
            121.648141,
            25.160828
          ],
          [
            121.648206,
            25.160669
          ],
          [
            121.648259,
            25.160511
          ],
          [
            121.648159,
            25.160216
          ],
          [
            121.64821,
            25.160146
          ],
          [
            121.648428,
            25.160102
          ],
          [
            121.648476,
            25.159937
          ],
          [
            121.648511,
            25.159747
          ],
          [
            121.64863,
            25.159709
          ],
          [
            121.648771,
            25.159794
          ],
          [
            121.648878,
            25.159971
          ],
          [
            121.649009,
            25.160027
          ],
          [
            121.649235,
            25.160211
          ],
          [
            121.649488,
            25.160277
          ],
          [
            121.649235,
            25.160211
          ],
          [
            121.649009,
            25.160027
          ],
          [
            121.648878,
            25.159971
          ],
          [
            121.648771,
            25.159794
          ],
          [
            121.649047,
            25.15992
          ],
          [
            121.649445,
            25.160018
          ],
          [
            121.649724,
            25.160042
          ],
          [
            121.649905,
            25.160058
          ],
          [
            121.650411,
            25.160164
          ],
          [
            121.651127,
            25.160376
          ],
          [
            121.651474,
            25.16049
          ],
          [
            121.651875,
            25.160622
          ],
          [
            121.652411,
            25.160886
          ],
          [
            121.65255,
            25.161012
          ],
          [
            121.652692,
            25.161267
          ],
          [
            121.652797,
            25.16142
          ],
          [
            121.652861,
            25.161539
          ],
          [
            121.652909,
            25.161699
          ],
          [
            121.653027,
            25.162335
          ],
          [
            121.653158,
            25.162767
          ],
          [
            121.653415,
            25.16321
          ],
          [
            121.653582,
            25.163531
          ],
          [
            121.653671,
            25.16378
          ],
          [
            121.654037,
            25.164433
          ],
          [
            121.654233,
            25.164673
          ],
          [
            121.654249,
            25.164693
          ],
          [
            121.654321,
            25.164765
          ],
          [
            121.654455,
            25.164856
          ],
          [
            121.654653,
            25.164927
          ],
          [
            121.654786,
            25.165006
          ],
          [
            121.654911,
            25.165109
          ],
          [
            121.655249,
            25.165548
          ],
          [
            121.65543,
            25.165717
          ],
          [
            121.655647,
            25.165904
          ],
          [
            121.655777,
            25.166031
          ],
          [
            121.65587,
            25.166164
          ],
          [
            121.656374,
            25.166978
          ],
          [
            121.656552,
            25.167189
          ],
          [
            121.656721,
            25.167343
          ],
          [
            121.656895,
            25.167409
          ],
          [
            121.655987,
            25.167553
          ],
          [
            121.656895,
            25.167409
          ],
          [
            121.657101,
            25.167374
          ],
          [
            121.657287,
            25.167301
          ],
          [
            121.657452,
            25.167156
          ],
          [
            121.658017,
            25.166134
          ],
          [
            121.658407,
            25.165389
          ],
          [
            121.658864,
            25.164484
          ],
          [
            121.659371,
            25.164467
          ],
          [
            121.659446,
            25.164476
          ],
          [
            121.659537,
            25.164514
          ],
          [
            121.659695,
            25.164652
          ],
          [
            121.6599,
            25.164898
          ],
          [
            121.660041,
            25.165133
          ],
          [
            121.660091,
            25.165236
          ],
          [
            121.660362,
            25.16539
          ],
          [
            121.660507,
            25.165481
          ],
          [
            121.660576,
            25.165637
          ],
          [
            121.660651,
            25.165743
          ],
          [
            121.661009,
            25.165782
          ],
          [
            121.661309,
            25.165783
          ],
          [
            121.661686,
            25.165682
          ],
          [
            121.661994,
            25.165589
          ],
          [
            121.662356,
            25.16542
          ],
          [
            121.662514,
            25.165422
          ],
          [
            121.662797,
            25.16541
          ],
          [
            121.66302,
            25.165388
          ],
          [
            121.663183,
            25.165468
          ],
          [
            121.663554,
            25.165538
          ],
          [
            121.663583,
            25.165602
          ],
          [
            121.66381,
            25.165463
          ],
          [
            121.664197,
            25.165071
          ],
          [
            121.664423,
            25.164824
          ],
          [
            121.66483,
            25.164739
          ],
          [
            121.665096,
            25.164719
          ],
          [
            121.66483,
            25.164739
          ],
          [
            121.664423,
            25.164824
          ],
          [
            121.664197,
            25.165071
          ],
          [
            121.66381,
            25.165463
          ],
          [
            121.663583,
            25.165602
          ],
          [
            121.663554,
            25.165538
          ],
          [
            121.663183,
            25.165468
          ],
          [
            121.66302,
            25.165388
          ],
          [
            121.66288,
            25.165402
          ],
          [
            121.66302,
            25.165388
          ],
          [
            121.663183,
            25.165468
          ],
          [
            121.663554,
            25.165538
          ],
          [
            121.663583,
            25.165602
          ],
          [
            121.66381,
            25.165463
          ],
          [
            121.664197,
            25.165071
          ],
          [
            121.664423,
            25.164824
          ],
          [
            121.66483,
            25.164739
          ],
          [
            121.66523,
            25.164709
          ],
          [
            121.665622,
            25.164517
          ],
          [
            121.665823,
            25.164417
          ],
          [
            121.666118,
            25.164291
          ],
          [
            121.66627,
            25.164292
          ],
          [
            121.66639,
            25.164317
          ],
          [
            121.666517,
            25.164445
          ],
          [
            121.666624,
            25.164594
          ],
          [
            121.666957,
            25.164793
          ],
          [
            121.667324,
            25.164955
          ],
          [
            121.667728,
            25.165096
          ],
          [
            121.667929,
            25.165121
          ],
          [
            121.668381,
            25.165292
          ],
          [
            121.668459,
            25.165311
          ],
          [
            121.669276,
            25.165505
          ]
        ]
      },
      "properties": {
        "routeId": "new-taipei-207002",
        "city": "new-taipei",
        "source_file": "new-taipei/new-taipei-207002.geojson",
        "distance_km": 31.979,
        "duration_min": 42.10511666666666,
        "valhalla_config": "valhalla.json"
      }
    }
  ]
}