{
  "type": "FeatureCollection",
  "features": [
    {
      "type": "Feature",
      "geometry": {
        "type": "LineString",
        "coordinates": [
          [
            121.866358,
            25.038938
          ],
          [
            121.866033,
            25.039079
          ],
          [
            121.865967,
            25.039104
          ],
          [
            121.865642,
            25.039225
          ],
          [
            121.865201,
            25.039396
          ],
          [
            121.86513,
            25.039224
          ],
          [
            121.864785,
            25.038595
          ],
          [
            121.864526,
            25.038033
          ],
          [
            121.864405,
            25.037749
          ],
          [
            121.864405,
            25.037622
          ],
          [
            121.864432,
            25.037506
          ],
          [
            121.864579,
            25.037319
          ],
          [
            121.864607,
            25.037295
          ],
          [
            121.864747,
            25.037176
          ],
          [
            121.864876,
            25.037067
          ],
          [
            121.865057,
            25.036877
          ],
          [
            121.865268,
            25.036642
          ],
          [
            121.865486,
            25.036194
          ],
          [
            121.865307,
            25.036032
          ],
          [
            121.865111,
            25.035868
          ],
          [
            121.864847,
            25.035613
          ],
          [
            121.864754,
            25.035526
          ],
          [
            121.864514,
            25.035304
          ],
          [
            121.864402,
            25.035231
          ],
          [
            121.864681,
            25.035028
          ],
          [
            121.864815,
            25.034919
          ],
          [
            121.864926,
            25.034787
          ],
          [
            121.865108,
            25.034578
          ],
          [
            121.865307,
            25.03437
          ],
          [
            121.865525,
            25.034165
          ],
          [
            121.86582,
            25.033875
          ],
          [
            121.866099,
            25.033665
          ],
          [
            121.866139,
            25.033642
          ],
          [
            121.866529,
            25.033412
          ],
          [
            121.867246,
            25.032946
          ],
          [
            121.867499,
            25.03282
          ],
          [
            121.867555,
            25.032792
          ],
          [
            121.867969,
            25.032638
          ],
          [
            121.868081,
            25.032613
          ],
          [
            121.867969,
            25.032638
          ],
          [
            121.867555,
            25.032792
          ],
          [
            121.867499,
            25.03282
          ],
          [
            121.867246,
            25.032946
          ],
          [
            121.866529,
            25.033412
          ],
          [
            121.866139,
            25.033642
          ],
          [
            121.866099,
            25.033665
          ],
          [
            121.86582,
            25.033875
          ],
          [
            121.865525,
            25.034165
          ],
          [
            121.865307,
            25.03437
          ],
          [
            121.865108,
            25.034578
          ],
          [
            121.864926,
            25.034787
          ],
          [
            121.864815,
            25.034919
          ],
          [
            121.864681,
            25.035028
          ],
          [
            121.864402,
            25.035231
          ],
          [
            121.864338,
            25.035198
          ],
          [
            121.864046,
            25.035097
          ],
          [
            121.863962,
            25.035069
          ],
          [
            121.863906,
            25.03505
          ],
          [
            121.86347,
            25.034892
          ],
          [
            121.863365,
            25.034879
          ],
          [
            121.863048,
            25.03478
          ],
          [
            121.862987,
            25.034779
          ],
          [
            121.862922,
            25.034836
          ],
          [
            121.862297,
            25.035498
          ],
          [
            121.861916,
            25.035934
          ],
          [
            121.861847,
            25.035978
          ],
          [
            121.861801,
            25.035996
          ],
          [
            121.861735,
            25.036002
          ],
          [
            121.861644,
            25.03599
          ],
          [
            121.861232,
            25.035939
          ],
          [
            121.861147,
            25.036205
          ],
          [
            121.86106,
            25.036327
          ],
          [
            121.860684,
            25.036788
          ],
          [
            121.860391,
            25.037139
          ],
          [
            121.860109,
            25.037441
          ],
          [
            121.859903,
            25.037653
          ],
          [
            121.859772,
            25.037827
          ],
          [
            121.859728,
            25.037929
          ],
          [
            121.859646,
            25.038171
          ],
          [
            121.859444,
            25.038125
          ],
          [
            121.859205,
            25.038054
          ],
          [
            121.859014,
            25.037999
          ],
          [
            121.858861,
            25.037962
          ],
          [
            121.858251,
            25.037789
          ],
          [
            121.857519,
            25.037578
          ],
          [
            121.857016,
            25.037436
          ],
          [
            121.85625,
            25.037221
          ],
          [
            121.855894,
            25.03712
          ],
          [
            121.855406,
            25.036982
          ],
          [
            121.854413,
            25.036703
          ],
          [
            121.853717,
            25.036512
          ],
          [
            121.85342,
            25.036437
          ],
          [
            121.853331,
            25.036415
          ],
          [
            121.853045,
            25.036343
          ],
          [
            121.85301,
            25.036334
          ],
          [
            121.852506,
            25.036194
          ],
          [
            121.852299,
            25.036122
          ],
          [
            121.852118,
            25.036052
          ],
          [
            121.851889,
            25.035953
          ],
          [
            121.851783,
            25.035933
          ],
          [
            121.85175,
            25.035925
          ],
          [
            121.851667,
            25.035905
          ],
          [
            121.851661,
            25.035903
          ],
          [
            121.851286,
            25.035778
          ],
          [
            121.851016,
            25.035687
          ],
          [
            121.850598,
            25.035526
          ],
          [
            121.850136,
            25.035348
          ],
          [
            121.849722,
            25.035225
          ],
          [
            121.849501,
            25.035184
          ],
          [
            121.849325,
            25.035167
          ],
          [
            121.849263,
            25.035161
          ],
          [
            121.849094,
            25.035154
          ],
          [
            121.849005,
            25.035151
          ],
          [
            121.848959,
            25.035149
          ],
          [
            121.848681,
            25.035143
          ],
          [
            121.848537,
            25.03514
          ],
          [
            121.848152,
            25.035128
          ],
          [
            121.847715,
            25.035088
          ],
          [
            121.846851,
            25.034922
          ],
          [
            121.846462,
            25.03486
          ],
          [
            121.846085,
            25.034827
          ],
          [
            121.845831,
            25.034823
          ],
          [
            121.845498,
            25.034833
          ],
          [
            121.844903,
            25.034872
          ],
          [
            121.844431,
            25.034916
          ],
          [
            121.843933,
            25.034953
          ],
          [
            121.843768,
            25.034962
          ],
          [
            121.843678,
            25.034967
          ],
          [
            121.843668,
            25.034968
          ],
          [
            121.84342,
            25.034979
          ],
          [
            121.843128,
            25.034985
          ],
          [
            121.842748,
            25.034967
          ],
          [
            121.842452,
            25.034923
          ],
          [
            121.842286,
            25.03489
          ],
          [
            121.842221,
            25.034872
          ],
          [
            121.84214,
            25.034851
          ],
          [
            121.841953,
            25.034796
          ],
          [
            121.841482,
            25.034626
          ],
          [
            121.840796,
            25.034335
          ],
          [
            121.840121,
            25.034042
          ],
          [
            121.839616,
            25.033828
          ],
          [
            121.83925,
            25.033662
          ],
          [
            121.83918,
            25.033627
          ],
          [
            121.839015,
            25.033542
          ],
          [
            121.838836,
            25.033433
          ],
          [
            121.838621,
            25.033287
          ],
          [
            121.838398,
            25.033107
          ],
          [
            121.838192,
            25.032918
          ],
          [
            121.838036,
            25.03277
          ],
          [
            121.83788,
            25.032608
          ],
          [
            121.837803,
            25.03253
          ],
          [
            121.836964,
            25.031655
          ],
          [
            121.836616,
            25.031279
          ],
          [
            121.83641,
            25.0311
          ],
          [
            121.836204,
            25.030951
          ],
          [
            121.835958,
            25.030813
          ],
          [
            121.835728,
            25.030722
          ],
          [
            121.835588,
            25.030682
          ],
          [
            121.835419,
            25.030639
          ],
          [
            121.835151,
            25.030589
          ],
          [
            121.83484,
            25.03053
          ],
          [
            121.834472,
            25.030464
          ],
          [
            121.834122,
            25.030374
          ],
          [
            121.833974,
            25.030324
          ],
          [
            121.83319,
            25.029999
          ],
          [
            121.832324,
            25.029629
          ],
          [
            121.832027,
            25.029501
          ],
          [
            121.831419,
            25.02924
          ],
          [
            121.831137,
            25.029118
          ],
          [
            121.829386,
            25.028338
          ],
          [
            121.827521,
            25.02753
          ],
          [
            121.827407,
            25.02748
          ],
          [
            121.82647,
            25.027067
          ],
          [
            121.826034,
            25.026888
          ],
          [
            121.824705,
            25.026307
          ],
          [
            121.824023,
            25.026012
          ],
          [
            121.822349,
            25.025287
          ],
          [
            121.822026,
            25.02514
          ],
          [
            121.822048,
            25.025092
          ],
          [
            121.822187,
            25.024824
          ],
          [
            121.822173,
            25.024758
          ],
          [
            121.822128,
            25.024705
          ],
          [
            121.821965,
            25.024512
          ],
          [
            121.821938,
            25.02447
          ],
          [
            121.821926,
            25.024393
          ],
          [
            121.821897,
            25.024347
          ],
          [
            121.821816,
            25.024316
          ],
          [
            121.821684,
            25.024275
          ],
          [
            121.821601,
            25.024222
          ],
          [
            121.821574,
            25.024172
          ],
          [
            121.821537,
            25.02408
          ],
          [
            121.821451,
            25.023976
          ],
          [
            121.821429,
            25.023915
          ],
          [
            121.82143,
            25.023851
          ],
          [
            121.821468,
            25.023796
          ],
          [
            121.821571,
            25.023688
          ],
          [
            121.821778,
            25.023452
          ],
          [
            121.821813,
            25.023336
          ],
          [
            121.821868,
            25.023111
          ],
          [
            121.822004,
            25.022768
          ],
          [
            121.822114,
            25.022508
          ],
          [
            121.822294,
            25.022244
          ],
          [
            121.822321,
            25.022205
          ],
          [
            121.822438,
            25.022035
          ],
          [
            121.822641,
            25.021806
          ],
          [
            121.822775,
            25.021647
          ],
          [
            121.822952,
            25.021418
          ],
          [
            121.823127,
            25.021118
          ],
          [
            121.823302,
            25.020872
          ],
          [
            121.823464,
            25.020688
          ],
          [
            121.823738,
            25.020523
          ],
          [
            121.823898,
            25.020433
          ],
          [
            121.823946,
            25.020376
          ],
          [
            121.824004,
            25.02028
          ],
          [
            121.824055,
            25.020253
          ],
          [
            121.824091,
            25.020239
          ],
          [
            121.82422,
            25.020219
          ],
          [
            121.824299,
            25.020231
          ],
          [
            121.824377,
            25.020258
          ],
          [
            121.824471,
            25.020296
          ],
          [
            121.824752,
            25.020503
          ],
          [
            121.824871,
            25.020636
          ],
          [
            121.824902,
            25.020664
          ],
          [
            121.82497,
            25.020697
          ],
          [
            121.825065,
            25.020706
          ],
          [
            121.825115,
            25.020705
          ],
          [
            121.825164,
            25.020702
          ],
          [
            121.825195,
            25.02068
          ],
          [
            121.825361,
            25.020449
          ],
          [
            121.825382,
            25.020373
          ],
          [
            121.825414,
            25.02015
          ],
          [
            121.8254,
            25.020114
          ],
          [
            121.825273,
            25.019985
          ],
          [
            121.825231,
            25.019897
          ],
          [
            121.825212,
            25.019838
          ],
          [
            121.825225,
            25.019664
          ],
          [
            121.825221,
            25.019618
          ],
          [
            121.825198,
            25.019577
          ],
          [
            121.825097,
            25.019461
          ],
          [
            121.825048,
            25.0194
          ],
          [
            121.82498,
            25.019327
          ],
          [
            121.824954,
            25.019054
          ],
          [
            121.824925,
            25.019011
          ],
          [
            121.824858,
            25.018951
          ],
          [
            121.824677,
            25.018865
          ],
          [
            121.824555,
            25.018813
          ],
          [
            121.824471,
            25.018737
          ],
          [
            121.824449,
            25.018651
          ],
          [
            121.824493,
            25.01858
          ],
          [
            121.824605,
            25.018531
          ],
          [
            121.824669,
            25.018518
          ],
          [
            121.824726,
            25.018493
          ],
          [
            121.824777,
            25.018461
          ],
          [
            121.824807,
            25.018398
          ],
          [
            121.824833,
            25.018311
          ],
          [
            121.824887,
            25.018193
          ],
          [
            121.824936,
            25.018125
          ],
          [
            121.825007,
            25.018085
          ],
          [
            121.825246,
            25.017916
          ],
          [
            121.8253,
            25.017885
          ],
          [
            121.825488,
            25.017797
          ],
          [
            121.825597,
            25.017719
          ],
          [
            121.825717,
            25.017581
          ],
          [
            121.825983,
            25.017217
          ],
          [
            121.825991,
            25.017162
          ],
          [
            121.825996,
            25.017121
          ],
          [
            121.82593,
            25.017039
          ],
          [
            121.825922,
            25.01696
          ],
          [
            121.825924,
            25.01692
          ],
          [
            121.825989,
            25.016843
          ],
          [
            121.825999,
            25.016763
          ],
          [
            121.826,
            25.016663
          ],
          [
            121.82602,
            25.01655
          ],
          [
            121.826047,
            25.016478
          ],
          [
            121.826044,
            25.016181
          ],
          [
            121.826101,
            25.016096
          ],
          [
            121.826136,
            25.016045
          ],
          [
            121.826176,
            25.015932
          ],
          [
            121.826186,
            25.015759
          ],
          [
            121.826213,
            25.015641
          ],
          [
            121.826391,
            25.015534
          ],
          [
            121.826548,
            25.01532
          ],
          [
            121.826672,
            25.015039
          ],
          [
            121.826667,
            25.014872
          ],
          [
            121.826602,
            25.014716
          ],
          [
            121.826588,
            25.014628
          ],
          [
            121.826602,
            25.014716
          ],
          [
            121.826574,
            25.014542
          ],
          [
            121.826371,
            25.014423
          ],
          [
            121.826232,
            25.01435
          ],
          [
            121.82615,
            25.014249
          ],
          [
            121.826103,
            25.014041
          ],
          [
            121.82603,
            25.013916
          ],
          [
            121.826022,
            25.013871
          ],
          [
            121.825989,
            25.013667
          ],
          [
            121.826023,
            25.013545
          ],
          [
            121.826085,
            25.013351
          ],
          [
            121.82607,
            25.013301
          ],
          [
            121.826041,
            25.013263
          ],
          [
            121.825909,
            25.013206
          ],
          [
            121.825805,
            25.013092
          ],
          [
            121.825802,
            25.01298
          ],
          [
            121.825829,
            25.012823
          ],
          [
            121.825835,
            25.012789
          ],
          [
            121.825735,
            25.012526
          ],
          [
            121.825686,
            25.012437
          ],
          [
            121.825632,
            25.012392
          ],
          [
            121.82561,
            25.012311
          ],
          [
            121.82564,
            25.012159
          ],
          [
            121.825793,
            25.011889
          ],
          [
            121.825902,
            25.011639
          ],
          [
            121.826186,
            25.011467
          ],
          [
            121.82631,
            25.011298
          ],
          [
            121.826486,
            25.011167
          ],
          [
            121.826528,
            25.011135
          ],
          [
            121.826591,
            25.011101
          ],
          [
            121.826675,
            25.011027
          ],
          [
            121.826719,
            25.010909
          ],
          [
            121.826736,
            25.010834
          ],
          [
            121.826721,
            25.010737
          ],
          [
            121.826725,
            25.01062
          ],
          [
            121.826792,
            25.010511
          ],
          [
            121.826982,
            25.010464
          ],
          [
            121.827071,
            25.010367
          ],
          [
            121.827139,
            25.010256
          ],
          [
            121.827156,
            25.010073
          ],
          [
            121.827192,
            25.009842
          ],
          [
            121.827234,
            25.009692
          ],
          [
            121.827331,
            25.00947
          ],
          [
            121.827406,
            25.009357
          ],
          [
            121.827414,
            25.009006
          ],
          [
            121.827408,
            25.008781
          ],
          [
            121.827459,
            25.008642
          ],
          [
            121.827669,
            25.008411
          ],
          [
            121.827677,
            25.008397
          ],
          [
            121.827755,
            25.008254
          ],
          [
            121.827815,
            25.008075
          ],
          [
            121.82796,
            25.007938
          ],
          [
            121.828029,
            25.007841
          ],
          [
            121.82805,
            25.007812
          ],
          [
            121.828056,
            25.007695
          ],
          [
            121.82791,
            25.007372
          ],
          [
            121.827788,
            25.007224
          ],
          [
            121.827404,
            25.006913
          ],
          [
            121.82734,
            25.00679
          ],
          [
            121.827335,
            25.006401
          ],
          [
            121.827345,
            25.00627
          ],
          [
            121.827443,
            25.006117
          ],
          [
            121.827585,
            25.005766
          ],
          [
            121.827763,
            25.005344
          ],
          [
            121.827892,
            25.005156
          ],
          [
            121.827884,
            25.004923
          ],
          [
            121.827823,
            25.004778
          ],
          [
            121.827709,
            25.004588
          ],
          [
            121.827596,
            25.004404
          ],
          [
            121.827545,
            25.004228
          ],
          [
            121.827546,
            25.003915
          ],
          [
            121.827617,
            25.003757
          ],
          [
            121.827737,
            25.003634
          ],
          [
            121.827901,
            25.003601
          ],
          [
            121.828089,
            25.003612
          ],
          [
            121.828959,
            25.004044
          ],
          [
            121.829054,
            25.004053
          ],
          [
            121.829145,
            25.004039
          ],
          [
            121.82929,
            25.003909
          ],
          [
            121.829406,
            25.003482
          ],
          [
            121.829418,
            25.003389
          ],
          [
            121.82935,
            25.003187
          ],
          [
            121.829247,
            25.002985
          ],
          [
            121.828944,
            25.002797
          ],
          [
            121.828761,
            25.002719
          ],
          [
            121.828478,
            25.002525
          ],
          [
            121.828303,
            25.002302
          ],
          [
            121.828156,
            25.002054
          ],
          [
            121.828057,
            25.001839
          ],
          [
            121.828115,
            25.001648
          ],
          [
            121.828196,
            25.001478
          ],
          [
            121.828274,
            25.001374
          ],
          [
            121.8284,
            25.001292
          ],
          [
            121.828589,
            25.001269
          ],
          [
            121.828774,
            25.001246
          ],
          [
            121.828876,
            25.001294
          ],
          [
            121.828915,
            25.001312
          ],
          [
            121.829117,
            25.001459
          ],
          [
            121.829462,
            25.001534
          ],
          [
            121.829573,
            25.001505
          ],
          [
            121.829676,
            25.001443
          ],
          [
            121.829873,
            25.001309
          ],
          [
            121.830026,
            25.001113
          ],
          [
            121.830041,
            25.000955
          ],
          [
            121.830095,
            25.000886
          ],
          [
            121.830117,
            25.000877
          ],
          [
            121.830206,
            25.000841
          ],
          [
            121.830221,
            25.000835
          ],
          [
            121.830316,
            25.000797
          ],
          [
            121.83044,
            25.001085
          ],
          [
            121.830593,
            25.001278
          ],
          [
            121.830773,
            25.001326
          ],
          [
            121.830875,
            25.00134
          ],
          [
            121.830953,
            25.001337
          ],
          [
            121.830964,
            25.001286
          ],
          [
            121.83079,
            25.001203
          ],
          [
            121.830684,
            25.001127
          ],
          [
            121.830683,
            25.00088
          ],
          [
            121.830721,
            25.000823
          ],
          [
            121.830764,
            25.000794
          ],
          [
            121.830805,
            25.000823
          ],
          [
            121.830813,
            25.000992
          ],
          [
            121.830867,
            25.001025
          ],
          [
            121.83091,
            25.001034
          ],
          [
            121.830978,
            25.001006
          ],
          [
            121.830973,
            25.000812
          ],
          [
            121.831192,
            25.000611
          ],
          [
            121.831537,
            25.000452
          ],
          [
            121.831691,
            25.000158
          ],
          [
            121.831626,
            24.999981
          ],
          [
            121.831455,
            24.999782
          ],
          [
            121.831764,
            24.999745
          ],
          [
            121.831984,
            25.000069
          ],
          [
            121.831716,
            25.000703
          ],
          [
            121.831927,
            25.00099
          ],
          [
            121.832065,
            25.001165
          ],
          [
            121.832249,
            25.001436
          ],
          [
            121.832358,
            25.001602
          ],
          [
            121.832454,
            25.001748
          ],
          [
            121.832512,
            25.001807
          ],
          [
            121.832571,
            25.001808
          ],
          [
            121.833234,
            25.001777
          ],
          [
            121.833525,
            25.002029
          ],
          [
            121.833723,
            25.002027
          ],
          [
            121.834114,
            25.002024
          ],
          [
            121.834236,
            25.001973
          ],
          [
            121.834522,
            25.001617
          ],
          [
            121.834695,
            25.001365
          ],
          [
            121.834836,
            25.00125
          ],
          [
            121.835126,
            25.001152
          ],
          [
            121.835424,
            25.001242
          ],
          [
            121.835577,
            25.001333
          ],
          [
            121.835976,
            25.001706
          ],
          [
            121.836325,
            25.001723
          ],
          [
            121.836755,
            25.001946
          ],
          [
            121.836876,
            25.002286
          ],
          [
            121.83696,
            25.002318
          ],
          [
            121.837062,
            25.002312
          ],
          [
            121.837296,
            25.002098
          ],
          [
            121.837467,
            25.002035
          ],
          [
            121.837659,
            25.002037
          ],
          [
            121.83796,
            25.002133
          ],
          [
            121.838234,
            25.002149
          ],
          [
            121.838546,
            25.002243
          ],
          [
            121.838777,
            25.002349
          ],
          [
            121.838833,
            25.002405
          ],
          [
            121.838982,
            25.002414
          ],
          [
            121.839139,
            25.002265
          ],
          [
            121.839323,
            25.002053
          ],
          [
            121.839337,
            25.001954
          ],
          [
            121.839234,
            25.001675
          ],
          [
            121.839167,
            25.001384
          ],
          [
            121.839141,
            25.001375
          ],
          [
            121.839086,
            25.001369
          ],
          [
            121.839055,
            25.001378
          ],
          [
            121.839016,
            25.001491
          ],
          [
            121.839001,
            25.001643
          ],
          [
            121.838897,
            25.001782
          ],
          [
            121.838766,
            25.001907
          ],
          [
            121.838612,
            25.001975
          ],
          [
            121.838549,
            25.001955
          ],
          [
            121.838517,
            25.001901
          ],
          [
            121.838547,
            25.001717
          ],
          [
            121.838528,
            25.001459
          ],
          [
            121.838627,
            25.00116
          ],
          [
            121.838738,
            25.00105
          ],
          [
            121.838987,
            25.000972
          ],
          [
            121.839077,
            25.000865
          ],
          [
            121.839069,
            25.000466
          ],
          [
            121.839036,
            25.000433
          ],
          [
            121.838999,
            25.000406
          ],
          [
            121.838952,
            25.000413
          ],
          [
            121.838933,
            25.00049
          ],
          [
            121.838953,
            25.000553
          ],
          [
            121.838944,
            25.000688
          ],
          [
            121.838887,
            25.000715
          ],
          [
            121.838839,
            25.000698
          ],
          [
            121.838795,
            25.000656
          ],
          [
            121.838792,
            25.000456
          ],
          [
            121.838795,
            25.000227
          ],
          [
            121.838861,
            25.000159
          ],
          [
            121.839058,
            25.000025
          ],
          [
            121.839358,
            24.99951
          ],
          [
            121.839633,
            24.999379
          ],
          [
            121.839935,
            24.999384
          ],
          [
            121.840139,
            24.999489
          ],
          [
            121.840303,
            24.999573
          ],
          [
            121.840647,
            24.999647
          ],
          [
            121.841103,
            24.999833
          ],
          [
            121.841352,
            24.999804
          ],
          [
            121.84161,
            24.999761
          ],
          [
            121.841759,
            24.999878
          ],
          [
            121.84192,
            24.999981
          ],
          [
            121.842112,
            25.000169
          ],
          [
            121.842271,
            25.000411
          ],
          [
            121.842242,
            25.000654
          ],
          [
            121.842225,
            25.000777
          ],
          [
            121.842267,
            25.000829
          ],
          [
            121.842328,
            25.000859
          ],
          [
            121.842396,
            25.000872
          ],
          [
            121.842456,
            25.000856
          ],
          [
            121.842515,
            25.000813
          ],
          [
            121.84261,
            25.000727
          ],
          [
            121.842985,
            25.000666
          ],
          [
            121.843239,
            25.000498
          ],
          [
            121.843465,
            25.000327
          ],
          [
            121.843473,
            25.000099
          ],
          [
            121.843535,
            24.999714
          ],
          [
            121.843455,
            24.999638
          ],
          [
            121.843408,
            24.999551
          ],
          [
            121.843425,
            24.999509
          ],
          [
            121.843455,
            24.999481
          ],
          [
            121.843564,
            24.999489
          ],
          [
            121.843735,
            24.999611
          ],
          [
            121.843878,
            24.999753
          ],
          [
            121.844021,
            24.999796
          ],
          [
            121.844148,
            24.999782
          ],
          [
            121.844186,
            24.999753
          ],
          [
            121.844236,
            24.999445
          ],
          [
            121.844162,
            24.999144
          ],
          [
            121.844159,
            24.998972
          ],
          [
            121.844186,
            24.998931
          ],
          [
            121.844229,
            24.99891
          ],
          [
            121.844294,
            24.998918
          ],
          [
            121.844636,
            24.999056
          ],
          [
            121.844754,
            24.999062
          ],
          [
            121.844836,
            24.999014
          ],
          [
            121.844977,
            24.99889
          ],
          [
            121.845216,
            24.998545
          ],
          [
            121.845306,
            24.998499
          ],
          [
            121.845424,
            24.998496
          ],
          [
            121.845531,
            24.998534
          ],
          [
            121.845621,
            24.998595
          ],
          [
            121.84569,
            24.998672
          ],
          [
            121.845782,
            24.998979
          ],
          [
            121.845791,
            24.999261
          ],
          [
            121.845813,
            24.999423
          ],
          [
            121.845843,
            24.999578
          ],
          [
            121.845883,
            24.999438
          ],
          [
            121.845888,
            24.998989
          ],
          [
            121.845904,
            24.998674
          ],
          [
            121.845919,
            24.99838
          ],
          [
            121.84588,
            24.998038
          ],
          [
            121.845892,
            24.997783
          ],
          [
            121.845896,
            24.997594
          ],
          [
            121.845929,
            24.997512
          ],
          [
            121.846003,
            24.99743
          ],
          [
            121.846112,
            24.997301
          ],
          [
            121.846196,
            24.997144
          ],
          [
            121.846287,
            24.997085
          ],
          [
            121.84664,
            24.997023
          ],
          [
            121.846942,
            24.996991
          ],
          [
            121.847019,
            24.996971
          ],
          [
            121.847073,
            24.996925
          ],
          [
            121.847093,
            24.99688
          ],
          [
            121.847025,
            24.996637
          ],
          [
            121.846997,
            24.996474
          ],
          [
            121.846995,
            24.99597
          ],
          [
            121.846991,
            24.995851
          ],
          [
            121.847012,
            24.995736
          ],
          [
            121.84748,
            24.994935
          ],
          [
            121.847548,
            24.994785
          ],
          [
            121.847587,
            24.994653
          ],
          [
            121.847592,
            24.994558
          ],
          [
            121.847594,
            24.994521
          ],
          [
            121.847582,
            24.994382
          ],
          [
            121.847518,
            24.994154
          ],
          [
            121.847495,
            24.99407
          ],
          [
            121.847517,
            24.99391
          ],
          [
            121.8476,
            24.993678
          ],
          [
            121.847626,
            24.993562
          ],
          [
            121.847624,
            24.99347
          ],
          [
            121.847603,
            24.993392
          ],
          [
            121.847515,
            24.993107
          ],
          [
            121.847485,
            24.992981
          ],
          [
            121.847491,
            24.992819
          ],
          [
            121.847513,
            24.992627
          ],
          [
            121.847556,
            24.99245
          ],
          [
            121.847595,
            24.992349
          ],
          [
            121.847685,
            24.99216
          ],
          [
            121.847758,
            24.992045
          ],
          [
            121.847811,
            24.991928
          ],
          [
            121.847829,
            24.991813
          ],
          [
            121.847816,
            24.991684
          ],
          [
            121.84776,
            24.991491
          ],
          [
            121.847767,
            24.991375
          ],
          [
            121.847806,
            24.991307
          ],
          [
            121.847854,
            24.991209
          ],
          [
            121.848068,
            24.99103
          ],
          [
            121.848119,
            24.990967
          ],
          [
            121.84811,
            24.990896
          ],
          [
            121.848055,
            24.990787
          ],
          [
            121.848019,
            24.99068
          ],
          [
            121.848029,
            24.990569
          ],
          [
            121.848066,
            24.990464
          ],
          [
            121.848059,
            24.990403
          ],
          [
            121.848019,
            24.990363
          ],
          [
            121.847956,
            24.990351
          ],
          [
            121.847866,
            24.990396
          ],
          [
            121.847741,
            24.99051
          ],
          [
            121.847646,
            24.990629
          ],
          [
            121.847548,
            24.990776
          ],
          [
            121.847498,
            24.990941
          ],
          [
            121.847461,
            24.991107
          ],
          [
            121.847445,
            24.991157
          ],
          [
            121.847417,
            24.991176
          ],
          [
            121.847378,
            24.991189
          ],
          [
            121.847334,
            24.991178
          ],
          [
            121.847286,
            24.991133
          ],
          [
            121.847272,
            24.991095
          ],
          [
            121.847278,
            24.990673
          ],
          [
            121.847237,
            24.990407
          ],
          [
            121.847198,
            24.99026
          ],
          [
            121.847147,
            24.990118
          ],
          [
            121.847071,
            24.99001
          ],
          [
            121.846995,
            24.989933
          ],
          [
            121.846661,
            24.989656
          ],
          [
            121.84654,
            24.989505
          ],
          [
            121.846387,
            24.989352
          ],
          [
            121.846327,
            24.989316
          ],
          [
            121.846224,
            24.98925
          ],
          [
            121.845689,
            24.989058
          ],
          [
            121.845403,
            24.988934
          ],
          [
            121.84535,
            24.988891
          ],
          [
            121.84532,
            24.988836
          ],
          [
            121.845298,
            24.988779
          ],
          [
            121.845277,
            24.988683
          ],
          [
            121.845275,
            24.988514
          ],
          [
            121.845344,
            24.988135
          ],
          [
            121.845377,
            24.987968
          ],
          [
            121.845378,
            24.987829
          ],
          [
            121.845356,
            24.987749
          ],
          [
            121.845327,
            24.987694
          ],
          [
            121.845291,
            24.987639
          ],
          [
            121.845164,
            24.987597
          ],
          [
            121.844982,
            24.987572
          ],
          [
            121.844899,
            24.987534
          ],
          [
            121.844838,
            24.987445
          ],
          [
            121.844809,
            24.987376
          ],
          [
            121.84479,
            24.987294
          ],
          [
            121.844809,
            24.987205
          ],
          [
            121.844897,
            24.987128
          ],
          [
            121.845352,
            24.986793
          ],
          [
            121.845434,
            24.986713
          ],
          [
            121.845474,
            24.986634
          ],
          [
            121.845501,
            24.98653
          ],
          [
            121.845533,
            24.986376
          ],
          [
            121.845577,
            24.985902
          ],
          [
            121.845585,
            24.985822
          ],
          [
            121.845586,
            24.985807
          ],
          [
            121.845629,
            24.985635
          ],
          [
            121.845807,
            24.98495
          ],
          [
            121.845891,
            24.984782
          ],
          [
            121.845959,
            24.984625
          ],
          [
            121.846008,
            24.984578
          ],
          [
            121.846065,
            24.984533
          ],
          [
            121.846471,
            24.984437
          ],
          [
            121.846656,
            24.984376
          ],
          [
            121.8467,
            24.984315
          ],
          [
            121.846737,
            24.984185
          ],
          [
            121.846738,
            24.983863
          ],
          [
            121.846697,
            24.983513
          ],
          [
            121.846641,
            24.983356
          ],
          [
            121.846407,
            24.983051
          ],
          [
            121.846195,
            24.982845
          ],
          [
            121.846112,
            24.982679
          ],
          [
            121.846087,
            24.982581
          ],
          [
            121.846048,
            24.982486
          ],
          [
            121.845984,
            24.98241
          ],
          [
            121.845884,
            24.982351
          ],
          [
            121.845756,
            24.98231
          ],
          [
            121.84554,
            24.982312
          ],
          [
            121.84536,
            24.982355
          ],
          [
            121.845241,
            24.982343
          ],
          [
            121.845104,
            24.982278
          ],
          [
            121.844997,
            24.982188
          ],
          [
            121.844853,
            24.98203
          ],
          [
            121.844758,
            24.981887
          ],
          [
            121.84473,
            24.981757
          ],
          [
            121.84465,
            24.981658
          ],
          [
            121.844455,
            24.981546
          ],
          [
            121.844282,
            24.981469
          ],
          [
            121.844168,
            24.981457
          ],
          [
            121.843423,
            24.981467
          ],
          [
            121.843034,
            24.981513
          ],
          [
            121.842929,
            24.981525
          ],
          [
            121.842286,
            24.981566
          ],
          [
            121.84201,
            24.98158
          ],
          [
            121.841716,
            24.981588
          ],
          [
            121.841608,
            24.981557
          ],
          [
            121.841513,
            24.981508
          ],
          [
            121.841426,
            24.981422
          ],
          [
            121.841317,
            24.981265
          ],
          [
            121.84126,
            24.981194
          ],
          [
            121.84118,
            24.981144
          ],
          [
            121.841067,
            24.981132
          ],
          [
            121.840988,
            24.981193
          ],
          [
            121.840899,
            24.981363
          ],
          [
            121.840846,
            24.981431
          ],
          [
            121.84079,
            24.981471
          ],
          [
            121.840733,
            24.981489
          ],
          [
            121.840664,
            24.981477
          ],
          [
            121.840565,
            24.981418
          ],
          [
            121.84038,
            24.981287
          ],
          [
            121.840086,
            24.981158
          ],
          [
            121.839814,
            24.980989
          ],
          [
            121.839603,
            24.980827
          ],
          [
            121.839433,
            24.98077
          ],
          [
            121.839188,
            24.980723
          ],
          [
            121.839053,
            24.980665
          ],
          [
            121.838957,
            24.980606
          ],
          [
            121.838839,
            24.980508
          ],
          [
            121.83871,
            24.980413
          ],
          [
            121.838706,
            24.980409
          ],
          [
            121.838544,
            24.980274
          ],
          [
            121.83854,
            24.98027
          ],
          [
            121.837998,
            24.979767
          ],
          [
            121.837852,
            24.979704
          ],
          [
            121.837755,
            24.979695
          ],
          [
            121.837671,
            24.979734
          ],
          [
            121.837628,
            24.979777
          ],
          [
            121.837453,
            24.979913
          ],
          [
            121.837349,
            24.980035
          ],
          [
            121.837177,
            24.980142
          ],
          [
            121.837003,
            24.980338
          ],
          [
            121.83693,
            24.980462
          ],
          [
            121.836827,
            24.98057
          ],
          [
            121.836772,
            24.980634
          ],
          [
            121.836653,
            24.980732
          ],
          [
            121.836528,
            24.980775
          ],
          [
            121.836422,
            24.980781
          ],
          [
            121.83632,
            24.980774
          ],
          [
            121.835771,
            24.980638
          ],
          [
            121.835233,
            24.980447
          ],
          [
            121.834957,
            24.980384
          ],
          [
            121.834893,
            24.980356
          ],
          [
            121.834799,
            24.980272
          ],
          [
            121.834769,
            24.980208
          ],
          [
            121.834739,
            24.979873
          ],
          [
            121.834729,
            24.979826
          ],
          [
            121.834714,
            24.979794
          ],
          [
            121.834661,
            24.979737
          ],
          [
            121.834571,
            24.979703
          ],
          [
            121.834495,
            24.979692
          ],
          [
            121.834366,
            24.979692
          ],
          [
            121.834185,
            24.979733
          ],
          [
            121.833744,
            24.9798
          ],
          [
            121.833621,
            24.979801
          ],
          [
            121.833376,
            24.979741
          ],
          [
            121.832996,
            24.979519
          ],
          [
            121.832404,
            24.979157
          ],
          [
            121.832297,
            24.979037
          ],
          [
            121.832133,
            24.978874
          ],
          [
            121.831682,
            24.978274
          ],
          [
            121.831657,
            24.978246
          ],
          [
            121.8316,
            24.97818
          ],
          [
            121.831597,
            24.978176
          ],
          [
            121.831138,
            24.977646
          ],
          [
            121.830964,
            24.977544
          ],
          [
            121.83072,
            24.977443
          ],
          [
            121.83047,
            24.97739
          ],
          [
            121.830175,
            24.977328
          ],
          [
            121.830009,
            24.977278
          ],
          [
            121.829843,
            24.977207
          ],
          [
            121.829762,
            24.977127
          ],
          [
            121.829733,
            24.977019
          ],
          [
            121.829705,
            24.97688
          ],
          [
            121.829715,
            24.976755
          ],
          [
            121.829734,
            24.976716
          ],
          [
            121.829762,
            24.976656
          ],
          [
            121.829817,
            24.976579
          ],
          [
            121.829827,
            24.976499
          ],
          [
            121.829814,
            24.976417
          ],
          [
            121.829733,
            24.976278
          ],
          [
            121.829609,
            24.976244
          ],
          [
            121.829405,
            24.97621
          ],
          [
            121.82921,
            24.976129
          ],
          [
            121.829039,
            24.976023
          ],
          [
            121.828993,
            24.975956
          ],
          [
            121.828847,
            24.975671
          ],
          [
            121.828633,
            24.975475
          ],
          [
            121.828509,
            24.975367
          ],
          [
            121.828372,
            24.975253
          ],
          [
            121.828288,
            24.975219
          ],
          [
            121.828034,
            24.975201
          ],
          [
            121.827807,
            24.975164
          ],
          [
            121.827689,
            24.975115
          ],
          [
            121.827645,
            24.97502
          ],
          [
            121.827644,
            24.974859
          ],
          [
            121.827704,
            24.974667
          ],
          [
            121.827793,
            24.974468
          ],
          [
            121.827951,
            24.974322
          ],
          [
            121.828009,
            24.974212
          ],
          [
            121.828018,
            24.974056
          ],
          [
            121.828009,
            24.973742
          ],
          [
            121.827999,
            24.973693
          ],
          [
            121.827964,
            24.97353
          ],
          [
            121.827864,
            24.973093
          ],
          [
            121.827714,
            24.972783
          ],
          [
            121.827629,
            24.972622
          ],
          [
            121.827639,
            24.972473
          ],
          [
            121.827612,
            24.972341
          ],
          [
            121.827527,
            24.972192
          ],
          [
            121.827453,
            24.972182
          ],
          [
            121.82735,
            24.972155
          ],
          [
            121.827131,
            24.972123
          ],
          [
            121.827013,
            24.972151
          ],
          [
            121.826784,
            24.972263
          ],
          [
            121.826634,
            24.972284
          ],
          [
            121.826487,
            24.972272
          ],
          [
            121.826344,
            24.972219
          ],
          [
            121.826198,
            24.97209
          ],
          [
            121.826106,
            24.971919
          ],
          [
            121.826073,
            24.97185
          ],
          [
            121.826052,
            24.971803
          ],
          [
            121.826076,
            24.971672
          ],
          [
            121.826112,
            24.971624
          ],
          [
            121.826217,
            24.971509
          ],
          [
            121.826271,
            24.97143
          ],
          [
            121.826307,
            24.971289
          ],
          [
            121.826259,
            24.971019
          ],
          [
            121.826167,
            24.970658
          ],
          [
            121.826116,
            24.970515
          ],
          [
            121.825982,
            24.970377
          ],
          [
            121.825678,
            24.970136
          ],
          [
            121.825497,
            24.969989
          ],
          [
            121.824714,
            24.969552
          ],
          [
            121.824477,
            24.969443
          ],
          [
            121.824305,
            24.969436
          ],
          [
            121.824189,
            24.969532
          ],
          [
            121.823982,
            24.969761
          ],
          [
            121.823995,
            24.969827
          ],
          [
            121.824026,
            24.969977
          ],
          [
            121.823973,
            24.96996
          ],
          [
            121.823801,
            24.96996
          ],
          [
            121.823367,
            24.970071
          ],
          [
            121.823124,
            24.970165
          ],
          [
            121.823039,
            24.970198
          ],
          [
            121.822944,
            24.970176
          ],
          [
            121.822522,
            24.970164
          ],
          [
            121.822333,
            24.970176
          ],
          [
            121.822026,
            24.970355
          ],
          [
            121.821775,
            24.970497
          ],
          [
            121.821663,
            24.970508
          ],
          [
            121.82147,
            24.970465
          ],
          [
            121.821403,
            24.970454
          ],
          [
            121.821319,
            24.970491
          ],
          [
            121.821205,
            24.970659
          ],
          [
            121.821112,
            24.970782
          ],
          [
            121.820955,
            24.970915
          ],
          [
            121.820891,
            24.970958
          ],
          [
            121.820743,
            24.971003
          ],
          [
            121.820534,
            24.971019
          ],
          [
            121.820295,
            24.971
          ],
          [
            121.820206,
            24.970998
          ],
          [
            121.820202,
            24.970807
          ],
          [
            121.820118,
            24.970744
          ],
          [
            121.819826,
            24.970526
          ],
          [
            121.819035,
            24.970504
          ],
          [
            121.818917,
            24.970473
          ],
          [
            121.818796,
            24.970349
          ],
          [
            121.818712,
            24.970321
          ],
          [
            121.818469,
            24.970252
          ],
          [
            121.818355,
            24.970225
          ],
          [
            121.818252,
            24.97025
          ],
          [
            121.818123,
            24.970379
          ],
          [
            121.817951,
            24.970486
          ],
          [
            121.817865,
            24.970572
          ],
          [
            121.817788,
            24.97065
          ],
          [
            121.817731,
            24.970801
          ],
          [
            121.817718,
            24.970961
          ],
          [
            121.817766,
            24.971111
          ],
          [
            121.817824,
            24.971207
          ],
          [
            121.817825,
            24.971352
          ],
          [
            121.817777,
            24.971526
          ],
          [
            121.817721,
            24.971658
          ],
          [
            121.817656,
            24.971701
          ],
          [
            121.817326,
            24.971685
          ],
          [
            121.81724,
            24.97173
          ],
          [
            121.817206,
            24.971839
          ],
          [
            121.817211,
            24.97193
          ],
          [
            121.817294,
            24.972034
          ],
          [
            121.81735,
            24.972267
          ],
          [
            121.817372,
            24.972331
          ],
          [
            121.817407,
            24.972639
          ],
          [
            121.817376,
            24.972732
          ],
          [
            121.817301,
            24.972826
          ],
          [
            121.8172,
            24.972953
          ],
          [
            121.817088,
            24.973054
          ],
          [
            121.816966,
            24.973135
          ],
          [
            121.816718,
            24.973214
          ],
          [
            121.816456,
            24.973233
          ],
          [
            121.816165,
            24.973245
          ],
          [
            121.815724,
            24.973085
          ],
          [
            121.815585,
            24.973072
          ],
          [
            121.815462,
            24.973082
          ],
          [
            121.815376,
            24.973125
          ],
          [
            121.815312,
            24.973168
          ],
          [
            121.814912,
            24.973527
          ],
          [
            121.814234,
            24.974136
          ],
          [
            121.814132,
            24.97422
          ],
          [
            121.813896,
            24.974284
          ],
          [
            121.813681,
            24.974413
          ],
          [
            121.813655,
            24.974417
          ],
          [
            121.813676,
            24.974518
          ],
          [
            121.813661,
            24.974561
          ],
          [
            121.813676,
            24.974518
          ],
          [
            121.813655,
            24.974417
          ],
          [
            121.813681,
            24.974413
          ],
          [
            121.813896,
            24.974284
          ],
          [
            121.814132,
            24.97422
          ],
          [
            121.814234,
            24.974136
          ],
          [
            121.814912,
            24.973527
          ],
          [
            121.815312,
            24.973168
          ],
          [
            121.815376,
            24.973125
          ],
          [
            121.815462,
            24.973082
          ],
          [
            121.815585,
            24.973072
          ],
          [
            121.815724,
            24.973085
          ],
          [
            121.816165,
            24.973245
          ],
          [
            121.816456,
            24.973233
          ],
          [
            121.816718,
            24.973214
          ],
          [
            121.816966,
            24.973135
          ],
          [
            121.817088,
            24.973054
          ],
          [
            121.8172,
            24.972953
          ],
          [
            121.817301,
            24.972826
          ],
          [
            121.817376,
            24.972732
          ],
          [
            121.817407,
            24.972639
          ],
          [
            121.817372,
            24.972331
          ],
          [
            121.81735,
            24.972267
          ],
          [
            121.817294,
            24.972034
          ],
          [
            121.817211,
            24.97193
          ],
          [
            121.817206,
            24.971839
          ],
          [
            121.81724,
            24.97173
          ],
          [
            121.817326,
            24.971685
          ],
          [
            121.817656,
            24.971701
          ],
          [
            121.817721,
            24.971658
          ],
          [
            121.817777,
            24.971526
          ],
          [
            121.817825,
            24.971352
          ],
          [
            121.817824,
            24.971207
          ],
          [
            121.817766,
            24.971111
          ],
          [
            121.817718,
            24.970961
          ],
          [
            121.817731,
            24.970801
          ],
          [
            121.817788,
            24.97065
          ],
          [
            121.817865,
            24.970572
          ],
          [
            121.817951,
            24.970486
          ],
          [
            121.818123,
            24.970379
          ],
          [
            121.818252,
            24.97025
          ],
          [
            121.818355,
            24.970225
          ],
          [
            121.818469,
            24.970252
          ],
          [
            121.818712,
            24.970321
          ],
          [
            121.818796,
            24.970349
          ],
          [
            121.818917,
            24.970473
          ],
          [
            121.819035,
            24.970504
          ],
          [
            121.819826,
            24.970526
          ],
          [
            121.820118,
            24.970744
          ],
          [
            121.820202,
            24.970807
          ],
          [
            121.820206,
            24.970998
          ],
          [
            121.820295,
            24.971
          ],
          [
            121.820534,
            24.971019
          ],
          [
            121.820743,
            24.971003
          ],
          [
            121.820891,
            24.970958
          ],
          [
            121.820955,
            24.970915
          ],
          [
            121.821112,
            24.970782
          ],
          [
            121.821205,
            24.970659
          ],
          [
            121.821319,
            24.970491
          ],
          [
            121.821403,
            24.970454
          ],
          [
            121.82147,
            24.970465
          ],
          [
            121.821663,
            24.970508
          ],
          [
            121.821775,
            24.970497
          ],
          [
            121.822026,
            24.970355
          ],
          [
            121.822333,
            24.970176
          ],
          [
            121.822522,
            24.970164
          ],
          [
            121.822944,
            24.970176
          ],
          [
            121.823039,
            24.970198
          ],
          [
            121.823124,
            24.970165
          ],
          [
            121.823367,
            24.970071
          ],
          [
            121.823801,
            24.96996
          ],
          [
            121.823973,
            24.96996
          ],
          [
            121.824026,
            24.969977
          ],
          [
            121.823982,
            24.969761
          ],
          [
            121.823867,
            24.969839
          ],
          [
            121.823747,
            24.969876
          ],
          [
            121.823683,
            24.969876
          ],
          [
            121.823421,
            24.969804
          ],
          [
            121.823309,
            24.969788
          ],
          [
            121.823096,
            24.96982
          ],
          [
            121.822942,
            24.969802
          ],
          [
            121.822768,
            24.969751
          ],
          [
            121.822503,
            24.96966
          ],
          [
            121.822359,
            24.969646
          ],
          [
            121.822052,
            24.969533
          ],
          [
            121.821828,
            24.969394
          ],
          [
            121.821422,
            24.969072
          ],
          [
            121.821317,
            24.968973
          ],
          [
            121.82133,
            24.968864
          ],
          [
            121.821422,
            24.968622
          ],
          [
            121.821464,
            24.968559
          ],
          [
            121.821079,
            24.968226
          ],
          [
            121.820909,
            24.968091
          ],
          [
            121.820514,
            24.967806
          ],
          [
            121.820469,
            24.967724
          ],
          [
            121.820499,
            24.967597
          ],
          [
            121.820614,
            24.967318
          ],
          [
            121.820651,
            24.967086
          ],
          [
            121.820653,
            24.966899
          ],
          [
            121.820605,
            24.966719
          ],
          [
            121.820517,
            24.966593
          ],
          [
            121.820437,
            24.966548
          ],
          [
            121.820386,
            24.966519
          ],
          [
            121.820147,
            24.966476
          ],
          [
            121.819962,
            24.966379
          ],
          [
            121.819775,
            24.966135
          ],
          [
            121.819737,
            24.966063
          ],
          [
            121.819704,
            24.965962
          ],
          [
            121.819633,
            24.96588
          ],
          [
            121.81941,
            24.965867
          ],
          [
            121.819164,
            24.965869
          ],
          [
            121.819022,
            24.965803
          ],
          [
            121.818876,
            24.965656
          ],
          [
            121.818785,
            24.965457
          ],
          [
            121.818736,
            24.965202
          ],
          [
            121.818735,
            24.965049
          ],
          [
            121.818785,
            24.964895
          ],
          [
            121.818883,
            24.964746
          ],
          [
            121.819129,
            24.964491
          ],
          [
            121.819368,
            24.964264
          ],
          [
            121.819437,
            24.964176
          ],
          [
            121.819464,
            24.964088
          ],
          [
            121.819468,
            24.96372
          ],
          [
            121.819481,
            24.963535
          ],
          [
            121.819564,
            24.963343
          ],
          [
            121.81966,
            24.963169
          ],
          [
            121.819696,
            24.963046
          ],
          [
            121.81979,
            24.962564
          ],
          [
            121.819838,
            24.962425
          ],
          [
            121.81985,
            24.962311
          ],
          [
            121.819827,
            24.961977
          ],
          [
            121.819845,
            24.961919
          ],
          [
            121.819947,
            24.961802
          ],
          [
            121.820058,
            24.961707
          ],
          [
            121.820129,
            24.961702
          ],
          [
            121.820228,
            24.961721
          ],
          [
            121.820309,
            24.961756
          ],
          [
            121.820427,
            24.961803
          ],
          [
            121.820513,
            24.961835
          ],
          [
            121.82059,
            24.961817
          ],
          [
            121.820891,
            24.961573
          ],
          [
            121.820925,
            24.961513
          ],
          [
            121.820919,
            24.961441
          ],
          [
            121.82087,
            24.96137
          ],
          [
            121.820706,
            24.961123
          ],
          [
            121.82068,
            24.961061
          ],
          [
            121.820669,
            24.960975
          ],
          [
            121.820706,
            24.960863
          ],
          [
            121.820819,
            24.96066
          ],
          [
            121.821202,
            24.95976
          ],
          [
            121.821239,
            24.959605
          ],
          [
            121.821318,
            24.959553
          ],
          [
            121.82156,
            24.959494
          ],
          [
            121.821624,
            24.959454
          ],
          [
            121.821929,
            24.958957
          ],
          [
            121.822234,
            24.958583
          ],
          [
            121.822755,
            24.958257
          ],
          [
            121.822836,
            24.958152
          ],
          [
            121.822886,
            24.957933
          ],
          [
            121.822919,
            24.957541
          ],
          [
            121.822965,
            24.957412
          ],
          [
            121.823016,
            24.957333
          ],
          [
            121.823243,
            24.957082
          ],
          [
            121.823325,
            24.956962
          ],
          [
            121.823401,
            24.956818
          ],
          [
            121.823429,
            24.956635
          ],
          [
            121.823438,
            24.956533
          ],
          [
            121.823505,
            24.956441
          ],
          [
            121.823662,
            24.956326
          ],
          [
            121.823755,
            24.956277
          ],
          [
            121.823854,
            24.956255
          ],
          [
            121.82397,
            24.956233
          ],
          [
            121.824253,
            24.956182
          ],
          [
            121.824506,
            24.956136
          ],
          [
            121.824564,
            24.956085
          ],
          [
            121.824621,
            24.956005
          ],
          [
            121.824639,
            24.955935
          ],
          [
            121.824631,
            24.95585
          ],
          [
            121.824562,
            24.955753
          ],
          [
            121.82441,
            24.95562
          ],
          [
            121.824341,
            24.955547
          ],
          [
            121.824312,
            24.955476
          ],
          [
            121.824292,
            24.955411
          ],
          [
            121.82428,
            24.955349
          ],
          [
            121.824288,
            24.955297
          ],
          [
            121.824343,
            24.955207
          ],
          [
            121.824467,
            24.955139
          ],
          [
            121.824597,
            24.955138
          ],
          [
            121.824728,
            24.955189
          ],
          [
            121.824892,
            24.955232
          ],
          [
            121.824993,
            24.955256
          ],
          [
            121.825092,
            24.955251
          ],
          [
            121.825189,
            24.955188
          ],
          [
            121.825664,
            24.954588
          ],
          [
            121.825733,
            24.954464
          ],
          [
            121.825791,
            24.954364
          ],
          [
            121.825788,
            24.954229
          ],
          [
            121.82577,
            24.954039
          ],
          [
            121.825724,
            24.953719
          ],
          [
            121.825669,
            24.953318
          ],
          [
            121.825669,
            24.953153
          ],
          [
            121.825688,
            24.953002
          ],
          [
            121.82576,
            24.95274
          ],
          [
            121.825764,
            24.952726
          ],
          [
            121.825924,
            24.95232
          ],
          [
            121.826093,
            24.95195
          ],
          [
            121.826142,
            24.95183
          ],
          [
            121.826134,
            24.951732
          ],
          [
            121.826079,
            24.951493
          ],
          [
            121.826083,
            24.951313
          ],
          [
            121.82611,
            24.951138
          ],
          [
            121.82614,
            24.950991
          ],
          [
            121.826191,
            24.950867
          ],
          [
            121.826233,
            24.950775
          ],
          [
            121.826468,
            24.950425
          ],
          [
            121.826684,
            24.950111
          ],
          [
            121.826873,
            24.949908
          ],
          [
            121.827319,
            24.949528
          ],
          [
            121.827378,
            24.949453
          ],
          [
            121.827403,
            24.94939
          ],
          [
            121.827408,
            24.949332
          ],
          [
            121.827376,
            24.949268
          ],
          [
            121.827054,
            24.949056
          ],
          [
            121.827011,
            24.948976
          ],
          [
            121.827024,
            24.948881
          ],
          [
            121.82705,
            24.948825
          ],
          [
            121.827115,
            24.948743
          ],
          [
            121.827249,
            24.948585
          ],
          [
            121.827662,
            24.948243
          ],
          [
            121.82806,
            24.9479
          ],
          [
            121.828245,
            24.947666
          ],
          [
            121.828377,
            24.947539
          ],
          [
            121.828469,
            24.947389
          ],
          [
            121.82848,
            24.947358
          ],
          [
            121.828493,
            24.947277
          ],
          [
            121.828449,
            24.947111
          ],
          [
            121.828459,
            24.946962
          ],
          [
            121.828656,
            24.946415
          ],
          [
            121.828716,
            24.946334
          ],
          [
            121.828782,
            24.946292
          ],
          [
            121.828864,
            24.946284
          ],
          [
            121.829038,
            24.946347
          ],
          [
            121.8291,
            24.946368
          ],
          [
            121.829169,
            24.946374
          ],
          [
            121.829232,
            24.946344
          ],
          [
            121.829386,
            24.946126
          ],
          [
            121.829413,
            24.946044
          ],
          [
            121.829426,
            24.945889
          ],
          [
            121.829349,
            24.945683
          ],
          [
            121.82931,
            24.945565
          ],
          [
            121.829312,
            24.945399
          ],
          [
            121.829315,
            24.945323
          ],
          [
            121.82932,
            24.945232
          ],
          [
            121.829328,
            24.945163
          ],
          [
            121.829389,
            24.944893
          ],
          [
            121.829389,
            24.94474
          ],
          [
            121.829364,
            24.944545
          ],
          [
            121.829344,
            24.944332
          ],
          [
            121.829363,
            24.944228
          ],
          [
            121.829413,
            24.94411
          ],
          [
            121.829706,
            24.943684
          ],
          [
            121.82991,
            24.943382
          ],
          [
            121.829956,
            24.943306
          ],
          [
            121.830003,
            24.943206
          ],
          [
            121.830042,
            24.942822
          ],
          [
            121.830067,
            24.942691
          ],
          [
            121.830142,
            24.942558
          ],
          [
            121.830321,
            24.942323
          ],
          [
            121.830495,
            24.942091
          ],
          [
            121.830598,
            24.941926
          ],
          [
            121.83071,
            24.941544
          ],
          [
            121.830757,
            24.941325
          ],
          [
            121.830847,
            24.9412
          ],
          [
            121.830927,
            24.94112
          ],
          [
            121.831022,
            24.941054
          ],
          [
            121.83126,
            24.940948
          ],
          [
            121.83139,
            24.940952
          ],
          [
            121.831526,
            24.94099
          ],
          [
            121.831616,
            24.940988
          ],
          [
            121.831716,
            24.940945
          ],
          [
            121.8318,
            24.940809
          ],
          [
            121.831915,
            24.940695
          ],
          [
            121.832592,
            24.940219
          ],
          [
            121.832755,
            24.940146
          ],
          [
            121.832935,
            24.940065
          ],
          [
            121.833126,
            24.93994
          ],
          [
            121.833193,
            24.939834
          ],
          [
            121.833272,
            24.939759
          ],
          [
            121.833376,
            24.939744
          ],
          [
            121.833458,
            24.939772
          ],
          [
            121.833604,
            24.939879
          ],
          [
            121.833696,
            24.939918
          ],
          [
            121.833797,
            24.939927
          ],
          [
            121.83387,
            24.939892
          ],
          [
            121.833947,
            24.939797
          ],
          [
            121.834239,
            24.939296
          ],
          [
            121.834263,
            24.939165
          ],
          [
            121.834251,
            24.939067
          ],
          [
            121.83422,
            24.938935
          ],
          [
            121.83387,
            24.938473
          ],
          [
            121.833815,
            24.938386
          ],
          [
            121.833828,
            24.938279
          ],
          [
            121.833913,
            24.938089
          ],
          [
            121.83393,
            24.937998
          ],
          [
            121.83391,
            24.93786
          ],
          [
            121.83388,
            24.937759
          ],
          [
            121.833849,
            24.937695
          ],
          [
            121.833846,
            24.937633
          ],
          [
            121.833918,
            24.937578
          ],
          [
            121.833981,
            24.93748
          ],
          [
            121.833979,
            24.93739
          ],
          [
            121.833957,
            24.937315
          ],
          [
            121.833927,
            24.937185
          ],
          [
            121.833932,
            24.937115
          ],
          [
            121.834013,
            24.937047
          ],
          [
            121.834209,
            24.93693
          ],
          [
            121.83445,
            24.936834
          ],
          [
            121.834487,
            24.936794
          ],
          [
            121.834485,
            24.936733
          ],
          [
            121.834346,
            24.936385
          ],
          [
            121.834374,
            24.936217
          ],
          [
            121.834362,
            24.935967
          ],
          [
            121.834324,
            24.935664
          ],
          [
            121.834368,
            24.935532
          ],
          [
            121.834396,
            24.935383
          ],
          [
            121.834434,
            24.935299
          ],
          [
            121.834495,
            24.935262
          ],
          [
            121.83486,
            24.935167
          ],
          [
            121.834917,
            24.935138
          ],
          [
            121.834958,
            24.935099
          ],
          [
            121.835085,
            24.934788
          ],
          [
            121.83506,
            24.934698
          ],
          [
            121.83488,
            24.934372
          ],
          [
            121.834556,
            24.933994
          ],
          [
            121.834443,
            24.933862
          ],
          [
            121.834415,
            24.933696
          ],
          [
            121.83436,
            24.933625
          ],
          [
            121.834185,
            24.933492
          ],
          [
            121.834,
            24.933344
          ],
          [
            121.83379,
            24.93307
          ],
          [
            121.83357,
            24.932862
          ],
          [
            121.833426,
            24.932769
          ],
          [
            121.832876,
            24.932644
          ],
          [
            121.832675,
            24.932596
          ],
          [
            121.832598,
            24.932588
          ],
          [
            121.832516,
            24.932613
          ],
          [
            121.83237,
            24.93267
          ],
          [
            121.832241,
            24.932653
          ],
          [
            121.83207,
            24.932592
          ],
          [
            121.831993,
            24.932547
          ],
          [
            121.831932,
            24.932495
          ],
          [
            121.831872,
            24.932413
          ],
          [
            121.83184,
            24.932308
          ],
          [
            121.831846,
            24.932222
          ],
          [
            121.83187,
            24.932096
          ],
          [
            121.831923,
            24.931885
          ],
          [
            121.831911,
            24.931709
          ],
          [
            121.831871,
            24.931614
          ],
          [
            121.83175,
            24.9315
          ],
          [
            121.831696,
            24.931293
          ],
          [
            121.831533,
            24.931179
          ],
          [
            121.831058,
            24.930814
          ],
          [
            121.83082,
            24.930571
          ],
          [
            121.830752,
            24.930533
          ],
          [
            121.830608,
            24.930517
          ],
          [
            121.830544,
            24.930519
          ],
          [
            121.830478,
            24.930486
          ],
          [
            121.830455,
            24.93043
          ],
          [
            121.83045,
            24.930376
          ],
          [
            121.830504,
            24.93006
          ],
          [
            121.830504,
            24.929867
          ],
          [
            121.830515,
            24.929802
          ],
          [
            121.830574,
            24.929737
          ],
          [
            121.83074,
            24.929717
          ],
          [
            121.830893,
            24.929621
          ],
          [
            121.830966,
            24.929568
          ],
          [
            121.830981,
            24.929512
          ],
          [
            121.830939,
            24.92947
          ],
          [
            121.830787,
            24.929512
          ],
          [
            121.830579,
            24.929533
          ],
          [
            121.830499,
            24.929567
          ],
          [
            121.830395,
            24.929683
          ],
          [
            121.830327,
            24.929722
          ],
          [
            121.830194,
            24.929758
          ],
          [
            121.830109,
            24.929784
          ],
          [
            121.829879,
            24.929893
          ],
          [
            121.829774,
            24.930017
          ],
          [
            121.829738,
            24.9301
          ],
          [
            121.829739,
            24.930176
          ],
          [
            121.82978,
            24.930291
          ],
          [
            121.829777,
            24.930412
          ],
          [
            121.829749,
            24.930459
          ],
          [
            121.829695,
            24.930499
          ],
          [
            121.829534,
            24.930536
          ],
          [
            121.829384,
            24.930598
          ],
          [
            121.829333,
            24.930614
          ],
          [
            121.829265,
            24.930614
          ],
          [
            121.829211,
            24.930599
          ],
          [
            121.829168,
            24.930554
          ],
          [
            121.82914,
            24.930496
          ],
          [
            121.829111,
            24.93047
          ],
          [
            121.829053,
            24.930457
          ],
          [
            121.829008,
            24.930486
          ],
          [
            121.828907,
            24.930601
          ],
          [
            121.828854,
            24.930641
          ],
          [
            121.828792,
            24.930664
          ],
          [
            121.828716,
            24.93065
          ],
          [
            121.828665,
            24.930608
          ],
          [
            121.828659,
            24.93053
          ],
          [
            121.828714,
            24.930355
          ],
          [
            121.828744,
            24.93021
          ],
          [
            121.828852,
            24.929953
          ],
          [
            121.828868,
            24.929879
          ],
          [
            121.828787,
            24.929717
          ],
          [
            121.828766,
            24.929695
          ],
          [
            121.828699,
            24.929653
          ],
          [
            121.828615,
            24.929661
          ],
          [
            121.828508,
            24.929738
          ],
          [
            121.828451,
            24.929771
          ],
          [
            121.828394,
            24.929769
          ],
          [
            121.828319,
            24.929715
          ],
          [
            121.828256,
            24.929604
          ],
          [
            121.828109,
            24.929504
          ],
          [
            121.828074,
            24.929408
          ],
          [
            121.828028,
            24.929305
          ],
          [
            121.827995,
            24.929274
          ],
          [
            121.827945,
            24.929263
          ],
          [
            121.827736,
            24.929225
          ],
          [
            121.82765,
            24.92918
          ],
          [
            121.827629,
            24.929159
          ],
          [
            121.827617,
            24.929083
          ],
          [
            121.827685,
            24.92894
          ],
          [
            121.827682,
            24.928891
          ],
          [
            121.827653,
            24.928859
          ],
          [
            121.827593,
            24.92883
          ],
          [
            121.827498,
            24.928812
          ],
          [
            121.827442,
            24.928745
          ],
          [
            121.827395,
            24.928638
          ],
          [
            121.827226,
            24.928575
          ],
          [
            121.827017,
            24.928412
          ],
          [
            121.826876,
            24.928319
          ],
          [
            121.8267,
            24.92826
          ],
          [
            121.826634,
            24.928183
          ],
          [
            121.82662,
            24.928108
          ],
          [
            121.826571,
            24.927989
          ],
          [
            121.826535,
            24.927946
          ],
          [
            121.826479,
            24.927921
          ],
          [
            121.826324,
            24.927916
          ],
          [
            121.826176,
            24.927805
          ],
          [
            121.826034,
            24.9278
          ],
          [
            121.825819,
            24.927803
          ],
          [
            121.825765,
            24.927773
          ],
          [
            121.825722,
            24.927683
          ],
          [
            121.825672,
            24.927641
          ],
          [
            121.825573,
            24.927643
          ],
          [
            121.825332,
            24.927687
          ],
          [
            121.825184,
            24.92767
          ],
          [
            121.825034,
            24.927605
          ],
          [
            121.824963,
            24.927516
          ],
          [
            121.824916,
            24.927492
          ],
          [
            121.824875,
            24.927493
          ],
          [
            121.824833,
            24.927511
          ],
          [
            121.824726,
            24.927607
          ],
          [
            121.824638,
            24.927622
          ],
          [
            121.824512,
            24.927574
          ],
          [
            121.824453,
            24.927571
          ],
          [
            121.82441,
            24.927592
          ],
          [
            121.824385,
            24.927637
          ],
          [
            121.82434,
            24.927775
          ],
          [
            121.824301,
            24.927967
          ],
          [
            121.824277,
            24.928
          ],
          [
            121.824241,
            24.928022
          ],
          [
            121.824206,
            24.928025
          ],
          [
            121.824175,
            24.928012
          ],
          [
            121.82412,
            24.92796
          ],
          [
            121.823969,
            24.927744
          ],
          [
            121.823883,
            24.927686
          ],
          [
            121.823814,
            24.927675
          ],
          [
            121.823758,
            24.927697
          ],
          [
            121.823729,
            24.92775
          ],
          [
            121.823661,
            24.927906
          ],
          [
            121.823586,
            24.92796
          ],
          [
            121.82353,
            24.927978
          ],
          [
            121.823413,
            24.927971
          ],
          [
            121.823208,
            24.927914
          ],
          [
            121.823137,
            24.92786
          ],
          [
            121.822928,
            24.927664
          ],
          [
            121.82286,
            24.927476
          ],
          [
            121.822825,
            24.927436
          ],
          [
            121.82277,
            24.927421
          ],
          [
            121.822692,
            24.927445
          ],
          [
            121.822654,
            24.927495
          ],
          [
            121.822528,
            24.927639
          ],
          [
            121.822404,
            24.927673
          ],
          [
            121.822273,
            24.927655
          ],
          [
            121.822156,
            24.927629
          ],
          [
            121.821784,
            24.927435
          ],
          [
            121.821669,
            24.927337
          ],
          [
            121.821639,
            24.927313
          ],
          [
            121.821518,
            24.927217
          ],
          [
            121.821351,
            24.927131
          ],
          [
            121.821213,
            24.927056
          ],
          [
            121.821159,
            24.926966
          ],
          [
            121.821142,
            24.926869
          ],
          [
            121.821111,
            24.926742
          ],
          [
            121.82106,
            24.926704
          ],
          [
            121.821018,
            24.926698
          ],
          [
            121.820953,
            24.926701
          ],
          [
            121.8208,
            24.926753
          ],
          [
            121.820685,
            24.926761
          ],
          [
            121.820613,
            24.926731
          ],
          [
            121.82057,
            24.926674
          ],
          [
            121.820474,
            24.926465
          ],
          [
            121.820326,
            24.926317
          ],
          [
            121.819993,
            24.925906
          ],
          [
            121.819946,
            24.92577
          ],
          [
            121.819991,
            24.925596
          ],
          [
            121.820048,
            24.925514
          ],
          [
            121.820311,
            24.925342
          ],
          [
            121.820344,
            24.92525
          ],
          [
            121.820325,
            24.925113
          ],
          [
            121.820227,
            24.924832
          ],
          [
            121.820156,
            24.924759
          ],
          [
            121.820086,
            24.924708
          ],
          [
            121.819984,
            24.924699
          ],
          [
            121.819908,
            24.924698
          ],
          [
            121.819846,
            24.92473
          ],
          [
            121.819837,
            24.924806
          ],
          [
            121.819878,
            24.924902
          ],
          [
            121.819884,
            24.924956
          ],
          [
            121.819886,
            24.925024
          ],
          [
            121.819818,
            24.925103
          ],
          [
            121.819746,
            24.925129
          ],
          [
            121.819669,
            24.925159
          ],
          [
            121.81961,
            24.92518
          ],
          [
            121.819484,
            24.925178
          ],
          [
            121.819278,
            24.92511
          ],
          [
            121.819129,
            24.924972
          ],
          [
            121.819057,
            24.924937
          ],
          [
            121.818999,
            24.924949
          ],
          [
            121.818905,
            24.925005
          ],
          [
            121.818738,
            24.925032
          ],
          [
            121.818602,
            24.925039
          ],
          [
            121.81852,
            24.925087
          ],
          [
            121.818488,
            24.925163
          ],
          [
            121.818498,
            24.925245
          ],
          [
            121.818543,
            24.925334
          ],
          [
            121.818632,
            24.925429
          ],
          [
            121.818619,
            24.925494
          ],
          [
            121.818586,
            24.925581
          ],
          [
            121.818439,
            24.925887
          ],
          [
            121.818301,
            24.92627
          ],
          [
            121.818073,
            24.926541
          ],
          [
            121.817953,
            24.926705
          ],
          [
            121.817891,
            24.926736
          ],
          [
            121.817853,
            24.926742
          ],
          [
            121.817795,
            24.926709
          ],
          [
            121.817762,
            24.926631
          ],
          [
            121.817736,
            24.926577
          ],
          [
            121.8177,
            24.92655
          ],
          [
            121.817616,
            24.926553
          ],
          [
            121.817549,
            24.926609
          ],
          [
            121.817526,
            24.926681
          ],
          [
            121.817441,
            24.926963
          ],
          [
            121.817424,
            24.927068
          ],
          [
            121.817485,
            24.927206
          ],
          [
            121.817479,
            24.927311
          ],
          [
            121.817397,
            24.927561
          ],
          [
            121.817354,
            24.927826
          ],
          [
            121.817327,
            24.927857
          ],
          [
            121.817267,
            24.927864
          ],
          [
            121.81724,
            24.927851
          ],
          [
            121.816896,
            24.927498
          ],
          [
            121.8168,
            24.92742
          ],
          [
            121.816701,
            24.927364
          ],
          [
            121.816639,
            24.927323
          ],
          [
            121.816624,
            24.92726
          ],
          [
            121.816635,
            24.927121
          ],
          [
            121.816597,
            24.927079
          ],
          [
            121.81656,
            24.927069
          ],
          [
            121.816522,
            24.92707
          ],
          [
            121.816362,
            24.927129
          ],
          [
            121.816287,
            24.927109
          ],
          [
            121.816172,
            24.927077
          ],
          [
            121.815904,
            24.92708
          ],
          [
            121.815728,
            24.927098
          ],
          [
            121.815635,
            24.927144
          ],
          [
            121.815565,
            24.927208
          ],
          [
            121.815514,
            24.927285
          ],
          [
            121.815436,
            24.927508
          ],
          [
            121.815184,
            24.928274
          ],
          [
            121.815055,
            24.928817
          ],
          [
            121.815043,
            24.928945
          ],
          [
            121.815045,
            24.929155
          ],
          [
            121.814989,
            24.929164
          ],
          [
            121.814849,
            24.92915
          ],
          [
            121.814707,
            24.929116
          ],
          [
            121.814124,
            24.928897
          ],
          [
            121.813986,
            24.928882
          ],
          [
            121.81379,
            24.928836
          ],
          [
            121.813701,
            24.928838
          ],
          [
            121.813383,
            24.929013
          ],
          [
            121.813314,
            24.929132
          ],
          [
            121.813237,
            24.929189
          ],
          [
            121.813064,
            24.929186
          ],
          [
            121.812917,
            24.929144
          ],
          [
            121.812733,
            24.929064
          ],
          [
            121.812535,
            24.929077
          ],
          [
            121.812455,
            24.929068
          ],
          [
            121.812388,
            24.929031
          ],
          [
            121.812305,
            24.928953
          ],
          [
            121.812217,
            24.92884
          ],
          [
            121.812101,
            24.928746
          ],
          [
            121.811989,
            24.928712
          ],
          [
            121.811791,
            24.928678
          ],
          [
            121.811659,
            24.92868
          ],
          [
            121.81158,
            24.928723
          ],
          [
            121.811437,
            24.92878
          ],
          [
            121.81158,
            24.928723
          ],
          [
            121.811659,
            24.92868
          ],
          [
            121.811791,
            24.928678
          ],
          [
            121.811989,
            24.928712
          ],
          [
            121.812101,
            24.928746
          ],
          [
            121.812217,
            24.92884
          ],
          [
            121.812305,
            24.928953
          ],
          [
            121.812388,
            24.929031
          ],
          [
            121.812455,
            24.929068
          ],
          [
            121.812535,
            24.929077
          ],
          [
            121.812733,
            24.929064
          ],
          [
            121.812917,
            24.929144
          ],
          [
            121.813064,
            24.929186
          ],
          [
            121.813237,
            24.929189
          ],
          [
            121.813314,
            24.929132
          ],
          [
            121.813383,
            24.929013
          ],
          [
            121.813701,
            24.928838
          ],
          [
            121.81379,
            24.928836
          ],
          [
            121.813986,
            24.928882
          ],
          [
            121.814124,
            24.928897
          ],
          [
            121.814707,
            24.929116
          ],
          [
            121.814849,
            24.92915
          ],
          [
            121.814989,
            24.929164
          ],
          [
            121.815045,
            24.929155
          ],
          [
            121.815043,
            24.928945
          ],
          [
            121.815055,
            24.928817
          ],
          [
            121.815184,
            24.928274
          ],
          [
            121.815436,
            24.927508
          ],
          [
            121.815514,
            24.927285
          ],
          [
            121.815565,
            24.927208
          ],
          [
            121.815635,
            24.927144
          ],
          [
            121.815728,
            24.927098
          ],
          [
            121.815904,
            24.92708
          ],
          [
            121.816172,
            24.927077
          ],
          [
            121.816287,
            24.927109
          ],
          [
            121.816362,
            24.927129
          ],
          [
            121.816522,
            24.92707
          ],
          [
            121.81656,
            24.927069
          ],
          [
            121.816597,
            24.927079
          ],
          [
            121.816635,
            24.927121
          ],
          [
            121.816624,
            24.92726
          ],
          [
            121.816639,
            24.927323
          ],
          [
            121.816701,
            24.927364
          ],
          [
            121.8168,
            24.92742
          ],
          [
            121.816896,
            24.927498
          ],
          [
            121.81724,
            24.927851
          ],
          [
            121.817267,
            24.927864
          ],
          [
            121.817327,
            24.927857
          ],
          [
            121.817354,
            24.927826
          ],
          [
            121.817397,
            24.927561
          ],
          [
            121.817479,
            24.927311
          ],
          [
            121.817485,
            24.927206
          ],
          [
            121.817424,
            24.927068
          ],
          [
            121.817441,
            24.926963
          ],
          [
            121.817526,
            24.926681
          ],
          [
            121.817549,
            24.926609
          ],
          [
            121.817616,
            24.926553
          ],
          [
            121.8177,
            24.92655
          ],
          [
            121.817736,
            24.926577
          ],
          [
            121.817762,
            24.926631
          ],
          [
            121.817795,
            24.926709
          ],
          [
            121.817853,
            24.926742
          ],
          [
            121.817891,
            24.926736
          ],
          [
            121.817953,
            24.926705
          ],
          [
            121.818073,
            24.926541
          ],
          [
            121.818301,
            24.92627
          ],
          [
            121.818439,
            24.925887
          ],
          [
            121.818586,
            24.925581
          ],
          [
            121.818619,
            24.925494
          ],
          [
            121.818632,
            24.925429
          ],
          [
            121.818543,
            24.925334
          ],
          [
            121.818498,
            24.925245
          ],
          [
            121.818488,
            24.925163
          ],
          [
            121.81852,
            24.925087
          ],
          [
            121.818602,
            24.925039
          ],
          [
            121.818738,
            24.925032
          ],
          [
            121.818905,
            24.925005
          ],
          [
            121.818999,
            24.924949
          ],
          [
            121.819057,
            24.924937
          ],
          [
            121.819129,
            24.924972
          ],
          [
            121.819278,
            24.92511
          ],
          [
            121.819484,
            24.925178
          ],
          [
            121.81961,
            24.92518
          ],
          [
            121.819669,
            24.925159
          ],
          [
            121.819746,
            24.925129
          ],
          [
            121.819818,
            24.925103
          ],
          [
            121.819886,
            24.925024
          ],
          [
            121.819884,
            24.924956
          ],
          [
            121.819878,
            24.924902
          ],
          [
            121.819837,
            24.924806
          ],
          [
            121.819846,
            24.92473
          ],
          [
            121.819908,
            24.924698
          ],
          [
            121.819984,
            24.924699
          ],
          [
            121.820086,
            24.924708
          ],
          [
            121.820156,
            24.924759
          ],
          [
            121.820227,
            24.924832
          ],
          [
            121.820325,
            24.925113
          ],
          [
            121.820344,
            24.92525
          ],
          [
            121.820311,
            24.925342
          ],
          [
            121.820048,
            24.925514
          ],
          [
            121.819991,
            24.925596
          ],
          [
            121.819946,
            24.92577
          ],
          [
            121.819993,
            24.925906
          ],
          [
            121.820326,
            24.926317
          ],
          [
            121.820474,
            24.926465
          ],
          [
            121.82057,
            24.926674
          ],
          [
            121.820613,
            24.926731
          ],
          [
            121.820685,
            24.926761
          ],
          [
            121.8208,
            24.926753
          ],
          [
            121.820953,
            24.926701
          ],
          [
            121.821018,
            24.926698
          ],
          [
            121.82106,
            24.926704
          ],
          [
            121.821111,
            24.926742
          ],
          [
            121.821142,
            24.926869
          ],
          [
            121.821159,
            24.926966
          ],
          [
            121.821213,
            24.927056
          ],
          [
            121.821351,
            24.927131
          ],
          [
            121.821518,
            24.927217
          ],
          [
            121.821639,
            24.927313
          ],
          [
            121.821669,
            24.927337
          ],
          [
            121.821784,
            24.927435
          ],
          [
            121.822156,
            24.927629
          ],
          [
            121.822273,
            24.927655
          ],
          [
            121.822404,
            24.927673
          ],
          [
            121.822528,
            24.927639
          ],
          [
            121.822654,
            24.927495
          ],
          [
            121.822692,
            24.927445
          ],
          [
            121.82277,
            24.927421
          ],
          [
            121.822825,
            24.927436
          ],
          [
            121.82286,
            24.927476
          ],
          [
            121.822928,
            24.927664
          ],
          [
            121.823137,
            24.92786
          ],
          [
            121.823208,
            24.927914
          ],
          [
            121.823413,
            24.927971
          ],
          [
            121.82353,
            24.927978
          ],
          [
            121.823586,
            24.92796
          ],
          [
            121.823661,
            24.927906
          ],
          [
            121.823729,
            24.92775
          ],
          [
            121.823758,
            24.927697
          ],
          [
            121.823814,
            24.927675
          ],
          [
            121.823883,
            24.927686
          ],
          [
            121.823969,
            24.927744
          ],
          [
            121.82412,
            24.92796
          ],
          [
            121.824175,
            24.928012
          ],
          [
            121.824206,
            24.928025
          ],
          [
            121.824241,
            24.928022
          ],
          [
            121.824277,
            24.928
          ],
          [
            121.824301,
            24.927967
          ],
          [
            121.82434,
            24.927775
          ],
          [
            121.824385,
            24.927637
          ],
          [
            121.82441,
            24.927592
          ],
          [
            121.824453,
            24.927571
          ],
          [
            121.824512,
            24.927574
          ],
          [
            121.824638,
            24.927622
          ],
          [
            121.824726,
            24.927607
          ],
          [
            121.824833,
            24.927511
          ],
          [
            121.824875,
            24.927493
          ],
          [
            121.824916,
            24.927492
          ],
          [
            121.824963,
            24.927516
          ],
          [
            121.825034,
            24.927605
          ],
          [
            121.825184,
            24.92767
          ],
          [
            121.825332,
            24.927687
          ],
          [
            121.825573,
            24.927643
          ],
          [
            121.825672,
            24.927641
          ],
          [
            121.825722,
            24.927683
          ],
          [
            121.825765,
            24.927773
          ],
          [
            121.825819,
            24.927803
          ],
          [
            121.826034,
            24.9278
          ],
          [
            121.826176,
            24.927805
          ],
          [
            121.826324,
            24.927916
          ],
          [
            121.826479,
            24.927921
          ],
          [
            121.826535,
            24.927946
          ],
          [
            121.826571,
            24.927989
          ],
          [
            121.82662,
            24.928108
          ],
          [
            121.826634,
            24.928183
          ],
          [
            121.8267,
            24.92826
          ],
          [
            121.826876,
            24.928319
          ],
          [
            121.827017,
            24.928412
          ],
          [
            121.827226,
            24.928575
          ],
          [
            121.827395,
            24.928638
          ],
          [
            121.827442,
            24.928745
          ],
          [
            121.827498,
            24.928812
          ],
          [
            121.827593,
            24.92883
          ],
          [
            121.827653,
            24.928859
          ],
          [
            121.827682,
            24.928891
          ],
          [
            121.827685,
            24.92894
          ],
          [
            121.827617,
            24.929083
          ],
          [
            121.827629,
            24.929159
          ],
          [
            121.82765,
            24.92918
          ],
          [
            121.827736,
            24.929225
          ],
          [
            121.827945,
            24.929263
          ],
          [
            121.827995,
            24.929274
          ],
          [
            121.828028,
            24.929305
          ],
          [
            121.828074,
            24.929408
          ],
          [
            121.828109,
            24.929504
          ],
          [
            121.828256,
            24.929604
          ],
          [
            121.828319,
            24.929715
          ],
          [
            121.828394,
            24.929769
          ],
          [
            121.828451,
            24.929771
          ],
          [
            121.828508,
            24.929738
          ],
          [
            121.828615,
            24.929661
          ],
          [
            121.828699,
            24.929653
          ],
          [
            121.828766,
            24.929695
          ],
          [
            121.828787,
            24.929717
          ],
          [
            121.828868,
            24.929879
          ],
          [
            121.828852,
            24.929953
          ],
          [
            121.828744,
            24.93021
          ],
          [
            121.828714,
            24.930355
          ],
          [
            121.828659,
            24.93053
          ],
          [
            121.828665,
            24.930608
          ],
          [
            121.828716,
            24.93065
          ],
          [
            121.828792,
            24.930664
          ],
          [
            121.828854,
            24.930641
          ],
          [
            121.828907,
            24.930601
          ],
          [
            121.829008,
            24.930486
          ],
          [
            121.829053,
            24.930457
          ],
          [
            121.829111,
            24.93047
          ],
          [
            121.82914,
            24.930496
          ],
          [
            121.829168,
            24.930554
          ],
          [
            121.829211,
            24.930599
          ],
          [
            121.829265,
            24.930614
          ],
          [
            121.829333,
            24.930614
          ],
          [
            121.829384,
            24.930598
          ],
          [
            121.829534,
            24.930536
          ],
          [
            121.829695,
            24.930499
          ],
          [
            121.829749,
            24.930459
          ],
          [
            121.829777,
            24.930412
          ],
          [
            121.82978,
            24.930291
          ],
          [
            121.829739,
            24.930176
          ],
          [
            121.829738,
            24.9301
          ],
          [
            121.829774,
            24.930017
          ],
          [
            121.829879,
            24.929893
          ],
          [
            121.830109,
            24.929784
          ],
          [
            121.830194,
            24.929758
          ],
          [
            121.830327,
            24.929722
          ],
          [
            121.830395,
            24.929683
          ],
          [
            121.830499,
            24.929567
          ],
          [
            121.830579,
            24.929533
          ],
          [
            121.830787,
            24.929512
          ],
          [
            121.830939,
            24.92947
          ],
          [
            121.830981,
            24.929512
          ],
          [
            121.830981,
            24.929512
          ],
          [
            121.830966,
            24.929568
          ],
          [
            121.830893,
            24.929621
          ],
          [
            121.83074,
            24.929717
          ],
          [
            121.830574,
            24.929737
          ],
          [
            121.830515,
            24.929802
          ],
          [
            121.830504,
            24.929867
          ],
          [
            121.830504,
            24.93006
          ],
          [
            121.83045,
            24.930376
          ],
          [
            121.830455,
            24.93043
          ],
          [
            121.830478,
            24.930486
          ],
          [
            121.830544,
            24.930519
          ],
          [
            121.830608,
            24.930517
          ],
          [
            121.830752,
            24.930533
          ],
          [
            121.83082,
            24.930571
          ],
          [
            121.831058,
            24.930814
          ],
          [
            121.831533,
            24.931179
          ],
          [
            121.831696,
            24.931293
          ],
          [
            121.83175,
            24.9315
          ],
          [
            121.831871,
            24.931614
          ],
          [
            121.831911,
            24.931709
          ],
          [
            121.831923,
            24.931885
          ],
          [
            121.83187,
            24.932096
          ],
          [
            121.831846,
            24.932222
          ],
          [
            121.83184,
            24.932308
          ],
          [
            121.831872,
            24.932413
          ],
          [
            121.831932,
            24.932495
          ],
          [
            121.831993,
            24.932547
          ],
          [
            121.83207,
            24.932592
          ],
          [
            121.832241,
            24.932653
          ],
          [
            121.83237,
            24.93267
          ],
          [
            121.832516,
            24.932613
          ],
          [
            121.832598,
            24.932588
          ],
          [
            121.832675,
            24.932596
          ],
          [
            121.832876,
            24.932644
          ],
          [
            121.833426,
            24.932769
          ],
          [
            121.83357,
            24.932862
          ],
          [
            121.83379,
            24.93307
          ],
          [
            121.834,
            24.933344
          ],
          [
            121.834185,
            24.933492
          ],
          [
            121.83436,
            24.933625
          ],
          [
            121.834415,
            24.933696
          ],
          [
            121.834443,
            24.933862
          ],
          [
            121.834556,
            24.933994
          ],
          [
            121.83488,
            24.934372
          ],
          [
            121.83506,
            24.934698
          ],
          [
            121.835085,
            24.934788
          ],
          [
            121.834958,
            24.935099
          ],
          [
            121.834917,
            24.935138
          ],
          [
            121.83486,
            24.935167
          ],
          [
            121.834495,
            24.935262
          ],
          [
            121.834434,
            24.935299
          ],
          [
            121.834396,
            24.935383
          ],
          [
            121.834368,
            24.935532
          ],
          [
            121.834324,
            24.935664
          ],
          [
            121.834362,
            24.935967
          ],
          [
            121.834374,
            24.936217
          ],
          [
            121.834346,
            24.936385
          ],
          [
            121.834485,
            24.936733
          ],
          [
            121.834487,
            24.936794
          ],
          [
            121.83445,
            24.936834
          ],
          [
            121.834209,
            24.93693
          ],
          [
            121.834013,
            24.937047
          ],
          [
            121.833932,
            24.937115
          ],
          [
            121.833927,
            24.937185
          ],
          [
            121.833957,
            24.937315
          ],
          [
            121.833979,
            24.93739
          ],
          [
            121.833981,
            24.93748
          ],
          [
            121.833918,
            24.937578
          ],
          [
            121.833846,
            24.937633
          ],
          [
            121.833849,
            24.937695
          ],
          [
            121.83388,
            24.937759
          ],
          [
            121.83391,
            24.93786
          ],
          [
            121.83393,
            24.937998
          ],
          [
            121.833913,
            24.938089
          ],
          [
            121.833828,
            24.938279
          ],
          [
            121.833815,
            24.938386
          ],
          [
            121.83387,
            24.938473
          ],
          [
            121.83422,
            24.938935
          ],
          [
            121.834251,
            24.939067
          ],
          [
            121.834263,
            24.939165
          ],
          [
            121.834239,
            24.939296
          ],
          [
            121.833947,
            24.939797
          ],
          [
            121.83387,
            24.939892
          ],
          [
            121.833797,
            24.939927
          ],
          [
            121.833696,
            24.939918
          ],
          [
            121.833604,
            24.939879
          ],
          [
            121.833458,
            24.939772
          ],
          [
            121.833376,
            24.939744
          ],
          [
            121.833272,
            24.939759
          ],
          [
            121.833193,
            24.939834
          ],
          [
            121.833126,
            24.93994
          ],
          [
            121.832935,
            24.940065
          ],
          [
            121.832755,
            24.940146
          ],
          [
            121.832592,
            24.940219
          ],
          [
            121.831915,
            24.940695
          ],
          [
            121.8318,
            24.940809
          ],
          [
            121.831716,
            24.940945
          ],
          [
            121.831616,
            24.940988
          ],
          [
            121.831526,
            24.94099
          ],
          [
            121.83139,
            24.940952
          ],
          [
            121.83126,
            24.940948
          ],
          [
            121.831022,
            24.941054
          ],
          [
            121.830927,
            24.94112
          ],
          [
            121.830847,
            24.9412
          ],
          [
            121.830757,
            24.941325
          ],
          [
            121.83071,
            24.941544
          ],
          [
            121.830598,
            24.941926
          ],
          [
            121.830495,
            24.942091
          ],
          [
            121.830321,
            24.942323
          ],
          [
            121.830142,
            24.942558
          ],
          [
            121.830067,
            24.942691
          ],
          [
            121.830042,
            24.942822
          ],
          [
            121.830003,
            24.943206
          ],
          [
            121.829956,
            24.943306
          ],
          [
            121.82991,
            24.943382
          ],
          [
            121.829706,
            24.943684
          ],
          [
            121.829413,
            24.94411
          ],
          [
            121.829363,
            24.944228
          ],
          [
            121.829344,
            24.944332
          ],
          [
            121.829364,
            24.944545
          ],
          [
            121.829389,
            24.94474
          ],
          [
            121.829389,
            24.944893
          ],
          [
            121.829346,
            24.945083
          ],
          [
            121.829328,
            24.945163
          ],
          [
            121.82932,
            24.945232
          ],
          [
            121.829315,
            24.945323
          ],
          [
            121.829312,
            24.945399
          ],
          [
            121.82931,
            24.945565
          ],
          [
            121.829349,
            24.945683
          ],
          [
            121.829426,
            24.945889
          ],
          [
            121.829413,
            24.946044
          ],
          [
            121.829386,
            24.946126
          ],
          [
            121.829232,
            24.946344
          ],
          [
            121.829169,
            24.946374
          ],
          [
            121.8291,
            24.946368
          ],
          [
            121.829038,
            24.946347
          ],
          [
            121.828864,
            24.946284
          ],
          [
            121.828782,
            24.946292
          ],
          [
            121.828716,
            24.946334
          ],
          [
            121.828656,
            24.946415
          ],
          [
            121.828459,
            24.946962
          ],
          [
            121.828449,
            24.947111
          ],
          [
            121.828493,
            24.947277
          ],
          [
            121.82848,
            24.947358
          ],
          [
            121.828469,
            24.947389
          ],
          [
            121.828377,
            24.947539
          ],
          [
            121.828245,
            24.947666
          ],
          [
            121.82806,
            24.9479
          ],
          [
            121.827662,
            24.948243
          ],
          [
            121.827249,
            24.948585
          ],
          [
            121.827115,
            24.948743
          ],
          [
            121.82705,
            24.948825
          ],
          [
            121.827024,
            24.948881
          ],
          [
            121.827011,
            24.948976
          ],
          [
            121.827054,
            24.949056
          ],
          [
            121.827376,
            24.949268
          ],
          [
            121.827408,
            24.949332
          ],
          [
            121.827403,
            24.94939
          ],
          [
            121.827378,
            24.949453
          ],
          [
            121.827319,
            24.949528
          ],
          [
            121.826873,
            24.949908
          ],
          [
            121.826684,
            24.950111
          ],
          [
            121.826468,
            24.950425
          ],
          [
            121.826233,
            24.950775
          ],
          [
            121.826191,
            24.950867
          ],
          [
            121.82614,
            24.950991
          ],
          [
            121.82611,
            24.951138
          ],
          [
            121.826083,
            24.951313
          ],
          [
            121.826079,
            24.951493
          ],
          [
            121.826134,
            24.951732
          ],
          [
            121.826142,
            24.95183
          ],
          [
            121.826093,
            24.95195
          ],
          [
            121.825924,
            24.95232
          ],
          [
            121.825764,
            24.952726
          ],
          [
            121.82576,
            24.95274
          ],
          [
            121.825688,
            24.953002
          ],
          [
            121.825669,
            24.953153
          ],
          [
            121.825669,
            24.953318
          ],
          [
            121.825724,
            24.953719
          ],
          [
            121.82577,
            24.954039
          ],
          [
            121.825788,
            24.954229
          ],
          [
            121.825791,
            24.954364
          ],
          [
            121.825733,
            24.954464
          ],
          [
            121.825664,
            24.954588
          ],
          [
            121.825189,
            24.955188
          ],
          [
            121.825092,
            24.955251
          ],
          [
            121.824993,
            24.955256
          ],
          [
            121.824892,
            24.955232
          ],
          [
            121.824728,
            24.955189
          ],
          [
            121.824597,
            24.955138
          ],
          [
            121.824467,
            24.955139
          ],
          [
            121.824343,
            24.955207
          ],
          [
            121.824288,
            24.955297
          ],
          [
            121.82428,
            24.955349
          ],
          [
            121.824292,
            24.955411
          ],
          [
            121.824312,
            24.955476
          ],
          [
            121.824341,
            24.955547
          ],
          [
            121.82441,
            24.95562
          ],
          [
            121.824562,
            24.955753
          ],
          [
            121.824631,
            24.95585
          ],
          [
            121.824639,
            24.955935
          ],
          [
            121.824621,
            24.956005
          ],
          [
            121.824564,
            24.956085
          ],
          [
            121.824506,
            24.956136
          ],
          [
            121.824253,
            24.956182
          ],
          [
            121.82397,
            24.956233
          ],
          [
            121.823854,
            24.956255
          ],
          [
            121.823755,
            24.956277
          ],
          [
            121.823662,
            24.956326
          ],
          [
            121.823505,
            24.956441
          ],
          [
            121.823438,
            24.956533
          ],
          [
            121.823429,
            24.956635
          ],
          [
            121.823401,
            24.956818
          ],
          [
            121.823325,
            24.956962
          ],
          [
            121.823243,
            24.957082
          ],
          [
            121.823016,
            24.957333
          ],
          [
            121.822965,
            24.957412
          ],
          [
            121.822919,
            24.957541
          ],
          [
            121.822886,
            24.957933
          ],
          [
            121.822836,
            24.958152
          ],
          [
            121.822755,
            24.958257
          ],
          [
            121.822234,
            24.958583
          ],
          [
            121.821929,
            24.958957
          ],
          [
            121.821624,
            24.959454
          ],
          [
            121.82156,
            24.959494
          ],
          [
            121.821318,
            24.959553
          ],
          [
            121.821239,
            24.959605
          ],
          [
            121.821202,
            24.95976
          ],
          [
            121.820819,
            24.96066
          ],
          [
            121.820706,
            24.960863
          ],
          [
            121.820669,
            24.960975
          ],
          [
            121.82068,
            24.961061
          ],
          [
            121.820706,
            24.961123
          ],
          [
            121.82087,
            24.96137
          ],
          [
            121.820919,
            24.961441
          ],
          [
            121.820925,
            24.961513
          ],
          [
            121.820891,
            24.961573
          ],
          [
            121.82059,
            24.961817
          ],
          [
            121.820513,
            24.961835
          ],
          [
            121.820427,
            24.961803
          ],
          [
            121.820309,
            24.961756
          ],
          [
            121.820228,
            24.961721
          ],
          [
            121.820129,
            24.961702
          ],
          [
            121.820058,
            24.961707
          ],
          [
            121.819947,
            24.961802
          ],
          [
            121.819845,
            24.961919
          ],
          [
            121.819827,
            24.961977
          ],
          [
            121.81985,
            24.962311
          ],
          [
            121.819838,
            24.962425
          ],
          [
            121.81979,
            24.962564
          ],
          [
            121.819696,
            24.963046
          ],
          [
            121.81966,
            24.963169
          ],
          [
            121.819564,
            24.963343
          ],
          [
            121.819481,
            24.963535
          ],
          [
            121.819468,
            24.96372
          ],
          [
            121.819464,
            24.964088
          ],
          [
            121.819437,
            24.964176
          ],
          [
            121.819368,
            24.964264
          ],
          [
            121.819129,
            24.964491
          ],
          [
            121.818883,
            24.964746
          ],
          [
            121.818785,
            24.964895
          ],
          [
            121.818735,
            24.965049
          ],
          [
            121.818736,
            24.965202
          ],
          [
            121.818785,
            24.965457
          ],
          [
            121.818876,
            24.965656
          ],
          [
            121.819022,
            24.965803
          ],
          [
            121.819164,
            24.965869
          ],
          [
            121.81941,
            24.965867
          ],
          [
            121.819633,
            24.96588
          ],
          [
            121.819704,
            24.965962
          ],
          [
            121.819737,
            24.966063
          ],
          [
            121.819775,
            24.966135
          ],
          [
            121.819962,
            24.966379
          ],
          [
            121.820147,
            24.966476
          ],
          [
            121.820386,
            24.966519
          ],
          [
            121.820437,
            24.966548
          ],
          [
            121.820517,
            24.966593
          ],
          [
            121.820605,
            24.966719
          ],
          [
            121.820653,
            24.966899
          ],
          [
            121.820651,
            24.967086
          ],
          [
            121.820614,
            24.967318
          ],
          [
            121.820636,
            24.967426
          ],
          [
            121.820556,
            24.967647
          ],
          [
            121.820553,
            24.967701
          ],
          [
            121.82059,
            24.967734
          ],
          [
            121.820657,
            24.967763
          ],
          [
            121.820717,
            24.967787
          ],
          [
            121.820845,
            24.967868
          ],
          [
            121.820951,
            24.967902
          ],
          [
            121.821042,
            24.967888
          ],
          [
            121.821124,
            24.967828
          ],
          [
            121.821194,
            24.967808
          ],
          [
            121.821239,
            24.967813
          ],
          [
            121.821339,
            24.967823
          ],
          [
            121.821465,
            24.967843
          ],
          [
            121.821579,
            24.967853
          ],
          [
            121.821642,
            24.967829
          ],
          [
            121.821704,
            24.967777
          ],
          [
            121.821772,
            24.96774
          ],
          [
            121.821852,
            24.967749
          ],
          [
            121.821878,
            24.967783
          ],
          [
            121.821878,
            24.967847
          ],
          [
            121.8218,
            24.96799
          ],
          [
            121.821776,
            24.968076
          ],
          [
            121.821746,
            24.96828
          ],
          [
            121.82171,
            24.9684
          ],
          [
            121.821676,
            24.968464
          ],
          [
            121.82158,
            24.968509
          ],
          [
            121.821464,
            24.968559
          ],
          [
            121.821422,
            24.968622
          ],
          [
            121.82133,
            24.968864
          ],
          [
            121.821317,
            24.968973
          ],
          [
            121.821422,
            24.969072
          ],
          [
            121.821828,
            24.969394
          ],
          [
            121.822052,
            24.969533
          ],
          [
            121.822359,
            24.969646
          ],
          [
            121.822503,
            24.96966
          ],
          [
            121.822768,
            24.969751
          ],
          [
            121.822942,
            24.969802
          ],
          [
            121.823096,
            24.96982
          ],
          [
            121.823309,
            24.969788
          ],
          [
            121.823421,
            24.969804
          ],
          [
            121.823683,
            24.969876
          ],
          [
            121.823747,
            24.969876
          ],
          [
            121.823867,
            24.969839
          ],
          [
            121.823982,
            24.969761
          ],
          [
            121.824189,
            24.969532
          ],
          [
            121.824305,
            24.969436
          ],
          [
            121.824477,
            24.969443
          ],
          [
            121.824714,
            24.969552
          ],
          [
            121.825497,
            24.969989
          ],
          [
            121.825678,
            24.970136
          ],
          [
            121.825982,
            24.970377
          ],
          [
            121.826116,
            24.970515
          ],
          [
            121.826167,
            24.970658
          ],
          [
            121.826259,
            24.971019
          ],
          [
            121.826307,
            24.971289
          ],
          [
            121.826271,
            24.97143
          ],
          [
            121.826217,
            24.971509
          ],
          [
            121.826112,
            24.971624
          ],
          [
            121.826076,
            24.971672
          ],
          [
            121.826063,
            24.971743
          ],
          [
            121.826052,
            24.971803
          ],
          [
            121.826073,
            24.97185
          ],
          [
            121.826106,
            24.971919
          ],
          [
            121.826198,
            24.97209
          ],
          [
            121.826344,
            24.972219
          ],
          [
            121.826487,
            24.972272
          ],
          [
            121.826634,
            24.972284
          ],
          [
            121.826784,
            24.972263
          ],
          [
            121.827013,
            24.972151
          ],
          [
            121.827131,
            24.972123
          ],
          [
            121.82735,
            24.972155
          ],
          [
            121.827453,
            24.972182
          ],
          [
            121.827527,
            24.972192
          ],
          [
            121.827612,
            24.972341
          ],
          [
            121.827639,
            24.972473
          ],
          [
            121.827629,
            24.972622
          ],
          [
            121.827714,
            24.972783
          ],
          [
            121.827864,
            24.973093
          ],
          [
            121.827964,
            24.97353
          ],
          [
            121.827999,
            24.973693
          ],
          [
            121.828009,
            24.973742
          ],
          [
            121.828018,
            24.974056
          ],
          [
            121.828009,
            24.974212
          ],
          [
            121.827951,
            24.974322
          ],
          [
            121.827793,
            24.974468
          ],
          [
            121.827704,
            24.974667
          ],
          [
            121.827644,
            24.974859
          ],
          [
            121.827645,
            24.97502
          ],
          [
            121.827689,
            24.975115
          ],
          [
            121.827807,
            24.975164
          ],
          [
            121.828034,
            24.975201
          ],
          [
            121.828288,
            24.975219
          ],
          [
            121.828372,
            24.975253
          ],
          [
            121.828509,
            24.975367
          ],
          [
            121.828633,
            24.975475
          ],
          [
            121.828847,
            24.975671
          ],
          [
            121.828993,
            24.975956
          ],
          [
            121.829039,
            24.976023
          ],
          [
            121.82921,
            24.976129
          ],
          [
            121.829405,
            24.97621
          ],
          [
            121.829609,
            24.976244
          ],
          [
            121.829733,
            24.976278
          ],
          [
            121.829814,
            24.976417
          ],
          [
            121.829827,
            24.976499
          ],
          [
            121.829817,
            24.976579
          ],
          [
            121.829762,
            24.976656
          ],
          [
            121.829734,
            24.976716
          ],
          [
            121.829715,
            24.976755
          ],
          [
            121.829705,
            24.97688
          ],
          [
            121.829733,
            24.977019
          ],
          [
            121.829762,
            24.977127
          ],
          [
            121.829843,
            24.977207
          ],
          [
            121.830009,
            24.977278
          ],
          [
            121.830175,
            24.977328
          ],
          [
            121.83047,
            24.97739
          ],
          [
            121.83072,
            24.977443
          ],
          [
            121.830964,
            24.977544
          ],
          [
            121.831138,
            24.977646
          ],
          [
            121.831167,
            24.97768
          ],
          [
            121.831597,
            24.978176
          ],
          [
            121.8316,
            24.97818
          ],
          [
            121.831657,
            24.978246
          ],
          [
            121.831682,
            24.978274
          ],
          [
            121.832133,
            24.978874
          ],
          [
            121.832297,
            24.979037
          ],
          [
            121.832404,
            24.979157
          ],
          [
            121.832996,
            24.979519
          ],
          [
            121.833376,
            24.979741
          ],
          [
            121.833621,
            24.979801
          ],
          [
            121.833744,
            24.9798
          ],
          [
            121.834185,
            24.979733
          ],
          [
            121.834366,
            24.979692
          ],
          [
            121.834495,
            24.979692
          ],
          [
            121.834571,
            24.979703
          ],
          [
            121.834661,
            24.979737
          ],
          [
            121.834714,
            24.979794
          ],
          [
            121.834729,
            24.979826
          ],
          [
            121.834739,
            24.979873
          ],
          [
            121.834769,
            24.980208
          ],
          [
            121.834799,
            24.980272
          ],
          [
            121.834893,
            24.980356
          ],
          [
            121.834957,
            24.980384
          ],
          [
            121.835233,
            24.980447
          ],
          [
            121.835771,
            24.980638
          ],
          [
            121.83632,
            24.980774
          ],
          [
            121.836422,
            24.980781
          ],
          [
            121.836528,
            24.980775
          ],
          [
            121.836653,
            24.980732
          ],
          [
            121.836772,
            24.980634
          ],
          [
            121.836827,
            24.98057
          ],
          [
            121.83693,
            24.980462
          ],
          [
            121.837003,
            24.980338
          ],
          [
            121.837177,
            24.980142
          ],
          [
            121.837349,
            24.980035
          ],
          [
            121.837453,
            24.979913
          ],
          [
            121.837628,
            24.979777
          ],
          [
            121.837671,
            24.979734
          ],
          [
            121.837755,
            24.979695
          ],
          [
            121.837852,
            24.979704
          ],
          [
            121.837998,
            24.979767
          ],
          [
            121.83854,
            24.98027
          ],
          [
            121.838544,
            24.980274
          ],
          [
            121.838706,
            24.980409
          ],
          [
            121.83871,
            24.980413
          ],
          [
            121.838839,
            24.980508
          ],
          [
            121.838957,
            24.980606
          ],
          [
            121.839053,
            24.980665
          ],
          [
            121.839075,
            24.980674
          ],
          [
            121.839188,
            24.980723
          ],
          [
            121.839433,
            24.98077
          ],
          [
            121.839603,
            24.980827
          ],
          [
            121.839814,
            24.980989
          ],
          [
            121.840086,
            24.981158
          ],
          [
            121.84038,
            24.981287
          ],
          [
            121.840565,
            24.981418
          ],
          [
            121.840664,
            24.981477
          ],
          [
            121.840733,
            24.981489
          ],
          [
            121.84079,
            24.981471
          ],
          [
            121.840846,
            24.981431
          ],
          [
            121.840899,
            24.981363
          ],
          [
            121.840988,
            24.981193
          ],
          [
            121.841067,
            24.981132
          ],
          [
            121.84118,
            24.981144
          ],
          [
            121.84126,
            24.981194
          ],
          [
            121.841317,
            24.981265
          ],
          [
            121.841426,
            24.981422
          ],
          [
            121.841513,
            24.981508
          ],
          [
            121.841608,
            24.981557
          ],
          [
            121.841716,
            24.981588
          ],
          [
            121.84201,
            24.98158
          ],
          [
            121.842286,
            24.981566
          ],
          [
            121.842929,
            24.981525
          ],
          [
            121.843034,
            24.981513
          ],
          [
            121.843423,
            24.981467
          ],
          [
            121.844168,
            24.981457
          ],
          [
            121.844282,
            24.981469
          ],
          [
            121.844455,
            24.981546
          ],
          [
            121.84465,
            24.981658
          ],
          [
            121.84473,
            24.981757
          ],
          [
            121.844758,
            24.981887
          ],
          [
            121.844853,
            24.98203
          ],
          [
            121.844997,
            24.982188
          ],
          [
            121.845104,
            24.982278
          ],
          [
            121.845241,
            24.982343
          ],
          [
            121.84536,
            24.982355
          ],
          [
            121.84554,
            24.982312
          ],
          [
            121.84557,
            24.982312
          ],
          [
            121.845756,
            24.98231
          ],
          [
            121.845884,
            24.982351
          ],
          [
            121.845984,
            24.98241
          ],
          [
            121.846048,
            24.982486
          ],
          [
            121.846087,
            24.982581
          ],
          [
            121.846112,
            24.982679
          ],
          [
            121.846195,
            24.982845
          ],
          [
            121.846407,
            24.983051
          ],
          [
            121.846641,
            24.983356
          ],
          [
            121.846697,
            24.983513
          ],
          [
            121.846738,
            24.983863
          ],
          [
            121.846737,
            24.984185
          ],
          [
            121.8467,
            24.984315
          ],
          [
            121.846656,
            24.984376
          ],
          [
            121.846471,
            24.984437
          ],
          [
            121.846065,
            24.984533
          ],
          [
            121.846008,
            24.984578
          ],
          [
            121.845959,
            24.984625
          ],
          [
            121.845891,
            24.984782
          ],
          [
            121.845807,
            24.98495
          ],
          [
            121.845629,
            24.985635
          ],
          [
            121.845613,
            24.985699
          ],
          [
            121.845586,
            24.985807
          ],
          [
            121.845585,
            24.985822
          ],
          [
            121.845577,
            24.985902
          ],
          [
            121.845533,
            24.986376
          ],
          [
            121.845501,
            24.98653
          ],
          [
            121.845474,
            24.986634
          ],
          [
            121.845434,
            24.986713
          ],
          [
            121.845352,
            24.986793
          ],
          [
            121.844897,
            24.987128
          ],
          [
            121.844809,
            24.987205
          ],
          [
            121.84479,
            24.987294
          ],
          [
            121.844809,
            24.987376
          ],
          [
            121.844838,
            24.987445
          ],
          [
            121.844899,
            24.987534
          ],
          [
            121.844982,
            24.987572
          ],
          [
            121.845164,
            24.987597
          ],
          [
            121.845291,
            24.987639
          ],
          [
            121.845327,
            24.987694
          ],
          [
            121.845356,
            24.987749
          ],
          [
            121.845378,
            24.987829
          ],
          [
            121.845377,
            24.987968
          ],
          [
            121.845344,
            24.988135
          ],
          [
            121.845275,
            24.988514
          ],
          [
            121.845277,
            24.988683
          ],
          [
            121.845298,
            24.988779
          ],
          [
            121.84532,
            24.988836
          ],
          [
            121.84535,
            24.988891
          ],
          [
            121.845403,
            24.988934
          ],
          [
            121.845689,
            24.989058
          ],
          [
            121.846224,
            24.98925
          ],
          [
            121.846327,
            24.989316
          ],
          [
            121.846387,
            24.989352
          ],
          [
            121.84654,
            24.989505
          ],
          [
            121.846661,
            24.989656
          ],
          [
            121.846995,
            24.989933
          ],
          [
            121.847071,
            24.99001
          ],
          [
            121.847147,
            24.990118
          ],
          [
            121.847198,
            24.99026
          ],
          [
            121.847237,
            24.990407
          ],
          [
            121.847278,
            24.990673
          ],
          [
            121.847272,
            24.991095
          ],
          [
            121.847286,
            24.991133
          ],
          [
            121.847334,
            24.991178
          ],
          [
            121.847378,
            24.991189
          ],
          [
            121.847417,
            24.991176
          ],
          [
            121.847445,
            24.991157
          ],
          [
            121.847461,
            24.991107
          ],
          [
            121.847498,
            24.990941
          ],
          [
            121.847548,
            24.990776
          ],
          [
            121.847646,
            24.990629
          ],
          [
            121.847741,
            24.99051
          ],
          [
            121.847866,
            24.990396
          ],
          [
            121.847956,
            24.990351
          ],
          [
            121.848019,
            24.990363
          ],
          [
            121.848059,
            24.990403
          ],
          [
            121.848066,
            24.990464
          ],
          [
            121.848029,
            24.990569
          ],
          [
            121.848019,
            24.99068
          ],
          [
            121.848055,
            24.990787
          ],
          [
            121.84811,
            24.990896
          ],
          [
            121.848119,
            24.990967
          ],
          [
            121.848068,
            24.99103
          ],
          [
            121.847854,
            24.991209
          ],
          [
            121.847806,
            24.991307
          ],
          [
            121.847767,
            24.991375
          ],
          [
            121.84776,
            24.991491
          ],
          [
            121.847816,
            24.991684
          ],
          [
            121.847829,
            24.991813
          ],
          [
            121.847811,
            24.991928
          ],
          [
            121.847758,
            24.992045
          ],
          [
            121.847685,
            24.99216
          ],
          [
            121.847595,
            24.992349
          ],
          [
            121.847556,
            24.99245
          ],
          [
            121.847513,
            24.992627
          ],
          [
            121.847491,
            24.992819
          ],
          [
            121.847485,
            24.992981
          ],
          [
            121.847515,
            24.993107
          ],
          [
            121.847603,
            24.993392
          ],
          [
            121.847624,
            24.99347
          ],
          [
            121.847626,
            24.993562
          ],
          [
            121.8476,
            24.993678
          ],
          [
            121.847517,
            24.99391
          ],
          [
            121.847495,
            24.99407
          ],
          [
            121.847518,
            24.994154
          ],
          [
            121.847582,
            24.994382
          ],
          [
            121.847594,
            24.994521
          ],
          [
            121.847592,
            24.994558
          ],
          [
            121.847587,
            24.994653
          ],
          [
            121.847548,
            24.994785
          ],
          [
            121.84748,
            24.994935
          ],
          [
            121.847012,
            24.995736
          ],
          [
            121.846991,
            24.995851
          ],
          [
            121.846995,
            24.99597
          ],
          [
            121.846997,
            24.996474
          ],
          [
            121.847025,
            24.996637
          ],
          [
            121.847093,
            24.99688
          ],
          [
            121.847073,
            24.996925
          ],
          [
            121.847019,
            24.996971
          ],
          [
            121.846942,
            24.996991
          ],
          [
            121.84664,
            24.997023
          ],
          [
            121.846287,
            24.997085
          ],
          [
            121.846196,
            24.997144
          ],
          [
            121.846112,
            24.997301
          ],
          [
            121.846003,
            24.99743
          ],
          [
            121.845929,
            24.997512
          ],
          [
            121.845896,
            24.997594
          ],
          [
            121.845892,
            24.997783
          ],
          [
            121.84588,
            24.998038
          ],
          [
            121.845919,
            24.99838
          ],
          [
            121.845904,
            24.998674
          ],
          [
            121.845888,
            24.998989
          ],
          [
            121.845883,
            24.999438
          ],
          [
            121.845843,
            24.999578
          ],
          [
            121.845829,
            24.999808
          ],
          [
            121.845837,
            24.999913
          ],
          [
            121.845942,
            25.000212
          ],
          [
            121.846001,
            25.000311
          ],
          [
            121.846107,
            25.000406
          ],
          [
            121.846206,
            25.00046
          ],
          [
            121.846333,
            25.000537
          ],
          [
            121.84647,
            25.000634
          ],
          [
            121.84657,
            25.000743
          ],
          [
            121.846682,
            25.000911
          ],
          [
            121.846792,
            25.001058
          ],
          [
            121.846938,
            25.001192
          ],
          [
            121.847145,
            25.001366
          ],
          [
            121.847233,
            25.001456
          ],
          [
            121.84728,
            25.001591
          ],
          [
            121.847298,
            25.001826
          ],
          [
            121.84732,
            25.001928
          ],
          [
            121.847415,
            25.002094
          ],
          [
            121.847633,
            25.002393
          ],
          [
            121.847723,
            25.002536
          ],
          [
            121.847771,
            25.002623
          ],
          [
            121.847921,
            25.002791
          ],
          [
            121.848164,
            25.003036
          ],
          [
            121.848354,
            25.003277
          ],
          [
            121.848458,
            25.003376
          ],
          [
            121.848539,
            25.003401
          ],
          [
            121.848641,
            25.003396
          ],
          [
            121.848729,
            25.003401
          ],
          [
            121.848803,
            25.003425
          ],
          [
            121.84885,
            25.003503
          ],
          [
            121.848852,
            25.003587
          ],
          [
            121.848821,
            25.003646
          ],
          [
            121.848716,
            25.003707
          ],
          [
            121.848468,
            25.003785
          ],
          [
            121.84832,
            25.003843
          ],
          [
            121.848155,
            25.00401
          ],
          [
            121.847948,
            25.004327
          ],
          [
            121.847879,
            25.004392
          ],
          [
            121.847652,
            25.004506
          ],
          [
            121.847595,
            25.004553
          ],
          [
            121.847473,
            25.004779
          ],
          [
            121.847402,
            25.004849
          ],
          [
            121.847303,
            25.004923
          ],
          [
            121.847229,
            25.005008
          ],
          [
            121.847234,
            25.00508
          ],
          [
            121.847263,
            25.005149
          ],
          [
            121.847449,
            25.005313
          ],
          [
            121.847964,
            25.00577
          ],
          [
            121.848133,
            25.005961
          ],
          [
            121.848207,
            25.006084
          ],
          [
            121.848332,
            25.006313
          ],
          [
            121.848501,
            25.006571
          ],
          [
            121.848559,
            25.006763
          ],
          [
            121.848595,
            25.007133
          ],
          [
            121.848795,
            25.007599
          ],
          [
            121.84903,
            25.007969
          ],
          [
            121.849149,
            25.00811
          ],
          [
            121.849326,
            25.008221
          ],
          [
            121.850132,
            25.008572
          ],
          [
            121.850581,
            25.008849
          ],
          [
            121.850692,
            25.008903
          ],
          [
            121.851198,
            25.009038
          ],
          [
            121.851381,
            25.009107
          ],
          [
            121.851671,
            25.009275
          ],
          [
            121.851755,
            25.00931
          ],
          [
            121.852079,
            25.009342
          ],
          [
            121.85224,
            25.009373
          ],
          [
            121.852396,
            25.009377
          ],
          [
            121.852488,
            25.009359
          ],
          [
            121.852531,
            25.009336
          ],
          [
            121.852552,
            25.009292
          ],
          [
            121.852532,
            25.009232
          ],
          [
            121.852484,
            25.009196
          ],
          [
            121.852155,
            25.009196
          ],
          [
            121.852098,
            25.009175
          ],
          [
            121.851967,
            25.009087
          ],
          [
            121.851627,
            25.008852
          ],
          [
            121.851456,
            25.008623
          ],
          [
            121.85118,
            25.008334
          ],
          [
            121.85111,
            25.008204
          ],
          [
            121.851083,
            25.008116
          ],
          [
            121.851072,
            25.008028
          ],
          [
            121.851094,
            25.007942
          ],
          [
            121.851123,
            25.00791
          ],
          [
            121.851157,
            25.007895
          ],
          [
            121.851262,
            25.007916
          ],
          [
            121.851609,
            25.008135
          ],
          [
            121.851747,
            25.00823
          ],
          [
            121.851924,
            25.008451
          ],
          [
            121.851968,
            25.008498
          ],
          [
            121.852013,
            25.00852
          ],
          [
            121.852069,
            25.008531
          ],
          [
            121.852218,
            25.008498
          ],
          [
            121.852699,
            25.008361
          ],
          [
            121.852869,
            25.008312
          ],
          [
            121.85308,
            25.008231
          ],
          [
            121.853219,
            25.008111
          ],
          [
            121.853309,
            25.008066
          ],
          [
            121.85337,
            25.008047
          ],
          [
            121.853447,
            25.008045
          ],
          [
            121.853511,
            25.008089
          ],
          [
            121.853543,
            25.008169
          ],
          [
            121.853595,
            25.008446
          ],
          [
            121.853765,
            25.008676
          ],
          [
            121.853794,
            25.008853
          ],
          [
            121.853779,
            25.00898
          ],
          [
            121.853694,
            25.009177
          ],
          [
            121.853706,
            25.009329
          ],
          [
            121.853728,
            25.009372
          ],
          [
            121.853835,
            25.009501
          ],
          [
            121.853979,
            25.009618
          ],
          [
            121.85399,
            25.009627
          ],
          [
            121.85442,
            25.009953
          ],
          [
            121.854604,
            25.010119
          ],
          [
            121.854892,
            25.010371
          ],
          [
            121.854974,
            25.010437
          ],
          [
            121.854988,
            25.010721
          ],
          [
            121.855029,
            25.010833
          ],
          [
            121.855266,
            25.011065
          ],
          [
            121.855436,
            25.011335
          ],
          [
            121.855554,
            25.011797
          ],
          [
            121.855604,
            25.012125
          ],
          [
            121.855675,
            25.012251
          ],
          [
            121.855845,
            25.012586
          ],
          [
            121.855949,
            25.012744
          ],
          [
            121.856125,
            25.013006
          ],
          [
            121.856146,
            25.01308
          ],
          [
            121.856153,
            25.013182
          ],
          [
            121.856157,
            25.013374
          ],
          [
            121.856295,
            25.013594
          ],
          [
            121.856311,
            25.013769
          ],
          [
            121.856246,
            25.013907
          ],
          [
            121.856071,
            25.014127
          ],
          [
            121.856049,
            25.014222
          ],
          [
            121.856106,
            25.014283
          ],
          [
            121.856294,
            25.014354
          ],
          [
            121.856408,
            25.014442
          ],
          [
            121.856445,
            25.014564
          ],
          [
            121.856455,
            25.014786
          ],
          [
            121.856459,
            25.014908
          ],
          [
            121.856452,
            25.01525
          ],
          [
            121.85647,
            25.01542
          ],
          [
            121.856549,
            25.01564
          ],
          [
            121.856661,
            25.015807
          ],
          [
            121.856905,
            25.016298
          ],
          [
            121.857002,
            25.016503
          ],
          [
            121.857043,
            25.016613
          ],
          [
            121.857133,
            25.016749
          ],
          [
            121.85734,
            25.016927
          ],
          [
            121.857433,
            25.017001
          ],
          [
            121.857513,
            25.017031
          ],
          [
            121.857738,
            25.017033
          ],
          [
            121.857795,
            25.01708
          ],
          [
            121.857808,
            25.01714
          ],
          [
            121.857779,
            25.0173
          ],
          [
            121.857803,
            25.017592
          ],
          [
            121.857839,
            25.017661
          ],
          [
            121.857902,
            25.01768
          ],
          [
            121.857962,
            25.017685
          ],
          [
            121.858056,
            25.017629
          ],
          [
            121.858206,
            25.017436
          ],
          [
            121.858292,
            25.017414
          ],
          [
            121.858362,
            25.017453
          ],
          [
            121.858384,
            25.0175
          ],
          [
            121.858377,
            25.017543
          ],
          [
            121.858305,
            25.017815
          ],
          [
            121.858325,
            25.017925
          ],
          [
            121.858368,
            25.017982
          ],
          [
            121.858499,
            25.018024
          ],
          [
            121.858715,
            25.018044
          ],
          [
            121.858799,
            25.018083
          ],
          [
            121.858991,
            25.018212
          ],
          [
            121.859132,
            25.018252
          ],
          [
            121.859254,
            25.018256
          ],
          [
            121.859407,
            25.018208
          ],
          [
            121.859628,
            25.01816
          ],
          [
            121.859712,
            25.018159
          ],
          [
            121.859817,
            25.01821
          ],
          [
            121.860007,
            25.018292
          ],
          [
            121.860163,
            25.018286
          ],
          [
            121.860338,
            25.018252
          ],
          [
            121.860405,
            25.018269
          ],
          [
            121.860485,
            25.018338
          ],
          [
            121.860564,
            25.018599
          ],
          [
            121.860636,
            25.018656
          ],
          [
            121.860762,
            25.018738
          ],
          [
            121.86082,
            25.018822
          ],
          [
            121.860867,
            25.018963
          ],
          [
            121.86093,
            25.018883
          ],
          [
            121.860948,
            25.018809
          ],
          [
            121.86098,
            25.018747
          ],
          [
            121.861132,
            25.018731
          ],
          [
            121.861232,
            25.01867
          ],
          [
            121.861319,
            25.018599
          ],
          [
            121.8614,
            25.018554
          ],
          [
            121.861467,
            25.018543
          ],
          [
            121.861609,
            25.018519
          ],
          [
            121.86177,
            25.018465
          ],
          [
            121.861915,
            25.018427
          ],
          [
            121.861979,
            25.018406
          ],
          [
            121.86203,
            25.018366
          ],
          [
            121.862062,
            25.018287
          ],
          [
            121.862053,
            25.018157
          ],
          [
            121.862056,
            25.018094
          ],
          [
            121.862066,
            25.018039
          ],
          [
            121.862116,
            25.018017
          ],
          [
            121.862183,
            25.018015
          ],
          [
            121.86227,
            25.018025
          ],
          [
            121.862324,
            25.018009
          ],
          [
            121.862408,
            25.017968
          ],
          [
            121.862494,
            25.017936
          ],
          [
            121.862627,
            25.017953
          ],
          [
            121.862708,
            25.017971
          ],
          [
            121.862817,
            25.018044
          ],
          [
            121.862888,
            25.018057
          ],
          [
            121.862953,
            25.01803
          ],
          [
            121.863003,
            25.017985
          ],
          [
            121.863043,
            25.017925
          ],
          [
            121.863146,
            25.017888
          ],
          [
            121.863216,
            25.017876
          ],
          [
            121.86331,
            25.017863
          ],
          [
            121.863438,
            25.017832
          ],
          [
            121.863546,
            25.017821
          ],
          [
            121.863635,
            25.017837
          ],
          [
            121.863701,
            25.017864
          ],
          [
            121.863766,
            25.017899
          ],
          [
            121.863846,
            25.017899
          ],
          [
            121.863888,
            25.017893
          ],
          [
            121.863923,
            25.017864
          ],
          [
            121.863956,
            25.017814
          ],
          [
            121.863975,
            25.017753
          ],
          [
            121.864004,
            25.017694
          ],
          [
            121.864042,
            25.017672
          ],
          [
            121.864116,
            25.017665
          ],
          [
            121.864201,
            25.017734
          ],
          [
            121.86422,
            25.017812
          ],
          [
            121.864228,
            25.017924
          ],
          [
            121.864291,
            25.018055
          ],
          [
            121.864364,
            25.018109
          ],
          [
            121.864431,
            25.018117
          ],
          [
            121.864479,
            25.0181
          ],
          [
            121.864542,
            25.018052
          ],
          [
            121.864614,
            25.017989
          ],
          [
            121.864694,
            25.017932
          ],
          [
            121.864767,
            25.017883
          ],
          [
            121.864847,
            25.017863
          ],
          [
            121.864938,
            25.017823
          ],
          [
            121.865026,
            25.017765
          ],
          [
            121.865172,
            25.017658
          ],
          [
            121.865231,
            25.017581
          ],
          [
            121.865313,
            25.017442
          ],
          [
            121.8654,
            25.01737
          ],
          [
            121.865493,
            25.01734
          ],
          [
            121.865579,
            25.017278
          ],
          [
            121.865671,
            25.017187
          ],
          [
            121.865731,
            25.017111
          ],
          [
            121.865807,
            25.017059
          ],
          [
            121.865898,
            25.017047
          ],
          [
            121.86602,
            25.017047
          ],
          [
            121.866127,
            25.017058
          ],
          [
            121.866236,
            25.01703
          ],
          [
            121.866333,
            25.017044
          ],
          [
            121.86644,
            25.017075
          ],
          [
            121.866566,
            25.017124
          ],
          [
            121.866676,
            25.01713
          ],
          [
            121.866761,
            25.017111
          ],
          [
            121.866892,
            25.017023
          ],
          [
            121.866968,
            25.016988
          ],
          [
            121.867124,
            25.016971
          ],
          [
            121.867201,
            25.016933
          ],
          [
            121.867259,
            25.016859
          ],
          [
            121.867309,
            25.016752
          ],
          [
            121.867347,
            25.016661
          ],
          [
            121.867391,
            25.016609
          ],
          [
            121.867538,
            25.016553
          ],
          [
            121.867607,
            25.016499
          ],
          [
            121.867672,
            25.016406
          ],
          [
            121.867797,
            25.016205
          ],
          [
            121.867817,
            25.016098
          ],
          [
            121.867776,
            25.01574
          ],
          [
            121.867776,
            25.015698
          ],
          [
            121.867819,
            25.015633
          ],
          [
            121.867862,
            25.01559
          ],
          [
            121.867951,
            25.015549
          ],
          [
            121.868086,
            25.015546
          ],
          [
            121.868161,
            25.015578
          ],
          [
            121.868278,
            25.015701
          ],
          [
            121.868348,
            25.015746
          ],
          [
            121.8684,
            25.01575
          ],
          [
            121.868442,
            25.01573
          ],
          [
            121.868656,
            25.015547
          ],
          [
            121.868884,
            25.015474
          ],
          [
            121.869057,
            25.015364
          ],
          [
            121.869299,
            25.01529
          ],
          [
            121.86965,
            25.015259
          ],
          [
            121.869831,
            25.015182
          ],
          [
            121.870071,
            25.015074
          ],
          [
            121.87013,
            25.015022
          ],
          [
            121.870169,
            25.01492
          ],
          [
            121.870156,
            25.01485
          ],
          [
            121.870093,
            25.014805
          ],
          [
            121.870007,
            25.014785
          ],
          [
            121.869814,
            25.014753
          ],
          [
            121.869535,
            25.014674
          ],
          [
            121.869478,
            25.01464
          ],
          [
            121.869453,
            25.014589
          ],
          [
            121.869492,
            25.014496
          ],
          [
            121.869531,
            25.014433
          ],
          [
            121.869612,
            25.014383
          ],
          [
            121.869753,
            25.01436
          ],
          [
            121.869839,
            25.014313
          ],
          [
            121.869866,
            25.014245
          ],
          [
            121.869841,
            25.013995
          ],
          [
            121.869825,
            25.013897
          ],
          [
            121.869836,
            25.013852
          ],
          [
            121.869869,
            25.013819
          ],
          [
            121.86992,
            25.013794
          ],
          [
            121.869985,
            25.013803
          ],
          [
            121.870218,
            25.01388
          ],
          [
            121.870382,
            25.013974
          ],
          [
            121.87045,
            25.01401
          ],
          [
            121.870495,
            25.014009
          ],
          [
            121.870547,
            25.013968
          ],
          [
            121.870557,
            25.013908
          ],
          [
            121.870544,
            25.013509
          ],
          [
            121.870565,
            25.013466
          ],
          [
            121.870615,
            25.013418
          ],
          [
            121.870714,
            25.013417
          ],
          [
            121.871582,
            25.013695
          ],
          [
            121.871735,
            25.013787
          ],
          [
            121.87179,
            25.013875
          ],
          [
            121.871874,
            25.014088
          ],
          [
            121.871917,
            25.014131
          ],
          [
            121.872038,
            25.014185
          ],
          [
            121.872407,
            25.014265
          ],
          [
            121.87284,
            25.014281
          ],
          [
            121.873446,
            25.014241
          ],
          [
            121.873631,
            25.014263
          ],
          [
            121.873753,
            25.014189
          ],
          [
            121.873292,
            25.014168
          ],
          [
            121.873175,
            25.014142
          ],
          [
            121.87311,
            25.014096
          ],
          [
            121.872891,
            25.013934
          ],
          [
            121.872653,
            25.01379
          ],
          [
            121.872521,
            25.013636
          ],
          [
            121.872398,
            25.013543
          ],
          [
            121.872262,
            25.01337
          ],
          [
            121.872193,
            25.013268
          ],
          [
            121.872161,
            25.013161
          ],
          [
            121.871959,
            25.012951
          ],
          [
            121.871897,
            25.012811
          ],
          [
            121.871827,
            25.012511
          ],
          [
            121.871758,
            25.01234
          ],
          [
            121.871747,
            25.01231
          ],
          [
            121.871725,
            25.012235
          ],
          [
            121.8718,
            25.012045
          ],
          [
            121.87175,
            25.011804
          ],
          [
            121.871659,
            25.011627
          ],
          [
            121.871534,
            25.011451
          ],
          [
            121.871408,
            25.011323
          ],
          [
            121.871272,
            25.011179
          ],
          [
            121.871191,
            25.011111
          ],
          [
            121.871197,
            25.011077
          ],
          [
            121.871273,
            25.010877
          ],
          [
            121.871318,
            25.010678
          ],
          [
            121.871351,
            25.010612
          ],
          [
            121.871398,
            25.01057
          ],
          [
            121.871593,
            25.010387
          ],
          [
            121.871939,
            25.010183
          ],
          [
            121.872239,
            25.010011
          ],
          [
            121.872574,
            25.00982
          ],
          [
            121.872682,
            25.009782
          ],
          [
            121.872848,
            25.009765
          ],
          [
            121.872985,
            25.009753
          ],
          [
            121.873226,
            25.009603
          ],
          [
            121.873527,
            25.009325
          ],
          [
            121.87376,
            25.009145
          ],
          [
            121.873953,
            25.008795
          ],
          [
            121.87402,
            25.008445
          ],
          [
            121.874042,
            25.00838
          ],
          [
            121.874106,
            25.008316
          ],
          [
            121.874178,
            25.00822
          ],
          [
            121.874178,
            25.008091
          ],
          [
            121.874138,
            25.00789
          ],
          [
            121.87409,
            25.007718
          ],
          [
            121.873988,
            25.007606
          ],
          [
            121.873883,
            25.007534
          ],
          [
            121.873693,
            25.00725
          ],
          [
            121.873527,
            25.007157
          ],
          [
            121.873116,
            25.006918
          ],
          [
            121.872947,
            25.006776
          ],
          [
            121.871917,
            25.006492
          ],
          [
            121.871742,
            25.00646
          ],
          [
            121.871685,
            25.006468
          ],
          [
            121.871551,
            25.006448
          ],
          [
            121.871409,
            25.006399
          ],
          [
            121.871233,
            25.006335
          ],
          [
            121.871049,
            25.006234
          ],
          [
            121.870913,
            25.006111
          ],
          [
            121.870863,
            25.006031
          ],
          [
            121.87086,
            25.005984
          ],
          [
            121.870838,
            25.005826
          ],
          [
            121.870854,
            25.005516
          ],
          [
            121.870893,
            25.005305
          ],
          [
            121.870866,
            25.005171
          ],
          [
            121.870771,
            25.005042
          ],
          [
            121.870587,
            25.00493
          ],
          [
            121.870543,
            25.004928
          ],
          [
            121.870431,
            25.004895
          ],
          [
            121.870251,
            25.004913
          ],
          [
            121.87001,
            25.004887
          ],
          [
            121.86988,
            25.004849
          ],
          [
            121.869412,
            25.005014
          ],
          [
            121.86927,
            25.004999
          ],
          [
            121.868643,
            25.004875
          ],
          [
            121.868543,
            25.004846
          ],
          [
            121.86842,
            25.004411
          ],
          [
            121.868353,
            25.004163
          ],
          [
            121.868398,
            25.00396
          ],
          [
            121.868398,
            25.003874
          ],
          [
            121.868355,
            25.003831
          ],
          [
            121.868248,
            25.003789
          ],
          [
            121.868184,
            25.003767
          ],
          [
            121.868119,
            25.003681
          ],
          [
            121.868055,
            25.003638
          ],
          [
            121.868055,
            25.003574
          ],
          [
            121.868055,
            25.003402
          ],
          [
            121.868012,
            25.003295
          ],
          [
            121.86799,
            25.003231
          ],
          [
            121.868119,
            25.00293
          ],
          [
            121.868291,
            25.002694
          ],
          [
            121.868387,
            25.002595
          ],
          [
            121.868438,
            25.002482
          ],
          [
            121.868433,
            25.002362
          ],
          [
            121.868381,
            25.002259
          ],
          [
            121.868231,
            25.002107
          ],
          [
            121.868087,
            25.001912
          ],
          [
            121.867968,
            25.001789
          ],
          [
            121.867972,
            25.001623
          ],
          [
            121.868062,
            25.001494
          ],
          [
            121.868094,
            25.001412
          ],
          [
            121.868062,
            25.001315
          ],
          [
            121.867937,
            25.001182
          ],
          [
            121.86791,
            25.001128
          ],
          [
            121.867895,
            25.001055
          ],
          [
            121.86787,
            25.000904
          ],
          [
            121.867754,
            25.000827
          ],
          [
            121.86765,
            25.000753
          ],
          [
            121.867403,
            25.000622
          ],
          [
            121.86723,
            25.00054
          ],
          [
            121.867065,
            25.000403
          ],
          [
            121.866971,
            25.000319
          ],
          [
            121.8668,
            25.000251
          ],
          [
            121.866476,
            25.000238
          ],
          [
            121.866365,
            25.000208
          ],
          [
            121.866219,
            25.000133
          ],
          [
            121.866106,
            25.000064
          ],
          [
            121.86594,
            25.000038
          ],
          [
            121.865802,
            25.00004
          ],
          [
            121.865668,
            25.000028
          ],
          [
            121.865649,
            25.000026
          ],
          [
            121.86543,
            25.000045
          ],
          [
            121.86515,
            25.000082
          ],
          [
            121.864858,
            24.99998
          ],
          [
            121.86475,
            24.999926
          ],
          [
            121.864729,
            24.999862
          ],
          [
            121.86475,
            24.999561
          ],
          [
            121.864729,
            24.999497
          ],
          [
            121.864658,
            24.999338
          ],
          [
            121.864654,
            24.999274
          ],
          [
            121.864749,
            24.999126
          ],
          [
            121.864862,
            24.998983
          ],
          [
            121.864955,
            24.998856
          ],
          [
            121.865073,
            24.998687
          ],
          [
            121.86512,
            24.998649
          ],
          [
            121.865234,
            24.998644
          ],
          [
            121.865373,
            24.998681
          ],
          [
            121.86553,
            24.998727
          ],
          [
            121.865617,
            24.998741
          ],
          [
            121.865643,
            24.998739
          ],
          [
            121.865517,
            24.998898
          ],
          [
            121.865576,
            24.99893
          ],
          [
            121.865517,
            24.998898
          ],
          [
            121.865643,
            24.998739
          ],
          [
            121.865703,
            24.998745
          ],
          [
            121.865823,
            24.998724
          ],
          [
            121.866022,
            24.998664
          ],
          [
            121.866217,
            24.998582
          ],
          [
            121.866302,
            24.998531
          ],
          [
            121.866372,
            24.998489
          ],
          [
            121.866575,
            24.998404
          ],
          [
            121.866695,
            24.998368
          ],
          [
            121.866835,
            24.998337
          ],
          [
            121.867236,
            24.998343
          ],
          [
            121.867396,
            24.99837
          ],
          [
            121.867836,
            24.998445
          ],
          [
            121.868072,
            24.998545
          ],
          [
            121.868209,
            24.998689
          ],
          [
            121.868248,
            24.998767
          ],
          [
            121.868291,
            24.998896
          ],
          [
            121.868334,
            24.998982
          ],
          [
            121.86842,
            24.99908
          ],
          [
            121.868613,
            24.999236
          ],
          [
            121.868659,
            24.999277
          ],
          [
            121.86871,
            24.999553
          ],
          [
            121.86877,
            24.999635
          ],
          [
            121.868896,
            24.999751
          ],
          [
            121.868985,
            24.999837
          ],
          [
            121.869064,
            24.999885
          ],
          [
            121.869171,
            24.999947
          ],
          [
            121.869214,
            25.000012
          ],
          [
            121.869267,
            25.000194
          ],
          [
            121.869267,
            25.00028
          ],
          [
            121.869214,
            25.000398
          ],
          [
            121.869214,
            25.000484
          ],
          [
            121.869235,
            25.000591
          ],
          [
            121.869376,
            25.000882
          ],
          [
            121.869382,
            25.001097
          ],
          [
            121.869321,
            25.001256
          ],
          [
            121.869214,
            25.001342
          ],
          [
            121.869165,
            25.001437
          ],
          [
            121.869157,
            25.002103
          ],
          [
            121.869087,
            25.002409
          ],
          [
            121.869136,
            25.003113
          ],
          [
            121.869232,
            25.003632
          ],
          [
            121.869257,
            25.003957
          ],
          [
            121.86929,
            25.004057
          ],
          [
            121.869403,
            25.004168
          ],
          [
            121.869572,
            25.004313
          ],
          [
            121.869757,
            25.004424
          ],
          [
            121.869955,
            25.004532
          ],
          [
            121.870266,
            25.004637
          ],
          [
            121.870438,
            25.004717
          ],
          [
            121.870519,
            25.004796
          ],
          [
            121.870587,
            25.00493
          ],
          [
            121.870771,
            25.005042
          ],
          [
            121.870866,
            25.005171
          ],
          [
            121.870893,
            25.005305
          ],
          [
            121.870854,
            25.005516
          ],
          [
            121.870838,
            25.005826
          ],
          [
            121.87086,
            25.005984
          ],
          [
            121.870863,
            25.006031
          ],
          [
            121.870913,
            25.006111
          ],
          [
            121.871049,
            25.006234
          ],
          [
            121.871233,
            25.006335
          ],
          [
            121.871409,
            25.006399
          ],
          [
            121.871551,
            25.006448
          ],
          [
            121.871685,
            25.006468
          ],
          [
            121.871742,
            25.00646
          ],
          [
            121.871917,
            25.006492
          ],
          [
            121.872947,
            25.006776
          ],
          [
            121.873116,
            25.006918
          ],
          [
            121.873527,
            25.007157
          ],
          [
            121.873693,
            25.00725
          ],
          [
            121.873883,
            25.007534
          ],
          [
            121.873988,
            25.007606
          ],
          [
            121.87409,
            25.007718
          ],
          [
            121.874138,
            25.00789
          ],
          [
            121.874178,
            25.008091
          ],
          [
            121.874178,
            25.00822
          ],
          [
            121.874106,
            25.008316
          ],
          [
            121.874042,
            25.00838
          ],
          [
            121.87402,
            25.008445
          ],
          [
            121.873953,
            25.008795
          ],
          [
            121.87376,
            25.009145
          ],
          [
            121.873527,
            25.009325
          ],
          [
            121.873226,
            25.009603
          ],
          [
            121.872985,
            25.009753
          ],
          [
            121.872848,
            25.009765
          ],
          [
            121.872682,
            25.009782
          ],
          [
            121.872574,
            25.00982
          ],
          [
            121.872239,
            25.010011
          ],
          [
            121.871939,
            25.010183
          ],
          [
            121.871593,
            25.010387
          ],
          [
            121.871398,
            25.01057
          ],
          [
            121.871351,
            25.010612
          ],
          [
            121.871318,
            25.010678
          ],
          [
            121.871273,
            25.010877
          ],
          [
            121.871197,
            25.011077
          ],
          [
            121.871191,
            25.011111
          ],
          [
            121.871272,
            25.011179
          ],
          [
            121.871408,
            25.011323
          ],
          [
            121.871534,
            25.011451
          ],
          [
            121.871659,
            25.011627
          ],
          [
            121.87175,
            25.011804
          ],
          [
            121.8718,
            25.012045
          ],
          [
            121.871725,
            25.012235
          ],
          [
            121.871747,
            25.01231
          ],
          [
            121.871758,
            25.01234
          ],
          [
            121.871827,
            25.012511
          ],
          [
            121.871897,
            25.012811
          ],
          [
            121.871959,
            25.012951
          ],
          [
            121.872161,
            25.013161
          ],
          [
            121.872193,
            25.013268
          ],
          [
            121.872262,
            25.01337
          ],
          [
            121.872398,
            25.013543
          ],
          [
            121.872521,
            25.013636
          ],
          [
            121.872653,
            25.01379
          ],
          [
            121.872891,
            25.013934
          ],
          [
            121.87311,
            25.014096
          ],
          [
            121.873175,
            25.014142
          ],
          [
            121.873292,
            25.014168
          ],
          [
            121.873753,
            25.014189
          ],
          [
            121.873956,
            25.014088
          ],
          [
            121.874022,
            25.014056
          ],
          [
            121.87407,
            25.014076
          ],
          [
            121.874105,
            25.014127
          ],
          [
            121.874108,
            25.014243
          ],
          [
            121.873978,
            25.014465
          ],
          [
            121.873967,
            25.014517
          ],
          [
            121.873975,
            25.014558
          ],
          [
            121.874008,
            25.014583
          ],
          [
            121.87413,
            25.014638
          ],
          [
            121.874214,
            25.014704
          ],
          [
            121.874352,
            25.014897
          ],
          [
            121.874488,
            25.015054
          ],
          [
            121.874843,
            25.015273
          ],
          [
            121.874923,
            25.01549
          ],
          [
            121.875047,
            25.015666
          ],
          [
            121.875119,
            25.015914
          ],
          [
            121.875207,
            25.016036
          ],
          [
            121.875285,
            25.01615
          ],
          [
            121.875436,
            25.016257
          ],
          [
            121.875641,
            25.01641
          ],
          [
            121.875702,
            25.016479
          ],
          [
            121.875735,
            25.016547
          ],
          [
            121.875737,
            25.016581
          ],
          [
            121.875724,
            25.016671
          ],
          [
            121.875657,
            25.016747
          ],
          [
            121.875483,
            25.016923
          ],
          [
            121.875426,
            25.017018
          ],
          [
            121.875372,
            25.017077
          ],
          [
            121.875328,
            25.017157
          ],
          [
            121.875295,
            25.017278
          ],
          [
            121.875301,
            25.017437
          ],
          [
            121.875344,
            25.017547
          ],
          [
            121.875358,
            25.017635
          ],
          [
            121.875365,
            25.01774
          ],
          [
            121.875397,
            25.017835
          ],
          [
            121.875542,
            25.01806
          ],
          [
            121.875656,
            25.018254
          ],
          [
            121.875685,
            25.018299
          ],
          [
            121.87606,
            25.018544
          ],
          [
            121.876124,
            25.01861
          ],
          [
            121.876138,
            25.018647
          ],
          [
            121.876152,
            25.018747
          ],
          [
            121.876202,
            25.019357
          ],
          [
            121.876236,
            25.019699
          ],
          [
            121.876216,
            25.019783
          ],
          [
            121.876145,
            25.020065
          ],
          [
            121.876226,
            25.020103
          ],
          [
            121.876227,
            25.020132
          ]
        ]
      },
      "properties": {
        "routeId": "new-taipei-227003",
        "city": "new-taipei",
        "source_file": "new-taipei/new-taipei-227003.geojson",
        "distance_km": 59.42699999999999,
        "duration_min": 96.51558333333334,
        "valhalla_config": "valhalla.json"
      }
    }
  ]
}