{
  "type": "FeatureCollection",
  "features": [
    {
      "type": "Feature",
      "geometry": {
        "type": "LineString",
        "coordinates": [
          [
            120.699092,
            23.107902
          ],
          [
            120.698936,
            23.108026
          ],
          [
            120.699274,
            23.108286
          ],
          [
            120.699597,
            23.108536
          ],
          [
            120.700601,
            23.109197
          ],
          [
            120.70237,
            23.11023
          ],
          [
            120.702832,
            23.110523
          ],
          [
            120.702879,
            23.110446
          ],
          [
            120.702947,
            23.110337
          ],
          [
            120.702879,
            23.110446
          ],
          [
            120.702832,
            23.110523
          ],
          [
            120.70237,
            23.11023
          ],
          [
            120.700601,
            23.109197
          ],
          [
            120.700676,
            23.109105
          ],
          [
            120.700636,
            23.108983
          ],
          [
            120.700595,
            23.108923
          ],
          [
            120.700419,
            23.108739
          ],
          [
            120.700161,
            23.108439
          ],
          [
            120.699988,
            23.108216
          ],
          [
            120.699757,
            23.107932
          ],
          [
            120.699515,
            23.107641
          ],
          [
            120.699478,
            23.107596
          ],
          [
            120.699447,
            23.107552
          ],
          [
            120.699082,
            23.107035
          ],
          [
            120.698785,
            23.106574
          ],
          [
            120.698876,
            23.106379
          ],
          [
            120.699096,
            23.105907
          ],
          [
            120.699337,
            23.106032
          ],
          [
            120.699434,
            23.106094
          ],
          [
            120.699455,
            23.106136
          ],
          [
            120.69948,
            23.106211
          ],
          [
            120.699738,
            23.106482
          ],
          [
            120.699822,
            23.106556
          ],
          [
            120.700275,
            23.106956
          ],
          [
            120.700395,
            23.107065
          ],
          [
            120.700926,
            23.107533
          ],
          [
            120.701144,
            23.107426
          ],
          [
            120.701238,
            23.107376
          ],
          [
            120.701317,
            23.107347
          ],
          [
            120.701401,
            23.10735
          ],
          [
            120.701528,
            23.107536
          ],
          [
            120.700881,
            23.107963
          ],
          [
            120.700161,
            23.108439
          ],
          [
            120.699988,
            23.108216
          ],
          [
            120.700098,
            23.108136
          ],
          [
            120.699988,
            23.108216
          ],
          [
            120.699597,
            23.108536
          ],
          [
            120.698936,
            23.108026
          ],
          [
            120.698873,
            23.107982
          ],
          [
            120.69817,
            23.107504
          ],
          [
            120.698002,
            23.107393
          ],
          [
            120.695477,
            23.105915
          ],
          [
            120.695016,
            23.105644
          ],
          [
            120.694681,
            23.105552
          ],
          [
            120.6946,
            23.105534
          ],
          [
            120.694414,
            23.105523
          ],
          [
            120.693928,
            23.105492
          ],
          [
            120.693699,
            23.105477
          ],
          [
            120.693615,
            23.105473
          ],
          [
            120.693448,
            23.105464
          ],
          [
            120.693092,
            23.105395
          ],
          [
            120.692924,
            23.105325
          ],
          [
            120.69277,
            23.105223
          ],
          [
            120.692641,
            23.105097
          ],
          [
            120.692477,
            23.10493
          ],
          [
            120.692268,
            23.104711
          ],
          [
            120.692235,
            23.104673
          ],
          [
            120.691928,
            23.104316
          ],
          [
            120.691156,
            23.103521
          ],
          [
            120.691019,
            23.103384
          ],
          [
            120.690873,
            23.10324
          ],
          [
            120.69053,
            23.102846
          ],
          [
            120.690328,
            23.102598
          ],
          [
            120.690045,
            23.102233
          ],
          [
            120.689877,
            23.102015
          ],
          [
            120.689785,
            23.101902
          ],
          [
            120.689706,
            23.101805
          ],
          [
            120.689621,
            23.101713
          ],
          [
            120.689523,
            23.101659
          ],
          [
            120.689392,
            23.101615
          ],
          [
            120.689193,
            23.101589
          ],
          [
            120.689014,
            23.101594
          ],
          [
            120.688784,
            23.101673
          ],
          [
            120.688676,
            23.101734
          ],
          [
            120.688237,
            23.102018
          ],
          [
            120.688124,
            23.102067
          ],
          [
            120.688014,
            23.102093
          ],
          [
            120.687901,
            23.102097
          ],
          [
            120.687897,
            23.102095
          ],
          [
            120.687752,
            23.102048
          ],
          [
            120.687616,
            23.101981
          ],
          [
            120.687405,
            23.101807
          ],
          [
            120.687248,
            23.101665
          ],
          [
            120.687073,
            23.101482
          ],
          [
            120.686879,
            23.101246
          ],
          [
            120.686368,
            23.100455
          ],
          [
            120.686284,
            23.100365
          ],
          [
            120.686134,
            23.100239
          ],
          [
            120.685981,
            23.100161
          ],
          [
            120.685835,
            23.100111
          ],
          [
            120.685743,
            23.100092
          ],
          [
            120.685589,
            23.100088
          ],
          [
            120.685412,
            23.100105
          ],
          [
            120.685242,
            23.100131
          ],
          [
            120.685102,
            23.100185
          ],
          [
            120.68493,
            23.100262
          ],
          [
            120.684827,
            23.100314
          ],
          [
            120.684713,
            23.1004
          ],
          [
            120.684626,
            23.100486
          ],
          [
            120.684395,
            23.1008
          ],
          [
            120.684174,
            23.101096
          ],
          [
            120.684118,
            23.101168
          ],
          [
            120.684026,
            23.101223
          ],
          [
            120.683913,
            23.101268
          ],
          [
            120.683791,
            23.101282
          ],
          [
            120.683663,
            23.101267
          ],
          [
            120.683601,
            23.101247
          ],
          [
            120.683539,
            23.101228
          ],
          [
            120.683466,
            23.101181
          ],
          [
            120.683391,
            23.1011
          ],
          [
            120.68328,
            23.100955
          ],
          [
            120.683151,
            23.100768
          ],
          [
            120.683071,
            23.100643
          ],
          [
            120.683045,
            23.100524
          ],
          [
            120.682999,
            23.100255
          ],
          [
            120.68251,
            23.097376
          ],
          [
            120.682494,
            23.097221
          ],
          [
            120.682612,
            23.097196
          ],
          [
            120.682733,
            23.097117
          ],
          [
            120.682612,
            23.097196
          ],
          [
            120.682494,
            23.097221
          ],
          [
            120.682466,
            23.097099
          ],
          [
            120.682467,
            23.096924
          ],
          [
            120.682481,
            23.096827
          ],
          [
            120.68251,
            23.096634
          ],
          [
            120.682593,
            23.096162
          ],
          [
            120.682609,
            23.096034
          ],
          [
            120.682614,
            23.095927
          ],
          [
            120.682611,
            23.095833
          ],
          [
            120.682588,
            23.095737
          ],
          [
            120.682542,
            23.095652
          ],
          [
            120.682457,
            23.095568
          ],
          [
            120.682351,
            23.095499
          ],
          [
            120.682195,
            23.095432
          ],
          [
            120.68199,
            23.09539
          ],
          [
            120.681795,
            23.095334
          ],
          [
            120.681672,
            23.095266
          ],
          [
            120.681546,
            23.095179
          ],
          [
            120.681412,
            23.09505
          ],
          [
            120.681187,
            23.094776
          ],
          [
            120.681122,
            23.094584
          ],
          [
            120.68111,
            23.094475
          ],
          [
            120.681095,
            23.094237
          ],
          [
            120.681107,
            23.094014
          ],
          [
            120.681217,
            23.093841
          ],
          [
            120.681332,
            23.093688
          ],
          [
            120.681472,
            23.093562
          ],
          [
            120.681634,
            23.093441
          ],
          [
            120.681874,
            23.093334
          ],
          [
            120.682219,
            23.093246
          ],
          [
            120.68228,
            23.093229
          ],
          [
            120.682357,
            23.093203
          ],
          [
            120.682433,
            23.09316
          ],
          [
            120.682613,
            23.092944
          ],
          [
            120.682851,
            23.092695
          ],
          [
            120.682908,
            23.092619
          ],
          [
            120.68296,
            23.092457
          ],
          [
            120.68302,
            23.092058
          ],
          [
            120.683106,
            23.091699
          ],
          [
            120.68323,
            23.091319
          ],
          [
            120.683239,
            23.091124
          ],
          [
            120.683228,
            23.091042
          ],
          [
            120.683213,
            23.090925
          ],
          [
            120.6832,
            23.090865
          ],
          [
            120.68317,
            23.090702
          ],
          [
            120.683123,
            23.090552
          ],
          [
            120.68294,
            23.090134
          ],
          [
            120.682786,
            23.089881
          ],
          [
            120.682703,
            23.089769
          ],
          [
            120.682636,
            23.089679
          ],
          [
            120.681726,
            23.088564
          ],
          [
            120.680898,
            23.087614
          ],
          [
            120.680671,
            23.087366
          ],
          [
            120.680601,
            23.087287
          ],
          [
            120.680584,
            23.087268
          ],
          [
            120.680326,
            23.086982
          ],
          [
            120.680565,
            23.086924
          ],
          [
            120.680874,
            23.086842
          ],
          [
            120.680853,
            23.086792
          ],
          [
            120.680799,
            23.086692
          ],
          [
            120.680763,
            23.086591
          ],
          [
            120.680729,
            23.086466
          ],
          [
            120.680507,
            23.086395
          ],
          [
            120.680463,
            23.086408
          ],
          [
            120.680398,
            23.086402
          ],
          [
            120.68032,
            23.086397
          ],
          [
            120.680281,
            23.086413
          ],
          [
            120.680246,
            23.086475
          ],
          [
            120.680217,
            23.086534
          ],
          [
            120.680246,
            23.086475
          ],
          [
            120.680281,
            23.086413
          ],
          [
            120.68032,
            23.086397
          ],
          [
            120.680398,
            23.086402
          ],
          [
            120.680463,
            23.086408
          ],
          [
            120.680507,
            23.086395
          ],
          [
            120.680729,
            23.086466
          ],
          [
            120.680763,
            23.086591
          ],
          [
            120.680799,
            23.086692
          ],
          [
            120.680853,
            23.086792
          ],
          [
            120.680874,
            23.086842
          ],
          [
            120.680565,
            23.086924
          ],
          [
            120.680326,
            23.086982
          ],
          [
            120.680155,
            23.086837
          ],
          [
            120.679773,
            23.086455
          ],
          [
            120.679515,
            23.086191
          ],
          [
            120.679369,
            23.086024
          ],
          [
            120.679326,
            23.085925
          ],
          [
            120.679222,
            23.086094
          ],
          [
            120.679201,
            23.086259
          ],
          [
            120.679196,
            23.086567
          ],
          [
            120.679201,
            23.086259
          ],
          [
            120.679222,
            23.086094
          ],
          [
            120.679326,
            23.085925
          ],
          [
            120.679346,
            23.085747
          ],
          [
            120.679364,
            23.08555
          ],
          [
            120.679395,
            23.085207
          ],
          [
            120.679442,
            23.084846
          ],
          [
            120.679459,
            23.084486
          ],
          [
            120.679444,
            23.084219
          ],
          [
            120.679347,
            23.083967
          ],
          [
            120.679219,
            23.083721
          ],
          [
            120.67884,
            23.083053
          ],
          [
            120.67839,
            23.082271
          ],
          [
            120.678262,
            23.082049
          ],
          [
            120.678034,
            23.081665
          ],
          [
            120.677901,
            23.081443
          ],
          [
            120.677519,
            23.080834
          ],
          [
            120.677901,
            23.081443
          ],
          [
            120.678034,
            23.081665
          ],
          [
            120.678262,
            23.082049
          ],
          [
            120.67839,
            23.082271
          ],
          [
            120.67884,
            23.083053
          ],
          [
            120.679219,
            23.083721
          ],
          [
            120.679347,
            23.083967
          ],
          [
            120.679352,
            23.08398
          ],
          [
            120.679347,
            23.083967
          ],
          [
            120.679219,
            23.083721
          ],
          [
            120.67884,
            23.083053
          ],
          [
            120.67839,
            23.082271
          ],
          [
            120.678262,
            23.082049
          ],
          [
            120.678034,
            23.081665
          ],
          [
            120.677901,
            23.081443
          ],
          [
            120.677105,
            23.080176
          ],
          [
            120.67704,
            23.080072
          ],
          [
            120.676807,
            23.079701
          ],
          [
            120.676672,
            23.079814
          ],
          [
            120.676807,
            23.079701
          ],
          [
            120.676138,
            23.078685
          ],
          [
            120.675584,
            23.077714
          ],
          [
            120.675212,
            23.077092
          ],
          [
            120.674966,
            23.077285
          ],
          [
            120.674912,
            23.07734
          ],
          [
            120.675175,
            23.077623
          ],
          [
            120.674912,
            23.07734
          ],
          [
            120.674966,
            23.077285
          ],
          [
            120.675212,
            23.077092
          ],
          [
            120.674602,
            23.076074
          ],
          [
            120.674333,
            23.075511
          ],
          [
            120.674255,
            23.075333
          ],
          [
            120.674139,
            23.074848
          ],
          [
            120.673972,
            23.074459
          ],
          [
            120.673788,
            23.074582
          ],
          [
            120.673972,
            23.074459
          ],
          [
            120.673828,
            23.074217
          ],
          [
            120.673529,
            23.073881
          ],
          [
            120.673019,
            23.07316
          ],
          [
            120.672715,
            23.072737
          ],
          [
            120.672994,
            23.07237
          ],
          [
            120.673031,
            23.072316
          ],
          [
            120.67304,
            23.072266
          ],
          [
            120.673044,
            23.07223
          ],
          [
            120.673044,
            23.072145
          ],
          [
            120.672975,
            23.07196
          ],
          [
            120.672886,
            23.071705
          ],
          [
            120.672689,
            23.071201
          ],
          [
            120.672598,
            23.070976
          ],
          [
            120.672552,
            23.070858
          ],
          [
            120.672528,
            23.070784
          ],
          [
            120.672519,
            23.070697
          ],
          [
            120.672565,
            23.070464
          ],
          [
            120.67332,
            23.067952
          ],
          [
            120.673398,
            23.067693
          ],
          [
            120.673417,
            23.067592
          ],
          [
            120.673418,
            23.067498
          ],
          [
            120.673414,
            23.06733
          ],
          [
            120.67339,
            23.067206
          ],
          [
            120.673331,
            23.067071
          ],
          [
            120.673024,
            23.066638
          ],
          [
            120.672685,
            23.066225
          ],
          [
            120.67246,
            23.066019
          ],
          [
            120.672212,
            23.065794
          ],
          [
            120.672058,
            23.065575
          ],
          [
            120.671941,
            23.065359
          ],
          [
            120.671929,
            23.065288
          ],
          [
            120.671933,
            23.065204
          ],
          [
            120.671968,
            23.06512
          ],
          [
            120.672014,
            23.065056
          ],
          [
            120.672623,
            23.064569
          ],
          [
            120.672682,
            23.064494
          ],
          [
            120.672779,
            23.064279
          ],
          [
            120.672812,
            23.064129
          ],
          [
            120.672788,
            23.064062
          ],
          [
            120.672751,
            23.063993
          ],
          [
            120.672684,
            23.063938
          ],
          [
            120.672568,
            23.063888
          ],
          [
            120.672405,
            23.063851
          ],
          [
            120.672257,
            23.063861
          ],
          [
            120.672155,
            23.06391
          ],
          [
            120.672062,
            23.06397
          ],
          [
            120.671855,
            23.064185
          ],
          [
            120.671774,
            23.064246
          ],
          [
            120.671721,
            23.064272
          ],
          [
            120.671652,
            23.064274
          ],
          [
            120.671581,
            23.064248
          ],
          [
            120.671393,
            23.064083
          ],
          [
            120.671366,
            23.064049
          ],
          [
            120.671349,
            23.064001
          ],
          [
            120.671352,
            23.063969
          ],
          [
            120.671355,
            23.063932
          ],
          [
            120.671399,
            23.063764
          ],
          [
            120.67141,
            23.063618
          ],
          [
            120.671388,
            23.06346
          ],
          [
            120.671294,
            23.063107
          ],
          [
            120.671197,
            23.062917
          ],
          [
            120.671089,
            23.062755
          ],
          [
            120.670973,
            23.062587
          ],
          [
            120.670937,
            23.062505
          ],
          [
            120.67091,
            23.062417
          ],
          [
            120.670924,
            23.061537
          ],
          [
            120.670926,
            23.06144
          ],
          [
            120.670912,
            23.061342
          ],
          [
            120.670881,
            23.06123
          ],
          [
            120.670804,
            23.061097
          ],
          [
            120.670729,
            23.061
          ],
          [
            120.670555,
            23.060796
          ],
          [
            120.669285,
            23.059656
          ],
          [
            120.668654,
            23.059013
          ],
          [
            120.668426,
            23.058725
          ],
          [
            120.668227,
            23.05843
          ],
          [
            120.66778,
            23.05775
          ],
          [
            120.667717,
            23.057645
          ],
          [
            120.667676,
            23.057541
          ],
          [
            120.667616,
            23.057372
          ],
          [
            120.667553,
            23.05712
          ],
          [
            120.667486,
            23.056711
          ],
          [
            120.667264,
            23.055545
          ],
          [
            120.667131,
            23.054928
          ],
          [
            120.667081,
            23.054664
          ],
          [
            120.667053,
            23.054531
          ],
          [
            120.667046,
            23.054394
          ],
          [
            120.667071,
            23.054261
          ],
          [
            120.66715,
            23.054098
          ],
          [
            120.66746,
            23.053639
          ],
          [
            120.667566,
            23.053473
          ],
          [
            120.667591,
            23.053385
          ],
          [
            120.667623,
            23.053245
          ],
          [
            120.667625,
            23.052902
          ],
          [
            120.667542,
            23.052334
          ],
          [
            120.667432,
            23.051818
          ],
          [
            120.6674,
            23.051626
          ],
          [
            120.667407,
            23.051463
          ],
          [
            120.667449,
            23.051323
          ],
          [
            120.667548,
            23.051164
          ],
          [
            120.667649,
            23.051045
          ],
          [
            120.667869,
            23.05088
          ],
          [
            120.668034,
            23.050764
          ],
          [
            120.668262,
            23.050565
          ],
          [
            120.669008,
            23.049739
          ],
          [
            120.669134,
            23.04961
          ],
          [
            120.66914,
            23.049428
          ],
          [
            120.669126,
            23.049309
          ],
          [
            120.667933,
            23.046461
          ],
          [
            120.667815,
            23.046113
          ],
          [
            120.667713,
            23.045509
          ],
          [
            120.667456,
            23.044965
          ],
          [
            120.667364,
            23.044736
          ],
          [
            120.667331,
            23.04462
          ],
          [
            120.667311,
            23.044519
          ],
          [
            120.667305,
            23.044424
          ],
          [
            120.667317,
            23.044306
          ],
          [
            120.667575,
            23.043752
          ],
          [
            120.667663,
            23.043571
          ],
          [
            120.667731,
            23.043428
          ],
          [
            120.667293,
            23.042063
          ],
          [
            120.667076,
            23.041515
          ],
          [
            120.666781,
            23.040664
          ],
          [
            120.666748,
            23.040571
          ],
          [
            120.666554,
            23.040021
          ],
          [
            120.666216,
            23.039063
          ],
          [
            120.666062,
            23.03869
          ],
          [
            120.666013,
            23.038582
          ],
          [
            120.665703,
            23.037737
          ],
          [
            120.665661,
            23.037583
          ],
          [
            120.665628,
            23.037324
          ],
          [
            120.665451,
            23.036132
          ],
          [
            120.665389,
            23.035898
          ],
          [
            120.665334,
            23.035738
          ],
          [
            120.665242,
            23.035477
          ],
          [
            120.665161,
            23.035261
          ],
          [
            120.665087,
            23.035071
          ],
          [
            120.665007,
            23.034908
          ],
          [
            120.664897,
            23.034752
          ],
          [
            120.664862,
            23.034703
          ],
          [
            120.664773,
            23.034586
          ],
          [
            120.664536,
            23.034273
          ],
          [
            120.664434,
            23.034139
          ],
          [
            120.664369,
            23.034042
          ],
          [
            120.664336,
            23.033957
          ],
          [
            120.664292,
            23.033827
          ],
          [
            120.664169,
            23.033222
          ],
          [
            120.664123,
            23.032984
          ],
          [
            120.664073,
            23.032807
          ],
          [
            120.663974,
            23.032582
          ],
          [
            120.663775,
            23.032137
          ],
          [
            120.663673,
            23.03176
          ],
          [
            120.663661,
            23.0317
          ],
          [
            120.663486,
            23.030863
          ],
          [
            120.663304,
            23.029975
          ],
          [
            120.663258,
            23.029698
          ],
          [
            120.663239,
            23.029448
          ],
          [
            120.663247,
            23.029273
          ],
          [
            120.663254,
            23.029188
          ],
          [
            120.663282,
            23.028914
          ],
          [
            120.663312,
            23.028715
          ],
          [
            120.663522,
            23.027738
          ],
          [
            120.663587,
            23.02738
          ],
          [
            120.663624,
            23.027259
          ],
          [
            120.663662,
            23.027178
          ],
          [
            120.66378,
            23.026953
          ],
          [
            120.663833,
            23.02688
          ],
          [
            120.664004,
            23.026644
          ],
          [
            120.664093,
            23.02649
          ],
          [
            120.664146,
            23.026391
          ],
          [
            120.66418,
            23.026244
          ],
          [
            120.66418,
            23.026139
          ],
          [
            120.664155,
            23.02602
          ],
          [
            120.664106,
            23.025935
          ],
          [
            120.663678,
            23.025498
          ],
          [
            120.663576,
            23.025393
          ],
          [
            120.663505,
            23.025288
          ],
          [
            120.66344,
            23.025163
          ],
          [
            120.663413,
            23.02507
          ],
          [
            120.663397,
            23.024965
          ],
          [
            120.66339,
            23.02474
          ],
          [
            120.663401,
            23.0246
          ],
          [
            120.663419,
            23.024389
          ],
          [
            120.663425,
            23.024276
          ],
          [
            120.663462,
            23.024154
          ],
          [
            120.663508,
            23.024063
          ],
          [
            120.663723,
            23.023734
          ],
          [
            120.663977,
            23.023433
          ],
          [
            120.664017,
            23.02336
          ],
          [
            120.664084,
            23.023179
          ],
          [
            120.664092,
            23.023123
          ],
          [
            120.664102,
            23.023041
          ],
          [
            120.664109,
            23.022991
          ],
          [
            120.664118,
            23.022801
          ],
          [
            120.664123,
            23.022726
          ],
          [
            120.66409,
            23.022241
          ],
          [
            120.664084,
            23.021582
          ],
          [
            120.66409,
            23.021052
          ],
          [
            120.664106,
            23.020867
          ],
          [
            120.664124,
            23.020737
          ],
          [
            120.664214,
            23.020417
          ],
          [
            120.664665,
            23.019116
          ],
          [
            120.664803,
            23.018751
          ],
          [
            120.664948,
            23.018252
          ],
          [
            120.665136,
            23.017778
          ],
          [
            120.665198,
            23.017651
          ],
          [
            120.665275,
            23.017399
          ],
          [
            120.665389,
            23.01695
          ],
          [
            120.66546,
            23.016525
          ],
          [
            120.665475,
            23.016143
          ],
          [
            120.665459,
            23.015879
          ],
          [
            120.665415,
            23.015636
          ],
          [
            120.665363,
            23.015358
          ],
          [
            120.665329,
            23.015032
          ],
          [
            120.665323,
            23.014867
          ],
          [
            120.665329,
            23.01472
          ],
          [
            120.665415,
            23.014326
          ],
          [
            120.66544,
            23.013895
          ],
          [
            120.665409,
            23.013594
          ],
          [
            120.665363,
            23.012901
          ],
          [
            120.665392,
            23.012718
          ],
          [
            120.665412,
            23.012618
          ],
          [
            120.665588,
            23.012248
          ],
          [
            120.665625,
            23.012122
          ],
          [
            120.665648,
            23.012022
          ],
          [
            120.665679,
            23.01178
          ],
          [
            120.665666,
            23.01172
          ],
          [
            120.665549,
            23.011551
          ],
          [
            120.665464,
            23.011436
          ],
          [
            120.665322,
            23.011239
          ],
          [
            120.665219,
            23.011071
          ],
          [
            120.665129,
            23.010891
          ],
          [
            120.665079,
            23.010763
          ],
          [
            120.665052,
            23.01063
          ],
          [
            120.665073,
            23.010357
          ],
          [
            120.665207,
            23.009591
          ],
          [
            120.665216,
            23.009393
          ],
          [
            120.665217,
            23.009318
          ],
          [
            120.665212,
            23.009256
          ],
          [
            120.665191,
            23.009061
          ],
          [
            120.665133,
            23.008882
          ],
          [
            120.66505,
            23.008692
          ],
          [
            120.664598,
            23.007996
          ],
          [
            120.664481,
            23.007846
          ],
          [
            120.664334,
            23.007721
          ],
          [
            120.664102,
            23.007524
          ],
          [
            120.663766,
            23.007323
          ],
          [
            120.663608,
            23.00726
          ],
          [
            120.663461,
            23.007226
          ],
          [
            120.663335,
            23.007215
          ],
          [
            120.663246,
            23.007256
          ],
          [
            120.663148,
            23.007343
          ],
          [
            120.663058,
            23.007495
          ],
          [
            120.66294,
            23.007596
          ],
          [
            120.662794,
            23.007682
          ],
          [
            120.662593,
            23.007785
          ],
          [
            120.662467,
            23.007832
          ],
          [
            120.66234,
            23.007858
          ],
          [
            120.662242,
            23.007873
          ],
          [
            120.66214,
            23.007877
          ],
          [
            120.661972,
            23.007866
          ],
          [
            120.661296,
            23.007706
          ],
          [
            120.6596,
            23.007451
          ],
          [
            120.659253,
            23.007349
          ],
          [
            120.658975,
            23.007247
          ],
          [
            120.658351,
            23.006915
          ],
          [
            120.657939,
            23.006736
          ],
          [
            120.657294,
            23.006405
          ],
          [
            120.656755,
            23.006152
          ],
          [
            120.656494,
            23.006038
          ],
          [
            120.656359,
            23.005995
          ],
          [
            120.656143,
            23.005983
          ],
          [
            120.655975,
            23.005986
          ],
          [
            120.65587,
            23.006007
          ],
          [
            120.65575,
            23.006037
          ],
          [
            120.654,
            23.006593
          ],
          [
            120.65364,
            23.006644
          ],
          [
            120.65282,
            23.00678
          ],
          [
            120.651868,
            23.006909
          ],
          [
            120.651446,
            23.006958
          ],
          [
            120.651217,
            23.006957
          ],
          [
            120.651004,
            23.006935
          ],
          [
            120.650856,
            23.006915
          ],
          [
            120.650403,
            23.006816
          ],
          [
            120.649924,
            23.006731
          ],
          [
            120.64955,
            23.00666
          ],
          [
            120.649275,
            23.006564
          ],
          [
            120.649093,
            23.006482
          ],
          [
            120.648884,
            23.006385
          ],
          [
            120.648581,
            23.006193
          ],
          [
            120.648356,
            23.006
          ],
          [
            120.647943,
            23.005563
          ],
          [
            120.647667,
            23.005237
          ],
          [
            120.647512,
            23.005022
          ],
          [
            120.647413,
            23.004891
          ],
          [
            120.647321,
            23.004766
          ],
          [
            120.647191,
            23.004271
          ],
          [
            120.646666,
            23.003154
          ],
          [
            120.646328,
            23.002546
          ],
          [
            120.645013,
            23.00058
          ],
          [
            120.644779,
            23.000195
          ],
          [
            120.644431,
            22.999686
          ],
          [
            120.644133,
            22.999217
          ],
          [
            120.643843,
            22.998733
          ],
          [
            120.643578,
            22.998224
          ],
          [
            120.643374,
            22.997926
          ],
          [
            120.643289,
            22.997744
          ],
          [
            120.643222,
            22.997529
          ],
          [
            120.643173,
            22.996958
          ],
          [
            120.64302,
            22.995815
          ],
          [
            120.642985,
            22.995325
          ],
          [
            120.642981,
            22.995137
          ],
          [
            120.642934,
            22.994693
          ],
          [
            120.642948,
            22.99449
          ],
          [
            120.643081,
            22.99409
          ],
          [
            120.64321,
            22.993738
          ],
          [
            120.64396,
            22.991577
          ],
          [
            120.644775,
            22.989034
          ],
          [
            120.645275,
            22.987518
          ],
          [
            120.646398,
            22.984114
          ],
          [
            120.646428,
            22.984027
          ],
          [
            120.646467,
            22.983953
          ],
          [
            120.646503,
            22.983904
          ],
          [
            120.646541,
            22.983849
          ],
          [
            120.647079,
            22.983363
          ],
          [
            120.647483,
            22.982983
          ],
          [
            120.648583,
            22.981677
          ],
          [
            120.648753,
            22.981399
          ],
          [
            120.648771,
            22.98137
          ],
          [
            120.64881,
            22.981306
          ],
          [
            120.64902,
            22.980951
          ],
          [
            120.649207,
            22.980538
          ],
          [
            120.649706,
            22.979358
          ],
          [
            120.649795,
            22.979148
          ],
          [
            120.650033,
            22.978581
          ],
          [
            120.650357,
            22.977834
          ],
          [
            120.650552,
            22.977357
          ],
          [
            120.650671,
            22.977001
          ],
          [
            120.650739,
            22.976797
          ],
          [
            120.650767,
            22.976692
          ],
          [
            120.650908,
            22.976395
          ],
          [
            120.651025,
            22.976173
          ],
          [
            120.651259,
            22.975857
          ],
          [
            120.651636,
            22.975402
          ],
          [
            120.651705,
            22.975263
          ],
          [
            120.651775,
            22.97512
          ],
          [
            120.651858,
            22.97499
          ],
          [
            120.651787,
            22.974901
          ],
          [
            120.651665,
            22.974836
          ],
          [
            120.651387,
            22.974685
          ],
          [
            120.651312,
            22.974623
          ],
          [
            120.651218,
            22.974533
          ],
          [
            120.651138,
            22.974443
          ],
          [
            120.651106,
            22.974329
          ],
          [
            120.651118,
            22.974179
          ],
          [
            120.651133,
            22.973829
          ],
          [
            120.651222,
            22.972782
          ],
          [
            120.651247,
            22.972584
          ],
          [
            120.651292,
            22.972298
          ],
          [
            120.651346,
            22.972092
          ],
          [
            120.651455,
            22.971828
          ],
          [
            120.651519,
            22.971725
          ],
          [
            120.651649,
            22.971505
          ],
          [
            120.651799,
            22.970954
          ],
          [
            120.651827,
            22.970741
          ],
          [
            120.651829,
            22.970529
          ],
          [
            120.651768,
            22.970036
          ],
          [
            120.651729,
            22.96985
          ],
          [
            120.651662,
            22.969737
          ],
          [
            120.651462,
            22.969571
          ],
          [
            120.651326,
            22.969443
          ],
          [
            120.651228,
            22.969284
          ],
          [
            120.651189,
            22.969158
          ],
          [
            120.651139,
            22.968942
          ],
          [
            120.6511,
            22.968761
          ],
          [
            120.6511,
            22.96859
          ],
          [
            120.651129,
            22.968425
          ],
          [
            120.651156,
            22.968255
          ],
          [
            120.651211,
            22.967907
          ],
          [
            120.651251,
            22.967689
          ],
          [
            120.65128,
            22.967374
          ],
          [
            120.651417,
            22.966093
          ],
          [
            120.651431,
            22.965922
          ],
          [
            120.651417,
            22.965406
          ],
          [
            120.651385,
            22.965212
          ],
          [
            120.651319,
            22.964936
          ],
          [
            120.6513,
            22.964577
          ],
          [
            120.651303,
            22.964335
          ],
          [
            120.651327,
            22.964042
          ],
          [
            120.651285,
            22.963564
          ],
          [
            120.651308,
            22.963351
          ],
          [
            120.65137,
            22.963183
          ],
          [
            120.651385,
            22.963083
          ],
          [
            120.651389,
            22.962899
          ],
          [
            120.65137,
            22.962803
          ],
          [
            120.65137,
            22.962587
          ],
          [
            120.651161,
            22.961923
          ],
          [
            120.65102,
            22.961611
          ],
          [
            120.651001,
            22.961537
          ],
          [
            120.650986,
            22.961286
          ],
          [
            120.65094,
            22.961054
          ],
          [
            120.650887,
            22.96073
          ],
          [
            120.650936,
            22.96044
          ],
          [
            120.650943,
            22.960181
          ],
          [
            120.650976,
            22.959819
          ],
          [
            120.650989,
            22.959465
          ],
          [
            120.651017,
            22.959025
          ],
          [
            120.651019,
            22.958887
          ],
          [
            120.651004,
            22.95873
          ],
          [
            120.650966,
            22.95858
          ],
          [
            120.650943,
            22.958476
          ],
          [
            120.650887,
            22.958372
          ],
          [
            120.650816,
            22.958251
          ],
          [
            120.650709,
            22.958118
          ],
          [
            120.650615,
            22.958028
          ],
          [
            120.650502,
            22.957912
          ],
          [
            120.650333,
            22.957787
          ],
          [
            120.65014,
            22.957652
          ],
          [
            120.650052,
            22.957562
          ],
          [
            120.649892,
            22.957389
          ],
          [
            120.649821,
            22.957263
          ],
          [
            120.649714,
            22.95699
          ],
          [
            120.649644,
            22.956719
          ],
          [
            120.649569,
            22.956368
          ],
          [
            120.649551,
            22.9561
          ],
          [
            120.649569,
            22.955872
          ],
          [
            120.649611,
            22.955588
          ],
          [
            120.649643,
            22.955211
          ],
          [
            120.64971,
            22.954758
          ],
          [
            120.649801,
            22.954188
          ],
          [
            120.649932,
            22.953364
          ],
          [
            120.649967,
            22.953068
          ],
          [
            120.650005,
            22.952747
          ],
          [
            120.650066,
            22.952119
          ],
          [
            120.650117,
            22.951718
          ],
          [
            120.650168,
            22.951325
          ],
          [
            120.650197,
            22.951049
          ],
          [
            120.650234,
            22.950473
          ],
          [
            120.650262,
            22.950115
          ],
          [
            120.6503,
            22.949856
          ],
          [
            120.650431,
            22.94942
          ],
          [
            120.650463,
            22.94922
          ],
          [
            120.650467,
            22.948978
          ],
          [
            120.650439,
            22.948807
          ],
          [
            120.650403,
            22.9485
          ],
          [
            120.650343,
            22.94815
          ],
          [
            120.650305,
            22.947688
          ],
          [
            120.65031,
            22.94711
          ],
          [
            120.650292,
            22.946403
          ],
          [
            120.650316,
            22.945819
          ],
          [
            120.650348,
            22.945491
          ],
          [
            120.650408,
            22.945067
          ],
          [
            120.650433,
            22.944795
          ],
          [
            120.650431,
            22.944488
          ],
          [
            120.650437,
            22.943826
          ],
          [
            120.650446,
            22.943416
          ],
          [
            120.650531,
            22.943079
          ],
          [
            120.650677,
            22.942551
          ],
          [
            120.650836,
            22.941886
          ],
          [
            120.650884,
            22.941583
          ],
          [
            120.650883,
            22.941398
          ],
          [
            120.650855,
            22.9411
          ],
          [
            120.6508,
            22.940874
          ],
          [
            120.650809,
            22.940689
          ],
          [
            120.650828,
            22.940369
          ],
          [
            120.650856,
            22.939842
          ],
          [
            120.650876,
            22.939398
          ],
          [
            120.650848,
            22.939059
          ],
          [
            120.650668,
            22.938048
          ],
          [
            120.650608,
            22.937719
          ],
          [
            120.65058,
            22.937538
          ],
          [
            120.650588,
            22.937368
          ],
          [
            120.650648,
            22.937174
          ],
          [
            120.650855,
            22.936608
          ],
          [
            120.650953,
            22.935859
          ],
          [
            120.650945,
            22.935664
          ],
          [
            120.650934,
            22.935184
          ],
          [
            120.650933,
            22.934961
          ],
          [
            120.650991,
            22.934648
          ],
          [
            120.651084,
            22.934438
          ],
          [
            120.651131,
            22.934217
          ],
          [
            120.651237,
            22.934037
          ],
          [
            120.651387,
            22.933778
          ],
          [
            120.651511,
            22.93335
          ],
          [
            120.651574,
            22.933106
          ],
          [
            120.651713,
            22.932842
          ],
          [
            120.651824,
            22.932629
          ],
          [
            120.652057,
            22.932356
          ],
          [
            120.652133,
            22.932232
          ],
          [
            120.652202,
            22.932057
          ],
          [
            120.652222,
            22.931832
          ],
          [
            120.652257,
            22.931583
          ],
          [
            120.652326,
            22.931115
          ],
          [
            120.652428,
            22.930697
          ],
          [
            120.652442,
            22.930611
          ],
          [
            120.652448,
            22.930372
          ],
          [
            120.652395,
            22.9301
          ],
          [
            120.652395,
            22.929833
          ],
          [
            120.652421,
            22.929691
          ],
          [
            120.652452,
            22.929628
          ],
          [
            120.652625,
            22.929111
          ],
          [
            120.652751,
            22.928438
          ],
          [
            120.65278,
            22.928093
          ],
          [
            120.652741,
            22.927963
          ],
          [
            120.652443,
            22.927496
          ],
          [
            120.652376,
            22.927357
          ],
          [
            120.652374,
            22.927036
          ],
          [
            120.652403,
            22.926842
          ],
          [
            120.652461,
            22.926664
          ],
          [
            120.652604,
            22.926346
          ],
          [
            120.652624,
            22.926273
          ],
          [
            120.65262,
            22.926162
          ],
          [
            120.652503,
            22.925875
          ],
          [
            120.652371,
            22.925681
          ],
          [
            120.652201,
            22.925387
          ],
          [
            120.652144,
            22.925261
          ],
          [
            120.652109,
            22.925113
          ],
          [
            120.651987,
            22.92487
          ],
          [
            120.651625,
            22.92423
          ],
          [
            120.651555,
            22.924171
          ],
          [
            120.651437,
            22.9241
          ],
          [
            120.651377,
            22.924038
          ],
          [
            120.650939,
            22.923426
          ],
          [
            120.650819,
            22.923184
          ],
          [
            120.65079,
            22.923021
          ],
          [
            120.650791,
            22.922711
          ],
          [
            120.650801,
            22.922441
          ],
          [
            120.650804,
            22.92209
          ],
          [
            120.650809,
            22.921829
          ],
          [
            120.650737,
            22.921463
          ],
          [
            120.650537,
            22.920922
          ],
          [
            120.650423,
            22.920579
          ],
          [
            120.650365,
            22.920384
          ],
          [
            120.650286,
            22.920069
          ],
          [
            120.650176,
            22.919672
          ],
          [
            120.650139,
            22.919529
          ],
          [
            120.650131,
            22.919386
          ],
          [
            120.650121,
            22.919145
          ],
          [
            120.650112,
            22.918816
          ],
          [
            120.650104,
            22.918452
          ],
          [
            120.650066,
            22.918036
          ],
          [
            120.649982,
            22.917674
          ],
          [
            120.649832,
            22.91732
          ],
          [
            120.649589,
            22.916879
          ],
          [
            120.649373,
            22.916439
          ],
          [
            120.649219,
            22.915992
          ],
          [
            120.649014,
            22.915431
          ],
          [
            120.64885,
            22.914999
          ],
          [
            120.648681,
            22.914545
          ],
          [
            120.648574,
            22.914207
          ],
          [
            120.648535,
            22.91389
          ],
          [
            120.648531,
            22.913854
          ],
          [
            120.6485,
            22.913485
          ],
          [
            120.648502,
            22.913315
          ],
          [
            120.648515,
            22.913103
          ],
          [
            120.64854,
            22.912968
          ],
          [
            120.648567,
            22.912839
          ],
          [
            120.648703,
            22.912252
          ],
          [
            120.648828,
            22.911587
          ],
          [
            120.6489,
            22.910965
          ],
          [
            120.64901,
            22.910351
          ],
          [
            120.649224,
            22.909284
          ],
          [
            120.649328,
            22.908635
          ],
          [
            120.649358,
            22.908188
          ],
          [
            120.649365,
            22.907945
          ],
          [
            120.649338,
            22.907627
          ],
          [
            120.649288,
            22.907354
          ],
          [
            120.649196,
            22.906883
          ],
          [
            120.64917,
            22.906668
          ],
          [
            120.6492,
            22.905284
          ],
          [
            120.649202,
            22.90506
          ],
          [
            120.649189,
            22.904831
          ],
          [
            120.649162,
            22.904592
          ],
          [
            120.649068,
            22.904285
          ],
          [
            120.648843,
            22.903689
          ],
          [
            120.648599,
            22.903209
          ],
          [
            120.648466,
            22.903241
          ],
          [
            120.648401,
            22.903305
          ],
          [
            120.648351,
            22.90337
          ],
          [
            120.64828,
            22.903439
          ],
          [
            120.64817,
            22.903522
          ],
          [
            120.647862,
            22.903769
          ],
          [
            120.647556,
            22.904095
          ],
          [
            120.647474,
            22.903963
          ],
          [
            120.647001,
            22.903406
          ],
          [
            120.646982,
            22.903385
          ],
          [
            120.646929,
            22.903361
          ],
          [
            120.646887,
            22.903357
          ],
          [
            120.646506,
            22.90335
          ],
          [
            120.646457,
            22.903342
          ],
          [
            120.646396,
            22.90332
          ],
          [
            120.646347,
            22.903316
          ],
          [
            120.64617,
            22.903334
          ],
          [
            120.646,
            22.903355
          ],
          [
            120.645985,
            22.903136
          ],
          [
            120.645955,
            22.902941
          ],
          [
            120.645784,
            22.902533
          ],
          [
            120.645518,
            22.901854
          ],
          [
            120.645285,
            22.901384
          ],
          [
            120.645043,
            22.900836
          ],
          [
            120.644888,
            22.900364
          ],
          [
            120.644732,
            22.899756
          ],
          [
            120.644676,
            22.899457
          ],
          [
            120.644676,
            22.898721
          ],
          [
            120.644663,
            22.898036
          ],
          [
            120.644645,
            22.897031
          ],
          [
            120.644613,
            22.896436
          ],
          [
            120.644561,
            22.895991
          ],
          [
            120.644526,
            22.895507
          ],
          [
            120.644476,
            22.894984
          ],
          [
            120.644418,
            22.894436
          ],
          [
            120.644375,
            22.893835
          ],
          [
            120.644358,
            22.89333
          ],
          [
            120.644291,
            22.892574
          ],
          [
            120.644275,
            22.892182
          ],
          [
            120.644294,
            22.891988
          ],
          [
            120.644339,
            22.891688
          ],
          [
            120.64437,
            22.891535
          ],
          [
            120.644448,
            22.891342
          ],
          [
            120.645562,
            22.888635
          ],
          [
            120.645599,
            22.888413
          ],
          [
            120.645588,
            22.888212
          ],
          [
            120.645558,
            22.88806
          ],
          [
            120.64565,
            22.888054
          ],
          [
            120.645879,
            22.888109
          ],
          [
            120.646087,
            22.8882
          ],
          [
            120.646226,
            22.888258
          ],
          [
            120.646409,
            22.888287
          ],
          [
            120.646634,
            22.888347
          ],
          [
            120.646788,
            22.888446
          ],
          [
            120.646995,
            22.888684
          ],
          [
            120.647215,
            22.889022
          ],
          [
            120.647319,
            22.889284
          ],
          [
            120.647457,
            22.88948
          ],
          [
            120.647461,
            22.889729
          ],
          [
            120.647218,
            22.889817
          ],
          [
            120.647461,
            22.889729
          ],
          [
            120.647491,
            22.890044
          ],
          [
            120.647492,
            22.890097
          ],
          [
            120.647495,
            22.890328
          ],
          [
            120.647474,
            22.890915
          ],
          [
            120.647448,
            22.891475
          ],
          [
            120.647391,
            22.891686
          ],
          [
            120.647187,
            22.892572
          ],
          [
            120.647151,
            22.892761
          ],
          [
            120.647146,
            22.8929
          ],
          [
            120.647154,
            22.893069
          ],
          [
            120.647174,
            22.893358
          ],
          [
            120.647174,
            22.893595
          ],
          [
            120.647178,
            22.893756
          ],
          [
            120.647095,
            22.8942
          ],
          [
            120.64708,
            22.894465
          ],
          [
            120.647093,
            22.894663
          ],
          [
            120.647135,
            22.894875
          ],
          [
            120.647214,
            22.895233
          ],
          [
            120.647374,
            22.895936
          ],
          [
            120.647421,
            22.896187
          ],
          [
            120.647447,
            22.896325
          ],
          [
            120.6475,
            22.896728
          ],
          [
            120.647556,
            22.897505
          ],
          [
            120.647819,
            22.900195
          ],
          [
            120.647925,
            22.900952
          ],
          [
            120.648054,
            22.90192
          ],
          [
            120.648088,
            22.902118
          ],
          [
            120.648134,
            22.902253
          ],
          [
            120.64819,
            22.90236
          ],
          [
            120.648284,
            22.902533
          ],
          [
            120.648416,
            22.902772
          ],
          [
            120.648599,
            22.903209
          ],
          [
            120.648843,
            22.903689
          ],
          [
            120.649068,
            22.904285
          ],
          [
            120.649162,
            22.904592
          ],
          [
            120.649189,
            22.904831
          ],
          [
            120.649202,
            22.90506
          ],
          [
            120.6492,
            22.905284
          ],
          [
            120.64917,
            22.906668
          ],
          [
            120.649196,
            22.906883
          ],
          [
            120.649288,
            22.907354
          ],
          [
            120.649338,
            22.907627
          ],
          [
            120.649365,
            22.907945
          ],
          [
            120.649358,
            22.908188
          ],
          [
            120.649328,
            22.908635
          ],
          [
            120.649224,
            22.909284
          ],
          [
            120.64901,
            22.910351
          ],
          [
            120.6489,
            22.910965
          ],
          [
            120.648828,
            22.911587
          ],
          [
            120.648703,
            22.912252
          ],
          [
            120.648567,
            22.912839
          ],
          [
            120.64854,
            22.912968
          ],
          [
            120.648515,
            22.913103
          ],
          [
            120.648502,
            22.913315
          ],
          [
            120.6485,
            22.913485
          ],
          [
            120.648531,
            22.913854
          ],
          [
            120.648535,
            22.91389
          ],
          [
            120.648574,
            22.914207
          ],
          [
            120.648681,
            22.914545
          ],
          [
            120.64885,
            22.914999
          ],
          [
            120.649014,
            22.915431
          ],
          [
            120.649219,
            22.915992
          ],
          [
            120.649373,
            22.916439
          ],
          [
            120.649589,
            22.916879
          ],
          [
            120.649832,
            22.91732
          ],
          [
            120.649982,
            22.917674
          ],
          [
            120.650066,
            22.918036
          ],
          [
            120.650104,
            22.918452
          ],
          [
            120.650112,
            22.918816
          ],
          [
            120.650121,
            22.919145
          ],
          [
            120.650131,
            22.919386
          ],
          [
            120.650139,
            22.919529
          ],
          [
            120.650176,
            22.919672
          ],
          [
            120.650286,
            22.920069
          ],
          [
            120.650365,
            22.920384
          ],
          [
            120.650423,
            22.920579
          ],
          [
            120.650537,
            22.920922
          ],
          [
            120.650737,
            22.921463
          ],
          [
            120.650809,
            22.921829
          ],
          [
            120.650804,
            22.92209
          ],
          [
            120.650801,
            22.922441
          ],
          [
            120.650791,
            22.922711
          ],
          [
            120.65079,
            22.923021
          ],
          [
            120.650819,
            22.923184
          ],
          [
            120.650939,
            22.923426
          ],
          [
            120.651377,
            22.924038
          ],
          [
            120.651437,
            22.9241
          ],
          [
            120.651555,
            22.924171
          ],
          [
            120.651625,
            22.92423
          ],
          [
            120.651987,
            22.92487
          ],
          [
            120.652109,
            22.925113
          ],
          [
            120.652144,
            22.925261
          ],
          [
            120.652201,
            22.925387
          ],
          [
            120.652371,
            22.925681
          ],
          [
            120.652503,
            22.925875
          ],
          [
            120.65262,
            22.926162
          ],
          [
            120.652624,
            22.926273
          ],
          [
            120.652604,
            22.926346
          ],
          [
            120.652461,
            22.926664
          ],
          [
            120.652403,
            22.926842
          ],
          [
            120.652374,
            22.927036
          ],
          [
            120.652376,
            22.927357
          ],
          [
            120.652443,
            22.927496
          ],
          [
            120.652741,
            22.927963
          ],
          [
            120.65278,
            22.928093
          ],
          [
            120.652751,
            22.928438
          ],
          [
            120.652625,
            22.929111
          ],
          [
            120.652452,
            22.929628
          ],
          [
            120.652421,
            22.929691
          ],
          [
            120.652395,
            22.929833
          ],
          [
            120.652395,
            22.9301
          ],
          [
            120.652448,
            22.930372
          ],
          [
            120.652442,
            22.930611
          ],
          [
            120.652428,
            22.930697
          ],
          [
            120.652326,
            22.931115
          ],
          [
            120.652257,
            22.931583
          ],
          [
            120.652222,
            22.931832
          ],
          [
            120.652202,
            22.932057
          ],
          [
            120.652133,
            22.932232
          ],
          [
            120.652057,
            22.932356
          ],
          [
            120.651824,
            22.932629
          ],
          [
            120.651713,
            22.932842
          ],
          [
            120.651574,
            22.933106
          ],
          [
            120.651511,
            22.93335
          ],
          [
            120.651387,
            22.933778
          ],
          [
            120.651237,
            22.934037
          ],
          [
            120.651131,
            22.934217
          ],
          [
            120.651084,
            22.934438
          ],
          [
            120.650991,
            22.934648
          ],
          [
            120.650933,
            22.934961
          ],
          [
            120.650934,
            22.935184
          ],
          [
            120.650945,
            22.935664
          ],
          [
            120.650953,
            22.935859
          ],
          [
            120.650855,
            22.936608
          ],
          [
            120.650648,
            22.937174
          ],
          [
            120.650588,
            22.937368
          ],
          [
            120.65058,
            22.937538
          ],
          [
            120.650608,
            22.937719
          ],
          [
            120.650668,
            22.938048
          ],
          [
            120.650848,
            22.939059
          ],
          [
            120.650876,
            22.939398
          ],
          [
            120.650856,
            22.939842
          ],
          [
            120.650828,
            22.940369
          ],
          [
            120.650809,
            22.940689
          ],
          [
            120.6508,
            22.940874
          ],
          [
            120.650855,
            22.9411
          ],
          [
            120.650883,
            22.941398
          ],
          [
            120.650884,
            22.941583
          ],
          [
            120.650836,
            22.941886
          ],
          [
            120.650677,
            22.942551
          ],
          [
            120.650531,
            22.943079
          ],
          [
            120.650446,
            22.943416
          ],
          [
            120.650437,
            22.943826
          ],
          [
            120.650431,
            22.944488
          ],
          [
            120.650433,
            22.944795
          ],
          [
            120.650408,
            22.945067
          ],
          [
            120.650348,
            22.945491
          ],
          [
            120.650316,
            22.945819
          ],
          [
            120.650292,
            22.946403
          ],
          [
            120.65031,
            22.94711
          ],
          [
            120.650305,
            22.947688
          ],
          [
            120.650343,
            22.94815
          ],
          [
            120.650403,
            22.9485
          ],
          [
            120.650439,
            22.948807
          ],
          [
            120.650467,
            22.948978
          ],
          [
            120.650463,
            22.94922
          ],
          [
            120.650431,
            22.94942
          ],
          [
            120.6503,
            22.949856
          ],
          [
            120.650262,
            22.950115
          ],
          [
            120.650234,
            22.950473
          ],
          [
            120.650197,
            22.951049
          ],
          [
            120.650168,
            22.951325
          ],
          [
            120.650117,
            22.951718
          ],
          [
            120.650066,
            22.952119
          ],
          [
            120.650005,
            22.952747
          ],
          [
            120.649967,
            22.953068
          ],
          [
            120.649932,
            22.953364
          ],
          [
            120.649801,
            22.954188
          ],
          [
            120.64971,
            22.954758
          ],
          [
            120.649643,
            22.955211
          ],
          [
            120.649611,
            22.955588
          ],
          [
            120.649569,
            22.955872
          ],
          [
            120.649551,
            22.9561
          ],
          [
            120.649569,
            22.956368
          ],
          [
            120.649644,
            22.956719
          ],
          [
            120.649714,
            22.95699
          ],
          [
            120.649821,
            22.957263
          ],
          [
            120.649892,
            22.957389
          ],
          [
            120.650052,
            22.957562
          ],
          [
            120.65014,
            22.957652
          ],
          [
            120.650333,
            22.957787
          ],
          [
            120.650502,
            22.957912
          ],
          [
            120.650615,
            22.958028
          ],
          [
            120.650709,
            22.958118
          ],
          [
            120.650816,
            22.958251
          ],
          [
            120.650887,
            22.958372
          ],
          [
            120.650943,
            22.958476
          ],
          [
            120.650966,
            22.95858
          ],
          [
            120.651004,
            22.95873
          ],
          [
            120.651019,
            22.958887
          ],
          [
            120.651017,
            22.959025
          ],
          [
            120.650989,
            22.959465
          ],
          [
            120.650976,
            22.959819
          ],
          [
            120.650943,
            22.960181
          ],
          [
            120.650936,
            22.96044
          ],
          [
            120.650887,
            22.96073
          ],
          [
            120.65094,
            22.961054
          ],
          [
            120.650986,
            22.961286
          ],
          [
            120.651001,
            22.961537
          ],
          [
            120.65102,
            22.961611
          ],
          [
            120.651161,
            22.961923
          ],
          [
            120.65137,
            22.962587
          ],
          [
            120.65137,
            22.962803
          ],
          [
            120.651389,
            22.962899
          ],
          [
            120.651385,
            22.963083
          ],
          [
            120.65137,
            22.963183
          ],
          [
            120.651308,
            22.963351
          ],
          [
            120.651285,
            22.963564
          ],
          [
            120.651327,
            22.964042
          ],
          [
            120.651303,
            22.964335
          ],
          [
            120.6513,
            22.964577
          ],
          [
            120.651319,
            22.964936
          ],
          [
            120.651385,
            22.965212
          ],
          [
            120.651417,
            22.965406
          ],
          [
            120.651431,
            22.965922
          ],
          [
            120.651417,
            22.966093
          ],
          [
            120.65128,
            22.967374
          ],
          [
            120.651251,
            22.967689
          ],
          [
            120.651211,
            22.967907
          ],
          [
            120.651156,
            22.968255
          ],
          [
            120.651129,
            22.968425
          ],
          [
            120.6511,
            22.96859
          ],
          [
            120.6511,
            22.968761
          ],
          [
            120.651139,
            22.968942
          ],
          [
            120.651189,
            22.969158
          ],
          [
            120.651228,
            22.969284
          ],
          [
            120.651326,
            22.969443
          ],
          [
            120.651462,
            22.969571
          ],
          [
            120.651662,
            22.969737
          ],
          [
            120.651729,
            22.96985
          ],
          [
            120.651768,
            22.970036
          ],
          [
            120.651829,
            22.970529
          ],
          [
            120.651827,
            22.970741
          ],
          [
            120.651799,
            22.970954
          ],
          [
            120.651649,
            22.971505
          ],
          [
            120.651519,
            22.971725
          ],
          [
            120.651455,
            22.971828
          ],
          [
            120.651346,
            22.972092
          ],
          [
            120.651292,
            22.972298
          ],
          [
            120.651247,
            22.972584
          ],
          [
            120.651222,
            22.972782
          ],
          [
            120.651133,
            22.973829
          ],
          [
            120.651118,
            22.974179
          ],
          [
            120.651106,
            22.974329
          ],
          [
            120.651138,
            22.974443
          ],
          [
            120.651218,
            22.974533
          ],
          [
            120.651312,
            22.974623
          ],
          [
            120.651387,
            22.974685
          ],
          [
            120.651665,
            22.974836
          ],
          [
            120.651787,
            22.974901
          ],
          [
            120.651858,
            22.97499
          ],
          [
            120.651775,
            22.97512
          ],
          [
            120.651705,
            22.975263
          ],
          [
            120.651636,
            22.975402
          ],
          [
            120.651259,
            22.975857
          ],
          [
            120.651025,
            22.976173
          ],
          [
            120.650908,
            22.976395
          ],
          [
            120.650767,
            22.976692
          ],
          [
            120.650739,
            22.976797
          ],
          [
            120.650671,
            22.977001
          ],
          [
            120.650552,
            22.977357
          ],
          [
            120.650357,
            22.977834
          ],
          [
            120.650033,
            22.978581
          ],
          [
            120.649795,
            22.979148
          ],
          [
            120.649706,
            22.979358
          ],
          [
            120.649207,
            22.980538
          ],
          [
            120.64902,
            22.980951
          ],
          [
            120.64881,
            22.981306
          ],
          [
            120.648771,
            22.98137
          ],
          [
            120.648753,
            22.981399
          ],
          [
            120.648583,
            22.981677
          ],
          [
            120.647483,
            22.982983
          ],
          [
            120.647079,
            22.983363
          ],
          [
            120.646541,
            22.983849
          ],
          [
            120.646503,
            22.983904
          ],
          [
            120.646467,
            22.983953
          ],
          [
            120.646428,
            22.984027
          ],
          [
            120.646398,
            22.984114
          ],
          [
            120.645275,
            22.987518
          ],
          [
            120.644775,
            22.989034
          ],
          [
            120.64396,
            22.991577
          ],
          [
            120.64321,
            22.993738
          ],
          [
            120.643081,
            22.99409
          ],
          [
            120.642948,
            22.99449
          ],
          [
            120.642934,
            22.994693
          ],
          [
            120.642981,
            22.995137
          ],
          [
            120.642985,
            22.995325
          ],
          [
            120.64302,
            22.995815
          ],
          [
            120.643173,
            22.996958
          ],
          [
            120.643222,
            22.997529
          ],
          [
            120.643289,
            22.997744
          ],
          [
            120.643374,
            22.997926
          ],
          [
            120.643578,
            22.998224
          ],
          [
            120.643843,
            22.998733
          ],
          [
            120.644133,
            22.999217
          ],
          [
            120.644431,
            22.999686
          ],
          [
            120.644779,
            23.000195
          ],
          [
            120.645013,
            23.00058
          ],
          [
            120.646328,
            23.002546
          ],
          [
            120.646666,
            23.003154
          ],
          [
            120.647191,
            23.004271
          ],
          [
            120.647321,
            23.004766
          ],
          [
            120.647413,
            23.004891
          ],
          [
            120.647512,
            23.005022
          ],
          [
            120.647667,
            23.005237
          ],
          [
            120.647943,
            23.005563
          ],
          [
            120.648356,
            23.006
          ],
          [
            120.648581,
            23.006193
          ],
          [
            120.648884,
            23.006385
          ],
          [
            120.649093,
            23.006482
          ],
          [
            120.649275,
            23.006564
          ],
          [
            120.64955,
            23.00666
          ],
          [
            120.649924,
            23.006731
          ],
          [
            120.650403,
            23.006816
          ],
          [
            120.650856,
            23.006915
          ],
          [
            120.651004,
            23.006935
          ],
          [
            120.651217,
            23.006957
          ],
          [
            120.651446,
            23.006958
          ],
          [
            120.651868,
            23.006909
          ],
          [
            120.65282,
            23.00678
          ],
          [
            120.65364,
            23.006644
          ],
          [
            120.654,
            23.006593
          ],
          [
            120.65575,
            23.006037
          ],
          [
            120.65587,
            23.006007
          ],
          [
            120.655975,
            23.005986
          ],
          [
            120.656143,
            23.005983
          ],
          [
            120.656359,
            23.005995
          ],
          [
            120.656494,
            23.006038
          ],
          [
            120.656755,
            23.006152
          ],
          [
            120.657294,
            23.006405
          ],
          [
            120.657939,
            23.006736
          ],
          [
            120.658351,
            23.006915
          ],
          [
            120.658975,
            23.007247
          ],
          [
            120.659253,
            23.007349
          ],
          [
            120.6596,
            23.007451
          ],
          [
            120.661296,
            23.007706
          ],
          [
            120.661972,
            23.007866
          ],
          [
            120.66214,
            23.007877
          ],
          [
            120.662242,
            23.007873
          ],
          [
            120.66234,
            23.007858
          ],
          [
            120.662467,
            23.007832
          ],
          [
            120.662593,
            23.007785
          ],
          [
            120.662794,
            23.007682
          ],
          [
            120.66294,
            23.007596
          ],
          [
            120.663058,
            23.007495
          ],
          [
            120.663148,
            23.007343
          ],
          [
            120.663246,
            23.007256
          ],
          [
            120.663335,
            23.007215
          ],
          [
            120.663461,
            23.007226
          ],
          [
            120.663608,
            23.00726
          ],
          [
            120.663766,
            23.007323
          ],
          [
            120.664102,
            23.007524
          ],
          [
            120.664334,
            23.007721
          ],
          [
            120.664481,
            23.007846
          ],
          [
            120.664598,
            23.007996
          ],
          [
            120.66505,
            23.008692
          ],
          [
            120.665133,
            23.008882
          ],
          [
            120.665191,
            23.009061
          ],
          [
            120.665212,
            23.009256
          ],
          [
            120.665217,
            23.009318
          ],
          [
            120.665216,
            23.009393
          ],
          [
            120.665207,
            23.009591
          ],
          [
            120.665073,
            23.010357
          ],
          [
            120.665052,
            23.01063
          ],
          [
            120.665079,
            23.010763
          ],
          [
            120.665129,
            23.010891
          ],
          [
            120.665219,
            23.011071
          ],
          [
            120.665322,
            23.011239
          ],
          [
            120.665464,
            23.011436
          ],
          [
            120.665549,
            23.011551
          ],
          [
            120.665666,
            23.01172
          ],
          [
            120.665679,
            23.01178
          ],
          [
            120.665648,
            23.012022
          ],
          [
            120.665625,
            23.012122
          ],
          [
            120.665588,
            23.012248
          ],
          [
            120.665412,
            23.012618
          ],
          [
            120.665392,
            23.012718
          ],
          [
            120.665363,
            23.012901
          ],
          [
            120.665409,
            23.013594
          ],
          [
            120.66544,
            23.013895
          ],
          [
            120.665415,
            23.014326
          ],
          [
            120.665329,
            23.01472
          ],
          [
            120.665323,
            23.014867
          ],
          [
            120.665329,
            23.015032
          ],
          [
            120.665363,
            23.015358
          ],
          [
            120.665415,
            23.015636
          ],
          [
            120.665459,
            23.015879
          ],
          [
            120.665475,
            23.016143
          ],
          [
            120.66546,
            23.016525
          ],
          [
            120.665389,
            23.01695
          ],
          [
            120.665275,
            23.017399
          ],
          [
            120.665198,
            23.017651
          ],
          [
            120.665136,
            23.017778
          ],
          [
            120.664948,
            23.018252
          ],
          [
            120.664803,
            23.018751
          ],
          [
            120.664665,
            23.019116
          ],
          [
            120.664214,
            23.020417
          ],
          [
            120.664124,
            23.020737
          ],
          [
            120.664106,
            23.020867
          ],
          [
            120.66409,
            23.021052
          ],
          [
            120.664084,
            23.021582
          ],
          [
            120.66409,
            23.022241
          ],
          [
            120.664123,
            23.022726
          ],
          [
            120.664118,
            23.022801
          ],
          [
            120.664109,
            23.022991
          ],
          [
            120.664102,
            23.023041
          ],
          [
            120.664092,
            23.023123
          ],
          [
            120.664084,
            23.023179
          ],
          [
            120.664017,
            23.02336
          ],
          [
            120.663977,
            23.023433
          ],
          [
            120.663723,
            23.023734
          ],
          [
            120.663508,
            23.024063
          ],
          [
            120.663462,
            23.024154
          ],
          [
            120.663425,
            23.024276
          ],
          [
            120.663419,
            23.024389
          ],
          [
            120.663401,
            23.0246
          ],
          [
            120.66339,
            23.02474
          ],
          [
            120.663397,
            23.024965
          ],
          [
            120.663413,
            23.02507
          ],
          [
            120.66344,
            23.025163
          ],
          [
            120.663505,
            23.025288
          ],
          [
            120.663576,
            23.025393
          ],
          [
            120.663678,
            23.025498
          ],
          [
            120.664106,
            23.025935
          ],
          [
            120.664155,
            23.02602
          ],
          [
            120.66418,
            23.026139
          ],
          [
            120.66418,
            23.026244
          ],
          [
            120.664146,
            23.026391
          ],
          [
            120.664093,
            23.02649
          ],
          [
            120.664004,
            23.026644
          ],
          [
            120.663833,
            23.02688
          ],
          [
            120.66378,
            23.026953
          ],
          [
            120.663662,
            23.027178
          ],
          [
            120.663624,
            23.027259
          ],
          [
            120.663587,
            23.02738
          ],
          [
            120.663522,
            23.027738
          ],
          [
            120.663312,
            23.028715
          ],
          [
            120.663282,
            23.028914
          ],
          [
            120.663254,
            23.029188
          ],
          [
            120.663247,
            23.029273
          ],
          [
            120.663239,
            23.029448
          ],
          [
            120.663258,
            23.029698
          ],
          [
            120.663304,
            23.029975
          ],
          [
            120.663486,
            23.030863
          ],
          [
            120.663661,
            23.0317
          ],
          [
            120.663673,
            23.03176
          ],
          [
            120.663775,
            23.032137
          ],
          [
            120.663974,
            23.032582
          ],
          [
            120.664073,
            23.032807
          ],
          [
            120.664123,
            23.032984
          ],
          [
            120.664169,
            23.033222
          ],
          [
            120.664292,
            23.033827
          ],
          [
            120.664336,
            23.033957
          ],
          [
            120.664369,
            23.034042
          ],
          [
            120.664434,
            23.034139
          ],
          [
            120.664536,
            23.034273
          ],
          [
            120.664773,
            23.034586
          ],
          [
            120.664862,
            23.034703
          ],
          [
            120.664897,
            23.034752
          ],
          [
            120.665007,
            23.034908
          ],
          [
            120.665087,
            23.035071
          ],
          [
            120.665161,
            23.035261
          ],
          [
            120.665242,
            23.035477
          ],
          [
            120.665334,
            23.035738
          ],
          [
            120.665389,
            23.035898
          ],
          [
            120.665451,
            23.036132
          ],
          [
            120.665628,
            23.037324
          ],
          [
            120.665661,
            23.037583
          ],
          [
            120.665703,
            23.037737
          ],
          [
            120.666013,
            23.038582
          ],
          [
            120.666062,
            23.03869
          ],
          [
            120.666216,
            23.039063
          ],
          [
            120.666554,
            23.040021
          ],
          [
            120.666748,
            23.040571
          ],
          [
            120.666781,
            23.040664
          ],
          [
            120.667076,
            23.041515
          ],
          [
            120.667293,
            23.042063
          ],
          [
            120.667731,
            23.043428
          ],
          [
            120.667663,
            23.043571
          ],
          [
            120.667575,
            23.043752
          ],
          [
            120.667317,
            23.044306
          ],
          [
            120.667305,
            23.044424
          ],
          [
            120.667311,
            23.044519
          ],
          [
            120.667331,
            23.04462
          ],
          [
            120.667364,
            23.044736
          ],
          [
            120.667456,
            23.044965
          ],
          [
            120.667713,
            23.045509
          ],
          [
            120.667815,
            23.046113
          ],
          [
            120.667933,
            23.046461
          ],
          [
            120.669126,
            23.049309
          ],
          [
            120.66914,
            23.049428
          ],
          [
            120.669134,
            23.04961
          ],
          [
            120.669008,
            23.049739
          ],
          [
            120.668262,
            23.050565
          ],
          [
            120.668034,
            23.050764
          ],
          [
            120.667869,
            23.05088
          ],
          [
            120.667649,
            23.051045
          ],
          [
            120.667548,
            23.051164
          ],
          [
            120.667449,
            23.051323
          ],
          [
            120.667407,
            23.051463
          ],
          [
            120.6674,
            23.051626
          ],
          [
            120.667432,
            23.051818
          ],
          [
            120.667542,
            23.052334
          ],
          [
            120.667625,
            23.052902
          ],
          [
            120.667623,
            23.053245
          ],
          [
            120.667591,
            23.053385
          ],
          [
            120.667566,
            23.053473
          ],
          [
            120.66746,
            23.053639
          ],
          [
            120.66715,
            23.054098
          ],
          [
            120.667071,
            23.054261
          ],
          [
            120.667046,
            23.054394
          ],
          [
            120.667053,
            23.054531
          ],
          [
            120.667081,
            23.054664
          ],
          [
            120.667131,
            23.054928
          ],
          [
            120.667264,
            23.055545
          ],
          [
            120.667486,
            23.056711
          ],
          [
            120.667553,
            23.05712
          ],
          [
            120.667616,
            23.057372
          ],
          [
            120.667676,
            23.057541
          ],
          [
            120.667717,
            23.057645
          ],
          [
            120.66778,
            23.05775
          ],
          [
            120.668227,
            23.05843
          ],
          [
            120.668426,
            23.058725
          ],
          [
            120.668654,
            23.059013
          ],
          [
            120.669285,
            23.059656
          ],
          [
            120.670555,
            23.060796
          ],
          [
            120.670729,
            23.061
          ],
          [
            120.670804,
            23.061097
          ],
          [
            120.670881,
            23.06123
          ],
          [
            120.670912,
            23.061342
          ],
          [
            120.670926,
            23.06144
          ],
          [
            120.670924,
            23.061537
          ],
          [
            120.67091,
            23.062417
          ],
          [
            120.670937,
            23.062505
          ],
          [
            120.670973,
            23.062587
          ],
          [
            120.671089,
            23.062755
          ],
          [
            120.671197,
            23.062917
          ],
          [
            120.671294,
            23.063107
          ],
          [
            120.671388,
            23.06346
          ],
          [
            120.67141,
            23.063618
          ],
          [
            120.671399,
            23.063764
          ],
          [
            120.671355,
            23.063932
          ],
          [
            120.671352,
            23.063969
          ],
          [
            120.671349,
            23.064001
          ],
          [
            120.671366,
            23.064049
          ],
          [
            120.671393,
            23.064083
          ],
          [
            120.671581,
            23.064248
          ],
          [
            120.671652,
            23.064274
          ],
          [
            120.671721,
            23.064272
          ],
          [
            120.671774,
            23.064246
          ],
          [
            120.671855,
            23.064185
          ],
          [
            120.672062,
            23.06397
          ],
          [
            120.672155,
            23.06391
          ],
          [
            120.672257,
            23.063861
          ],
          [
            120.672405,
            23.063851
          ],
          [
            120.672568,
            23.063888
          ],
          [
            120.672684,
            23.063938
          ],
          [
            120.672751,
            23.063993
          ],
          [
            120.672788,
            23.064062
          ],
          [
            120.672812,
            23.064129
          ],
          [
            120.672779,
            23.064279
          ],
          [
            120.672682,
            23.064494
          ],
          [
            120.672623,
            23.064569
          ],
          [
            120.672014,
            23.065056
          ],
          [
            120.671968,
            23.06512
          ],
          [
            120.671933,
            23.065204
          ],
          [
            120.671929,
            23.065288
          ],
          [
            120.671941,
            23.065359
          ],
          [
            120.672058,
            23.065575
          ],
          [
            120.672212,
            23.065794
          ],
          [
            120.67246,
            23.066019
          ],
          [
            120.672685,
            23.066225
          ],
          [
            120.673024,
            23.066638
          ],
          [
            120.673331,
            23.067071
          ],
          [
            120.67339,
            23.067206
          ],
          [
            120.673414,
            23.06733
          ],
          [
            120.673418,
            23.067498
          ],
          [
            120.673417,
            23.067592
          ],
          [
            120.673398,
            23.067693
          ],
          [
            120.67332,
            23.067952
          ],
          [
            120.672565,
            23.070464
          ],
          [
            120.672519,
            23.070697
          ],
          [
            120.672528,
            23.070784
          ],
          [
            120.672552,
            23.070858
          ],
          [
            120.672598,
            23.070976
          ],
          [
            120.672689,
            23.071201
          ],
          [
            120.672886,
            23.071705
          ],
          [
            120.672975,
            23.07196
          ],
          [
            120.673044,
            23.072145
          ],
          [
            120.673044,
            23.07223
          ],
          [
            120.67304,
            23.072266
          ],
          [
            120.673031,
            23.072316
          ],
          [
            120.672994,
            23.07237
          ],
          [
            120.672715,
            23.072737
          ],
          [
            120.672438,
            23.072242
          ],
          [
            120.672316,
            23.072057
          ],
          [
            120.672275,
            23.072012
          ],
          [
            120.672045,
            23.071777
          ],
          [
            120.672007,
            23.071747
          ],
          [
            120.671848,
            23.071623
          ],
          [
            120.671715,
            23.071554
          ],
          [
            120.671515,
            23.07148
          ],
          [
            120.671455,
            23.071549
          ],
          [
            120.671515,
            23.07148
          ],
          [
            120.671715,
            23.071554
          ],
          [
            120.671848,
            23.071623
          ],
          [
            120.672007,
            23.071747
          ],
          [
            120.67188,
            23.071845
          ],
          [
            120.672007,
            23.071747
          ],
          [
            120.672045,
            23.071777
          ],
          [
            120.672275,
            23.072012
          ],
          [
            120.672316,
            23.072057
          ],
          [
            120.672438,
            23.072242
          ],
          [
            120.672298,
            23.072408
          ],
          [
            120.672438,
            23.072242
          ],
          [
            120.672715,
            23.072737
          ],
          [
            120.672956,
            23.072419
          ],
          [
            120.672994,
            23.07237
          ],
          [
            120.673031,
            23.072316
          ],
          [
            120.67304,
            23.072266
          ],
          [
            120.673044,
            23.07223
          ],
          [
            120.673044,
            23.072145
          ],
          [
            120.672975,
            23.07196
          ],
          [
            120.672886,
            23.071705
          ],
          [
            120.672775,
            23.071773
          ],
          [
            120.672886,
            23.071705
          ],
          [
            120.672689,
            23.071201
          ],
          [
            120.672672,
            23.07116
          ],
          [
            120.672598,
            23.070976
          ],
          [
            120.672552,
            23.070858
          ],
          [
            120.672528,
            23.070784
          ],
          [
            120.672519,
            23.070697
          ],
          [
            120.672565,
            23.070464
          ],
          [
            120.672775,
            23.069766
          ],
          [
            120.672931,
            23.069246
          ],
          [
            120.67332,
            23.067952
          ],
          [
            120.673398,
            23.067693
          ],
          [
            120.673417,
            23.067592
          ],
          [
            120.673418,
            23.067527
          ],
          [
            120.673418,
            23.067498
          ],
          [
            120.673414,
            23.06733
          ],
          [
            120.67339,
            23.067206
          ],
          [
            120.673331,
            23.067071
          ],
          [
            120.673024,
            23.066638
          ],
          [
            120.672685,
            23.066225
          ],
          [
            120.67246,
            23.066019
          ],
          [
            120.672212,
            23.065794
          ],
          [
            120.672085,
            23.065614
          ],
          [
            120.672058,
            23.065575
          ],
          [
            120.671941,
            23.065359
          ],
          [
            120.671929,
            23.065288
          ],
          [
            120.671933,
            23.065204
          ],
          [
            120.671968,
            23.06512
          ],
          [
            120.672014,
            23.065056
          ],
          [
            120.672623,
            23.064569
          ],
          [
            120.672682,
            23.064494
          ],
          [
            120.672779,
            23.064279
          ],
          [
            120.672812,
            23.064129
          ],
          [
            120.672788,
            23.064062
          ],
          [
            120.672751,
            23.063993
          ],
          [
            120.672684,
            23.063938
          ],
          [
            120.672568,
            23.063888
          ],
          [
            120.672405,
            23.063851
          ],
          [
            120.672257,
            23.063861
          ],
          [
            120.672155,
            23.06391
          ],
          [
            120.672062,
            23.06397
          ],
          [
            120.671855,
            23.064185
          ],
          [
            120.671774,
            23.064246
          ],
          [
            120.671721,
            23.064272
          ],
          [
            120.671652,
            23.064274
          ],
          [
            120.671581,
            23.064248
          ],
          [
            120.671393,
            23.064083
          ],
          [
            120.671366,
            23.064049
          ],
          [
            120.671349,
            23.064001
          ],
          [
            120.671352,
            23.063969
          ],
          [
            120.671355,
            23.063932
          ],
          [
            120.671399,
            23.063764
          ],
          [
            120.67141,
            23.063618
          ],
          [
            120.671388,
            23.06346
          ],
          [
            120.671294,
            23.063107
          ],
          [
            120.671197,
            23.062917
          ],
          [
            120.671089,
            23.062755
          ],
          [
            120.670973,
            23.062587
          ],
          [
            120.670937,
            23.062505
          ],
          [
            120.67091,
            23.062417
          ],
          [
            120.670924,
            23.061537
          ],
          [
            120.670926,
            23.06144
          ],
          [
            120.670912,
            23.061342
          ],
          [
            120.670881,
            23.06123
          ],
          [
            120.670804,
            23.061097
          ],
          [
            120.670729,
            23.061
          ],
          [
            120.670555,
            23.060796
          ],
          [
            120.669285,
            23.059656
          ],
          [
            120.668654,
            23.059013
          ],
          [
            120.668426,
            23.058725
          ],
          [
            120.668227,
            23.05843
          ],
          [
            120.66778,
            23.05775
          ],
          [
            120.667717,
            23.057645
          ],
          [
            120.667676,
            23.057541
          ],
          [
            120.667616,
            23.057372
          ],
          [
            120.667553,
            23.05712
          ],
          [
            120.667486,
            23.056711
          ],
          [
            120.667264,
            23.055545
          ],
          [
            120.667131,
            23.054928
          ],
          [
            120.667081,
            23.054664
          ],
          [
            120.667053,
            23.054531
          ],
          [
            120.667046,
            23.054394
          ],
          [
            120.667071,
            23.054261
          ],
          [
            120.66715,
            23.054098
          ],
          [
            120.66746,
            23.053639
          ],
          [
            120.667566,
            23.053473
          ],
          [
            120.667591,
            23.053385
          ],
          [
            120.667623,
            23.053245
          ],
          [
            120.667625,
            23.052902
          ],
          [
            120.666274,
            23.052349
          ],
          [
            120.666199,
            23.052331
          ],
          [
            120.666114,
            23.052334
          ],
          [
            120.666047,
            23.052348
          ],
          [
            120.666114,
            23.052334
          ],
          [
            120.666199,
            23.052331
          ],
          [
            120.666274,
            23.052349
          ],
          [
            120.667625,
            23.052902
          ],
          [
            120.667542,
            23.052334
          ],
          [
            120.667527,
            23.052264
          ],
          [
            120.667432,
            23.051818
          ],
          [
            120.6674,
            23.051626
          ],
          [
            120.667407,
            23.051463
          ],
          [
            120.667449,
            23.051323
          ],
          [
            120.667548,
            23.051164
          ],
          [
            120.667649,
            23.051045
          ],
          [
            120.667869,
            23.05088
          ],
          [
            120.668034,
            23.050764
          ],
          [
            120.668262,
            23.050565
          ],
          [
            120.669008,
            23.049739
          ],
          [
            120.669134,
            23.04961
          ],
          [
            120.66914,
            23.049428
          ],
          [
            120.669126,
            23.049309
          ],
          [
            120.667933,
            23.046461
          ],
          [
            120.667815,
            23.046113
          ],
          [
            120.667713,
            23.045509
          ],
          [
            120.667456,
            23.044965
          ],
          [
            120.667364,
            23.044736
          ],
          [
            120.667331,
            23.04462
          ],
          [
            120.667311,
            23.044519
          ],
          [
            120.667305,
            23.044424
          ],
          [
            120.667317,
            23.044306
          ],
          [
            120.667575,
            23.043752
          ],
          [
            120.667663,
            23.043571
          ],
          [
            120.667731,
            23.043428
          ],
          [
            120.667713,
            23.043371
          ],
          [
            120.667731,
            23.043428
          ],
          [
            120.667897,
            23.043909
          ],
          [
            120.66795,
            23.044064
          ],
          [
            120.66797,
            23.044106
          ],
          [
            120.668045,
            23.044233
          ],
          [
            120.66797,
            23.044106
          ],
          [
            120.66795,
            23.044064
          ],
          [
            120.667897,
            23.043909
          ],
          [
            120.667731,
            23.043428
          ],
          [
            120.667307,
            23.042105
          ],
          [
            120.667293,
            23.042063
          ],
          [
            120.667076,
            23.041515
          ],
          [
            120.666781,
            23.040664
          ],
          [
            120.666748,
            23.040571
          ],
          [
            120.666554,
            23.040021
          ],
          [
            120.666216,
            23.039063
          ],
          [
            120.666062,
            23.03869
          ],
          [
            120.665956,
            23.03872
          ],
          [
            120.665892,
            23.038726
          ],
          [
            120.665956,
            23.03872
          ],
          [
            120.666062,
            23.03869
          ],
          [
            120.666013,
            23.038582
          ],
          [
            120.665703,
            23.037737
          ],
          [
            120.665688,
            23.037683
          ],
          [
            120.665661,
            23.037583
          ],
          [
            120.665628,
            23.037324
          ],
          [
            120.665451,
            23.036132
          ],
          [
            120.665389,
            23.035898
          ],
          [
            120.665334,
            23.035738
          ],
          [
            120.665266,
            23.035546
          ],
          [
            120.665242,
            23.035477
          ],
          [
            120.665161,
            23.035261
          ],
          [
            120.665087,
            23.035071
          ],
          [
            120.665007,
            23.034908
          ],
          [
            120.664897,
            23.034752
          ],
          [
            120.664862,
            23.034703
          ],
          [
            120.664773,
            23.034586
          ],
          [
            120.664938,
            23.034495
          ],
          [
            120.664773,
            23.034586
          ],
          [
            120.664536,
            23.034273
          ],
          [
            120.664434,
            23.034139
          ],
          [
            120.664369,
            23.034042
          ],
          [
            120.664336,
            23.033957
          ],
          [
            120.664292,
            23.033827
          ],
          [
            120.664291,
            23.03382
          ],
          [
            120.664169,
            23.033222
          ],
          [
            120.664123,
            23.032984
          ],
          [
            120.664073,
            23.032807
          ],
          [
            120.663974,
            23.032582
          ],
          [
            120.66385,
            23.032304
          ],
          [
            120.663775,
            23.032137
          ],
          [
            120.663673,
            23.03176
          ],
          [
            120.663661,
            23.0317
          ],
          [
            120.663583,
            23.031326
          ],
          [
            120.663486,
            23.030863
          ],
          [
            120.663461,
            23.030741
          ],
          [
            120.663304,
            23.029975
          ],
          [
            120.663296,
            23.029929
          ],
          [
            120.663258,
            23.029698
          ],
          [
            120.663239,
            23.029448
          ],
          [
            120.663247,
            23.029273
          ],
          [
            120.663254,
            23.029188
          ],
          [
            120.663282,
            23.028914
          ],
          [
            120.663312,
            23.028715
          ],
          [
            120.663329,
            23.028637
          ],
          [
            120.663522,
            23.027738
          ],
          [
            120.663565,
            23.027502
          ],
          [
            120.663587,
            23.02738
          ],
          [
            120.663624,
            23.027259
          ],
          [
            120.663662,
            23.027178
          ],
          [
            120.66378,
            23.026953
          ],
          [
            120.663833,
            23.02688
          ],
          [
            120.664004,
            23.026644
          ],
          [
            120.664043,
            23.026576
          ],
          [
            120.664093,
            23.02649
          ],
          [
            120.664146,
            23.026391
          ],
          [
            120.66418,
            23.026244
          ],
          [
            120.66418,
            23.026139
          ],
          [
            120.664155,
            23.02602
          ],
          [
            120.664106,
            23.025935
          ],
          [
            120.663678,
            23.025498
          ],
          [
            120.663576,
            23.025393
          ],
          [
            120.663505,
            23.025288
          ],
          [
            120.66344,
            23.025163
          ],
          [
            120.663413,
            23.02507
          ],
          [
            120.663397,
            23.024965
          ],
          [
            120.66339,
            23.02474
          ],
          [
            120.663401,
            23.0246
          ],
          [
            120.663419,
            23.024389
          ],
          [
            120.663425,
            23.024276
          ],
          [
            120.663462,
            23.024154
          ],
          [
            120.663508,
            23.024063
          ],
          [
            120.663723,
            23.023734
          ],
          [
            120.663977,
            23.023433
          ],
          [
            120.664017,
            23.02336
          ],
          [
            120.664084,
            23.023179
          ],
          [
            120.664092,
            23.023123
          ],
          [
            120.664102,
            23.023041
          ],
          [
            120.664109,
            23.022991
          ],
          [
            120.664118,
            23.022801
          ],
          [
            120.664123,
            23.022726
          ],
          [
            120.66409,
            23.022241
          ],
          [
            120.664084,
            23.021582
          ],
          [
            120.66409,
            23.021052
          ],
          [
            120.664106,
            23.020867
          ],
          [
            120.664124,
            23.020737
          ],
          [
            120.664214,
            23.020417
          ],
          [
            120.664665,
            23.019116
          ],
          [
            120.664803,
            23.018751
          ],
          [
            120.664948,
            23.018252
          ],
          [
            120.665136,
            23.017778
          ],
          [
            120.665198,
            23.017651
          ],
          [
            120.665275,
            23.017399
          ],
          [
            120.665389,
            23.01695
          ],
          [
            120.66546,
            23.016525
          ],
          [
            120.665475,
            23.016143
          ],
          [
            120.665459,
            23.015879
          ],
          [
            120.665415,
            23.015636
          ],
          [
            120.665363,
            23.015358
          ],
          [
            120.665329,
            23.015032
          ],
          [
            120.665323,
            23.014867
          ],
          [
            120.665329,
            23.01472
          ],
          [
            120.665415,
            23.014326
          ],
          [
            120.66544,
            23.013895
          ],
          [
            120.665409,
            23.013594
          ],
          [
            120.665363,
            23.012901
          ],
          [
            120.665392,
            23.012718
          ],
          [
            120.665412,
            23.012618
          ],
          [
            120.665588,
            23.012248
          ],
          [
            120.665625,
            23.012122
          ],
          [
            120.665648,
            23.012022
          ],
          [
            120.665679,
            23.01178
          ],
          [
            120.665666,
            23.01172
          ],
          [
            120.665549,
            23.011551
          ],
          [
            120.665464,
            23.011436
          ],
          [
            120.665322,
            23.011239
          ],
          [
            120.665219,
            23.011071
          ],
          [
            120.665129,
            23.010891
          ],
          [
            120.665079,
            23.010763
          ],
          [
            120.665052,
            23.01063
          ],
          [
            120.665073,
            23.010357
          ],
          [
            120.665207,
            23.009591
          ],
          [
            120.665216,
            23.009393
          ],
          [
            120.665217,
            23.009318
          ],
          [
            120.665212,
            23.009256
          ],
          [
            120.665191,
            23.009061
          ],
          [
            120.665133,
            23.008882
          ],
          [
            120.66505,
            23.008692
          ],
          [
            120.664598,
            23.007996
          ],
          [
            120.664481,
            23.007846
          ],
          [
            120.664334,
            23.007721
          ],
          [
            120.664102,
            23.007524
          ],
          [
            120.663766,
            23.007323
          ],
          [
            120.663608,
            23.00726
          ],
          [
            120.663461,
            23.007226
          ],
          [
            120.663335,
            23.007215
          ],
          [
            120.663246,
            23.007256
          ],
          [
            120.663148,
            23.007343
          ],
          [
            120.663058,
            23.007495
          ],
          [
            120.66294,
            23.007596
          ],
          [
            120.662794,
            23.007682
          ],
          [
            120.662593,
            23.007785
          ],
          [
            120.662467,
            23.007832
          ],
          [
            120.66234,
            23.007858
          ],
          [
            120.662242,
            23.007873
          ],
          [
            120.66214,
            23.007877
          ],
          [
            120.661972,
            23.007866
          ],
          [
            120.661296,
            23.007706
          ],
          [
            120.6596,
            23.007451
          ],
          [
            120.659253,
            23.007349
          ],
          [
            120.658975,
            23.007247
          ],
          [
            120.658351,
            23.006915
          ],
          [
            120.657939,
            23.006736
          ],
          [
            120.657294,
            23.006405
          ],
          [
            120.656755,
            23.006152
          ],
          [
            120.656494,
            23.006038
          ],
          [
            120.656359,
            23.005995
          ],
          [
            120.656143,
            23.005983
          ],
          [
            120.655975,
            23.005986
          ],
          [
            120.65587,
            23.006007
          ],
          [
            120.65575,
            23.006037
          ],
          [
            120.654,
            23.006593
          ],
          [
            120.65364,
            23.006644
          ],
          [
            120.65282,
            23.00678
          ],
          [
            120.651868,
            23.006909
          ],
          [
            120.651446,
            23.006958
          ],
          [
            120.651217,
            23.006957
          ],
          [
            120.651004,
            23.006935
          ],
          [
            120.650856,
            23.006915
          ],
          [
            120.650403,
            23.006816
          ],
          [
            120.649924,
            23.006731
          ],
          [
            120.64955,
            23.00666
          ],
          [
            120.649275,
            23.006564
          ],
          [
            120.649093,
            23.006482
          ],
          [
            120.648884,
            23.006385
          ],
          [
            120.648581,
            23.006193
          ],
          [
            120.648356,
            23.006
          ],
          [
            120.647943,
            23.005563
          ],
          [
            120.647667,
            23.005237
          ],
          [
            120.647512,
            23.005022
          ],
          [
            120.647413,
            23.004891
          ],
          [
            120.647321,
            23.004766
          ],
          [
            120.647191,
            23.004271
          ],
          [
            120.646666,
            23.003154
          ],
          [
            120.646328,
            23.002546
          ],
          [
            120.645013,
            23.00058
          ],
          [
            120.644779,
            23.000195
          ],
          [
            120.644431,
            22.999686
          ],
          [
            120.644133,
            22.999217
          ],
          [
            120.643843,
            22.998733
          ],
          [
            120.643578,
            22.998224
          ],
          [
            120.643374,
            22.997926
          ],
          [
            120.643289,
            22.997744
          ],
          [
            120.643222,
            22.997529
          ],
          [
            120.643173,
            22.996958
          ],
          [
            120.64302,
            22.995815
          ],
          [
            120.642985,
            22.995325
          ],
          [
            120.642981,
            22.995137
          ],
          [
            120.642934,
            22.994693
          ],
          [
            120.642948,
            22.99449
          ],
          [
            120.643081,
            22.99409
          ],
          [
            120.64321,
            22.993738
          ],
          [
            120.64396,
            22.991577
          ],
          [
            120.644775,
            22.989034
          ],
          [
            120.645275,
            22.987518
          ],
          [
            120.646398,
            22.984114
          ],
          [
            120.646428,
            22.984027
          ],
          [
            120.646467,
            22.983953
          ],
          [
            120.646503,
            22.983904
          ],
          [
            120.646541,
            22.983849
          ],
          [
            120.647079,
            22.983363
          ],
          [
            120.647483,
            22.982983
          ],
          [
            120.648583,
            22.981677
          ],
          [
            120.648753,
            22.981399
          ],
          [
            120.648771,
            22.98137
          ],
          [
            120.64881,
            22.981306
          ],
          [
            120.64902,
            22.980951
          ],
          [
            120.649207,
            22.980538
          ],
          [
            120.649706,
            22.979358
          ],
          [
            120.649795,
            22.979148
          ],
          [
            120.650033,
            22.978581
          ],
          [
            120.650357,
            22.977834
          ],
          [
            120.650552,
            22.977357
          ],
          [
            120.650671,
            22.977001
          ],
          [
            120.650739,
            22.976797
          ],
          [
            120.650767,
            22.976692
          ],
          [
            120.650908,
            22.976395
          ],
          [
            120.651025,
            22.976173
          ],
          [
            120.651259,
            22.975857
          ],
          [
            120.651636,
            22.975402
          ],
          [
            120.651705,
            22.975263
          ],
          [
            120.651775,
            22.97512
          ],
          [
            120.651858,
            22.97499
          ],
          [
            120.651787,
            22.974901
          ],
          [
            120.651665,
            22.974836
          ],
          [
            120.651387,
            22.974685
          ],
          [
            120.651312,
            22.974623
          ],
          [
            120.651218,
            22.974533
          ],
          [
            120.651138,
            22.974443
          ],
          [
            120.651106,
            22.974329
          ],
          [
            120.651118,
            22.974179
          ],
          [
            120.651133,
            22.973829
          ],
          [
            120.651222,
            22.972782
          ],
          [
            120.651247,
            22.972584
          ],
          [
            120.651292,
            22.972298
          ],
          [
            120.651346,
            22.972092
          ],
          [
            120.651455,
            22.971828
          ],
          [
            120.651519,
            22.971725
          ],
          [
            120.651649,
            22.971505
          ],
          [
            120.651799,
            22.970954
          ],
          [
            120.651827,
            22.970741
          ],
          [
            120.651829,
            22.970529
          ],
          [
            120.651768,
            22.970036
          ],
          [
            120.651729,
            22.96985
          ],
          [
            120.651662,
            22.969737
          ],
          [
            120.651462,
            22.969571
          ],
          [
            120.651326,
            22.969443
          ],
          [
            120.651228,
            22.969284
          ],
          [
            120.651189,
            22.969158
          ],
          [
            120.651139,
            22.968942
          ],
          [
            120.6511,
            22.968761
          ],
          [
            120.6511,
            22.96859
          ],
          [
            120.651129,
            22.968425
          ],
          [
            120.651156,
            22.968255
          ],
          [
            120.651211,
            22.967907
          ],
          [
            120.651251,
            22.967689
          ],
          [
            120.65128,
            22.967374
          ],
          [
            120.651417,
            22.966093
          ],
          [
            120.651431,
            22.965922
          ],
          [
            120.651417,
            22.965406
          ],
          [
            120.651385,
            22.965212
          ],
          [
            120.651319,
            22.964936
          ],
          [
            120.6513,
            22.964577
          ],
          [
            120.651303,
            22.964335
          ],
          [
            120.651327,
            22.964042
          ],
          [
            120.651285,
            22.963564
          ],
          [
            120.651308,
            22.963351
          ],
          [
            120.65137,
            22.963183
          ],
          [
            120.651385,
            22.963083
          ],
          [
            120.651389,
            22.962899
          ],
          [
            120.65137,
            22.962803
          ],
          [
            120.65137,
            22.962587
          ],
          [
            120.651161,
            22.961923
          ],
          [
            120.65102,
            22.961611
          ],
          [
            120.651001,
            22.961537
          ],
          [
            120.650986,
            22.961286
          ],
          [
            120.65094,
            22.961054
          ],
          [
            120.650887,
            22.96073
          ],
          [
            120.650936,
            22.96044
          ],
          [
            120.650943,
            22.960181
          ],
          [
            120.650976,
            22.959819
          ],
          [
            120.650989,
            22.959465
          ],
          [
            120.651017,
            22.959025
          ],
          [
            120.651019,
            22.958887
          ],
          [
            120.651004,
            22.95873
          ],
          [
            120.650966,
            22.95858
          ],
          [
            120.650943,
            22.958476
          ],
          [
            120.650887,
            22.958372
          ],
          [
            120.650816,
            22.958251
          ],
          [
            120.650709,
            22.958118
          ],
          [
            120.650615,
            22.958028
          ],
          [
            120.650502,
            22.957912
          ],
          [
            120.650333,
            22.957787
          ],
          [
            120.65014,
            22.957652
          ],
          [
            120.650052,
            22.957562
          ],
          [
            120.649892,
            22.957389
          ],
          [
            120.649821,
            22.957263
          ],
          [
            120.649714,
            22.95699
          ],
          [
            120.649644,
            22.956719
          ],
          [
            120.649569,
            22.956368
          ],
          [
            120.649551,
            22.9561
          ],
          [
            120.649569,
            22.955872
          ],
          [
            120.649611,
            22.955588
          ],
          [
            120.649643,
            22.955211
          ],
          [
            120.64971,
            22.954758
          ],
          [
            120.649801,
            22.954188
          ],
          [
            120.649932,
            22.953364
          ],
          [
            120.649967,
            22.953068
          ],
          [
            120.650005,
            22.952747
          ],
          [
            120.650066,
            22.952119
          ],
          [
            120.650117,
            22.951718
          ],
          [
            120.650168,
            22.951325
          ],
          [
            120.650197,
            22.951049
          ],
          [
            120.650234,
            22.950473
          ],
          [
            120.650262,
            22.950115
          ],
          [
            120.6503,
            22.949856
          ],
          [
            120.650431,
            22.94942
          ],
          [
            120.650463,
            22.94922
          ],
          [
            120.650467,
            22.948978
          ],
          [
            120.650439,
            22.948807
          ],
          [
            120.650403,
            22.9485
          ],
          [
            120.650343,
            22.94815
          ],
          [
            120.650305,
            22.947688
          ],
          [
            120.65031,
            22.94711
          ],
          [
            120.650292,
            22.946403
          ],
          [
            120.650316,
            22.945819
          ],
          [
            120.650348,
            22.945491
          ],
          [
            120.650408,
            22.945067
          ],
          [
            120.650433,
            22.944795
          ],
          [
            120.650431,
            22.944488
          ],
          [
            120.650437,
            22.943826
          ],
          [
            120.650446,
            22.943416
          ],
          [
            120.650531,
            22.943079
          ],
          [
            120.650677,
            22.942551
          ],
          [
            120.650836,
            22.941886
          ],
          [
            120.650884,
            22.941583
          ],
          [
            120.650883,
            22.941398
          ],
          [
            120.650855,
            22.9411
          ],
          [
            120.6508,
            22.940874
          ],
          [
            120.650809,
            22.940689
          ],
          [
            120.650828,
            22.940369
          ],
          [
            120.650856,
            22.939842
          ],
          [
            120.650876,
            22.939398
          ],
          [
            120.650848,
            22.939059
          ],
          [
            120.650668,
            22.938048
          ],
          [
            120.650608,
            22.937719
          ],
          [
            120.65058,
            22.937538
          ],
          [
            120.650588,
            22.937368
          ],
          [
            120.650648,
            22.937174
          ],
          [
            120.650855,
            22.936608
          ],
          [
            120.650953,
            22.935859
          ],
          [
            120.650945,
            22.935664
          ],
          [
            120.650934,
            22.935184
          ],
          [
            120.650933,
            22.934961
          ],
          [
            120.650991,
            22.934648
          ],
          [
            120.651084,
            22.934438
          ],
          [
            120.651131,
            22.934217
          ],
          [
            120.651237,
            22.934037
          ],
          [
            120.651387,
            22.933778
          ],
          [
            120.651511,
            22.93335
          ],
          [
            120.651574,
            22.933106
          ],
          [
            120.651713,
            22.932842
          ],
          [
            120.651824,
            22.932629
          ],
          [
            120.652057,
            22.932356
          ],
          [
            120.652133,
            22.932232
          ],
          [
            120.652202,
            22.932057
          ],
          [
            120.652222,
            22.931832
          ],
          [
            120.652257,
            22.931583
          ],
          [
            120.652326,
            22.931115
          ],
          [
            120.652428,
            22.930697
          ],
          [
            120.652442,
            22.930611
          ],
          [
            120.652448,
            22.930372
          ],
          [
            120.652395,
            22.9301
          ],
          [
            120.652395,
            22.929833
          ],
          [
            120.652421,
            22.929691
          ],
          [
            120.652452,
            22.929628
          ],
          [
            120.652625,
            22.929111
          ],
          [
            120.652751,
            22.928438
          ],
          [
            120.65278,
            22.928093
          ],
          [
            120.652741,
            22.927963
          ],
          [
            120.652443,
            22.927496
          ],
          [
            120.652376,
            22.927357
          ],
          [
            120.652374,
            22.927036
          ],
          [
            120.652403,
            22.926842
          ],
          [
            120.652461,
            22.926664
          ],
          [
            120.652604,
            22.926346
          ],
          [
            120.652624,
            22.926273
          ],
          [
            120.65262,
            22.926162
          ],
          [
            120.652503,
            22.925875
          ],
          [
            120.652371,
            22.925681
          ],
          [
            120.652201,
            22.925387
          ],
          [
            120.652144,
            22.925261
          ],
          [
            120.652109,
            22.925113
          ],
          [
            120.651987,
            22.92487
          ],
          [
            120.651625,
            22.92423
          ],
          [
            120.651555,
            22.924171
          ],
          [
            120.651437,
            22.9241
          ],
          [
            120.651377,
            22.924038
          ],
          [
            120.650939,
            22.923426
          ],
          [
            120.650819,
            22.923184
          ],
          [
            120.65079,
            22.923021
          ],
          [
            120.650791,
            22.922711
          ],
          [
            120.650801,
            22.922441
          ],
          [
            120.650804,
            22.92209
          ],
          [
            120.650809,
            22.921829
          ],
          [
            120.650737,
            22.921463
          ],
          [
            120.650537,
            22.920922
          ],
          [
            120.650423,
            22.920579
          ],
          [
            120.650365,
            22.920384
          ],
          [
            120.650286,
            22.920069
          ],
          [
            120.650176,
            22.919672
          ],
          [
            120.650139,
            22.919529
          ],
          [
            120.650131,
            22.919386
          ],
          [
            120.650121,
            22.919145
          ],
          [
            120.650112,
            22.918816
          ],
          [
            120.650104,
            22.918452
          ],
          [
            120.650066,
            22.918036
          ],
          [
            120.649982,
            22.917674
          ],
          [
            120.649832,
            22.91732
          ],
          [
            120.649589,
            22.916879
          ],
          [
            120.649373,
            22.916439
          ],
          [
            120.649219,
            22.915992
          ],
          [
            120.649014,
            22.915431
          ],
          [
            120.64885,
            22.914999
          ],
          [
            120.648681,
            22.914545
          ],
          [
            120.648574,
            22.914207
          ],
          [
            120.648535,
            22.91389
          ],
          [
            120.648531,
            22.913854
          ],
          [
            120.6485,
            22.913485
          ],
          [
            120.648502,
            22.913315
          ],
          [
            120.648515,
            22.913103
          ],
          [
            120.64854,
            22.912968
          ],
          [
            120.648567,
            22.912839
          ],
          [
            120.648703,
            22.912252
          ],
          [
            120.648828,
            22.911587
          ],
          [
            120.6489,
            22.910965
          ],
          [
            120.64901,
            22.910351
          ],
          [
            120.649224,
            22.909284
          ],
          [
            120.649328,
            22.908635
          ],
          [
            120.649358,
            22.908188
          ],
          [
            120.649365,
            22.907945
          ],
          [
            120.649338,
            22.907627
          ],
          [
            120.649288,
            22.907354
          ],
          [
            120.649196,
            22.906883
          ],
          [
            120.64917,
            22.906668
          ],
          [
            120.6492,
            22.905284
          ],
          [
            120.649202,
            22.90506
          ],
          [
            120.649189,
            22.904831
          ],
          [
            120.649162,
            22.904592
          ],
          [
            120.649068,
            22.904285
          ],
          [
            120.648843,
            22.903689
          ],
          [
            120.648599,
            22.903209
          ],
          [
            120.648416,
            22.902772
          ],
          [
            120.648284,
            22.902533
          ],
          [
            120.64819,
            22.90236
          ],
          [
            120.648134,
            22.902253
          ],
          [
            120.648088,
            22.902118
          ],
          [
            120.648054,
            22.90192
          ],
          [
            120.647925,
            22.900952
          ],
          [
            120.647819,
            22.900195
          ],
          [
            120.647556,
            22.897505
          ],
          [
            120.6475,
            22.896728
          ],
          [
            120.647447,
            22.896325
          ],
          [
            120.647421,
            22.896187
          ],
          [
            120.647374,
            22.895936
          ],
          [
            120.647214,
            22.895233
          ],
          [
            120.647135,
            22.894875
          ],
          [
            120.647093,
            22.894663
          ],
          [
            120.64708,
            22.894465
          ],
          [
            120.647095,
            22.8942
          ],
          [
            120.647178,
            22.893756
          ],
          [
            120.647174,
            22.893595
          ],
          [
            120.647174,
            22.893358
          ],
          [
            120.647154,
            22.893069
          ],
          [
            120.647146,
            22.8929
          ],
          [
            120.647151,
            22.892761
          ],
          [
            120.647187,
            22.892572
          ],
          [
            120.647391,
            22.891686
          ],
          [
            120.647448,
            22.891475
          ],
          [
            120.647474,
            22.890915
          ],
          [
            120.647495,
            22.890328
          ],
          [
            120.647492,
            22.890097
          ],
          [
            120.647491,
            22.890044
          ],
          [
            120.647461,
            22.889729
          ],
          [
            120.647457,
            22.88948
          ],
          [
            120.647507,
            22.889319
          ],
          [
            120.64759,
            22.889042
          ],
          [
            120.647675,
            22.888738
          ],
          [
            120.647735,
            22.8884
          ],
          [
            120.647759,
            22.888116
          ],
          [
            120.647747,
            22.887874
          ],
          [
            120.647701,
            22.887563
          ],
          [
            120.647662,
            22.887302
          ],
          [
            120.647542,
            22.887041
          ],
          [
            120.647396,
            22.886804
          ],
          [
            120.647184,
            22.886582
          ],
          [
            120.646797,
            22.88624
          ],
          [
            120.646639,
            22.886074
          ],
          [
            120.646517,
            22.88591
          ],
          [
            120.646454,
            22.885795
          ],
          [
            120.646405,
            22.885632
          ],
          [
            120.646364,
            22.885497
          ],
          [
            120.646375,
            22.885341
          ],
          [
            120.646417,
            22.885208
          ],
          [
            120.6465,
            22.885036
          ],
          [
            120.646675,
            22.884764
          ],
          [
            120.646819,
            22.884533
          ],
          [
            120.646928,
            22.884302
          ],
          [
            120.647055,
            22.884007
          ],
          [
            120.647153,
            22.883859
          ],
          [
            120.647296,
            22.883688
          ],
          [
            120.647567,
            22.883385
          ],
          [
            120.647691,
            22.8832
          ],
          [
            120.647837,
            22.882927
          ],
          [
            120.648026,
            22.882556
          ],
          [
            120.648119,
            22.88234
          ],
          [
            120.648208,
            22.882047
          ],
          [
            120.648285,
            22.881797
          ],
          [
            120.648371,
            22.881575
          ],
          [
            120.648538,
            22.881175
          ],
          [
            120.648592,
            22.880992
          ],
          [
            120.648608,
            22.880782
          ],
          [
            120.648604,
            22.880664
          ],
          [
            120.648559,
            22.880226
          ],
          [
            120.648557,
            22.880092
          ],
          [
            120.648602,
            22.880007
          ],
          [
            120.648682,
            22.879732
          ],
          [
            120.648723,
            22.879538
          ],
          [
            120.648682,
            22.879732
          ],
          [
            120.648602,
            22.880007
          ],
          [
            120.648557,
            22.880092
          ],
          [
            120.648559,
            22.880226
          ],
          [
            120.648604,
            22.880664
          ],
          [
            120.648608,
            22.880782
          ],
          [
            120.648592,
            22.880992
          ],
          [
            120.648538,
            22.881175
          ],
          [
            120.648371,
            22.881575
          ],
          [
            120.648285,
            22.881797
          ],
          [
            120.648208,
            22.882047
          ],
          [
            120.648119,
            22.88234
          ],
          [
            120.648026,
            22.882556
          ],
          [
            120.647837,
            22.882927
          ],
          [
            120.647691,
            22.8832
          ],
          [
            120.647567,
            22.883385
          ],
          [
            120.647296,
            22.883688
          ],
          [
            120.647153,
            22.883859
          ],
          [
            120.647055,
            22.884007
          ],
          [
            120.646928,
            22.884302
          ],
          [
            120.646819,
            22.884533
          ],
          [
            120.646675,
            22.884764
          ],
          [
            120.6465,
            22.885036
          ],
          [
            120.646417,
            22.885208
          ],
          [
            120.646375,
            22.885341
          ],
          [
            120.646364,
            22.885497
          ],
          [
            120.646405,
            22.885632
          ],
          [
            120.646454,
            22.885795
          ],
          [
            120.646517,
            22.88591
          ],
          [
            120.646639,
            22.886074
          ],
          [
            120.646797,
            22.88624
          ],
          [
            120.647184,
            22.886582
          ],
          [
            120.647396,
            22.886804
          ],
          [
            120.647542,
            22.887041
          ],
          [
            120.647662,
            22.887302
          ],
          [
            120.647701,
            22.887563
          ],
          [
            120.647747,
            22.887874
          ],
          [
            120.647759,
            22.888116
          ],
          [
            120.647735,
            22.8884
          ],
          [
            120.647675,
            22.888738
          ],
          [
            120.64759,
            22.889042
          ],
          [
            120.647507,
            22.889319
          ],
          [
            120.647457,
            22.88948
          ],
          [
            120.647461,
            22.889729
          ],
          [
            120.647491,
            22.890044
          ],
          [
            120.647492,
            22.890097
          ],
          [
            120.647495,
            22.890328
          ],
          [
            120.647474,
            22.890915
          ],
          [
            120.647448,
            22.891475
          ],
          [
            120.647391,
            22.891686
          ],
          [
            120.647187,
            22.892572
          ],
          [
            120.647151,
            22.892761
          ],
          [
            120.647146,
            22.8929
          ],
          [
            120.647154,
            22.893069
          ],
          [
            120.647174,
            22.893358
          ],
          [
            120.647174,
            22.893595
          ],
          [
            120.647178,
            22.893756
          ],
          [
            120.647095,
            22.8942
          ],
          [
            120.64708,
            22.894465
          ],
          [
            120.647093,
            22.894663
          ],
          [
            120.647135,
            22.894875
          ],
          [
            120.647214,
            22.895233
          ],
          [
            120.647374,
            22.895936
          ],
          [
            120.647421,
            22.896187
          ],
          [
            120.647447,
            22.896325
          ],
          [
            120.6475,
            22.896728
          ],
          [
            120.647556,
            22.897505
          ],
          [
            120.647819,
            22.900195
          ],
          [
            120.647925,
            22.900952
          ],
          [
            120.648054,
            22.90192
          ],
          [
            120.648088,
            22.902118
          ],
          [
            120.648134,
            22.902253
          ],
          [
            120.64819,
            22.90236
          ],
          [
            120.648284,
            22.902533
          ],
          [
            120.648416,
            22.902772
          ],
          [
            120.648599,
            22.903209
          ],
          [
            120.648843,
            22.903689
          ],
          [
            120.649068,
            22.904285
          ],
          [
            120.649162,
            22.904592
          ],
          [
            120.649189,
            22.904831
          ],
          [
            120.649202,
            22.90506
          ],
          [
            120.6492,
            22.905284
          ],
          [
            120.64917,
            22.906668
          ],
          [
            120.649196,
            22.906883
          ],
          [
            120.649288,
            22.907354
          ],
          [
            120.649338,
            22.907627
          ],
          [
            120.649365,
            22.907945
          ],
          [
            120.649358,
            22.908188
          ],
          [
            120.649328,
            22.908635
          ],
          [
            120.649224,
            22.909284
          ],
          [
            120.64901,
            22.910351
          ],
          [
            120.6489,
            22.910965
          ],
          [
            120.648828,
            22.911587
          ],
          [
            120.648703,
            22.912252
          ],
          [
            120.648567,
            22.912839
          ],
          [
            120.64854,
            22.912968
          ],
          [
            120.648515,
            22.913103
          ],
          [
            120.648502,
            22.913315
          ],
          [
            120.6485,
            22.913485
          ],
          [
            120.648531,
            22.913854
          ],
          [
            120.648535,
            22.91389
          ],
          [
            120.648574,
            22.914207
          ],
          [
            120.648681,
            22.914545
          ],
          [
            120.64885,
            22.914999
          ],
          [
            120.649014,
            22.915431
          ],
          [
            120.649219,
            22.915992
          ],
          [
            120.649373,
            22.916439
          ],
          [
            120.649589,
            22.916879
          ],
          [
            120.649832,
            22.91732
          ],
          [
            120.649982,
            22.917674
          ],
          [
            120.650066,
            22.918036
          ],
          [
            120.650104,
            22.918452
          ],
          [
            120.650112,
            22.918816
          ],
          [
            120.650121,
            22.919145
          ],
          [
            120.650131,
            22.919386
          ],
          [
            120.650139,
            22.919529
          ],
          [
            120.650176,
            22.919672
          ],
          [
            120.650286,
            22.920069
          ],
          [
            120.650365,
            22.920384
          ],
          [
            120.650423,
            22.920579
          ],
          [
            120.650537,
            22.920922
          ],
          [
            120.650737,
            22.921463
          ],
          [
            120.650809,
            22.921829
          ],
          [
            120.650804,
            22.92209
          ],
          [
            120.650801,
            22.922441
          ],
          [
            120.650791,
            22.922711
          ],
          [
            120.65079,
            22.923021
          ],
          [
            120.650819,
            22.923184
          ],
          [
            120.650939,
            22.923426
          ],
          [
            120.651377,
            22.924038
          ],
          [
            120.651437,
            22.9241
          ],
          [
            120.651555,
            22.924171
          ],
          [
            120.651625,
            22.92423
          ],
          [
            120.651987,
            22.92487
          ],
          [
            120.652109,
            22.925113
          ],
          [
            120.652144,
            22.925261
          ],
          [
            120.652201,
            22.925387
          ],
          [
            120.652371,
            22.925681
          ],
          [
            120.652503,
            22.925875
          ],
          [
            120.65262,
            22.926162
          ],
          [
            120.652624,
            22.926273
          ],
          [
            120.652604,
            22.926346
          ],
          [
            120.652461,
            22.926664
          ],
          [
            120.652403,
            22.926842
          ],
          [
            120.652374,
            22.927036
          ],
          [
            120.652376,
            22.927357
          ],
          [
            120.652443,
            22.927496
          ],
          [
            120.652741,
            22.927963
          ],
          [
            120.65278,
            22.928093
          ],
          [
            120.652751,
            22.928438
          ],
          [
            120.652625,
            22.929111
          ],
          [
            120.652452,
            22.929628
          ],
          [
            120.652421,
            22.929691
          ],
          [
            120.652395,
            22.929833
          ],
          [
            120.652395,
            22.9301
          ],
          [
            120.652448,
            22.930372
          ],
          [
            120.652442,
            22.930611
          ],
          [
            120.652428,
            22.930697
          ],
          [
            120.652326,
            22.931115
          ],
          [
            120.652257,
            22.931583
          ],
          [
            120.652222,
            22.931832
          ],
          [
            120.652202,
            22.932057
          ],
          [
            120.652133,
            22.932232
          ],
          [
            120.652057,
            22.932356
          ],
          [
            120.651824,
            22.932629
          ],
          [
            120.651713,
            22.932842
          ],
          [
            120.651574,
            22.933106
          ],
          [
            120.651511,
            22.93335
          ],
          [
            120.651387,
            22.933778
          ],
          [
            120.651237,
            22.934037
          ],
          [
            120.651131,
            22.934217
          ],
          [
            120.651084,
            22.934438
          ],
          [
            120.650991,
            22.934648
          ],
          [
            120.650933,
            22.934961
          ],
          [
            120.650934,
            22.935184
          ],
          [
            120.650945,
            22.935664
          ],
          [
            120.650953,
            22.935859
          ],
          [
            120.650855,
            22.936608
          ],
          [
            120.650648,
            22.937174
          ],
          [
            120.650588,
            22.937368
          ],
          [
            120.65058,
            22.937538
          ],
          [
            120.650608,
            22.937719
          ],
          [
            120.650668,
            22.938048
          ],
          [
            120.650848,
            22.939059
          ],
          [
            120.650876,
            22.939398
          ],
          [
            120.650856,
            22.939842
          ],
          [
            120.650828,
            22.940369
          ],
          [
            120.650809,
            22.940689
          ],
          [
            120.6508,
            22.940874
          ],
          [
            120.650855,
            22.9411
          ],
          [
            120.650883,
            22.941398
          ],
          [
            120.650884,
            22.941583
          ],
          [
            120.650836,
            22.941886
          ],
          [
            120.650677,
            22.942551
          ],
          [
            120.650531,
            22.943079
          ],
          [
            120.650446,
            22.943416
          ],
          [
            120.650437,
            22.943826
          ],
          [
            120.650431,
            22.944488
          ],
          [
            120.650433,
            22.944795
          ],
          [
            120.650408,
            22.945067
          ],
          [
            120.650348,
            22.945491
          ],
          [
            120.650316,
            22.945819
          ],
          [
            120.650292,
            22.946403
          ],
          [
            120.65031,
            22.94711
          ],
          [
            120.650305,
            22.947688
          ],
          [
            120.650343,
            22.94815
          ],
          [
            120.650403,
            22.9485
          ],
          [
            120.650439,
            22.948807
          ],
          [
            120.650467,
            22.948978
          ],
          [
            120.650463,
            22.94922
          ],
          [
            120.650431,
            22.94942
          ],
          [
            120.6503,
            22.949856
          ],
          [
            120.650262,
            22.950115
          ],
          [
            120.650234,
            22.950473
          ],
          [
            120.650197,
            22.951049
          ],
          [
            120.650168,
            22.951325
          ],
          [
            120.650117,
            22.951718
          ],
          [
            120.650066,
            22.952119
          ],
          [
            120.650005,
            22.952747
          ],
          [
            120.649967,
            22.953068
          ],
          [
            120.649932,
            22.953364
          ],
          [
            120.649801,
            22.954188
          ],
          [
            120.64971,
            22.954758
          ],
          [
            120.649643,
            22.955211
          ],
          [
            120.649611,
            22.955588
          ],
          [
            120.649569,
            22.955872
          ],
          [
            120.649551,
            22.9561
          ],
          [
            120.649569,
            22.956368
          ],
          [
            120.649644,
            22.956719
          ],
          [
            120.649714,
            22.95699
          ],
          [
            120.649821,
            22.957263
          ],
          [
            120.649892,
            22.957389
          ],
          [
            120.650052,
            22.957562
          ],
          [
            120.65014,
            22.957652
          ],
          [
            120.650333,
            22.957787
          ],
          [
            120.650502,
            22.957912
          ],
          [
            120.650615,
            22.958028
          ],
          [
            120.650709,
            22.958118
          ],
          [
            120.650816,
            22.958251
          ],
          [
            120.650887,
            22.958372
          ],
          [
            120.650943,
            22.958476
          ],
          [
            120.650966,
            22.95858
          ],
          [
            120.651004,
            22.95873
          ],
          [
            120.651019,
            22.958887
          ],
          [
            120.651017,
            22.959025
          ],
          [
            120.650989,
            22.959465
          ],
          [
            120.650976,
            22.959819
          ],
          [
            120.650943,
            22.960181
          ],
          [
            120.650936,
            22.96044
          ],
          [
            120.650887,
            22.96073
          ],
          [
            120.65094,
            22.961054
          ],
          [
            120.650986,
            22.961286
          ],
          [
            120.651001,
            22.961537
          ],
          [
            120.65102,
            22.961611
          ],
          [
            120.651161,
            22.961923
          ],
          [
            120.65137,
            22.962587
          ],
          [
            120.65137,
            22.962803
          ],
          [
            120.651389,
            22.962899
          ],
          [
            120.651385,
            22.963083
          ],
          [
            120.65137,
            22.963183
          ],
          [
            120.651308,
            22.963351
          ],
          [
            120.651285,
            22.963564
          ],
          [
            120.651327,
            22.964042
          ],
          [
            120.651303,
            22.964335
          ],
          [
            120.6513,
            22.964577
          ],
          [
            120.651319,
            22.964936
          ],
          [
            120.651385,
            22.965212
          ],
          [
            120.651417,
            22.965406
          ],
          [
            120.651431,
            22.965922
          ],
          [
            120.651417,
            22.966093
          ],
          [
            120.65128,
            22.967374
          ],
          [
            120.651251,
            22.967689
          ],
          [
            120.651211,
            22.967907
          ],
          [
            120.651156,
            22.968255
          ],
          [
            120.651129,
            22.968425
          ],
          [
            120.6511,
            22.96859
          ],
          [
            120.6511,
            22.968761
          ],
          [
            120.651139,
            22.968942
          ],
          [
            120.651189,
            22.969158
          ],
          [
            120.651228,
            22.969284
          ],
          [
            120.651326,
            22.969443
          ],
          [
            120.651462,
            22.969571
          ],
          [
            120.651662,
            22.969737
          ],
          [
            120.651729,
            22.96985
          ],
          [
            120.651768,
            22.970036
          ],
          [
            120.651829,
            22.970529
          ],
          [
            120.651827,
            22.970741
          ],
          [
            120.651799,
            22.970954
          ],
          [
            120.651649,
            22.971505
          ],
          [
            120.651519,
            22.971725
          ],
          [
            120.651455,
            22.971828
          ],
          [
            120.651346,
            22.972092
          ],
          [
            120.651292,
            22.972298
          ],
          [
            120.651247,
            22.972584
          ],
          [
            120.651222,
            22.972782
          ],
          [
            120.651133,
            22.973829
          ],
          [
            120.651118,
            22.974179
          ],
          [
            120.651106,
            22.974329
          ],
          [
            120.651138,
            22.974443
          ],
          [
            120.651218,
            22.974533
          ],
          [
            120.651312,
            22.974623
          ],
          [
            120.651387,
            22.974685
          ],
          [
            120.651665,
            22.974836
          ],
          [
            120.651787,
            22.974901
          ],
          [
            120.651858,
            22.97499
          ],
          [
            120.651775,
            22.97512
          ],
          [
            120.651705,
            22.975263
          ],
          [
            120.651636,
            22.975402
          ],
          [
            120.651259,
            22.975857
          ],
          [
            120.651025,
            22.976173
          ],
          [
            120.650908,
            22.976395
          ],
          [
            120.650767,
            22.976692
          ],
          [
            120.650739,
            22.976797
          ],
          [
            120.650671,
            22.977001
          ],
          [
            120.650552,
            22.977357
          ],
          [
            120.650357,
            22.977834
          ],
          [
            120.650033,
            22.978581
          ],
          [
            120.649795,
            22.979148
          ],
          [
            120.649706,
            22.979358
          ],
          [
            120.649207,
            22.980538
          ],
          [
            120.64902,
            22.980951
          ],
          [
            120.64881,
            22.981306
          ],
          [
            120.648771,
            22.98137
          ],
          [
            120.648753,
            22.981399
          ],
          [
            120.648583,
            22.981677
          ],
          [
            120.647483,
            22.982983
          ],
          [
            120.647079,
            22.983363
          ],
          [
            120.646541,
            22.983849
          ],
          [
            120.646503,
            22.983904
          ],
          [
            120.646467,
            22.983953
          ],
          [
            120.646428,
            22.984027
          ],
          [
            120.646398,
            22.984114
          ],
          [
            120.645275,
            22.987518
          ],
          [
            120.644775,
            22.989034
          ],
          [
            120.64396,
            22.991577
          ],
          [
            120.64321,
            22.993738
          ],
          [
            120.643081,
            22.99409
          ],
          [
            120.642948,
            22.99449
          ],
          [
            120.642934,
            22.994693
          ],
          [
            120.642981,
            22.995137
          ],
          [
            120.642985,
            22.995325
          ],
          [
            120.642595,
            22.995427
          ],
          [
            120.642547,
            22.995459
          ],
          [
            120.642506,
            22.995508
          ],
          [
            120.642478,
            22.995582
          ],
          [
            120.642475,
            22.995743
          ],
          [
            120.642528,
            22.99615
          ],
          [
            120.642529,
            22.996262
          ],
          [
            120.642516,
            22.996415
          ],
          [
            120.642506,
            22.996512
          ],
          [
            120.642483,
            22.996591
          ],
          [
            120.64246,
            22.996632
          ],
          [
            120.642413,
            22.996671
          ],
          [
            120.642374,
            22.9967
          ],
          [
            120.642303,
            22.996739
          ],
          [
            120.642195,
            22.996784
          ],
          [
            120.64204,
            22.996813
          ],
          [
            120.641941,
            22.996777
          ],
          [
            120.641539,
            22.996629
          ]
        ]
      },
      "properties": {
        "routeId": "kaohsiung-kem-0636-7235eb",
        "city": "kaohsiung",
        "source_file": "kaohsiung/kaohsiung-kem-0636-7235eb.geojson",
        "distance_km": 96.633,
        "duration_min": 96.90316666666668,
        "valhalla_config": "valhalla.json"
      }
    }
  ]
}