{
  "type": "FeatureCollection",
  "features": [
    {
      "type": "Feature",
      "geometry": {
        "type": "LineString",
        "coordinates": [
          [
            120.462261,
            22.942928
          ],
          [
            120.46216,
            22.942815
          ],
          [
            120.462145,
            22.942778
          ],
          [
            120.462141,
            22.942743
          ],
          [
            120.462313,
            22.942599
          ],
          [
            120.462378,
            22.942662
          ],
          [
            120.462404,
            22.942674
          ],
          [
            120.462471,
            22.942672
          ],
          [
            120.462624,
            22.942618
          ],
          [
            120.462471,
            22.942077
          ],
          [
            120.46235,
            22.941734
          ],
          [
            120.462297,
            22.941627
          ],
          [
            120.462243,
            22.941526
          ],
          [
            120.462141,
            22.941373
          ],
          [
            120.462058,
            22.941269
          ],
          [
            120.461961,
            22.941158
          ],
          [
            120.461822,
            22.941007
          ],
          [
            120.461645,
            22.940847
          ],
          [
            120.461414,
            22.940568
          ],
          [
            120.461344,
            22.940618
          ],
          [
            120.46125,
            22.940662
          ],
          [
            120.460398,
            22.940623
          ],
          [
            120.460149,
            22.940603
          ],
          [
            120.459223,
            22.94053
          ],
          [
            120.457735,
            22.940409
          ],
          [
            120.457485,
            22.94039
          ],
          [
            120.457313,
            22.940377
          ],
          [
            120.457226,
            22.940367
          ],
          [
            120.456963,
            22.940282
          ],
          [
            120.456679,
            22.940182
          ],
          [
            120.456565,
            22.940147
          ],
          [
            120.456476,
            22.940148
          ],
          [
            120.456064,
            22.940184
          ],
          [
            120.455995,
            22.94018
          ],
          [
            120.455367,
            22.940038
          ],
          [
            120.455377,
            22.9399
          ],
          [
            120.455367,
            22.940038
          ],
          [
            120.454673,
            22.939839
          ],
          [
            120.454592,
            22.939825
          ],
          [
            120.454532,
            22.939823
          ],
          [
            120.453929,
            22.93966
          ],
          [
            120.453705,
            22.939578
          ],
          [
            120.453629,
            22.939527
          ],
          [
            120.453576,
            22.939491
          ],
          [
            120.453453,
            22.939392
          ],
          [
            120.453246,
            22.939127
          ],
          [
            120.453056,
            22.938815
          ],
          [
            120.453035,
            22.93878
          ],
          [
            120.452587,
            22.93784
          ],
          [
            120.452431,
            22.93756
          ],
          [
            120.452087,
            22.93719
          ],
          [
            120.45203,
            22.937129
          ],
          [
            120.451627,
            22.936757
          ],
          [
            120.451554,
            22.936646
          ],
          [
            120.451409,
            22.936266
          ],
          [
            120.451401,
            22.936245
          ],
          [
            120.451275,
            22.935969
          ],
          [
            120.451177,
            22.935797
          ],
          [
            120.450957,
            22.935535
          ],
          [
            120.450798,
            22.935367
          ],
          [
            120.450779,
            22.935349
          ],
          [
            120.449993,
            22.934609
          ],
          [
            120.449896,
            22.934517
          ],
          [
            120.44958,
            22.934219
          ],
          [
            120.449519,
            22.933995
          ],
          [
            120.449528,
            22.933862
          ],
          [
            120.449682,
            22.933393
          ],
          [
            120.449696,
            22.933174
          ],
          [
            120.449702,
            22.933124
          ],
          [
            120.44971,
            22.933058
          ],
          [
            120.449752,
            22.93255
          ],
          [
            120.449756,
            22.932421
          ],
          [
            120.449797,
            22.930799
          ],
          [
            120.449788,
            22.930701
          ],
          [
            120.449783,
            22.930473
          ],
          [
            120.449777,
            22.930188
          ],
          [
            120.450485,
            22.929972
          ],
          [
            120.451822,
            22.929551
          ],
          [
            120.451875,
            22.929525
          ],
          [
            120.452175,
            22.929319
          ],
          [
            120.452257,
            22.92927
          ],
          [
            120.452384,
            22.929228
          ],
          [
            120.453021,
            22.929019
          ],
          [
            120.453177,
            22.928938
          ],
          [
            120.453329,
            22.928827
          ],
          [
            120.453478,
            22.9287
          ],
          [
            120.454803,
            22.927566
          ],
          [
            120.455421,
            22.927038
          ],
          [
            120.455456,
            22.927011
          ],
          [
            120.455499,
            22.927011
          ],
          [
            120.455545,
            22.927025
          ],
          [
            120.455881,
            22.927145
          ],
          [
            120.456142,
            22.927134
          ],
          [
            120.45622,
            22.927207
          ],
          [
            120.456435,
            22.927331
          ],
          [
            120.456619,
            22.927404
          ],
          [
            120.457401,
            22.927715
          ],
          [
            120.45768,
            22.927822
          ],
          [
            120.457843,
            22.927914
          ],
          [
            120.457955,
            22.927953
          ],
          [
            120.458145,
            22.92813
          ],
          [
            120.458333,
            22.928354
          ],
          [
            120.45845,
            22.928608
          ],
          [
            120.458834,
            22.929613
          ],
          [
            120.458825,
            22.929721
          ],
          [
            120.459102,
            22.930645
          ],
          [
            120.459393,
            22.931356
          ],
          [
            120.459589,
            22.931389
          ],
          [
            120.459393,
            22.931356
          ],
          [
            120.459683,
            22.932064
          ],
          [
            120.459824,
            22.932408
          ],
          [
            120.459973,
            22.932771
          ],
          [
            120.460244,
            22.933434
          ],
          [
            120.46119,
            22.935742
          ],
          [
            120.461387,
            22.936135
          ],
          [
            120.461443,
            22.936347
          ],
          [
            120.461457,
            22.936666
          ],
          [
            120.461446,
            22.937348
          ],
          [
            120.461408,
            22.938169
          ],
          [
            120.461431,
            22.937663
          ],
          [
            120.461382,
            22.938735
          ],
          [
            120.461559,
            22.938748
          ],
          [
            120.461382,
            22.938735
          ],
          [
            120.461374,
            22.938915
          ],
          [
            120.461367,
            22.939119
          ],
          [
            120.461347,
            22.939459
          ],
          [
            120.461323,
            22.939877
          ],
          [
            120.461309,
            22.940111
          ],
          [
            120.461312,
            22.940254
          ],
          [
            120.461339,
            22.940377
          ],
          [
            120.461414,
            22.940568
          ],
          [
            120.461645,
            22.940847
          ],
          [
            120.461822,
            22.941007
          ],
          [
            120.461961,
            22.941158
          ],
          [
            120.462101,
            22.941037
          ],
          [
            120.461961,
            22.941158
          ],
          [
            120.462058,
            22.941269
          ],
          [
            120.462141,
            22.941373
          ],
          [
            120.462243,
            22.941526
          ],
          [
            120.462297,
            22.941627
          ],
          [
            120.46235,
            22.941734
          ],
          [
            120.462471,
            22.942077
          ],
          [
            120.462624,
            22.942618
          ],
          [
            120.46272,
            22.942872
          ],
          [
            120.462818,
            22.943171
          ],
          [
            120.462973,
            22.943646
          ],
          [
            120.463276,
            22.944569
          ],
          [
            120.4633,
            22.944643
          ],
          [
            120.46334,
            22.944727
          ],
          [
            120.463375,
            22.94487
          ],
          [
            120.463512,
            22.944977
          ],
          [
            120.463584,
            22.945033
          ],
          [
            120.464209,
            22.94549
          ],
          [
            120.464461,
            22.945671
          ],
          [
            120.464568,
            22.945737
          ],
          [
            120.465339,
            22.946223
          ],
          [
            120.466009,
            22.94669
          ],
          [
            120.466996,
            22.947441
          ],
          [
            120.467097,
            22.94755
          ],
          [
            120.467184,
            22.947734
          ],
          [
            120.467248,
            22.947936
          ],
          [
            120.467449,
            22.948527
          ],
          [
            120.467628,
            22.948654
          ],
          [
            120.467772,
            22.948779
          ],
          [
            120.467628,
            22.948654
          ],
          [
            120.467449,
            22.948527
          ],
          [
            120.467508,
            22.948734
          ],
          [
            120.467449,
            22.948527
          ],
          [
            120.467248,
            22.947936
          ],
          [
            120.467184,
            22.947734
          ],
          [
            120.467097,
            22.94755
          ],
          [
            120.466996,
            22.947441
          ],
          [
            120.466009,
            22.94669
          ],
          [
            120.465339,
            22.946223
          ],
          [
            120.464754,
            22.945854
          ],
          [
            120.464568,
            22.945737
          ],
          [
            120.464461,
            22.945671
          ],
          [
            120.464209,
            22.94549
          ],
          [
            120.463584,
            22.945033
          ],
          [
            120.463375,
            22.94487
          ],
          [
            120.463177,
            22.944947
          ],
          [
            120.462886,
            22.94506
          ],
          [
            120.46177,
            22.945542
          ],
          [
            120.461678,
            22.945582
          ],
          [
            120.460751,
            22.94599
          ],
          [
            120.459584,
            22.946507
          ],
          [
            120.457634,
            22.947366
          ],
          [
            120.45715,
            22.947571
          ],
          [
            120.456378,
            22.947839
          ],
          [
            120.455691,
            22.94816
          ],
          [
            120.454184,
            22.948854
          ],
          [
            120.454089,
            22.948884
          ],
          [
            120.454044,
            22.948899
          ],
          [
            120.454197,
            22.948595
          ],
          [
            120.454986,
            22.946717
          ],
          [
            120.455364,
            22.945816
          ],
          [
            120.455484,
            22.945497
          ],
          [
            120.455592,
            22.945524
          ],
          [
            120.455607,
            22.945526
          ],
          [
            120.455592,
            22.945524
          ],
          [
            120.455484,
            22.945497
          ],
          [
            120.455594,
            22.945225
          ],
          [
            120.455709,
            22.944978
          ],
          [
            120.455759,
            22.9449
          ],
          [
            120.455818,
            22.944842
          ],
          [
            120.455965,
            22.944704
          ],
          [
            120.456559,
            22.94416
          ],
          [
            120.457398,
            22.943372
          ],
          [
            120.457939,
            22.942878
          ],
          [
            120.459936,
            22.941059
          ],
          [
            120.459942,
            22.941054
          ],
          [
            120.460398,
            22.940623
          ],
          [
            120.459223,
            22.94053
          ],
          [
            120.457735,
            22.940409
          ],
          [
            120.457485,
            22.94039
          ],
          [
            120.457313,
            22.940377
          ],
          [
            120.457226,
            22.940367
          ],
          [
            120.456963,
            22.940282
          ],
          [
            120.456679,
            22.940182
          ],
          [
            120.456565,
            22.940147
          ],
          [
            120.456476,
            22.940148
          ],
          [
            120.456064,
            22.940184
          ],
          [
            120.455995,
            22.94018
          ],
          [
            120.455367,
            22.940038
          ],
          [
            120.454673,
            22.939839
          ],
          [
            120.454592,
            22.939825
          ],
          [
            120.454532,
            22.939823
          ],
          [
            120.453929,
            22.93966
          ],
          [
            120.45389,
            22.9399
          ],
          [
            120.45388,
            22.940009
          ],
          [
            120.453878,
            22.940032
          ],
          [
            120.453855,
            22.940278
          ],
          [
            120.453776,
            22.941038
          ],
          [
            120.453669,
            22.942061
          ],
          [
            120.453455,
            22.944112
          ],
          [
            120.453427,
            22.944247
          ],
          [
            120.453418,
            22.944355
          ],
          [
            120.453478,
            22.94499
          ],
          [
            120.453542,
            22.945558
          ],
          [
            120.453538,
            22.945614
          ],
          [
            120.453513,
            22.945674
          ],
          [
            120.453444,
            22.945753
          ],
          [
            120.452639,
            22.946469
          ],
          [
            120.452211,
            22.946856
          ],
          [
            120.452121,
            22.946945
          ],
          [
            120.452061,
            22.947027
          ],
          [
            120.451627,
            22.947719
          ],
          [
            120.451364,
            22.948134
          ],
          [
            120.451344,
            22.948239
          ],
          [
            120.45134,
            22.948392
          ],
          [
            120.451356,
            22.948516
          ],
          [
            120.451396,
            22.94864
          ],
          [
            120.451405,
            22.948666
          ],
          [
            120.451478,
            22.948759
          ],
          [
            120.45314,
            22.949992
          ],
          [
            120.453197,
            22.95002
          ],
          [
            120.453275,
            22.950037
          ],
          [
            120.453281,
            22.950014
          ],
          [
            120.453306,
            22.949972
          ],
          [
            120.453326,
            22.949848
          ],
          [
            120.453327,
            22.949713
          ],
          [
            120.453331,
            22.949605
          ],
          [
            120.453353,
            22.949508
          ],
          [
            120.453399,
            22.949433
          ],
          [
            120.45352,
            22.949305
          ],
          [
            120.45364,
            22.949152
          ],
          [
            120.453681,
            22.949106
          ],
          [
            120.453739,
            22.949069
          ],
          [
            120.453885,
            22.948989
          ],
          [
            120.454044,
            22.948899
          ],
          [
            120.454184,
            22.948854
          ],
          [
            120.455691,
            22.94816
          ],
          [
            120.456378,
            22.947839
          ],
          [
            120.45715,
            22.947571
          ],
          [
            120.457634,
            22.947366
          ],
          [
            120.459584,
            22.946507
          ],
          [
            120.460751,
            22.94599
          ],
          [
            120.46177,
            22.945542
          ],
          [
            120.462886,
            22.94506
          ],
          [
            120.463375,
            22.94487
          ],
          [
            120.46334,
            22.944727
          ],
          [
            120.4633,
            22.944643
          ],
          [
            120.463276,
            22.944569
          ],
          [
            120.46311,
            22.944581
          ],
          [
            120.463059,
            22.944567
          ],
          [
            120.46311,
            22.944581
          ],
          [
            120.463276,
            22.944569
          ],
          [
            120.462973,
            22.943646
          ],
          [
            120.46272,
            22.942872
          ],
          [
            120.462624,
            22.942618
          ],
          [
            120.462471,
            22.942077
          ],
          [
            120.462446,
            22.942005
          ],
          [
            120.46235,
            22.941734
          ],
          [
            120.462297,
            22.941627
          ],
          [
            120.462243,
            22.941526
          ],
          [
            120.462141,
            22.941373
          ],
          [
            120.462058,
            22.941269
          ],
          [
            120.461961,
            22.941158
          ],
          [
            120.461822,
            22.941007
          ],
          [
            120.461754,
            22.941071
          ],
          [
            120.461684,
            22.941118
          ],
          [
            120.461754,
            22.941071
          ],
          [
            120.461822,
            22.941007
          ],
          [
            120.461645,
            22.940847
          ],
          [
            120.461414,
            22.940568
          ],
          [
            120.461339,
            22.940377
          ],
          [
            120.461312,
            22.940254
          ],
          [
            120.461309,
            22.940111
          ],
          [
            120.461317,
            22.939971
          ],
          [
            120.461347,
            22.939459
          ],
          [
            120.461367,
            22.939119
          ],
          [
            120.461374,
            22.938915
          ],
          [
            120.461382,
            22.938735
          ],
          [
            120.461446,
            22.937348
          ],
          [
            120.461453,
            22.936937
          ],
          [
            120.461457,
            22.936666
          ],
          [
            120.461443,
            22.936347
          ],
          [
            120.461387,
            22.936135
          ],
          [
            120.46119,
            22.935742
          ],
          [
            120.461114,
            22.935555
          ],
          [
            120.460086,
            22.933046
          ],
          [
            120.459824,
            22.932408
          ],
          [
            120.459683,
            22.932064
          ],
          [
            120.459393,
            22.931356
          ],
          [
            120.459102,
            22.930645
          ],
          [
            120.458825,
            22.929721
          ],
          [
            120.458834,
            22.929613
          ],
          [
            120.45845,
            22.928608
          ],
          [
            120.458333,
            22.928354
          ],
          [
            120.458145,
            22.92813
          ],
          [
            120.457955,
            22.927953
          ],
          [
            120.457843,
            22.927914
          ],
          [
            120.45768,
            22.927822
          ],
          [
            120.457401,
            22.927715
          ],
          [
            120.456619,
            22.927404
          ],
          [
            120.456435,
            22.927331
          ],
          [
            120.45622,
            22.927207
          ],
          [
            120.456142,
            22.927134
          ],
          [
            120.456081,
            22.927077
          ],
          [
            120.455965,
            22.926864
          ],
          [
            120.455853,
            22.926564
          ],
          [
            120.455748,
            22.926279
          ],
          [
            120.455695,
            22.926174
          ],
          [
            120.455587,
            22.925972
          ],
          [
            120.455422,
            22.925703
          ],
          [
            120.455224,
            22.925427
          ],
          [
            120.454605,
            22.924657
          ],
          [
            120.45453,
            22.924542
          ],
          [
            120.454233,
            22.924088
          ],
          [
            120.454103,
            22.92375
          ],
          [
            120.45378,
            22.924233
          ],
          [
            120.453508,
            22.924706
          ],
          [
            120.453398,
            22.924866
          ],
          [
            120.453365,
            22.924898
          ],
          [
            120.453271,
            22.92499
          ],
          [
            120.452867,
            22.925266
          ],
          [
            120.452756,
            22.925326
          ],
          [
            120.452867,
            22.925266
          ],
          [
            120.453271,
            22.92499
          ],
          [
            120.453365,
            22.924898
          ],
          [
            120.453398,
            22.924866
          ],
          [
            120.453508,
            22.924706
          ],
          [
            120.45378,
            22.924233
          ],
          [
            120.453894,
            22.924063
          ],
          [
            120.454103,
            22.92375
          ],
          [
            120.454233,
            22.924088
          ],
          [
            120.45453,
            22.924542
          ],
          [
            120.454605,
            22.924657
          ],
          [
            120.455224,
            22.925427
          ],
          [
            120.455422,
            22.925703
          ],
          [
            120.455587,
            22.925972
          ],
          [
            120.455695,
            22.926174
          ],
          [
            120.455748,
            22.926279
          ],
          [
            120.455853,
            22.926564
          ],
          [
            120.455965,
            22.926864
          ],
          [
            120.456081,
            22.927077
          ],
          [
            120.456142,
            22.927134
          ],
          [
            120.45622,
            22.927207
          ],
          [
            120.456435,
            22.927331
          ],
          [
            120.456619,
            22.927404
          ],
          [
            120.457401,
            22.927715
          ],
          [
            120.45768,
            22.927822
          ],
          [
            120.457843,
            22.927914
          ],
          [
            120.457955,
            22.927953
          ],
          [
            120.458145,
            22.92813
          ],
          [
            120.458333,
            22.928354
          ],
          [
            120.45845,
            22.928608
          ],
          [
            120.458834,
            22.929613
          ],
          [
            120.458825,
            22.929721
          ],
          [
            120.459102,
            22.930645
          ],
          [
            120.459393,
            22.931356
          ],
          [
            120.459732,
            22.931414
          ],
          [
            120.460121,
            22.931481
          ],
          [
            120.460193,
            22.931493
          ],
          [
            120.460317,
            22.931513
          ],
          [
            120.460408,
            22.931518
          ],
          [
            120.461068,
            22.931498
          ],
          [
            120.461196,
            22.931508
          ],
          [
            120.461261,
            22.931538
          ],
          [
            120.46132,
            22.931577
          ],
          [
            120.461604,
            22.931844
          ],
          [
            120.461679,
            22.931889
          ],
          [
            120.461788,
            22.931914
          ],
          [
            120.462986,
            22.931813
          ],
          [
            120.463319,
            22.931785
          ],
          [
            120.463734,
            22.931749
          ],
          [
            120.463947,
            22.931747
          ],
          [
            120.464039,
            22.931746
          ],
          [
            120.464226,
            22.931716
          ],
          [
            120.464511,
            22.931551
          ],
          [
            120.464901,
            22.931326
          ],
          [
            120.465727,
            22.930826
          ],
          [
            120.465779,
            22.930795
          ],
          [
            120.465865,
            22.930742
          ],
          [
            120.467316,
            22.930201
          ],
          [
            120.467475,
            22.930142
          ],
          [
            120.467557,
            22.930112
          ],
          [
            120.467701,
            22.930058
          ],
          [
            120.468794,
            22.929651
          ],
          [
            120.46908,
            22.929544
          ],
          [
            120.469848,
            22.929292
          ],
          [
            120.469782,
            22.928642
          ],
          [
            120.4697,
            22.92799
          ],
          [
            120.469715,
            22.927144
          ],
          [
            120.469544,
            22.927126
          ],
          [
            120.469715,
            22.927144
          ],
          [
            120.469717,
            22.927061
          ],
          [
            120.469717,
            22.926829
          ],
          [
            120.469632,
            22.926617
          ],
          [
            120.469567,
            22.926471
          ],
          [
            120.469534,
            22.926396
          ],
          [
            120.469526,
            22.926378
          ],
          [
            120.469324,
            22.925998
          ],
          [
            120.468908,
            22.925217
          ],
          [
            120.468847,
            22.925119
          ],
          [
            120.468766,
            22.925067
          ],
          [
            120.46864,
            22.925033
          ],
          [
            120.468502,
            22.925011
          ],
          [
            120.468183,
            22.925005
          ],
          [
            120.468067,
            22.925003
          ],
          [
            120.467797,
            22.92499
          ],
          [
            120.467687,
            22.924984
          ],
          [
            120.467562,
            22.924946
          ],
          [
            120.467486,
            22.924878
          ],
          [
            120.467399,
            22.924761
          ],
          [
            120.467315,
            22.924626
          ],
          [
            120.46722,
            22.924441
          ],
          [
            120.46717,
            22.924389
          ],
          [
            120.467047,
            22.924285
          ],
          [
            120.466217,
            22.923693
          ],
          [
            120.465383,
            22.922979
          ],
          [
            120.46519,
            22.922815
          ],
          [
            120.464857,
            22.922529
          ],
          [
            120.46489,
            22.922304
          ],
          [
            120.464895,
            22.92223
          ],
          [
            120.464881,
            22.922123
          ],
          [
            120.464895,
            22.92223
          ],
          [
            120.46489,
            22.922304
          ],
          [
            120.464857,
            22.922529
          ],
          [
            120.464514,
            22.922236
          ],
          [
            120.464329,
            22.922078
          ],
          [
            120.464072,
            22.921858
          ],
          [
            120.463325,
            22.921218
          ],
          [
            120.462508,
            22.92053
          ],
          [
            120.46247,
            22.920484
          ],
          [
            120.462451,
            22.920428
          ],
          [
            120.462398,
            22.920196
          ],
          [
            120.462372,
            22.920135
          ],
          [
            120.462453,
            22.920122
          ],
          [
            120.462502,
            22.920128
          ],
          [
            120.462561,
            22.92017
          ],
          [
            120.462712,
            22.920397
          ],
          [
            120.462561,
            22.92017
          ],
          [
            120.462502,
            22.920128
          ],
          [
            120.462453,
            22.920122
          ],
          [
            120.462372,
            22.920135
          ],
          [
            120.462232,
            22.919817
          ],
          [
            120.462003,
            22.919495
          ],
          [
            120.461821,
            22.919297
          ],
          [
            120.461522,
            22.919077
          ],
          [
            120.460613,
            22.918588
          ],
          [
            120.460464,
            22.918474
          ],
          [
            120.460401,
            22.918327
          ],
          [
            120.460415,
            22.918099
          ],
          [
            120.460552,
            22.917609
          ],
          [
            120.460624,
            22.917352
          ],
          [
            120.460677,
            22.917294
          ],
          [
            120.460762,
            22.917264
          ],
          [
            120.460864,
            22.917271
          ],
          [
            120.461477,
            22.917486
          ],
          [
            120.46165,
            22.917512
          ],
          [
            120.46188,
            22.917489
          ],
          [
            120.462061,
            22.917434
          ],
          [
            120.462163,
            22.917303
          ],
          [
            120.462295,
            22.917034
          ],
          [
            120.462197,
            22.917113
          ],
          [
            120.462066,
            22.917196
          ],
          [
            120.461832,
            22.91729
          ],
          [
            120.461651,
            22.917313
          ],
          [
            120.461456,
            22.917317
          ],
          [
            120.461179,
            22.917262
          ],
          [
            120.461048,
            22.917205
          ],
          [
            120.460917,
            22.917149
          ],
          [
            120.460585,
            22.916949
          ],
          [
            120.4601,
            22.916732
          ],
          [
            120.459948,
            22.916668
          ],
          [
            120.459871,
            22.916643
          ],
          [
            120.459678,
            22.916581
          ],
          [
            120.459468,
            22.916539
          ],
          [
            120.459236,
            22.916535
          ],
          [
            120.45906,
            22.916567
          ],
          [
            120.458763,
            22.916668
          ],
          [
            120.458427,
            22.916804
          ],
          [
            120.458244,
            22.916873
          ],
          [
            120.458111,
            22.916938
          ],
          [
            120.457973,
            22.917002
          ],
          [
            120.457824,
            22.917096
          ],
          [
            120.457718,
            22.917228
          ],
          [
            120.457646,
            22.917317
          ],
          [
            120.457098,
            22.918291
          ],
          [
            120.45663,
            22.919135
          ],
          [
            120.456428,
            22.919498
          ],
          [
            120.456379,
            22.919581
          ],
          [
            120.456179,
            22.919967
          ],
          [
            120.45616,
            22.920003
          ],
          [
            120.455902,
            22.92044
          ],
          [
            120.455697,
            22.920817
          ],
          [
            120.455305,
            22.921536
          ],
          [
            120.455053,
            22.921998
          ],
          [
            120.455131,
            22.922026
          ],
          [
            120.455241,
            22.922086
          ],
          [
            120.455131,
            22.922026
          ],
          [
            120.455053,
            22.921998
          ],
          [
            120.454707,
            22.922659
          ],
          [
            120.454184,
            22.923605
          ],
          [
            120.454103,
            22.92375
          ],
          [
            120.45378,
            22.924233
          ],
          [
            120.453572,
            22.924595
          ],
          [
            120.453508,
            22.924706
          ],
          [
            120.453398,
            22.924866
          ],
          [
            120.453365,
            22.924898
          ],
          [
            120.453271,
            22.92499
          ],
          [
            120.452867,
            22.925266
          ],
          [
            120.45246,
            22.925485
          ],
          [
            120.452083,
            22.925697
          ],
          [
            120.452232,
            22.925811
          ],
          [
            120.452083,
            22.925697
          ],
          [
            120.451209,
            22.926189
          ],
          [
            120.450938,
            22.926337
          ],
          [
            120.449661,
            22.926991
          ],
          [
            120.449476,
            22.927085
          ],
          [
            120.449429,
            22.927109
          ],
          [
            120.449135,
            22.927234
          ],
          [
            120.448832,
            22.92731
          ],
          [
            120.448447,
            22.92736
          ],
          [
            120.447492,
            22.927475
          ],
          [
            120.445509,
            22.927714
          ],
          [
            120.444852,
            22.927793
          ],
          [
            120.44465,
            22.927809
          ],
          [
            120.444424,
            22.927826
          ],
          [
            120.444011,
            22.927831
          ],
          [
            120.443813,
            22.927777
          ],
          [
            120.44362,
            22.927683
          ],
          [
            120.443453,
            22.927564
          ],
          [
            120.443309,
            22.927411
          ],
          [
            120.443245,
            22.927304
          ],
          [
            120.443235,
            22.927287
          ],
          [
            120.443212,
            22.927248
          ],
          [
            120.443137,
            22.927036
          ],
          [
            120.443114,
            22.926966
          ],
          [
            120.442997,
            22.926616
          ],
          [
            120.442949,
            22.926413
          ],
          [
            120.442874,
            22.926206
          ],
          [
            120.442761,
            22.925973
          ],
          [
            120.442642,
            22.925855
          ],
          [
            120.442587,
            22.925819
          ],
          [
            120.442535,
            22.925784
          ],
          [
            120.442415,
            22.925705
          ],
          [
            120.441969,
            22.925422
          ],
          [
            120.44185,
            22.925355
          ],
          [
            120.441585,
            22.925206
          ],
          [
            120.441481,
            22.925148
          ],
          [
            120.441364,
            22.925113
          ],
          [
            120.440779,
            22.924939
          ],
          [
            120.440535,
            22.92483
          ],
          [
            120.44035,
            22.924747
          ],
          [
            120.440188,
            22.924661
          ],
          [
            120.44003,
            22.924549
          ],
          [
            120.439939,
            22.924458
          ],
          [
            120.439882,
            22.924359
          ],
          [
            120.439834,
            22.924241
          ],
          [
            120.439802,
            22.924031
          ],
          [
            120.439805,
            22.923914
          ],
          [
            120.439814,
            22.923648
          ],
          [
            120.439844,
            22.922652
          ],
          [
            120.439838,
            22.922467
          ],
          [
            120.439795,
            22.92226
          ],
          [
            120.439717,
            22.922075
          ],
          [
            120.439533,
            22.921778
          ],
          [
            120.439352,
            22.921498
          ],
          [
            120.439074,
            22.921119
          ],
          [
            120.438951,
            22.92102
          ],
          [
            120.438348,
            22.920597
          ],
          [
            120.438181,
            22.920545
          ],
          [
            120.437994,
            22.920535
          ],
          [
            120.437764,
            22.920561
          ],
          [
            120.43748,
            22.920646
          ],
          [
            120.437396,
            22.920671
          ],
          [
            120.43677,
            22.920856
          ],
          [
            120.436654,
            22.920891
          ],
          [
            120.436557,
            22.920919
          ],
          [
            120.436011,
            22.921079
          ],
          [
            120.435694,
            22.921158
          ],
          [
            120.435535,
            22.921177
          ],
          [
            120.435291,
            22.92119
          ],
          [
            120.434952,
            22.92122
          ],
          [
            120.434616,
            22.921281
          ],
          [
            120.43442,
            22.921357
          ],
          [
            120.434238,
            22.921476
          ],
          [
            120.434091,
            22.921656
          ],
          [
            120.433995,
            22.921804
          ],
          [
            120.433946,
            22.921943
          ],
          [
            120.433878,
            22.922481
          ],
          [
            120.433847,
            22.922762
          ],
          [
            120.433804,
            22.922892
          ],
          [
            120.433737,
            22.923029
          ],
          [
            120.433647,
            22.923128
          ],
          [
            120.433474,
            22.923286
          ],
          [
            120.433217,
            22.923466
          ],
          [
            120.432781,
            22.923713
          ],
          [
            120.432686,
            22.923775
          ],
          [
            120.432626,
            22.92384
          ],
          [
            120.432572,
            22.923932
          ],
          [
            120.432115,
            22.924839
          ],
          [
            120.431866,
            22.925316
          ],
          [
            120.431695,
            22.92555
          ],
          [
            120.431541,
            22.925723
          ],
          [
            120.431426,
            22.925829
          ],
          [
            120.431308,
            22.92589
          ],
          [
            120.431162,
            22.925985
          ],
          [
            120.431049,
            22.926024
          ],
          [
            120.430965,
            22.926053
          ],
          [
            120.430623,
            22.92617
          ],
          [
            120.430289,
            22.926189
          ],
          [
            120.429928,
            22.926046
          ],
          [
            120.43005,
            22.926249
          ],
          [
            120.430715,
            22.926842
          ],
          [
            120.430795,
            22.926901
          ],
          [
            120.430759,
            22.927014
          ],
          [
            120.430706,
            22.927116
          ],
          [
            120.430565,
            22.927306
          ],
          [
            120.430537,
            22.927351
          ],
          [
            120.430516,
            22.927437
          ],
          [
            120.430508,
            22.927471
          ],
          [
            120.430365,
            22.928103
          ],
          [
            120.430327,
            22.928343
          ],
          [
            120.430266,
            22.9286
          ],
          [
            120.430232,
            22.928674
          ],
          [
            120.430223,
            22.928694
          ],
          [
            120.430198,
            22.928787
          ],
          [
            120.43014,
            22.929264
          ],
          [
            120.430137,
            22.929372
          ],
          [
            120.430152,
            22.929437
          ],
          [
            120.430217,
            22.929531
          ],
          [
            120.430351,
            22.929674
          ],
          [
            120.43035,
            22.930164
          ],
          [
            120.430351,
            22.929674
          ],
          [
            120.430217,
            22.929531
          ],
          [
            120.430152,
            22.929437
          ],
          [
            120.430137,
            22.929372
          ],
          [
            120.43014,
            22.929264
          ],
          [
            120.430198,
            22.928787
          ],
          [
            120.430223,
            22.928694
          ],
          [
            120.430232,
            22.928674
          ],
          [
            120.430266,
            22.9286
          ],
          [
            120.430327,
            22.928343
          ],
          [
            120.430365,
            22.928103
          ],
          [
            120.430508,
            22.927471
          ],
          [
            120.430516,
            22.927437
          ],
          [
            120.430537,
            22.927351
          ],
          [
            120.430565,
            22.927306
          ],
          [
            120.430706,
            22.927116
          ],
          [
            120.430759,
            22.927014
          ],
          [
            120.430795,
            22.926901
          ],
          [
            120.430715,
            22.926842
          ],
          [
            120.43005,
            22.926249
          ],
          [
            120.429928,
            22.926046
          ],
          [
            120.430289,
            22.926189
          ],
          [
            120.430623,
            22.92617
          ],
          [
            120.430965,
            22.926053
          ],
          [
            120.431049,
            22.926024
          ],
          [
            120.431162,
            22.925985
          ],
          [
            120.431308,
            22.92589
          ],
          [
            120.431426,
            22.925829
          ],
          [
            120.431541,
            22.925723
          ],
          [
            120.431695,
            22.92555
          ],
          [
            120.431866,
            22.925316
          ],
          [
            120.432115,
            22.924839
          ],
          [
            120.432572,
            22.923932
          ],
          [
            120.432626,
            22.92384
          ],
          [
            120.432686,
            22.923775
          ],
          [
            120.432781,
            22.923713
          ],
          [
            120.433217,
            22.923466
          ],
          [
            120.433366,
            22.923362
          ],
          [
            120.433474,
            22.923286
          ],
          [
            120.433647,
            22.923128
          ],
          [
            120.433737,
            22.923029
          ],
          [
            120.433804,
            22.922892
          ],
          [
            120.433847,
            22.922762
          ],
          [
            120.433878,
            22.922481
          ],
          [
            120.433946,
            22.921943
          ],
          [
            120.433995,
            22.921804
          ],
          [
            120.434091,
            22.921656
          ],
          [
            120.434238,
            22.921476
          ],
          [
            120.43442,
            22.921357
          ],
          [
            120.434616,
            22.921281
          ],
          [
            120.434952,
            22.92122
          ],
          [
            120.435291,
            22.92119
          ],
          [
            120.435535,
            22.921177
          ],
          [
            120.435694,
            22.921158
          ],
          [
            120.436011,
            22.921079
          ],
          [
            120.436557,
            22.920919
          ],
          [
            120.435866,
            22.920618
          ],
          [
            120.435732,
            22.92056
          ],
          [
            120.434961,
            22.920281
          ],
          [
            120.4344,
            22.920148
          ],
          [
            120.434207,
            22.920103
          ],
          [
            120.433926,
            22.920051
          ],
          [
            120.433363,
            22.920009
          ],
          [
            120.432312,
            22.919932
          ],
          [
            120.432148,
            22.91992
          ],
          [
            120.432104,
            22.919907
          ],
          [
            120.43194,
            22.919912
          ],
          [
            120.431851,
            22.919901
          ],
          [
            120.431758,
            22.91991
          ],
          [
            120.431694,
            22.919931
          ],
          [
            120.431655,
            22.919938
          ],
          [
            120.431587,
            22.919938
          ],
          [
            120.431538,
            22.919933
          ],
          [
            120.431403,
            22.919921
          ],
          [
            120.431309,
            22.919912
          ],
          [
            120.431213,
            22.919884
          ],
          [
            120.431133,
            22.919832
          ],
          [
            120.431118,
            22.919818
          ],
          [
            120.430948,
            22.919649
          ],
          [
            120.430731,
            22.919649
          ],
          [
            120.430629,
            22.919649
          ],
          [
            120.430594,
            22.919644
          ],
          [
            120.430508,
            22.919607
          ],
          [
            120.430435,
            22.919594
          ],
          [
            120.430209,
            22.919569
          ],
          [
            120.430161,
            22.919584
          ],
          [
            120.430126,
            22.919612
          ],
          [
            120.429909,
            22.919788
          ],
          [
            120.42987,
            22.919896
          ],
          [
            120.429822,
            22.91998
          ],
          [
            120.42987,
            22.919896
          ],
          [
            120.429909,
            22.919788
          ],
          [
            120.430126,
            22.919612
          ],
          [
            120.430161,
            22.919584
          ],
          [
            120.430209,
            22.919569
          ],
          [
            120.430435,
            22.919594
          ],
          [
            120.430508,
            22.919607
          ],
          [
            120.430594,
            22.919644
          ],
          [
            120.430629,
            22.919649
          ],
          [
            120.430731,
            22.919649
          ],
          [
            120.430948,
            22.919649
          ],
          [
            120.42993,
            22.918582
          ],
          [
            120.429842,
            22.918502
          ],
          [
            120.429753,
            22.918392
          ],
          [
            120.429623,
            22.918158
          ],
          [
            120.429514,
            22.917964
          ],
          [
            120.429501,
            22.91795
          ],
          [
            120.429407,
            22.917767
          ],
          [
            120.429368,
            22.917714
          ],
          [
            120.429322,
            22.917691
          ],
          [
            120.42907,
            22.917705
          ],
          [
            120.42901,
            22.917695
          ],
          [
            120.428922,
            22.917702
          ],
          [
            120.428836,
            22.917657
          ],
          [
            120.428811,
            22.917647
          ],
          [
            120.428783,
            22.917647
          ],
          [
            120.428385,
            22.917714
          ],
          [
            120.428354,
            22.917707
          ],
          [
            120.428255,
            22.917732
          ],
          [
            120.428153,
            22.917526
          ],
          [
            120.428009,
            22.917434
          ],
          [
            120.427716,
            22.917225
          ],
          [
            120.427648,
            22.917206
          ],
          [
            120.427542,
            22.917472
          ],
          [
            120.427536,
            22.917521
          ],
          [
            120.427553,
            22.917593
          ],
          [
            120.427596,
            22.917722
          ],
          [
            120.427553,
            22.917593
          ],
          [
            120.427536,
            22.917521
          ],
          [
            120.427542,
            22.917472
          ],
          [
            120.427648,
            22.917206
          ],
          [
            120.427716,
            22.917225
          ],
          [
            120.428009,
            22.917434
          ],
          [
            120.428153,
            22.917526
          ],
          [
            120.428255,
            22.917732
          ],
          [
            120.428354,
            22.917707
          ],
          [
            120.428385,
            22.917714
          ],
          [
            120.428783,
            22.917647
          ],
          [
            120.428811,
            22.917647
          ],
          [
            120.428836,
            22.917657
          ],
          [
            120.428922,
            22.917702
          ],
          [
            120.42901,
            22.917695
          ],
          [
            120.42907,
            22.917705
          ],
          [
            120.429322,
            22.917691
          ],
          [
            120.429368,
            22.917714
          ],
          [
            120.429407,
            22.917767
          ],
          [
            120.429501,
            22.91795
          ],
          [
            120.429514,
            22.917964
          ],
          [
            120.429623,
            22.918158
          ],
          [
            120.429753,
            22.918392
          ],
          [
            120.429842,
            22.918502
          ],
          [
            120.42993,
            22.918582
          ],
          [
            120.430948,
            22.919649
          ],
          [
            120.431118,
            22.919818
          ],
          [
            120.431133,
            22.919832
          ],
          [
            120.431213,
            22.919884
          ],
          [
            120.431309,
            22.919912
          ],
          [
            120.431403,
            22.919921
          ],
          [
            120.431538,
            22.919933
          ],
          [
            120.431587,
            22.919938
          ],
          [
            120.431655,
            22.919938
          ],
          [
            120.431694,
            22.919931
          ],
          [
            120.431758,
            22.91991
          ],
          [
            120.431851,
            22.919901
          ],
          [
            120.43194,
            22.919912
          ],
          [
            120.432104,
            22.919907
          ],
          [
            120.432148,
            22.91992
          ],
          [
            120.432312,
            22.919932
          ],
          [
            120.433363,
            22.920009
          ],
          [
            120.433926,
            22.920051
          ],
          [
            120.434207,
            22.920103
          ],
          [
            120.4344,
            22.920148
          ],
          [
            120.434559,
            22.920186
          ],
          [
            120.434961,
            22.920281
          ],
          [
            120.435732,
            22.92056
          ],
          [
            120.435866,
            22.920618
          ],
          [
            120.436557,
            22.920919
          ],
          [
            120.436654,
            22.920891
          ],
          [
            120.437396,
            22.920671
          ],
          [
            120.43748,
            22.920646
          ],
          [
            120.437764,
            22.920561
          ],
          [
            120.437994,
            22.920535
          ],
          [
            120.438181,
            22.920545
          ],
          [
            120.438348,
            22.920597
          ],
          [
            120.438951,
            22.92102
          ],
          [
            120.439074,
            22.921119
          ],
          [
            120.439352,
            22.921498
          ],
          [
            120.439533,
            22.921778
          ],
          [
            120.439717,
            22.922075
          ],
          [
            120.439795,
            22.92226
          ],
          [
            120.439838,
            22.922467
          ],
          [
            120.439844,
            22.922652
          ],
          [
            120.439814,
            22.923648
          ],
          [
            120.439805,
            22.923914
          ],
          [
            120.439802,
            22.924031
          ],
          [
            120.439834,
            22.924241
          ],
          [
            120.439882,
            22.924359
          ],
          [
            120.439939,
            22.924458
          ],
          [
            120.44003,
            22.924549
          ],
          [
            120.440188,
            22.924661
          ],
          [
            120.44035,
            22.924747
          ],
          [
            120.440535,
            22.92483
          ],
          [
            120.440779,
            22.924939
          ],
          [
            120.441364,
            22.925113
          ],
          [
            120.441481,
            22.925148
          ],
          [
            120.441585,
            22.925206
          ],
          [
            120.44185,
            22.925355
          ],
          [
            120.441969,
            22.925422
          ],
          [
            120.442415,
            22.925705
          ],
          [
            120.442535,
            22.925784
          ],
          [
            120.442587,
            22.925819
          ],
          [
            120.442744,
            22.925753
          ],
          [
            120.44296,
            22.925697
          ],
          [
            120.443034,
            22.925688
          ],
          [
            120.443074,
            22.925694
          ],
          [
            120.443142,
            22.925724
          ],
          [
            120.443893,
            22.925444
          ],
          [
            120.443968,
            22.925393
          ],
          [
            120.444019,
            22.925332
          ],
          [
            120.444325,
            22.924892
          ],
          [
            120.444533,
            22.924592
          ],
          [
            120.444567,
            22.924555
          ],
          [
            120.445863,
            22.923115
          ],
          [
            120.446984,
            22.92187
          ],
          [
            120.447106,
            22.921732
          ],
          [
            120.44719,
            22.921607
          ],
          [
            120.447311,
            22.921383
          ],
          [
            120.447828,
            22.920422
          ],
          [
            120.446537,
            22.920577
          ],
          [
            120.445468,
            22.920705
          ],
          [
            120.444636,
            22.920804
          ],
          [
            120.444575,
            22.920812
          ],
          [
            120.444108,
            22.920815
          ],
          [
            120.44359,
            22.920819
          ],
          [
            120.444108,
            22.920815
          ],
          [
            120.444575,
            22.920812
          ],
          [
            120.444636,
            22.920804
          ],
          [
            120.445468,
            22.920705
          ],
          [
            120.446537,
            22.920577
          ],
          [
            120.447828,
            22.920422
          ],
          [
            120.448219,
            22.920358
          ],
          [
            120.448489,
            22.920313
          ],
          [
            120.448687,
            22.920271
          ],
          [
            120.448828,
            22.920235
          ],
          [
            120.448938,
            22.920186
          ],
          [
            120.448999,
            22.920154
          ],
          [
            120.449235,
            22.920029
          ],
          [
            120.449318,
            22.919995
          ],
          [
            120.449536,
            22.919902
          ],
          [
            120.449678,
            22.919847
          ],
          [
            120.449943,
            22.919788
          ],
          [
            120.450428,
            22.919706
          ],
          [
            120.450757,
            22.919612
          ],
          [
            120.450832,
            22.919602
          ],
          [
            120.450946,
            22.91956
          ],
          [
            120.450993,
            22.919501
          ],
          [
            120.450944,
            22.919414
          ],
          [
            120.450902,
            22.919264
          ],
          [
            120.450896,
            22.919162
          ],
          [
            120.45091,
            22.919084
          ],
          [
            120.450689,
            22.918493
          ],
          [
            120.450636,
            22.918363
          ],
          [
            120.450628,
            22.918286
          ],
          [
            120.450648,
            22.918139
          ],
          [
            120.450766,
            22.917666
          ],
          [
            120.450766,
            22.917666
          ],
          [
            120.450648,
            22.918139
          ],
          [
            120.450628,
            22.918286
          ],
          [
            120.450636,
            22.918363
          ],
          [
            120.450689,
            22.918493
          ],
          [
            120.45091,
            22.919084
          ],
          [
            120.450896,
            22.919162
          ],
          [
            120.450902,
            22.919264
          ],
          [
            120.450944,
            22.919414
          ],
          [
            120.450993,
            22.919501
          ],
          [
            120.450946,
            22.91956
          ],
          [
            120.450971,
            22.919628
          ],
          [
            120.451046,
            22.919799
          ],
          [
            120.451173,
            22.920088
          ],
          [
            120.451218,
            22.920194
          ],
          [
            120.451281,
            22.92032
          ],
          [
            120.451456,
            22.920682
          ],
          [
            120.451486,
            22.920748
          ],
          [
            120.451548,
            22.92083
          ],
          [
            120.451833,
            22.920954
          ],
          [
            120.452157,
            22.921103
          ],
          [
            120.452429,
            22.921262
          ],
          [
            120.452654,
            22.921474
          ],
          [
            120.452777,
            22.921649
          ],
          [
            120.452931,
            22.921894
          ],
          [
            120.453274,
            22.922544
          ],
          [
            120.453557,
            22.922956
          ],
          [
            120.454103,
            22.92375
          ],
          [
            120.454105,
            22.923562
          ],
          [
            120.454633,
            22.922615
          ],
          [
            120.45497,
            22.921964
          ],
          [
            120.45483,
            22.921875
          ],
          [
            120.45497,
            22.921964
          ],
          [
            120.455236,
            22.921502
          ],
          [
            120.45554,
            22.920936
          ],
          [
            120.455659,
            22.920723
          ],
          [
            120.455837,
            22.920403
          ],
          [
            120.456083,
            22.919967
          ],
          [
            120.454462,
            22.91917
          ],
          [
            120.454488,
            22.919119
          ],
          [
            120.454652,
            22.919027
          ],
          [
            120.454731,
            22.91896
          ],
          [
            120.45477,
            22.918871
          ],
          [
            120.454776,
            22.918766
          ],
          [
            120.454763,
            22.91866
          ],
          [
            120.454745,
            22.918509
          ],
          [
            120.454777,
            22.918318
          ],
          [
            120.454832,
            22.918234
          ],
          [
            120.454716,
            22.918136
          ],
          [
            120.454694,
            22.918047
          ],
          [
            120.454771,
            22.918014
          ],
          [
            120.455275,
            22.917857
          ],
          [
            120.455848,
            22.917665
          ],
          [
            120.455801,
            22.917551
          ],
          [
            120.455848,
            22.917665
          ],
          [
            120.456418,
            22.917466
          ],
          [
            120.457463,
            22.917104
          ],
          [
            120.457732,
            22.917052
          ],
          [
            120.457819,
            22.916998
          ],
          [
            120.457925,
            22.916926
          ],
          [
            120.458054,
            22.916854
          ],
          [
            120.458216,
            22.91678
          ],
          [
            120.458379,
            22.916713
          ],
          [
            120.458724,
            22.916578
          ],
          [
            120.45905,
            22.916465
          ],
          [
            120.459244,
            22.916438
          ],
          [
            120.459477,
            22.916437
          ],
          [
            120.459699,
            22.916484
          ],
          [
            120.45982,
            22.916527
          ],
          [
            120.459978,
            22.916583
          ],
          [
            120.460145,
            22.916659
          ],
          [
            120.460624,
            22.916868
          ],
          [
            120.461023,
            22.917089
          ],
          [
            120.461227,
            22.917164
          ],
          [
            120.461422,
            22.917193
          ],
          [
            120.461644,
            22.917198
          ],
          [
            120.461864,
            22.91715
          ],
          [
            120.462025,
            22.917083
          ],
          [
            120.462157,
            22.917009
          ],
          [
            120.462216,
            22.91695
          ],
          [
            120.462261,
            22.916905
          ],
          [
            120.46235,
            22.916785
          ],
          [
            120.46269,
            22.916174
          ],
          [
            120.462871,
            22.915839
          ],
          [
            120.462922,
            22.915772
          ],
          [
            120.463112,
            22.915522
          ],
          [
            120.464158,
            22.914577
          ],
          [
            120.464612,
            22.914067
          ],
          [
            120.465113,
            22.913427
          ],
          [
            120.465316,
            22.913138
          ],
          [
            120.4655,
            22.912836
          ],
          [
            120.46569,
            22.912503
          ],
          [
            120.465856,
            22.91218
          ],
          [
            120.465921,
            22.91195
          ],
          [
            120.465963,
            22.911707
          ],
          [
            120.466056,
            22.911223
          ],
          [
            120.465852,
            22.911205
          ],
          [
            120.465637,
            22.911458
          ],
          [
            120.46546,
            22.911626
          ],
          [
            120.465118,
            22.911936
          ],
          [
            120.464871,
            22.912117
          ],
          [
            120.464722,
            22.912198
          ],
          [
            120.463693,
            22.912583
          ],
          [
            120.463652,
            22.912598
          ],
          [
            120.463475,
            22.91265
          ],
          [
            120.462914,
            22.912792
          ],
          [
            120.462751,
            22.912856
          ],
          [
            120.462615,
            22.912964
          ],
          [
            120.462549,
            22.913066
          ],
          [
            120.4625,
            22.913122
          ],
          [
            120.462419,
            22.913141
          ],
          [
            120.461682,
            22.913176
          ],
          [
            120.461601,
            22.913161
          ],
          [
            120.461534,
            22.913134
          ],
          [
            120.461465,
            22.913083
          ],
          [
            120.461421,
            22.913
          ],
          [
            120.461117,
            22.91242
          ],
          [
            120.461088,
            22.912315
          ],
          [
            120.461081,
            22.912234
          ],
          [
            120.461109,
            22.911937
          ],
          [
            120.461118,
            22.911872
          ],
          [
            120.461123,
            22.911773
          ],
          [
            120.461105,
            22.911707
          ],
          [
            120.460968,
            22.911662
          ],
          [
            120.461105,
            22.911707
          ],
          [
            120.461123,
            22.911773
          ],
          [
            120.461118,
            22.911872
          ],
          [
            120.461109,
            22.911937
          ],
          [
            120.461081,
            22.912234
          ],
          [
            120.461088,
            22.912315
          ],
          [
            120.461117,
            22.91242
          ],
          [
            120.461421,
            22.913
          ],
          [
            120.461465,
            22.913083
          ],
          [
            120.461534,
            22.913134
          ],
          [
            120.461601,
            22.913161
          ],
          [
            120.461682,
            22.913176
          ],
          [
            120.462419,
            22.913141
          ],
          [
            120.4625,
            22.913122
          ],
          [
            120.462549,
            22.913066
          ],
          [
            120.462615,
            22.912964
          ],
          [
            120.462751,
            22.912856
          ],
          [
            120.462914,
            22.912792
          ],
          [
            120.463475,
            22.91265
          ],
          [
            120.463652,
            22.912598
          ],
          [
            120.463693,
            22.912583
          ],
          [
            120.464722,
            22.912198
          ],
          [
            120.464871,
            22.912117
          ],
          [
            120.465118,
            22.911936
          ],
          [
            120.46546,
            22.911626
          ],
          [
            120.465637,
            22.911458
          ],
          [
            120.465852,
            22.911205
          ],
          [
            120.466056,
            22.911223
          ],
          [
            120.466156,
            22.910954
          ],
          [
            120.466211,
            22.91086
          ],
          [
            120.466294,
            22.910717
          ],
          [
            120.46662,
            22.910307
          ],
          [
            120.466649,
            22.910274
          ],
          [
            120.466697,
            22.910229
          ],
          [
            120.466766,
            22.910153
          ],
          [
            120.466836,
            22.910065
          ],
          [
            120.466942,
            22.909954
          ],
          [
            120.467127,
            22.909824
          ],
          [
            120.467184,
            22.909916
          ],
          [
            120.467228,
            22.909968
          ],
          [
            120.467296,
            22.909974
          ],
          [
            120.467365,
            22.909971
          ],
          [
            120.467459,
            22.909996
          ],
          [
            120.467519,
            22.910006
          ],
          [
            120.467595,
            22.910018
          ],
          [
            120.46791,
            22.910118
          ],
          [
            120.468176,
            22.910271
          ],
          [
            120.468322,
            22.910355
          ],
          [
            120.468355,
            22.910491
          ],
          [
            120.468458,
            22.910725
          ],
          [
            120.468651,
            22.910958
          ],
          [
            120.468671,
            22.911023
          ],
          [
            120.468649,
            22.911127
          ],
          [
            120.468604,
            22.911434
          ],
          [
            120.468629,
            22.911512
          ],
          [
            120.468713,
            22.911584
          ],
          [
            120.468897,
            22.911646
          ],
          [
            120.468968,
            22.911666
          ],
          [
            120.469069,
            22.911711
          ],
          [
            120.4691,
            22.912075
          ],
          [
            120.469153,
            22.912197
          ],
          [
            120.469193,
            22.912234
          ],
          [
            120.469376,
            22.91234
          ],
          [
            120.469841,
            22.912633
          ],
          [
            120.469976,
            22.91254
          ],
          [
            120.470298,
            22.912309
          ],
          [
            120.469976,
            22.91254
          ],
          [
            120.469841,
            22.912633
          ],
          [
            120.469376,
            22.91234
          ],
          [
            120.469193,
            22.912234
          ],
          [
            120.469153,
            22.912197
          ],
          [
            120.4691,
            22.912075
          ],
          [
            120.469069,
            22.911711
          ],
          [
            120.468968,
            22.911666
          ],
          [
            120.468897,
            22.911646
          ],
          [
            120.468713,
            22.911584
          ],
          [
            120.468629,
            22.911512
          ],
          [
            120.468604,
            22.911434
          ],
          [
            120.468649,
            22.911127
          ],
          [
            120.468671,
            22.911023
          ],
          [
            120.468651,
            22.910958
          ],
          [
            120.468458,
            22.910725
          ],
          [
            120.468355,
            22.910491
          ],
          [
            120.468322,
            22.910355
          ],
          [
            120.468176,
            22.910271
          ],
          [
            120.46791,
            22.910118
          ],
          [
            120.467595,
            22.910018
          ],
          [
            120.467519,
            22.910006
          ],
          [
            120.467459,
            22.909996
          ],
          [
            120.46732,
            22.910002
          ],
          [
            120.467142,
            22.910025
          ],
          [
            120.467009,
            22.910047
          ],
          [
            120.466927,
            22.910131
          ],
          [
            120.466847,
            22.910214
          ],
          [
            120.466786,
            22.910291
          ],
          [
            120.466739,
            22.910348
          ],
          [
            120.466434,
            22.910741
          ],
          [
            120.466293,
            22.910949
          ],
          [
            120.466192,
            22.911238
          ],
          [
            120.466127,
            22.911605
          ],
          [
            120.466092,
            22.911885
          ],
          [
            120.466016,
            22.912149
          ],
          [
            120.465841,
            22.912553
          ],
          [
            120.465633,
            22.912892
          ],
          [
            120.465572,
            22.912998
          ],
          [
            120.465434,
            22.913235
          ],
          [
            120.465248,
            22.913499
          ],
          [
            120.46482,
            22.914054
          ],
          [
            120.464257,
            22.914682
          ],
          [
            120.463215,
            22.915627
          ],
          [
            120.463101,
            22.915766
          ],
          [
            120.463007,
            22.91588
          ],
          [
            120.462818,
            22.916204
          ],
          [
            120.462449,
            22.916866
          ],
          [
            120.462336,
            22.917001
          ],
          [
            120.462295,
            22.917034
          ],
          [
            120.462197,
            22.917113
          ],
          [
            120.462066,
            22.917196
          ],
          [
            120.461832,
            22.91729
          ],
          [
            120.461651,
            22.917313
          ],
          [
            120.461456,
            22.917317
          ],
          [
            120.461179,
            22.917262
          ],
          [
            120.461048,
            22.917205
          ],
          [
            120.460917,
            22.917149
          ],
          [
            120.460585,
            22.916949
          ],
          [
            120.4601,
            22.916732
          ],
          [
            120.459948,
            22.916668
          ],
          [
            120.459678,
            22.916581
          ],
          [
            120.459468,
            22.916539
          ],
          [
            120.459236,
            22.916535
          ],
          [
            120.45906,
            22.916567
          ],
          [
            120.458763,
            22.916668
          ],
          [
            120.458427,
            22.916804
          ],
          [
            120.458244,
            22.916873
          ],
          [
            120.458111,
            22.916938
          ],
          [
            120.457973,
            22.917002
          ],
          [
            120.457824,
            22.917096
          ],
          [
            120.457732,
            22.917052
          ],
          [
            120.457463,
            22.917104
          ],
          [
            120.45697,
            22.917275
          ],
          [
            120.456418,
            22.917466
          ],
          [
            120.455848,
            22.917665
          ],
          [
            120.455671,
            22.917232
          ],
          [
            120.455658,
            22.917204
          ],
          [
            120.455366,
            22.916569
          ],
          [
            120.455225,
            22.91645
          ],
          [
            120.455078,
            22.916518
          ],
          [
            120.454939,
            22.916379
          ],
          [
            120.454712,
            22.916205
          ],
          [
            120.454246,
            22.916035
          ],
          [
            120.453785,
            22.915583
          ],
          [
            120.453702,
            22.915449
          ],
          [
            120.453293,
            22.914517
          ],
          [
            120.453145,
            22.914181
          ],
          [
            120.452942,
            22.913693
          ],
          [
            120.452823,
            22.913425
          ],
          [
            120.452766,
            22.913279
          ],
          [
            120.452676,
            22.912604
          ],
          [
            120.452766,
            22.913279
          ],
          [
            120.452823,
            22.913425
          ],
          [
            120.452942,
            22.913693
          ],
          [
            120.453145,
            22.914181
          ],
          [
            120.453702,
            22.915449
          ],
          [
            120.453785,
            22.915583
          ],
          [
            120.454246,
            22.916035
          ],
          [
            120.454712,
            22.916205
          ],
          [
            120.454939,
            22.916379
          ],
          [
            120.454856,
            22.916532
          ],
          [
            120.454781,
            22.916662
          ],
          [
            120.454651,
            22.916746
          ],
          [
            120.454463,
            22.916843
          ],
          [
            120.454361,
            22.916938
          ],
          [
            120.454316,
            22.917021
          ],
          [
            120.4543,
            22.917137
          ],
          [
            120.454316,
            22.91726
          ],
          [
            120.454337,
            22.917369
          ],
          [
            120.454405,
            22.917513
          ],
          [
            120.454508,
            22.917647
          ],
          [
            120.45467,
            22.91783
          ],
          [
            120.454788,
            22.917751
          ],
          [
            120.454958,
            22.917698
          ],
          [
            120.455054,
            22.917639
          ],
          [
            120.455082,
            22.917604
          ],
          [
            120.455103,
            22.917534
          ],
          [
            120.455118,
            22.917414
          ],
          [
            120.455198,
            22.917337
          ],
          [
            120.455198,
            22.917337
          ],
          [
            120.455198,
            22.917337
          ],
          [
            120.455118,
            22.917414
          ],
          [
            120.455103,
            22.917534
          ],
          [
            120.455082,
            22.917604
          ],
          [
            120.455054,
            22.917639
          ],
          [
            120.454958,
            22.917698
          ],
          [
            120.454788,
            22.917751
          ],
          [
            120.45467,
            22.91783
          ],
          [
            120.454771,
            22.918014
          ],
          [
            120.454694,
            22.918047
          ],
          [
            120.454595,
            22.918083
          ],
          [
            120.453736,
            22.918374
          ],
          [
            120.453229,
            22.918543
          ],
          [
            120.453005,
            22.918615
          ],
          [
            120.452564,
            22.918751
          ],
          [
            120.452389,
            22.918816
          ],
          [
            120.452339,
            22.918835
          ],
          [
            120.451909,
            22.91899
          ],
          [
            120.451527,
            22.919152
          ],
          [
            120.451274,
            22.919296
          ],
          [
            120.451527,
            22.919152
          ],
          [
            120.451909,
            22.91899
          ],
          [
            120.452339,
            22.918835
          ],
          [
            120.452389,
            22.918816
          ],
          [
            120.452564,
            22.918751
          ],
          [
            120.453005,
            22.918615
          ],
          [
            120.453229,
            22.918543
          ],
          [
            120.452994,
            22.917881
          ],
          [
            120.452719,
            22.917133
          ],
          [
            120.452655,
            22.916952
          ],
          [
            120.452478,
            22.916457
          ],
          [
            120.452335,
            22.916059
          ],
          [
            120.451988,
            22.915349
          ],
          [
            120.451517,
            22.9144
          ],
          [
            120.45138,
            22.914134
          ],
          [
            120.450855,
            22.913159
          ],
          [
            120.450746,
            22.913005
          ],
          [
            120.450629,
            22.912877
          ],
          [
            120.45048,
            22.912746
          ],
          [
            120.450187,
            22.912546
          ],
          [
            120.449423,
            22.912007
          ],
          [
            120.449245,
            22.911911
          ],
          [
            120.449028,
            22.911843
          ],
          [
            120.44877,
            22.911756
          ],
          [
            120.448236,
            22.911547
          ],
          [
            120.448115,
            22.911503
          ],
          [
            120.447904,
            22.911482
          ],
          [
            120.447588,
            22.911452
          ],
          [
            120.447284,
            22.911427
          ],
          [
            120.446881,
            22.911347
          ],
          [
            120.44629,
            22.911118
          ],
          [
            120.446209,
            22.911078
          ],
          [
            120.446141,
            22.911038
          ],
          [
            120.446126,
            22.911021
          ],
          [
            120.446077,
            22.910963
          ],
          [
            120.44607,
            22.910876
          ],
          [
            120.446196,
            22.910367
          ],
          [
            120.446199,
            22.910252
          ],
          [
            120.446142,
            22.91016
          ],
          [
            120.445808,
            22.90987
          ],
          [
            120.445886,
            22.90973
          ],
          [
            120.445969,
            22.909638
          ],
          [
            120.445977,
            22.909578
          ],
          [
            120.445884,
            22.90944
          ],
          [
            120.445872,
            22.909392
          ],
          [
            120.44588,
            22.909347
          ],
          [
            120.446186,
            22.909003
          ],
          [
            120.44621,
            22.908954
          ],
          [
            120.446186,
            22.909003
          ],
          [
            120.44588,
            22.909347
          ],
          [
            120.445872,
            22.909392
          ],
          [
            120.445884,
            22.90944
          ],
          [
            120.445977,
            22.909578
          ],
          [
            120.445969,
            22.909638
          ],
          [
            120.445886,
            22.90973
          ],
          [
            120.445808,
            22.90987
          ],
          [
            120.445732,
            22.909811
          ],
          [
            120.445119,
            22.90933
          ],
          [
            120.445018,
            22.909248
          ],
          [
            120.44496,
            22.909193
          ],
          [
            120.444918,
            22.909118
          ],
          [
            120.444558,
            22.908442
          ],
          [
            120.444505,
            22.908247
          ],
          [
            120.444396,
            22.907601
          ],
          [
            120.44434,
            22.907446
          ],
          [
            120.4443,
            22.907374
          ],
          [
            120.44423,
            22.907322
          ],
          [
            120.443579,
            22.907177
          ],
          [
            120.443411,
            22.907089
          ],
          [
            120.443379,
            22.907009
          ],
          [
            120.443399,
            22.906948
          ],
          [
            120.443528,
            22.906762
          ],
          [
            120.443705,
            22.906555
          ],
          [
            120.443741,
            22.906448
          ],
          [
            120.443745,
            22.906337
          ],
          [
            120.443712,
            22.906181
          ],
          [
            120.443586,
            22.905941
          ],
          [
            120.443435,
            22.905712
          ],
          [
            120.443306,
            22.905602
          ],
          [
            120.442865,
            22.905364
          ],
          [
            120.442495,
            22.905159
          ],
          [
            120.442412,
            22.905103
          ],
          [
            120.442337,
            22.905001
          ],
          [
            120.442296,
            22.904872
          ],
          [
            120.442214,
            22.904467
          ],
          [
            120.442195,
            22.904309
          ],
          [
            120.442194,
            22.904209
          ],
          [
            120.442224,
            22.903897
          ],
          [
            120.442261,
            22.903566
          ],
          [
            120.442253,
            22.903414
          ],
          [
            120.442208,
            22.903304
          ],
          [
            120.441966,
            22.903197
          ],
          [
            120.441156,
            22.902802
          ],
          [
            120.441071,
            22.902792
          ],
          [
            120.441071,
            22.902176
          ],
          [
            120.441085,
            22.902081
          ],
          [
            120.44111,
            22.902016
          ],
          [
            120.441167,
            22.901961
          ],
          [
            120.441666,
            22.901618
          ],
          [
            120.441754,
            22.901537
          ],
          [
            120.441793,
            22.901465
          ],
          [
            120.441818,
            22.90138
          ],
          [
            120.441889,
            22.900895
          ],
          [
            120.441917,
            22.90081
          ],
          [
            120.44197,
            22.900758
          ],
          [
            120.442019,
            22.900738
          ],
          [
            120.442384,
            22.900706
          ],
          [
            120.442462,
            22.900706
          ],
          [
            120.442519,
            22.900715
          ],
          [
            120.442717,
            22.900803
          ],
          [
            120.442795,
            22.900839
          ],
          [
            120.442883,
            22.900855
          ],
          [
            120.44294,
            22.900852
          ],
          [
            120.443092,
            22.900784
          ],
          [
            120.443173,
            22.900745
          ],
          [
            120.443233,
            22.900741
          ],
          [
            120.44329,
            22.900754
          ],
          [
            120.443343,
            22.900794
          ],
          [
            120.443626,
            22.901038
          ],
          [
            120.443729,
            22.90108
          ],
          [
            120.443853,
            22.901094
          ],
          [
            120.444065,
            22.901087
          ],
          [
            120.444217,
            22.901071
          ],
          [
            120.444433,
            22.901009
          ],
          [
            120.444614,
            22.900996
          ],
          [
            120.444688,
            22.900993
          ],
          [
            120.444738,
            22.90097
          ],
          [
            120.444759,
            22.900914
          ],
          [
            120.444759,
            22.90081
          ],
          [
            120.444702,
            22.90066
          ],
          [
            120.444617,
            22.900513
          ],
          [
            120.444612,
            22.900476
          ],
          [
            120.444603,
            22.900402
          ],
          [
            120.444614,
            22.900314
          ],
          [
            120.444985,
            22.89933
          ],
          [
            120.444996,
            22.899265
          ],
          [
            120.444961,
            22.89918
          ],
          [
            120.444858,
            22.899082
          ],
          [
            120.444497,
            22.898922
          ],
          [
            120.444816,
            22.898712
          ],
          [
            120.445205,
            22.898398
          ],
          [
            120.445325,
            22.898266
          ],
          [
            120.445382,
            22.898197
          ],
          [
            120.445414,
            22.898109
          ],
          [
            120.445406,
            22.898041
          ],
          [
            120.445403,
            22.898011
          ],
          [
            120.445389,
            22.897907
          ],
          [
            120.445316,
            22.897599
          ],
          [
            120.445314,
            22.897553
          ],
          [
            120.445252,
            22.897141
          ],
          [
            120.445249,
            22.896986
          ],
          [
            120.44533,
            22.896704
          ],
          [
            120.445462,
            22.896374
          ],
          [
            120.445547,
            22.896266
          ],
          [
            120.445665,
            22.89618
          ],
          [
            120.44605,
            22.896097
          ],
          [
            120.447186,
            22.895812
          ],
          [
            120.447536,
            22.895725
          ],
          [
            120.448294,
            22.895502
          ],
          [
            120.448676,
            22.895411
          ],
          [
            120.448889,
            22.895442
          ],
          [
            120.44904,
            22.895488
          ],
          [
            120.44924,
            22.895578
          ],
          [
            120.449446,
            22.895677
          ],
          [
            120.449637,
            22.895711
          ],
          [
            120.449909,
            22.895697
          ],
          [
            120.449955,
            22.895673
          ],
          [
            120.449633,
            22.895427
          ],
          [
            120.449578,
            22.895275
          ],
          [
            120.449633,
            22.895427
          ],
          [
            120.449955,
            22.895673
          ],
          [
            120.450131,
            22.895581
          ],
          [
            120.450523,
            22.895253
          ],
          [
            120.450774,
            22.894906
          ],
          [
            120.450904,
            22.894647
          ],
          [
            120.451169,
            22.894669
          ],
          [
            120.451305,
            22.894681
          ],
          [
            120.451741,
            22.894687
          ],
          [
            120.45191,
            22.894689
          ],
          [
            120.452425,
            22.894877
          ],
          [
            120.452757,
            22.89492
          ],
          [
            120.453388,
            22.894914
          ],
          [
            120.453702,
            22.8949
          ],
          [
            120.454106,
            22.89485
          ],
          [
            120.454422,
            22.89483
          ],
          [
            120.454823,
            22.894791
          ],
          [
            120.455001,
            22.894791
          ],
          [
            120.455138,
            22.894847
          ],
          [
            120.455212,
            22.894917
          ],
          [
            120.455306,
            22.895068
          ],
          [
            120.455358,
            22.895284
          ],
          [
            120.455411,
            22.89557
          ],
          [
            120.455505,
            22.895668
          ],
          [
            120.455544,
            22.895672
          ],
          [
            120.455688,
            22.895688
          ],
          [
            120.455867,
            22.895625
          ],
          [
            120.456004,
            22.895556
          ],
          [
            120.456095,
            22.895544
          ],
          [
            120.456211,
            22.89553
          ],
          [
            120.456816,
            22.895576
          ],
          [
            120.456897,
            22.895583
          ],
          [
            120.457404,
            22.895624
          ],
          [
            120.457484,
            22.895622
          ],
          [
            120.457609,
            22.895619
          ],
          [
            120.457802,
            22.895572
          ],
          [
            120.45789,
            22.895551
          ],
          [
            120.458426,
            22.895352
          ],
          [
            120.45869,
            22.895253
          ],
          [
            120.458882,
            22.895153
          ],
          [
            120.459028,
            22.895137
          ],
          [
            120.459283,
            22.89517
          ],
          [
            120.459315,
            22.895176
          ]
        ]
      },
      "properties": {
        "routeId": "kaohsiung-kep-5783-f66ac6",
        "city": "kaohsiung",
        "source_file": "kaohsiung/kaohsiung-kep-5783-f66ac6.geojson",
        "distance_km": 48.09,
        "duration_min": 69.868,
        "valhalla_config": "valhalla.json"
      }
    }
  ]
}