{
  "type": "FeatureCollection",
  "features": [
    {
      "type": "Feature",
      "geometry": {
        "type": "LineString",
        "coordinates": [
          [
            120.497747,
            22.916974
          ],
          [
            120.497687,
            22.917013
          ],
          [
            120.497593,
            22.917032
          ],
          [
            120.49749,
            22.917052
          ],
          [
            120.497464,
            22.91722
          ],
          [
            120.497472,
            22.917714
          ],
          [
            120.497455,
            22.917789
          ],
          [
            120.497405,
            22.917831
          ],
          [
            120.497306,
            22.917861
          ],
          [
            120.49719,
            22.917884
          ],
          [
            120.497108,
            22.917896
          ],
          [
            120.49673,
            22.917952
          ],
          [
            120.495443,
            22.918397
          ],
          [
            120.495713,
            22.91908
          ],
          [
            120.495925,
            22.919621
          ],
          [
            120.495944,
            22.91968
          ],
          [
            120.496332,
            22.920639
          ],
          [
            120.496499,
            22.921058
          ],
          [
            120.496705,
            22.921609
          ],
          [
            120.496908,
            22.922013
          ],
          [
            120.497337,
            22.921899
          ],
          [
            120.49743,
            22.922024
          ],
          [
            120.497337,
            22.921899
          ],
          [
            120.496908,
            22.922013
          ],
          [
            120.497301,
            22.922611
          ],
          [
            120.497353,
            22.922701
          ],
          [
            120.497785,
            22.923336
          ],
          [
            120.497846,
            22.923422
          ],
          [
            120.498,
            22.923678
          ],
          [
            120.498234,
            22.924069
          ],
          [
            120.499144,
            22.925351
          ],
          [
            120.499311,
            22.925608
          ],
          [
            120.500502,
            22.927424
          ],
          [
            120.500589,
            22.927371
          ],
          [
            120.501138,
            22.927294
          ],
          [
            120.501188,
            22.927389
          ],
          [
            120.501138,
            22.927294
          ],
          [
            120.502083,
            22.92714
          ],
          [
            120.502233,
            22.927115
          ],
          [
            120.502415,
            22.927085
          ],
          [
            120.502495,
            22.927048
          ],
          [
            120.50256,
            22.926999
          ],
          [
            120.502651,
            22.926896
          ],
          [
            120.502726,
            22.926755
          ],
          [
            120.502796,
            22.926651
          ],
          [
            120.502855,
            22.926599
          ],
          [
            120.502932,
            22.926572
          ],
          [
            120.503078,
            22.926546
          ],
          [
            120.503685,
            22.926436
          ],
          [
            120.504071,
            22.926367
          ],
          [
            120.505121,
            22.926178
          ],
          [
            120.505188,
            22.926192
          ],
          [
            120.50525,
            22.926229
          ],
          [
            120.505373,
            22.92647
          ],
          [
            120.505426,
            22.926516
          ],
          [
            120.505513,
            22.926529
          ],
          [
            120.507413,
            22.926189
          ],
          [
            120.507471,
            22.926176
          ],
          [
            120.507557,
            22.926162
          ],
          [
            120.5084,
            22.92599
          ],
          [
            120.50852,
            22.925965
          ],
          [
            120.508702,
            22.925802
          ],
          [
            120.508918,
            22.925635
          ],
          [
            120.509038,
            22.925573
          ],
          [
            120.509189,
            22.925461
          ],
          [
            120.509454,
            22.925295
          ],
          [
            120.508825,
            22.924062
          ],
          [
            120.508781,
            22.923815
          ],
          [
            120.508789,
            22.923651
          ],
          [
            120.508808,
            22.923553
          ],
          [
            120.508789,
            22.923651
          ],
          [
            120.508781,
            22.923815
          ],
          [
            120.508825,
            22.924062
          ],
          [
            120.509454,
            22.925295
          ],
          [
            120.509528,
            22.925247
          ],
          [
            120.509454,
            22.925295
          ],
          [
            120.508825,
            22.924062
          ],
          [
            120.508712,
            22.924127
          ],
          [
            120.508631,
            22.92415
          ],
          [
            120.508547,
            22.924152
          ],
          [
            120.508361,
            22.924156
          ],
          [
            120.50834,
            22.923779
          ],
          [
            120.508293,
            22.923413
          ],
          [
            120.507797,
            22.923485
          ],
          [
            120.507673,
            22.922936
          ],
          [
            120.507314,
            22.922769
          ],
          [
            120.507144,
            22.92302
          ],
          [
            120.507314,
            22.922769
          ],
          [
            120.507673,
            22.922936
          ],
          [
            120.507457,
            22.922252
          ],
          [
            120.507406,
            22.922196
          ],
          [
            120.507387,
            22.922178
          ],
          [
            120.507329,
            22.922134
          ],
          [
            120.507319,
            22.922125
          ],
          [
            120.50726,
            22.922091
          ],
          [
            120.507063,
            22.922016
          ],
          [
            120.507054,
            22.922013
          ],
          [
            120.507048,
            22.922007
          ],
          [
            120.50701,
            22.921941
          ],
          [
            120.506863,
            22.921704
          ],
          [
            120.506456,
            22.921013
          ],
          [
            120.50644,
            22.920978
          ],
          [
            120.506416,
            22.920975
          ],
          [
            120.506387,
            22.920976
          ],
          [
            120.506369,
            22.920977
          ],
          [
            120.50635,
            22.920981
          ],
          [
            120.506333,
            22.920984
          ],
          [
            120.506315,
            22.920989
          ],
          [
            120.504593,
            22.921581
          ],
          [
            120.505625,
            22.923276
          ],
          [
            120.506517,
            22.924715
          ],
          [
            120.506733,
            22.92507
          ],
          [
            120.507413,
            22.926189
          ],
          [
            120.505513,
            22.926529
          ],
          [
            120.505426,
            22.926516
          ],
          [
            120.505373,
            22.92647
          ],
          [
            120.50525,
            22.926229
          ],
          [
            120.505188,
            22.926192
          ],
          [
            120.505121,
            22.926178
          ],
          [
            120.504071,
            22.926367
          ],
          [
            120.503685,
            22.926436
          ],
          [
            120.503078,
            22.926546
          ],
          [
            120.502932,
            22.926572
          ],
          [
            120.502855,
            22.926599
          ],
          [
            120.502796,
            22.926651
          ],
          [
            120.502726,
            22.926755
          ],
          [
            120.502651,
            22.926896
          ],
          [
            120.50256,
            22.926999
          ],
          [
            120.502495,
            22.927048
          ],
          [
            120.502415,
            22.927085
          ],
          [
            120.502233,
            22.927115
          ],
          [
            120.502083,
            22.92714
          ],
          [
            120.501138,
            22.927294
          ],
          [
            120.500589,
            22.927371
          ],
          [
            120.500502,
            22.927424
          ],
          [
            120.500867,
            22.927962
          ],
          [
            120.501204,
            22.928497
          ],
          [
            120.50129,
            22.928624
          ],
          [
            120.50135,
            22.928695
          ],
          [
            120.501402,
            22.928757
          ],
          [
            120.501948,
            22.929327
          ],
          [
            120.502062,
            22.929469
          ],
          [
            120.502156,
            22.92962
          ],
          [
            120.502178,
            22.929665
          ],
          [
            120.50225,
            22.929782
          ],
          [
            120.502265,
            22.929842
          ],
          [
            120.502379,
            22.930102
          ],
          [
            120.502583,
            22.930565
          ],
          [
            120.502848,
            22.931395
          ],
          [
            120.503133,
            22.932102
          ],
          [
            120.503386,
            22.932541
          ],
          [
            120.503728,
            22.932447
          ],
          [
            120.504042,
            22.932387
          ],
          [
            120.504137,
            22.932376
          ],
          [
            120.504218,
            22.932356
          ],
          [
            120.504297,
            22.932307
          ],
          [
            120.504447,
            22.932022
          ],
          [
            120.504512,
            22.931932
          ],
          [
            120.504607,
            22.931842
          ],
          [
            120.504763,
            22.931753
          ],
          [
            120.504879,
            22.931696
          ],
          [
            120.505161,
            22.93163
          ],
          [
            120.505245,
            22.931615
          ],
          [
            120.505839,
            22.931478
          ],
          [
            120.506215,
            22.931392
          ],
          [
            120.506559,
            22.931316
          ],
          [
            120.506578,
            22.931312
          ],
          [
            120.506559,
            22.931316
          ],
          [
            120.506215,
            22.931392
          ],
          [
            120.505839,
            22.931478
          ],
          [
            120.505245,
            22.931615
          ],
          [
            120.505161,
            22.93163
          ],
          [
            120.504879,
            22.931696
          ],
          [
            120.504763,
            22.931753
          ],
          [
            120.504607,
            22.931842
          ],
          [
            120.504512,
            22.931932
          ],
          [
            120.504447,
            22.932022
          ],
          [
            120.504297,
            22.932307
          ],
          [
            120.504218,
            22.932356
          ],
          [
            120.504137,
            22.932376
          ],
          [
            120.504042,
            22.932387
          ],
          [
            120.503991,
            22.932397
          ],
          [
            120.503728,
            22.932447
          ],
          [
            120.503386,
            22.932541
          ],
          [
            120.503594,
            22.932884
          ],
          [
            120.503795,
            22.933233
          ],
          [
            120.504023,
            22.933583
          ],
          [
            120.50413,
            22.933903
          ],
          [
            120.504296,
            22.934278
          ],
          [
            120.504561,
            22.934859
          ],
          [
            120.504583,
            22.93491
          ],
          [
            120.505288,
            22.936489
          ],
          [
            120.505544,
            22.937087
          ],
          [
            120.505878,
            22.93777
          ],
          [
            120.50605,
            22.938165
          ],
          [
            120.506637,
            22.939511
          ],
          [
            120.508454,
            22.938745
          ],
          [
            120.510079,
            22.93806
          ],
          [
            120.510418,
            22.937924
          ],
          [
            120.510701,
            22.93781
          ],
          [
            120.510811,
            22.937668
          ],
          [
            120.511076,
            22.937209
          ],
          [
            120.511129,
            22.937117
          ],
          [
            120.511246,
            22.936819
          ],
          [
            120.511301,
            22.936662
          ],
          [
            120.511333,
            22.936371
          ],
          [
            120.51144,
            22.936358
          ],
          [
            120.512358,
            22.936252
          ],
          [
            120.51245,
            22.937732
          ],
          [
            120.512634,
            22.939133
          ],
          [
            120.512697,
            22.940922
          ],
          [
            120.51308,
            22.940852
          ],
          [
            120.513126,
            22.940829
          ],
          [
            120.513189,
            22.940771
          ],
          [
            120.513214,
            22.940744
          ],
          [
            120.513257,
            22.940732
          ],
          [
            120.513733,
            22.940693
          ],
          [
            120.514061,
            22.940608
          ],
          [
            120.513733,
            22.940693
          ],
          [
            120.513257,
            22.940732
          ],
          [
            120.513214,
            22.940744
          ],
          [
            120.513189,
            22.940771
          ],
          [
            120.513126,
            22.940829
          ],
          [
            120.51308,
            22.940852
          ],
          [
            120.512697,
            22.940922
          ],
          [
            120.512703,
            22.940999
          ],
          [
            120.512782,
            22.941963
          ],
          [
            120.512897,
            22.944559
          ],
          [
            120.512987,
            22.94617
          ],
          [
            120.512986,
            22.946355
          ],
          [
            120.513058,
            22.94637
          ],
          [
            120.513097,
            22.946372
          ],
          [
            120.513159,
            22.946366
          ],
          [
            120.513233,
            22.946346
          ],
          [
            120.513322,
            22.946335
          ],
          [
            120.513421,
            22.94634
          ],
          [
            120.513829,
            22.946378
          ],
          [
            120.51393,
            22.946377
          ],
          [
            120.514073,
            22.946394
          ],
          [
            120.514193,
            22.946419
          ],
          [
            120.514377,
            22.946493
          ],
          [
            120.514513,
            22.946567
          ],
          [
            120.514578,
            22.94661
          ],
          [
            120.51471,
            22.946729
          ],
          [
            120.514763,
            22.946769
          ],
          [
            120.514827,
            22.946798
          ],
          [
            120.514886,
            22.946809
          ],
          [
            120.51499,
            22.946814
          ],
          [
            120.51568,
            22.946791
          ],
          [
            120.516299,
            22.946809
          ],
          [
            120.516382,
            22.946789
          ],
          [
            120.516299,
            22.946809
          ],
          [
            120.51568,
            22.946791
          ],
          [
            120.51499,
            22.946814
          ],
          [
            120.514886,
            22.946809
          ],
          [
            120.514827,
            22.946798
          ],
          [
            120.514763,
            22.946769
          ],
          [
            120.51471,
            22.946729
          ],
          [
            120.514578,
            22.94661
          ],
          [
            120.514513,
            22.946567
          ],
          [
            120.514377,
            22.946493
          ],
          [
            120.514193,
            22.946419
          ],
          [
            120.514073,
            22.946394
          ],
          [
            120.51393,
            22.946377
          ],
          [
            120.513829,
            22.946378
          ],
          [
            120.513421,
            22.94634
          ],
          [
            120.513322,
            22.946335
          ],
          [
            120.513233,
            22.946346
          ],
          [
            120.513159,
            22.946366
          ],
          [
            120.513097,
            22.946372
          ],
          [
            120.513058,
            22.94637
          ],
          [
            120.512986,
            22.946355
          ],
          [
            120.512986,
            22.94654
          ],
          [
            120.512684,
            22.947037
          ],
          [
            120.512615,
            22.947097
          ],
          [
            120.512505,
            22.947173
          ],
          [
            120.512238,
            22.947255
          ],
          [
            120.512179,
            22.946793
          ],
          [
            120.512238,
            22.947255
          ],
          [
            120.512172,
            22.947387
          ],
          [
            120.512062,
            22.94753
          ],
          [
            120.511904,
            22.947664
          ],
          [
            120.511772,
            22.947769
          ],
          [
            120.511585,
            22.947902
          ],
          [
            120.511215,
            22.948272
          ],
          [
            120.511102,
            22.948364
          ],
          [
            120.511164,
            22.94847
          ],
          [
            120.511102,
            22.948364
          ],
          [
            120.51078,
            22.948626
          ],
          [
            120.511036,
            22.949233
          ],
          [
            120.512793,
            22.953119
          ],
          [
            120.512824,
            22.953187
          ],
          [
            120.514162,
            22.956147
          ],
          [
            120.51467,
            22.9572
          ],
          [
            120.515089,
            22.958114
          ],
          [
            120.515287,
            22.958525
          ],
          [
            120.515556,
            22.959133
          ],
          [
            120.516063,
            22.958951
          ],
          [
            120.516123,
            22.95893
          ],
          [
            120.516505,
            22.958793
          ],
          [
            120.516672,
            22.958727
          ],
          [
            120.516505,
            22.958793
          ],
          [
            120.516123,
            22.95893
          ],
          [
            120.516063,
            22.958951
          ],
          [
            120.515556,
            22.959133
          ],
          [
            120.515585,
            22.959213
          ],
          [
            120.515892,
            22.959886
          ],
          [
            120.515967,
            22.960069
          ],
          [
            120.516071,
            22.960214
          ],
          [
            120.51616,
            22.960473
          ],
          [
            120.51662,
            22.961458
          ],
          [
            120.516781,
            22.961836
          ],
          [
            120.517086,
            22.962514
          ],
          [
            120.517774,
            22.964056
          ],
          [
            120.517893,
            22.964394
          ],
          [
            120.518083,
            22.96474
          ],
          [
            120.518826,
            22.965705
          ],
          [
            120.519193,
            22.966149
          ],
          [
            120.519297,
            22.966267
          ],
          [
            120.519333,
            22.966314
          ],
          [
            120.519361,
            22.966354
          ],
          [
            120.519388,
            22.966403
          ],
          [
            120.519405,
            22.96646
          ],
          [
            120.51947,
            22.966767
          ],
          [
            120.519504,
            22.966908
          ],
          [
            120.519616,
            22.967314
          ],
          [
            120.519792,
            22.967807
          ],
          [
            120.519838,
            22.967919
          ],
          [
            120.519904,
            22.968041
          ],
          [
            120.520003,
            22.968203
          ],
          [
            120.520278,
            22.968757
          ],
          [
            120.520352,
            22.968901
          ],
          [
            120.520658,
            22.969535
          ],
          [
            120.520737,
            22.969695
          ],
          [
            120.520754,
            22.969786
          ],
          [
            120.520788,
            22.970068
          ],
          [
            120.520869,
            22.970735
          ],
          [
            120.520888,
            22.970822
          ],
          [
            120.520919,
            22.970885
          ],
          [
            120.521541,
            22.97204
          ],
          [
            120.521781,
            22.972469
          ],
          [
            120.522285,
            22.973371
          ],
          [
            120.522475,
            22.973709
          ],
          [
            120.522574,
            22.973888
          ],
          [
            120.52268,
            22.974044
          ],
          [
            120.522758,
            22.974149
          ],
          [
            120.52294,
            22.974376
          ],
          [
            120.522758,
            22.974149
          ],
          [
            120.52268,
            22.974044
          ],
          [
            120.522574,
            22.973888
          ],
          [
            120.522475,
            22.973709
          ],
          [
            120.522285,
            22.973371
          ],
          [
            120.521781,
            22.972469
          ],
          [
            120.521541,
            22.97204
          ],
          [
            120.520919,
            22.970885
          ],
          [
            120.520888,
            22.970822
          ],
          [
            120.520869,
            22.970735
          ],
          [
            120.520788,
            22.970068
          ],
          [
            120.520754,
            22.969786
          ],
          [
            120.520737,
            22.969695
          ],
          [
            120.520658,
            22.969535
          ],
          [
            120.520352,
            22.968901
          ],
          [
            120.520278,
            22.968757
          ],
          [
            120.520003,
            22.968203
          ],
          [
            120.519904,
            22.968041
          ],
          [
            120.519838,
            22.967919
          ],
          [
            120.519792,
            22.967807
          ],
          [
            120.519616,
            22.967314
          ],
          [
            120.519504,
            22.966908
          ],
          [
            120.51947,
            22.966767
          ],
          [
            120.519405,
            22.96646
          ],
          [
            120.519388,
            22.966403
          ],
          [
            120.519361,
            22.966354
          ],
          [
            120.519333,
            22.966314
          ],
          [
            120.519297,
            22.966267
          ],
          [
            120.519193,
            22.966149
          ],
          [
            120.518903,
            22.965799
          ],
          [
            120.518826,
            22.965705
          ],
          [
            120.518083,
            22.96474
          ],
          [
            120.517893,
            22.964394
          ],
          [
            120.517774,
            22.964056
          ],
          [
            120.517086,
            22.962514
          ],
          [
            120.516781,
            22.961836
          ],
          [
            120.51662,
            22.961458
          ],
          [
            120.51616,
            22.960473
          ],
          [
            120.516071,
            22.960214
          ],
          [
            120.515967,
            22.960069
          ],
          [
            120.515892,
            22.959886
          ],
          [
            120.515585,
            22.959213
          ],
          [
            120.515556,
            22.959133
          ],
          [
            120.515287,
            22.958525
          ],
          [
            120.515089,
            22.958114
          ],
          [
            120.51467,
            22.9572
          ],
          [
            120.514162,
            22.956147
          ],
          [
            120.512824,
            22.953187
          ],
          [
            120.512793,
            22.953119
          ],
          [
            120.511036,
            22.949233
          ],
          [
            120.51038,
            22.949866
          ],
          [
            120.509687,
            22.950567
          ],
          [
            120.509656,
            22.9506
          ],
          [
            120.509619,
            22.950639
          ],
          [
            120.509532,
            22.95073
          ],
          [
            120.50912,
            22.950996
          ],
          [
            120.508759,
            22.951215
          ],
          [
            120.508482,
            22.95139
          ],
          [
            120.508388,
            22.951336
          ],
          [
            120.508369,
            22.951313
          ],
          [
            120.508367,
            22.951287
          ],
          [
            120.508367,
            22.951258
          ],
          [
            120.508367,
            22.951287
          ],
          [
            120.508369,
            22.951313
          ],
          [
            120.508388,
            22.951336
          ],
          [
            120.508482,
            22.95139
          ],
          [
            120.508303,
            22.951489
          ],
          [
            120.508114,
            22.951198
          ],
          [
            120.508037,
            22.951076
          ],
          [
            120.507996,
            22.950991
          ],
          [
            120.507927,
            22.950846
          ],
          [
            120.507242,
            22.949395
          ],
          [
            120.507196,
            22.949331
          ],
          [
            120.507134,
            22.94922
          ],
          [
            120.507093,
            22.949121
          ],
          [
            120.507058,
            22.948986
          ],
          [
            120.507041,
            22.948814
          ],
          [
            120.507644,
            22.948859
          ],
          [
            120.507853,
            22.948804
          ],
          [
            120.508454,
            22.948394
          ],
          [
            120.510314,
            22.947579
          ],
          [
            120.509866,
            22.94657
          ],
          [
            120.508695,
            22.944016
          ],
          [
            120.508537,
            22.943662
          ],
          [
            120.508513,
            22.943606
          ],
          [
            120.508511,
            22.943602
          ],
          [
            120.507366,
            22.94107
          ],
          [
            120.507117,
            22.940537
          ],
          [
            120.506637,
            22.939511
          ],
          [
            120.505785,
            22.939928
          ],
          [
            120.505208,
            22.940211
          ],
          [
            120.505125,
            22.940233
          ],
          [
            120.50507,
            22.940253
          ],
          [
            120.504871,
            22.940323
          ],
          [
            120.504558,
            22.940453
          ],
          [
            120.504469,
            22.940502
          ],
          [
            120.504558,
            22.940453
          ],
          [
            120.504871,
            22.940323
          ],
          [
            120.50507,
            22.940253
          ],
          [
            120.505125,
            22.940233
          ],
          [
            120.505208,
            22.940211
          ],
          [
            120.505785,
            22.939928
          ],
          [
            120.506637,
            22.939511
          ],
          [
            120.50605,
            22.938165
          ],
          [
            120.505878,
            22.93777
          ],
          [
            120.505544,
            22.937087
          ],
          [
            120.505288,
            22.936489
          ],
          [
            120.504583,
            22.93491
          ],
          [
            120.504561,
            22.934859
          ],
          [
            120.504296,
            22.934278
          ],
          [
            120.50413,
            22.933903
          ],
          [
            120.504023,
            22.933583
          ],
          [
            120.503795,
            22.933233
          ],
          [
            120.503594,
            22.932884
          ],
          [
            120.503386,
            22.932541
          ],
          [
            120.503133,
            22.932102
          ],
          [
            120.502848,
            22.931395
          ],
          [
            120.502583,
            22.930565
          ],
          [
            120.502379,
            22.930102
          ],
          [
            120.502265,
            22.929842
          ],
          [
            120.50225,
            22.929782
          ],
          [
            120.502178,
            22.929665
          ],
          [
            120.502156,
            22.92962
          ],
          [
            120.502062,
            22.929469
          ],
          [
            120.501948,
            22.929327
          ],
          [
            120.501402,
            22.928757
          ],
          [
            120.50135,
            22.928695
          ],
          [
            120.50129,
            22.928624
          ],
          [
            120.501204,
            22.928497
          ],
          [
            120.500867,
            22.927962
          ],
          [
            120.500502,
            22.927424
          ],
          [
            120.499311,
            22.925608
          ],
          [
            120.499144,
            22.925351
          ],
          [
            120.498234,
            22.924069
          ],
          [
            120.498,
            22.923678
          ],
          [
            120.497846,
            22.923422
          ],
          [
            120.497785,
            22.923336
          ],
          [
            120.497353,
            22.922701
          ],
          [
            120.497301,
            22.922611
          ],
          [
            120.496908,
            22.922013
          ],
          [
            120.496705,
            22.921609
          ],
          [
            120.496499,
            22.921058
          ],
          [
            120.496332,
            22.920639
          ],
          [
            120.495944,
            22.91968
          ],
          [
            120.495925,
            22.919621
          ],
          [
            120.495713,
            22.91908
          ],
          [
            120.495443,
            22.918397
          ],
          [
            120.494967,
            22.917219
          ],
          [
            120.494186,
            22.915154
          ],
          [
            120.493715,
            22.913955
          ],
          [
            120.493358,
            22.913114
          ],
          [
            120.492756,
            22.911688
          ],
          [
            120.492633,
            22.911437
          ],
          [
            120.492575,
            22.911331
          ],
          [
            120.492429,
            22.911044
          ],
          [
            120.492295,
            22.910827
          ],
          [
            120.491772,
            22.910142
          ],
          [
            120.49138,
            22.90965
          ],
          [
            120.490959,
            22.909197
          ],
          [
            120.490451,
            22.908743
          ],
          [
            120.489514,
            22.907966
          ],
          [
            120.489082,
            22.907606
          ],
          [
            120.488852,
            22.907414
          ],
          [
            120.488526,
            22.907142
          ],
          [
            120.487313,
            22.90611
          ],
          [
            120.485817,
            22.904821
          ],
          [
            120.483837,
            22.903191
          ],
          [
            120.483792,
            22.903154
          ],
          [
            120.48367,
            22.903047
          ],
          [
            120.483641,
            22.903015
          ],
          [
            120.483608,
            22.902954
          ],
          [
            120.483524,
            22.902822
          ],
          [
            120.483454,
            22.902703
          ],
          [
            120.483418,
            22.902583
          ],
          [
            120.483172,
            22.901766
          ],
          [
            120.482903,
            22.900925
          ],
          [
            120.482821,
            22.900814
          ],
          [
            120.482727,
            22.900547
          ],
          [
            120.482642,
            22.900372
          ],
          [
            120.482579,
            22.900234
          ],
          [
            120.482555,
            22.900179
          ],
          [
            120.482399,
            22.899913
          ],
          [
            120.482157,
            22.899499
          ],
          [
            120.481959,
            22.899203
          ],
          [
            120.481768,
            22.898917
          ],
          [
            120.481729,
            22.898863
          ],
          [
            120.481754,
            22.898738
          ],
          [
            120.48182,
            22.898536
          ],
          [
            120.482041,
            22.898399
          ],
          [
            120.48212,
            22.898363
          ],
          [
            120.482177,
            22.898342
          ],
          [
            120.482983,
            22.897912
          ],
          [
            120.483139,
            22.897825
          ],
          [
            120.48324,
            22.897723
          ],
          [
            120.483297,
            22.897642
          ],
          [
            120.483361,
            22.897502
          ],
          [
            120.483403,
            22.897342
          ],
          [
            120.483417,
            22.897166
          ],
          [
            120.48338,
            22.896694
          ],
          [
            120.483376,
            22.896444
          ],
          [
            120.483368,
            22.89612
          ],
          [
            120.483369,
            22.895961
          ],
          [
            120.48337,
            22.895658
          ],
          [
            120.48337,
            22.895586
          ],
          [
            120.483368,
            22.895488
          ],
          [
            120.483373,
            22.894837
          ],
          [
            120.483369,
            22.894222
          ],
          [
            120.483356,
            22.893629
          ],
          [
            120.483344,
            22.893029
          ],
          [
            120.483336,
            22.892775
          ],
          [
            120.483322,
            22.892373
          ],
          [
            120.483321,
            22.89234
          ],
          [
            120.483318,
            22.891784
          ],
          [
            120.483319,
            22.891736
          ],
          [
            120.483326,
            22.891548
          ],
          [
            120.483327,
            22.891505
          ],
          [
            120.483353,
            22.891375
          ],
          [
            120.483527,
            22.891145
          ],
          [
            120.483434,
            22.890965
          ],
          [
            120.483427,
            22.890921
          ],
          [
            120.483421,
            22.890813
          ],
          [
            120.483422,
            22.89068
          ],
          [
            120.483408,
            22.890427
          ],
          [
            120.483303,
            22.889226
          ],
          [
            120.483281,
            22.889046
          ],
          [
            120.483218,
            22.888506
          ],
          [
            120.483184,
            22.888136
          ],
          [
            120.483176,
            22.888061
          ],
          [
            120.48317,
            22.887992
          ],
          [
            120.48316,
            22.88792
          ],
          [
            120.483134,
            22.887578
          ],
          [
            120.483112,
            22.887167
          ],
          [
            120.483109,
            22.887096
          ],
          [
            120.483105,
            22.887026
          ],
          [
            120.483082,
            22.886595
          ],
          [
            120.483081,
            22.886126
          ],
          [
            120.483081,
            22.886121
          ],
          [
            120.48308,
            22.88604
          ],
          [
            120.48308,
            22.88599
          ],
          [
            120.483081,
            22.885965
          ],
          [
            120.483046,
            22.885044
          ],
          [
            120.483046,
            22.885015
          ],
          [
            120.483047,
            22.884921
          ],
          [
            120.483049,
            22.884788
          ],
          [
            120.48305,
            22.884755
          ],
          [
            120.48308,
            22.88419
          ],
          [
            120.483079,
            22.884151
          ],
          [
            120.483075,
            22.883717
          ],
          [
            120.483074,
            22.883686
          ],
          [
            120.483124,
            22.883515
          ],
          [
            120.483195,
            22.883364
          ],
          [
            120.483205,
            22.883342
          ],
          [
            120.483368,
            22.882916
          ],
          [
            120.483383,
            22.882877
          ],
          [
            120.483406,
            22.882817
          ],
          [
            120.483457,
            22.882748
          ],
          [
            120.483469,
            22.882732
          ],
          [
            120.483503,
            22.882696
          ],
          [
            120.483558,
            22.882661
          ],
          [
            120.483683,
            22.882564
          ],
          [
            120.483778,
            22.882511
          ],
          [
            120.483819,
            22.882488
          ],
          [
            120.483924,
            22.882439
          ],
          [
            120.484025,
            22.88239
          ],
          [
            120.484072,
            22.882369
          ],
          [
            120.484183,
            22.882331
          ],
          [
            120.484333,
            22.882291
          ],
          [
            120.484496,
            22.882274
          ],
          [
            120.484525,
            22.88227
          ],
          [
            120.484766,
            22.88223
          ],
          [
            120.484675,
            22.882076
          ],
          [
            120.484515,
            22.881776
          ],
          [
            120.4844,
            22.881562
          ],
          [
            120.484087,
            22.880956
          ],
          [
            120.484072,
            22.880932
          ],
          [
            120.484021,
            22.880845
          ],
          [
            120.483918,
            22.880877
          ],
          [
            120.483869,
            22.880888
          ],
          [
            120.48318,
            22.880974
          ],
          [
            120.482643,
            22.881062
          ],
          [
            120.482535,
            22.881093
          ],
          [
            120.482449,
            22.88113
          ],
          [
            120.48206,
            22.881289
          ],
          [
            120.482018,
            22.881308
          ],
          [
            120.481925,
            22.881347
          ],
          [
            120.481836,
            22.881378
          ],
          [
            120.481762,
            22.88141
          ],
          [
            120.481451,
            22.881547
          ],
          [
            120.481394,
            22.881569
          ],
          [
            120.481323,
            22.881595
          ],
          [
            120.481228,
            22.881634
          ],
          [
            120.481185,
            22.881652
          ],
          [
            120.480664,
            22.881887
          ],
          [
            120.480535,
            22.88194
          ],
          [
            120.480232,
            22.882057
          ],
          [
            120.480198,
            22.88207
          ],
          [
            120.480138,
            22.882094
          ],
          [
            120.480067,
            22.882124
          ],
          [
            120.480018,
            22.882141
          ],
          [
            120.479794,
            22.882243
          ],
          [
            120.479603,
            22.882322
          ],
          [
            120.478763,
            22.88268
          ],
          [
            120.478524,
            22.882779
          ],
          [
            120.478488,
            22.882793
          ],
          [
            120.478415,
            22.882824
          ],
          [
            120.478336,
            22.882862
          ],
          [
            120.478301,
            22.88288
          ],
          [
            120.478056,
            22.883002
          ],
          [
            120.477778,
            22.883138
          ],
          [
            120.477624,
            22.883209
          ],
          [
            120.477476,
            22.883261
          ],
          [
            120.477333,
            22.883292
          ],
          [
            120.477256,
            22.883298
          ],
          [
            120.477073,
            22.883291
          ],
          [
            120.476932,
            22.883287
          ],
          [
            120.476831,
            22.883286
          ],
          [
            120.476768,
            22.88328
          ],
          [
            120.476671,
            22.883268
          ],
          [
            120.476539,
            22.883253
          ],
          [
            120.47628,
            22.883213
          ],
          [
            120.475902,
            22.883153
          ],
          [
            120.475531,
            22.883097
          ],
          [
            120.475211,
            22.883077
          ],
          [
            120.475092,
            22.883083
          ],
          [
            120.474305,
            22.883145
          ],
          [
            120.473882,
            22.883209
          ],
          [
            120.473763,
            22.883241
          ],
          [
            120.473618,
            22.883312
          ],
          [
            120.47341,
            22.883441
          ],
          [
            120.473084,
            22.88373
          ],
          [
            120.472739,
            22.883985
          ],
          [
            120.472334,
            22.884223
          ],
          [
            120.471995,
            22.884475
          ],
          [
            120.471457,
            22.885072
          ],
          [
            120.471154,
            22.885317
          ],
          [
            120.470811,
            22.885456
          ],
          [
            120.47056,
            22.885551
          ],
          [
            120.46972,
            22.88578
          ],
          [
            120.469415,
            22.885863
          ],
          [
            120.469297,
            22.885887
          ],
          [
            120.469165,
            22.885887
          ],
          [
            120.469018,
            22.885868
          ],
          [
            120.468873,
            22.885819
          ],
          [
            120.468719,
            22.885718
          ],
          [
            120.467812,
            22.884932
          ],
          [
            120.467625,
            22.884856
          ],
          [
            120.467397,
            22.884834
          ],
          [
            120.467206,
            22.884866
          ],
          [
            120.466949,
            22.885009
          ],
          [
            120.466697,
            22.885231
          ],
          [
            120.466213,
            22.885696
          ],
          [
            120.466027,
            22.885856
          ],
          [
            120.46587,
            22.885955
          ],
          [
            120.465273,
            22.886233
          ],
          [
            120.465007,
            22.886364
          ],
          [
            120.464765,
            22.886503
          ],
          [
            120.464581,
            22.886679
          ],
          [
            120.46416,
            22.88717
          ],
          [
            120.463859,
            22.887537
          ],
          [
            120.463557,
            22.887818
          ],
          [
            120.463448,
            22.88787
          ],
          [
            120.463264,
            22.887908
          ],
          [
            120.463019,
            22.887913
          ],
          [
            120.462601,
            22.887804
          ],
          [
            120.461531,
            22.887406
          ],
          [
            120.461235,
            22.887339
          ],
          [
            120.461028,
            22.887347
          ],
          [
            120.460836,
            22.887405
          ],
          [
            120.460649,
            22.88752
          ],
          [
            120.460471,
            22.887636
          ],
          [
            120.460126,
            22.888095
          ],
          [
            120.45982,
            22.888417
          ],
          [
            120.459722,
            22.888626
          ],
          [
            120.459655,
            22.88872
          ],
          [
            120.459605,
            22.888775
          ],
          [
            120.459655,
            22.88872
          ],
          [
            120.459722,
            22.888626
          ],
          [
            120.45982,
            22.888417
          ],
          [
            120.459672,
            22.888516
          ],
          [
            120.459457,
            22.888592
          ],
          [
            120.459157,
            22.888578
          ],
          [
            120.458798,
            22.888489
          ],
          [
            120.458465,
            22.888417
          ],
          [
            120.458108,
            22.888375
          ],
          [
            120.457601,
            22.888394
          ],
          [
            120.45725,
            22.888426
          ],
          [
            120.457256,
            22.888538
          ],
          [
            120.457274,
            22.888565
          ],
          [
            120.457297,
            22.888587
          ],
          [
            120.457361,
            22.888595
          ],
          [
            120.457734,
            22.888538
          ],
          [
            120.45778,
            22.88854
          ],
          [
            120.457734,
            22.888538
          ],
          [
            120.457361,
            22.888595
          ],
          [
            120.457297,
            22.888587
          ],
          [
            120.457274,
            22.888565
          ],
          [
            120.457256,
            22.888538
          ],
          [
            120.457248,
            22.888592
          ],
          [
            120.457216,
            22.888627
          ],
          [
            120.457102,
            22.888705
          ],
          [
            120.456971,
            22.888844
          ],
          [
            120.456863,
            22.889089
          ],
          [
            120.456837,
            22.889142
          ],
          [
            120.45676,
            22.889206
          ],
          [
            120.456616,
            22.889308
          ],
          [
            120.456513,
            22.889348
          ],
          [
            120.456399,
            22.889351
          ],
          [
            120.456307,
            22.889368
          ],
          [
            120.456307,
            22.889368
          ],
          [
            120.456399,
            22.889351
          ],
          [
            120.456513,
            22.889348
          ],
          [
            120.456616,
            22.889308
          ],
          [
            120.45676,
            22.889206
          ],
          [
            120.456837,
            22.889142
          ],
          [
            120.456863,
            22.889089
          ],
          [
            120.456971,
            22.888844
          ],
          [
            120.457102,
            22.888705
          ],
          [
            120.457216,
            22.888627
          ],
          [
            120.457248,
            22.888592
          ],
          [
            120.457256,
            22.888538
          ],
          [
            120.45725,
            22.888426
          ],
          [
            120.456467,
            22.888481
          ],
          [
            120.455488,
            22.888496
          ],
          [
            120.455056,
            22.888471
          ],
          [
            120.45464,
            22.888407
          ],
          [
            120.454055,
            22.888291
          ],
          [
            120.453752,
            22.888234
          ],
          [
            120.453408,
            22.88814
          ],
          [
            120.453116,
            22.887987
          ],
          [
            120.452835,
            22.887772
          ],
          [
            120.452464,
            22.887445
          ],
          [
            120.452133,
            22.887144
          ],
          [
            120.451909,
            22.886962
          ],
          [
            120.451805,
            22.8869
          ],
          [
            120.451719,
            22.886865
          ],
          [
            120.451625,
            22.886837
          ],
          [
            120.451509,
            22.886916
          ],
          [
            120.451355,
            22.886971
          ],
          [
            120.451016,
            22.887021
          ],
          [
            120.450732,
            22.887012
          ],
          [
            120.450602,
            22.887086
          ],
          [
            120.450524,
            22.887225
          ],
          [
            120.450345,
            22.887712
          ],
          [
            120.450345,
            22.887879
          ],
          [
            120.450337,
            22.888019
          ],
          [
            120.450353,
            22.888171
          ],
          [
            120.450351,
            22.888291
          ],
          [
            120.450285,
            22.888485
          ],
          [
            120.450254,
            22.888728
          ],
          [
            120.450249,
            22.888908
          ],
          [
            120.450236,
            22.889076
          ],
          [
            120.450181,
            22.88931
          ],
          [
            120.450129,
            22.889585
          ],
          [
            120.450148,
            22.889837
          ],
          [
            120.450087,
            22.89006
          ],
          [
            120.450005,
            22.890188
          ],
          [
            120.450018,
            22.890368
          ],
          [
            120.450179,
            22.890533
          ],
          [
            120.450296,
            22.890702
          ],
          [
            120.450341,
            22.890848
          ],
          [
            120.4504,
            22.891048
          ],
          [
            120.450141,
            22.891064
          ],
          [
            120.449984,
            22.891038
          ],
          [
            120.44987,
            22.890998
          ],
          [
            120.449804,
            22.890961
          ],
          [
            120.44987,
            22.890998
          ],
          [
            120.449984,
            22.891038
          ],
          [
            120.450141,
            22.891064
          ],
          [
            120.4504,
            22.891048
          ],
          [
            120.450341,
            22.890848
          ],
          [
            120.450296,
            22.890702
          ],
          [
            120.450179,
            22.890533
          ],
          [
            120.450018,
            22.890368
          ],
          [
            120.450005,
            22.890188
          ],
          [
            120.450087,
            22.89006
          ],
          [
            120.450148,
            22.889837
          ],
          [
            120.450129,
            22.889585
          ],
          [
            120.450181,
            22.88931
          ],
          [
            120.450236,
            22.889076
          ],
          [
            120.450249,
            22.888908
          ],
          [
            120.450254,
            22.888728
          ],
          [
            120.450285,
            22.888485
          ],
          [
            120.450351,
            22.888291
          ],
          [
            120.450353,
            22.888171
          ],
          [
            120.450337,
            22.888019
          ],
          [
            120.450345,
            22.887879
          ],
          [
            120.450345,
            22.887712
          ],
          [
            120.450524,
            22.887225
          ],
          [
            120.450602,
            22.887086
          ],
          [
            120.450732,
            22.887012
          ],
          [
            120.451016,
            22.887021
          ],
          [
            120.451355,
            22.886971
          ],
          [
            120.451509,
            22.886916
          ],
          [
            120.451625,
            22.886837
          ],
          [
            120.451719,
            22.886865
          ],
          [
            120.451805,
            22.8869
          ],
          [
            120.451909,
            22.886962
          ],
          [
            120.452133,
            22.887144
          ],
          [
            120.452464,
            22.887445
          ],
          [
            120.452835,
            22.887772
          ],
          [
            120.453116,
            22.887987
          ],
          [
            120.453408,
            22.88814
          ],
          [
            120.453752,
            22.888234
          ],
          [
            120.453891,
            22.88826
          ],
          [
            120.454055,
            22.888291
          ],
          [
            120.45464,
            22.888407
          ],
          [
            120.455056,
            22.888471
          ],
          [
            120.455488,
            22.888496
          ],
          [
            120.456467,
            22.888481
          ],
          [
            120.45725,
            22.888426
          ],
          [
            120.457601,
            22.888394
          ],
          [
            120.458108,
            22.888375
          ],
          [
            120.458465,
            22.888417
          ],
          [
            120.458798,
            22.888489
          ],
          [
            120.459157,
            22.888578
          ],
          [
            120.459457,
            22.888592
          ],
          [
            120.459672,
            22.888516
          ],
          [
            120.45982,
            22.888417
          ],
          [
            120.460126,
            22.888095
          ],
          [
            120.460471,
            22.887636
          ],
          [
            120.460649,
            22.88752
          ],
          [
            120.460836,
            22.887405
          ],
          [
            120.461028,
            22.887347
          ],
          [
            120.461235,
            22.887339
          ],
          [
            120.461531,
            22.887406
          ],
          [
            120.462601,
            22.887804
          ],
          [
            120.463019,
            22.887913
          ],
          [
            120.463264,
            22.887908
          ],
          [
            120.463448,
            22.88787
          ],
          [
            120.463557,
            22.887818
          ],
          [
            120.463859,
            22.887537
          ],
          [
            120.46416,
            22.88717
          ],
          [
            120.464581,
            22.886679
          ],
          [
            120.464765,
            22.886503
          ],
          [
            120.465007,
            22.886364
          ],
          [
            120.465273,
            22.886233
          ],
          [
            120.46587,
            22.885955
          ],
          [
            120.466027,
            22.885856
          ],
          [
            120.465401,
            22.885068
          ],
          [
            120.464704,
            22.884253
          ],
          [
            120.464346,
            22.883632
          ],
          [
            120.464139,
            22.883281
          ],
          [
            120.463412,
            22.883013
          ],
          [
            120.463373,
            22.882992
          ],
          [
            120.462852,
            22.882711
          ],
          [
            120.462643,
            22.882606
          ],
          [
            120.46238,
            22.882572
          ],
          [
            120.462269,
            22.882658
          ],
          [
            120.462222,
            22.882771
          ],
          [
            120.462129,
            22.882846
          ],
          [
            120.462047,
            22.882917
          ],
          [
            120.461954,
            22.882962
          ],
          [
            120.461836,
            22.88298
          ],
          [
            120.460821,
            22.882949
          ],
          [
            120.460683,
            22.882895
          ],
          [
            120.460628,
            22.882845
          ],
          [
            120.460519,
            22.882764
          ],
          [
            120.46036,
            22.882711
          ],
          [
            120.459527,
            22.883286
          ],
          [
            120.459445,
            22.883357
          ],
          [
            120.459407,
            22.883446
          ],
          [
            120.459417,
            22.883539
          ],
          [
            120.459713,
            22.884173
          ],
          [
            120.459718,
            22.884239
          ],
          [
            120.459684,
            22.884332
          ],
          [
            120.459438,
            22.884584
          ],
          [
            120.459317,
            22.884688
          ],
          [
            120.459264,
            22.884795
          ],
          [
            120.459162,
            22.88502
          ],
          [
            120.45914,
            22.88531
          ],
          [
            120.459129,
            22.885382
          ],
          [
            120.459121,
            22.885443
          ],
          [
            120.459063,
            22.885589
          ],
          [
            120.458967,
            22.885695
          ],
          [
            120.458871,
            22.885722
          ],
          [
            120.458501,
            22.885744
          ],
          [
            120.458458,
            22.885749
          ],
          [
            120.458501,
            22.885744
          ],
          [
            120.458871,
            22.885722
          ],
          [
            120.458967,
            22.885695
          ],
          [
            120.459063,
            22.885589
          ],
          [
            120.459121,
            22.885443
          ],
          [
            120.459129,
            22.885382
          ],
          [
            120.45752,
            22.885451
          ],
          [
            120.45741,
            22.885456
          ],
          [
            120.457401,
            22.885133
          ],
          [
            120.457415,
            22.885093
          ],
          [
            120.457521,
            22.885089
          ],
          [
            120.457541,
            22.88474
          ],
          [
            120.457968,
            22.884731
          ],
          [
            120.459124,
            22.884686
          ],
          [
            120.459183,
            22.884684
          ],
          [
            120.459317,
            22.884688
          ],
          [
            120.459438,
            22.884584
          ],
          [
            120.459684,
            22.884332
          ],
          [
            120.459718,
            22.884239
          ],
          [
            120.459713,
            22.884173
          ],
          [
            120.459417,
            22.883539
          ],
          [
            120.459407,
            22.883446
          ],
          [
            120.459445,
            22.883357
          ],
          [
            120.459527,
            22.883286
          ],
          [
            120.46036,
            22.882711
          ],
          [
            120.460502,
            22.882599
          ],
          [
            120.460515,
            22.88252
          ],
          [
            120.460584,
            22.882329
          ],
          [
            120.460584,
            22.882264
          ],
          [
            120.460559,
            22.882174
          ],
          [
            120.460507,
            22.882021
          ],
          [
            120.460504,
            22.881934
          ],
          [
            120.460533,
            22.881877
          ],
          [
            120.460582,
            22.881813
          ],
          [
            120.460733,
            22.881698
          ],
          [
            120.460784,
            22.881649
          ],
          [
            120.460814,
            22.881594
          ],
          [
            120.460857,
            22.881478
          ],
          [
            120.460878,
            22.881362
          ],
          [
            120.460881,
            22.881085
          ],
          [
            120.460878,
            22.880994
          ],
          [
            120.460967,
            22.880944
          ],
          [
            120.460878,
            22.880994
          ],
          [
            120.460881,
            22.881085
          ],
          [
            120.460878,
            22.881362
          ],
          [
            120.460857,
            22.881478
          ],
          [
            120.460814,
            22.881594
          ],
          [
            120.460784,
            22.881649
          ],
          [
            120.460733,
            22.881698
          ],
          [
            120.460582,
            22.881813
          ],
          [
            120.460533,
            22.881877
          ],
          [
            120.460504,
            22.881934
          ],
          [
            120.460507,
            22.882021
          ],
          [
            120.460559,
            22.882174
          ],
          [
            120.460584,
            22.882264
          ],
          [
            120.460584,
            22.882329
          ],
          [
            120.460515,
            22.88252
          ],
          [
            120.460502,
            22.882599
          ],
          [
            120.46036,
            22.882711
          ],
          [
            120.460519,
            22.882764
          ],
          [
            120.460628,
            22.882845
          ],
          [
            120.460683,
            22.882895
          ],
          [
            120.460821,
            22.882949
          ],
          [
            120.461836,
            22.88298
          ],
          [
            120.461954,
            22.882962
          ],
          [
            120.462047,
            22.882917
          ],
          [
            120.462129,
            22.882846
          ],
          [
            120.462222,
            22.882771
          ],
          [
            120.462269,
            22.882658
          ],
          [
            120.46238,
            22.882572
          ],
          [
            120.462643,
            22.882606
          ],
          [
            120.462852,
            22.882711
          ],
          [
            120.463412,
            22.883013
          ],
          [
            120.464139,
            22.883281
          ],
          [
            120.464267,
            22.883323
          ],
          [
            120.464394,
            22.883314
          ],
          [
            120.464518,
            22.883291
          ],
          [
            120.46461,
            22.88325
          ],
          [
            120.464759,
            22.883153
          ],
          [
            120.464854,
            22.883612
          ],
          [
            120.46486,
            22.883648
          ],
          [
            120.464866,
            22.883669
          ],
          [
            120.465063,
            22.883913
          ],
          [
            120.464866,
            22.883669
          ],
          [
            120.46486,
            22.883648
          ],
          [
            120.464854,
            22.883612
          ],
          [
            120.464759,
            22.883153
          ],
          [
            120.464898,
            22.883023
          ],
          [
            120.465257,
            22.88268
          ],
          [
            120.465448,
            22.882287
          ],
          [
            120.465535,
            22.882173
          ],
          [
            120.46563,
            22.882096
          ],
          [
            120.465764,
            22.882016
          ],
          [
            120.465874,
            22.881977
          ],
          [
            120.465976,
            22.881929
          ],
          [
            120.466012,
            22.881912
          ],
          [
            120.466167,
            22.881804
          ],
          [
            120.466271,
            22.881688
          ],
          [
            120.466169,
            22.881621
          ],
          [
            120.466271,
            22.881688
          ],
          [
            120.466291,
            22.881664
          ],
          [
            120.466383,
            22.881504
          ],
          [
            120.466405,
            22.881371
          ],
          [
            120.466436,
            22.88131
          ],
          [
            120.46645,
            22.881283
          ],
          [
            120.466511,
            22.881175
          ],
          [
            120.466535,
            22.881081
          ],
          [
            120.466563,
            22.880825
          ],
          [
            120.466578,
            22.880683
          ],
          [
            120.46658,
            22.880643
          ],
          [
            120.466582,
            22.880595
          ],
          [
            120.466624,
            22.880461
          ],
          [
            120.466774,
            22.880217
          ],
          [
            120.466696,
            22.880132
          ],
          [
            120.466616,
            22.880024
          ],
          [
            120.46656,
            22.879908
          ],
          [
            120.466517,
            22.879788
          ],
          [
            120.466482,
            22.879665
          ],
          [
            120.466345,
            22.878933
          ],
          [
            120.466345,
            22.878842
          ],
          [
            120.466363,
            22.87878
          ],
          [
            120.466409,
            22.878731
          ],
          [
            120.466492,
            22.878666
          ],
          [
            120.466634,
            22.878592
          ],
          [
            120.466822,
            22.87853
          ],
          [
            120.466961,
            22.878476
          ],
          [
            120.467103,
            22.878456
          ],
          [
            120.467217,
            22.878459
          ],
          [
            120.467352,
            22.878456
          ],
          [
            120.467451,
            22.878462
          ],
          [
            120.467583,
            22.87849
          ],
          [
            120.467667,
            22.878501
          ],
          [
            120.467737,
            22.878507
          ],
          [
            120.467811,
            22.878479
          ],
          [
            120.467931,
            22.878407
          ],
          [
            120.467971,
            22.878354
          ],
          [
            120.467981,
            22.878291
          ],
          [
            120.467959,
            22.878206
          ],
          [
            120.467693,
            22.877201
          ],
          [
            120.467681,
            22.877155
          ],
          [
            120.467641,
            22.876979
          ],
          [
            120.467561,
            22.876497
          ],
          [
            120.467552,
            22.876299
          ],
          [
            120.467556,
            22.876252
          ],
          [
            120.467578,
            22.876198
          ],
          [
            120.467616,
            22.876153
          ],
          [
            120.46769,
            22.876114
          ],
          [
            120.467847,
            22.876056
          ],
          [
            120.467968,
            22.876009
          ],
          [
            120.468318,
            22.876012
          ],
          [
            120.468609,
            22.875967
          ],
          [
            120.46882,
            22.875918
          ],
          [
            120.469049,
            22.875865
          ],
          [
            120.469165,
            22.875838
          ],
          [
            120.469613,
            22.875659
          ],
          [
            120.469746,
            22.875601
          ],
          [
            120.470109,
            22.875442
          ],
          [
            120.470357,
            22.875264
          ],
          [
            120.470433,
            22.875212
          ],
          [
            120.470485,
            22.875176
          ],
          [
            120.47095,
            22.874899
          ],
          [
            120.470983,
            22.874883
          ],
          [
            120.471123,
            22.87482
          ],
          [
            120.47129,
            22.874739
          ],
          [
            120.471438,
            22.874649
          ],
          [
            120.471511,
            22.874595
          ],
          [
            120.471574,
            22.874529
          ],
          [
            120.471634,
            22.874445
          ],
          [
            120.471662,
            22.874352
          ],
          [
            120.471677,
            22.874267
          ],
          [
            120.471745,
            22.874051
          ],
          [
            120.471834,
            22.873932
          ],
          [
            120.47188,
            22.873891
          ],
          [
            120.471924,
            22.873852
          ],
          [
            120.471991,
            22.873812
          ],
          [
            120.472065,
            22.873787
          ],
          [
            120.472155,
            22.873756
          ],
          [
            120.472198,
            22.873741
          ],
          [
            120.472441,
            22.873628
          ],
          [
            120.472511,
            22.87357
          ],
          [
            120.472572,
            22.873522
          ],
          [
            120.472637,
            22.873471
          ],
          [
            120.472757,
            22.873337
          ],
          [
            120.472846,
            22.873153
          ],
          [
            120.472929,
            22.87286
          ],
          [
            120.472939,
            22.872662
          ],
          [
            120.472914,
            22.872548
          ],
          [
            120.472874,
            22.872488
          ],
          [
            120.472812,
            22.872426
          ],
          [
            120.472803,
            22.872352
          ],
          [
            120.47283,
            22.872192
          ],
          [
            120.472931,
            22.872009
          ],
          [
            120.472931,
            22.871919
          ],
          [
            120.472934,
            22.871851
          ],
          [
            120.472974,
            22.871814
          ],
          [
            120.473048,
            22.871797
          ],
          [
            120.473255,
            22.871767
          ],
          [
            120.473673,
            22.871691
          ],
          [
            120.473777,
            22.871665
          ],
          [
            120.473447,
            22.870861
          ],
          [
            120.47233,
            22.868263
          ],
          [
            120.472305,
            22.868205
          ],
          [
            120.472279,
            22.868151
          ],
          [
            120.471967,
            22.867498
          ],
          [
            120.471538,
            22.866447
          ],
          [
            120.471393,
            22.866091
          ],
          [
            120.471095,
            22.865359
          ],
          [
            120.470821,
            22.864908
          ],
          [
            120.470151,
            22.863883
          ],
          [
            120.469697,
            22.863312
          ],
          [
            120.469441,
            22.863036
          ],
          [
            120.46933,
            22.862904
          ],
          [
            120.469253,
            22.862788
          ],
          [
            120.469088,
            22.862465
          ],
          [
            120.468821,
            22.861681
          ],
          [
            120.468585,
            22.86093
          ],
          [
            120.468501,
            22.861076
          ],
          [
            120.468318,
            22.861492
          ],
          [
            120.468278,
            22.861669
          ],
          [
            120.468274,
            22.86181
          ],
          [
            120.468315,
            22.861969
          ],
          [
            120.468446,
            22.862168
          ],
          [
            120.468332,
            22.862325
          ],
          [
            120.468272,
            22.862381
          ],
          [
            120.468238,
            22.862432
          ],
          [
            120.468223,
            22.862595
          ],
          [
            120.468152,
            22.862739
          ],
          [
            120.468094,
            22.862812
          ],
          [
            120.468009,
            22.862854
          ],
          [
            120.467798,
            22.862959
          ],
          [
            120.467706,
            22.862982
          ],
          [
            120.467666,
            22.862978
          ],
          [
            120.467602,
            22.862962
          ],
          [
            120.467476,
            22.862913
          ],
          [
            120.46742,
            22.862891
          ],
          [
            120.467264,
            22.862806
          ],
          [
            120.467033,
            22.862671
          ],
          [
            120.466864,
            22.862574
          ],
          [
            120.46665,
            22.862508
          ],
          [
            120.466561,
            22.862478
          ],
          [
            120.466496,
            22.862434
          ],
          [
            120.466421,
            22.862362
          ],
          [
            120.466353,
            22.862354
          ],
          [
            120.466345,
            22.862355
          ],
          [
            120.466309,
            22.862358
          ],
          [
            120.46624,
            22.862367
          ],
          [
            120.466155,
            22.862382
          ],
          [
            120.466091,
            22.862404
          ],
          [
            120.466013,
            22.862426
          ],
          [
            120.46574,
            22.862431
          ],
          [
            120.465682,
            22.862417
          ],
          [
            120.465618,
            22.862391
          ],
          [
            120.465543,
            22.862392
          ],
          [
            120.465494,
            22.862411
          ],
          [
            120.465283,
            22.862609
          ],
          [
            120.4652,
            22.862687
          ],
          [
            120.465084,
            22.862753
          ],
          [
            120.465034,
            22.862792
          ],
          [
            120.46502,
            22.862857
          ],
          [
            120.465025,
            22.86294
          ],
          [
            120.465036,
            22.863017
          ],
          [
            120.46505,
            22.863073
          ],
          [
            120.465075,
            22.863113
          ],
          [
            120.46505,
            22.863073
          ],
          [
            120.465036,
            22.863017
          ],
          [
            120.465025,
            22.86294
          ],
          [
            120.46502,
            22.862857
          ],
          [
            120.465034,
            22.862792
          ],
          [
            120.465084,
            22.862753
          ],
          [
            120.4652,
            22.862687
          ],
          [
            120.465283,
            22.862609
          ],
          [
            120.465494,
            22.862411
          ],
          [
            120.465543,
            22.862392
          ],
          [
            120.465618,
            22.862391
          ],
          [
            120.465682,
            22.862417
          ],
          [
            120.46574,
            22.862431
          ],
          [
            120.466013,
            22.862426
          ],
          [
            120.466091,
            22.862404
          ],
          [
            120.466155,
            22.862382
          ],
          [
            120.46624,
            22.862367
          ],
          [
            120.466309,
            22.862358
          ],
          [
            120.466353,
            22.862354
          ],
          [
            120.466421,
            22.862362
          ],
          [
            120.466496,
            22.862434
          ],
          [
            120.466561,
            22.862478
          ],
          [
            120.46665,
            22.862508
          ],
          [
            120.466864,
            22.862574
          ],
          [
            120.467033,
            22.862671
          ],
          [
            120.467264,
            22.862806
          ],
          [
            120.46742,
            22.862891
          ],
          [
            120.467476,
            22.862913
          ],
          [
            120.467602,
            22.862962
          ],
          [
            120.467666,
            22.862978
          ],
          [
            120.467706,
            22.862982
          ],
          [
            120.467798,
            22.862959
          ],
          [
            120.468009,
            22.862854
          ],
          [
            120.468094,
            22.862812
          ],
          [
            120.468152,
            22.862739
          ],
          [
            120.468223,
            22.862595
          ],
          [
            120.468238,
            22.862432
          ],
          [
            120.468272,
            22.862381
          ],
          [
            120.468332,
            22.862325
          ],
          [
            120.468446,
            22.862168
          ],
          [
            120.468315,
            22.861969
          ],
          [
            120.468274,
            22.86181
          ],
          [
            120.468278,
            22.861669
          ],
          [
            120.468318,
            22.861492
          ],
          [
            120.468501,
            22.861076
          ],
          [
            120.468585,
            22.86093
          ],
          [
            120.468639,
            22.860829
          ],
          [
            120.468907,
            22.861662
          ],
          [
            120.469169,
            22.862438
          ],
          [
            120.469345,
            22.862777
          ],
          [
            120.469535,
            22.863023
          ],
          [
            120.469803,
            22.863306
          ],
          [
            120.470223,
            22.863855
          ],
          [
            120.470858,
            22.864809
          ],
          [
            120.471016,
            22.86504
          ],
          [
            120.471212,
            22.865403
          ],
          [
            120.471634,
            22.866423
          ],
          [
            120.471962,
            22.867294
          ],
          [
            120.472045,
            22.867485
          ],
          [
            120.472357,
            22.868122
          ],
          [
            120.472384,
            22.868178
          ],
          [
            120.472408,
            22.868235
          ],
          [
            120.473516,
            22.870843
          ],
          [
            120.473854,
            22.871636
          ],
          [
            120.474063,
            22.872111
          ],
          [
            120.474198,
            22.872341
          ],
          [
            120.474366,
            22.872472
          ],
          [
            120.47448,
            22.872461
          ],
          [
            120.474516,
            22.87244
          ],
          [
            120.474541,
            22.872416
          ],
          [
            120.474605,
            22.872327
          ],
          [
            120.474626,
            22.872165
          ],
          [
            120.474693,
            22.872098
          ],
          [
            120.474877,
            22.872032
          ],
          [
            120.475085,
            22.871963
          ],
          [
            120.475118,
            22.871934
          ],
          [
            120.475152,
            22.871774
          ],
          [
            120.475204,
            22.87167
          ],
          [
            120.475271,
            22.871558
          ],
          [
            120.475176,
            22.871341
          ],
          [
            120.475252,
            22.871312
          ],
          [
            120.475303,
            22.871267
          ],
          [
            120.47536,
            22.87122
          ],
          [
            120.475555,
            22.871041
          ],
          [
            120.47536,
            22.87122
          ],
          [
            120.475303,
            22.871267
          ],
          [
            120.475252,
            22.871312
          ],
          [
            120.475176,
            22.871341
          ],
          [
            120.475271,
            22.871558
          ],
          [
            120.475204,
            22.87167
          ],
          [
            120.475152,
            22.871774
          ],
          [
            120.475118,
            22.871934
          ],
          [
            120.475085,
            22.871963
          ],
          [
            120.474877,
            22.872032
          ],
          [
            120.474693,
            22.872098
          ],
          [
            120.474626,
            22.872165
          ],
          [
            120.474605,
            22.872327
          ],
          [
            120.474605,
            22.872327
          ],
          [
            120.474541,
            22.872416
          ],
          [
            120.474516,
            22.87244
          ],
          [
            120.47448,
            22.872461
          ],
          [
            120.474366,
            22.872472
          ],
          [
            120.474456,
            22.872516
          ],
          [
            120.474503,
            22.872537
          ],
          [
            120.477153,
            22.8738
          ],
          [
            120.478256,
            22.874306
          ],
          [
            120.47834,
            22.874344
          ],
          [
            120.47983,
            22.875027
          ],
          [
            120.479972,
            22.875116
          ],
          [
            120.48011,
            22.875218
          ],
          [
            120.48023,
            22.875338
          ],
          [
            120.480357,
            22.875472
          ],
          [
            120.482155,
            22.877816
          ],
          [
            120.482689,
            22.878456
          ],
          [
            120.482742,
            22.878521
          ],
          [
            120.482838,
            22.878636
          ],
          [
            120.483118,
            22.879006
          ],
          [
            120.483178,
            22.879111
          ],
          [
            120.4834,
            22.87951
          ],
          [
            120.483766,
            22.880194
          ],
          [
            120.483954,
            22.880562
          ],
          [
            120.484027,
            22.8807
          ],
          [
            120.48404,
            22.880723
          ],
          [
            120.484089,
            22.880818
          ],
          [
            120.484138,
            22.880904
          ],
          [
            120.484466,
            22.881538
          ],
          [
            120.484581,
            22.881744
          ],
          [
            120.484721,
            22.88202
          ],
          [
            120.484736,
            22.882046
          ],
          [
            120.484841,
            22.882191
          ],
          [
            120.484875,
            22.882247
          ],
          [
            120.485019,
            22.882479
          ],
          [
            120.485155,
            22.882756
          ],
          [
            120.485277,
            22.882972
          ],
          [
            120.485408,
            22.883229
          ],
          [
            120.485441,
            22.883311
          ],
          [
            120.485457,
            22.883359
          ],
          [
            120.485473,
            22.883419
          ],
          [
            120.485483,
            22.883464
          ],
          [
            120.485558,
            22.883749
          ],
          [
            120.485624,
            22.884222
          ],
          [
            120.485684,
            22.884753
          ],
          [
            120.485684,
            22.884781
          ],
          [
            120.485687,
            22.884842
          ],
          [
            120.485684,
            22.88491
          ],
          [
            120.485688,
            22.885495
          ],
          [
            120.485659,
            22.885951
          ],
          [
            120.485585,
            22.885951
          ],
          [
            120.484953,
            22.885965
          ],
          [
            120.484956,
            22.885512
          ],
          [
            120.484874,
            22.885515
          ],
          [
            120.484956,
            22.885512
          ],
          [
            120.484953,
            22.885965
          ],
          [
            120.485585,
            22.885951
          ],
          [
            120.48561,
            22.885481
          ],
          [
            120.485606,
            22.884954
          ],
          [
            120.485607,
            22.884913
          ],
          [
            120.485606,
            22.884847
          ],
          [
            120.485608,
            22.884782
          ],
          [
            120.485584,
            22.884521
          ],
          [
            120.485553,
            22.88426
          ],
          [
            120.485502,
            22.883833
          ],
          [
            120.485408,
            22.88346
          ],
          [
            120.485401,
            22.883434
          ],
          [
            120.485385,
            22.883377
          ],
          [
            120.485346,
            22.883262
          ],
          [
            120.485241,
            22.883041
          ],
          [
            120.485127,
            22.882851
          ],
          [
            120.484987,
            22.882588
          ],
          [
            120.484942,
            22.882515
          ],
          [
            120.484766,
            22.88223
          ],
          [
            120.484525,
            22.88227
          ],
          [
            120.484496,
            22.882274
          ],
          [
            120.484333,
            22.882291
          ],
          [
            120.484183,
            22.882331
          ],
          [
            120.484072,
            22.882369
          ],
          [
            120.484025,
            22.88239
          ],
          [
            120.483924,
            22.882439
          ],
          [
            120.483819,
            22.882488
          ],
          [
            120.483778,
            22.882511
          ],
          [
            120.483683,
            22.882564
          ],
          [
            120.483558,
            22.882661
          ],
          [
            120.483503,
            22.882696
          ],
          [
            120.483469,
            22.882732
          ],
          [
            120.483457,
            22.882748
          ],
          [
            120.483406,
            22.882817
          ],
          [
            120.483383,
            22.882877
          ],
          [
            120.483368,
            22.882916
          ],
          [
            120.483205,
            22.883342
          ],
          [
            120.483195,
            22.883364
          ],
          [
            120.483124,
            22.883515
          ],
          [
            120.483074,
            22.883686
          ],
          [
            120.483075,
            22.883717
          ],
          [
            120.483079,
            22.884151
          ],
          [
            120.48308,
            22.88419
          ],
          [
            120.48305,
            22.884755
          ],
          [
            120.483049,
            22.884788
          ],
          [
            120.483047,
            22.884921
          ],
          [
            120.483046,
            22.885015
          ],
          [
            120.483046,
            22.885044
          ],
          [
            120.483081,
            22.885965
          ],
          [
            120.48308,
            22.88599
          ],
          [
            120.48308,
            22.88604
          ],
          [
            120.483081,
            22.886121
          ],
          [
            120.483081,
            22.886126
          ],
          [
            120.483082,
            22.886595
          ],
          [
            120.483105,
            22.887026
          ],
          [
            120.483109,
            22.887096
          ],
          [
            120.482999,
            22.887101
          ],
          [
            120.482599,
            22.88713
          ],
          [
            120.482558,
            22.887121
          ],
          [
            120.482599,
            22.88713
          ],
          [
            120.482999,
            22.887101
          ],
          [
            120.483109,
            22.887096
          ],
          [
            120.483137,
            22.887084
          ],
          [
            120.483628,
            22.887013
          ],
          [
            120.483653,
            22.887003
          ],
          [
            120.483663,
            22.886972
          ],
          [
            120.483661,
            22.886922
          ],
          [
            120.483663,
            22.886972
          ],
          [
            120.483653,
            22.887003
          ],
          [
            120.483628,
            22.887013
          ],
          [
            120.483137,
            22.887084
          ],
          [
            120.483109,
            22.887096
          ],
          [
            120.482999,
            22.887101
          ],
          [
            120.482599,
            22.88713
          ],
          [
            120.482493,
            22.887106
          ],
          [
            120.482037,
            22.887125
          ],
          [
            120.482023,
            22.886485
          ],
          [
            120.482012,
            22.886202
          ],
          [
            120.481109,
            22.886367
          ],
          [
            120.480478,
            22.886483
          ],
          [
            120.479851,
            22.886611
          ],
          [
            120.479848,
            22.886592
          ],
          [
            120.479837,
            22.886511
          ],
          [
            120.479829,
            22.886454
          ],
          [
            120.479817,
            22.886373
          ],
          [
            120.479805,
            22.886053
          ],
          [
            120.479819,
            22.885832
          ],
          [
            120.479863,
            22.885688
          ],
          [
            120.479934,
            22.885579
          ],
          [
            120.479829,
            22.885387
          ],
          [
            120.479471,
            22.884734
          ],
          [
            120.479426,
            22.884652
          ],
          [
            120.479292,
            22.884407
          ],
          [
            120.479177,
            22.884196
          ],
          [
            120.479004,
            22.88387
          ],
          [
            120.478791,
            22.883488
          ],
          [
            120.478676,
            22.883282
          ],
          [
            120.478467,
            22.882922
          ],
          [
            120.478453,
            22.882894
          ],
          [
            120.478415,
            22.882824
          ],
          [
            120.478368,
            22.882738
          ],
          [
            120.478358,
            22.882716
          ],
          [
            120.478096,
            22.882221
          ],
          [
            120.477833,
            22.881688
          ],
          [
            120.477662,
            22.881316
          ],
          [
            120.477278,
            22.880683
          ],
          [
            120.477248,
            22.880639
          ],
          [
            120.476852,
            22.87974
          ],
          [
            120.476745,
            22.879472
          ],
          [
            120.476175,
            22.879603
          ],
          [
            120.476133,
            22.879621
          ],
          [
            120.476106,
            22.879629
          ],
          [
            120.475975,
            22.879646
          ],
          [
            120.475662,
            22.879628
          ],
          [
            120.47565,
            22.879631
          ],
          [
            120.475644,
            22.879596
          ],
          [
            120.47544,
            22.879479
          ],
          [
            120.475644,
            22.879596
          ],
          [
            120.47565,
            22.879631
          ],
          [
            120.475662,
            22.879628
          ],
          [
            120.475975,
            22.879646
          ],
          [
            120.476106,
            22.879629
          ],
          [
            120.476133,
            22.879621
          ],
          [
            120.476175,
            22.879603
          ],
          [
            120.476745,
            22.879472
          ],
          [
            120.47619,
            22.878442
          ],
          [
            120.476133,
            22.878274
          ],
          [
            120.47582,
            22.877729
          ],
          [
            120.475288,
            22.876406
          ],
          [
            120.47792,
            22.875825
          ],
          [
            120.477815,
            22.875507
          ],
          [
            120.477757,
            22.875332
          ]
        ]
      },
      "properties": {
        "routeId": "kaohsiung-876-t7-bd7536",
        "city": "kaohsiung",
        "source_file": "kaohsiung/kaohsiung-876-t7-bd7536.geojson",
        "distance_km": 50.383,
        "duration_min": 71.12943333333334,
        "valhalla_config": "valhalla.json"
      }
    }
  ]
}