{
  "type": "FeatureCollection",
  "features": [
    {
      "type": "Feature",
      "geometry": {
        "type": "LineString",
        "coordinates": [
          [
            121.530409,
            25.13249
          ],
          [
            121.530407,
            25.133157
          ],
          [
            121.529823,
            25.133176
          ],
          [
            121.52981,
            25.132556
          ],
          [
            121.529371,
            25.132616
          ],
          [
            121.528567,
            25.132726
          ],
          [
            121.528496,
            25.132735
          ],
          [
            121.528516,
            25.132797
          ],
          [
            121.528533,
            25.132854
          ],
          [
            121.528552,
            25.133068
          ],
          [
            121.528568,
            25.133264
          ],
          [
            121.528573,
            25.133533
          ],
          [
            121.528575,
            25.133581
          ],
          [
            121.528587,
            25.133666
          ],
          [
            121.528615,
            25.133754
          ],
          [
            121.528783,
            25.134087
          ],
          [
            121.528838,
            25.134229
          ],
          [
            121.528778,
            25.13456
          ],
          [
            121.528726,
            25.134817
          ],
          [
            121.528851,
            25.135242
          ],
          [
            121.528825,
            25.135342
          ],
          [
            121.528838,
            25.135443
          ],
          [
            121.528761,
            25.135786
          ],
          [
            121.528702,
            25.136146
          ],
          [
            121.528695,
            25.136356
          ],
          [
            121.528669,
            25.136434
          ],
          [
            121.528646,
            25.136502
          ],
          [
            121.528571,
            25.136677
          ],
          [
            121.528401,
            25.137094
          ],
          [
            121.528271,
            25.137482
          ],
          [
            121.528235,
            25.137629
          ],
          [
            121.528213,
            25.137727
          ],
          [
            121.528211,
            25.137793
          ],
          [
            121.528223,
            25.137924
          ],
          [
            121.528243,
            25.138015
          ],
          [
            121.528265,
            25.138113
          ],
          [
            121.528277,
            25.138174
          ],
          [
            121.528266,
            25.138266
          ],
          [
            121.528225,
            25.138355
          ],
          [
            121.528155,
            25.138448
          ],
          [
            121.528071,
            25.138527
          ],
          [
            121.527985,
            25.13866
          ],
          [
            121.527964,
            25.138771
          ],
          [
            121.527988,
            25.138941
          ],
          [
            121.528041,
            25.139073
          ],
          [
            121.52823,
            25.1394
          ],
          [
            121.528281,
            25.139513
          ],
          [
            121.528298,
            25.139633
          ],
          [
            121.528283,
            25.139778
          ],
          [
            121.528249,
            25.139901
          ],
          [
            121.528199,
            25.139965
          ],
          [
            121.528126,
            25.140025
          ],
          [
            121.528032,
            25.140101
          ],
          [
            121.527869,
            25.140228
          ],
          [
            121.527821,
            25.140288
          ],
          [
            121.527787,
            25.140367
          ],
          [
            121.527767,
            25.140458
          ],
          [
            121.527763,
            25.140587
          ],
          [
            121.52779,
            25.140671
          ],
          [
            121.527991,
            25.141063
          ],
          [
            121.528423,
            25.141832
          ],
          [
            121.528452,
            25.141903
          ],
          [
            121.52846,
            25.141989
          ],
          [
            121.528447,
            25.142078
          ],
          [
            121.528424,
            25.142124
          ],
          [
            121.528282,
            25.142277
          ],
          [
            121.528071,
            25.14242
          ],
          [
            121.527855,
            25.142513
          ],
          [
            121.527596,
            25.142593
          ],
          [
            121.527519,
            25.142626
          ],
          [
            121.527448,
            25.142673
          ],
          [
            121.527391,
            25.142757
          ],
          [
            121.527345,
            25.142861
          ],
          [
            121.527323,
            25.143024
          ],
          [
            121.527293,
            25.143194
          ],
          [
            121.527277,
            25.143252
          ],
          [
            121.527242,
            25.143403
          ],
          [
            121.527225,
            25.143446
          ],
          [
            121.527172,
            25.143532
          ],
          [
            121.527102,
            25.143614
          ],
          [
            121.526908,
            25.143794
          ],
          [
            121.52685,
            25.143849
          ],
          [
            121.526735,
            25.143957
          ],
          [
            121.526684,
            25.144026
          ],
          [
            121.526392,
            25.14423
          ],
          [
            121.526138,
            25.144419
          ],
          [
            121.526132,
            25.144423
          ],
          [
            121.525908,
            25.144575
          ],
          [
            121.525607,
            25.144806
          ],
          [
            121.525489,
            25.144931
          ],
          [
            121.525387,
            25.145148
          ],
          [
            121.525317,
            25.145632
          ],
          [
            121.52525,
            25.145828
          ],
          [
            121.525125,
            25.146047
          ],
          [
            121.524989,
            25.146237
          ],
          [
            121.52491,
            25.146378
          ],
          [
            121.524887,
            25.146411
          ],
          [
            121.52483,
            25.146467
          ],
          [
            121.524735,
            25.146515
          ],
          [
            121.524598,
            25.146537
          ],
          [
            121.524411,
            25.146505
          ],
          [
            121.524159,
            25.146364
          ],
          [
            121.523731,
            25.146125
          ],
          [
            121.523645,
            25.146075
          ],
          [
            121.523619,
            25.146061
          ],
          [
            121.523554,
            25.146026
          ],
          [
            121.52349,
            25.146002
          ],
          [
            121.523384,
            25.145967
          ],
          [
            121.52325,
            25.145933
          ],
          [
            121.523158,
            25.145918
          ],
          [
            121.523067,
            25.145905
          ],
          [
            121.522976,
            25.145893
          ],
          [
            121.522903,
            25.145887
          ],
          [
            121.522814,
            25.14588
          ],
          [
            121.522725,
            25.145872
          ],
          [
            121.522513,
            25.145859
          ],
          [
            121.522252,
            25.145853
          ],
          [
            121.522088,
            25.145853
          ],
          [
            121.522002,
            25.145874
          ],
          [
            121.521916,
            25.145896
          ],
          [
            121.521818,
            25.145959
          ],
          [
            121.521758,
            25.14605
          ],
          [
            121.521715,
            25.146145
          ],
          [
            121.521723,
            25.14628
          ],
          [
            121.52175,
            25.146341
          ],
          [
            121.521794,
            25.146387
          ],
          [
            121.521857,
            25.146418
          ],
          [
            121.522112,
            25.146459
          ],
          [
            121.522196,
            25.146492
          ],
          [
            121.522266,
            25.146555
          ],
          [
            121.522306,
            25.146637
          ],
          [
            121.522372,
            25.146841
          ],
          [
            121.522381,
            25.147001
          ],
          [
            121.522329,
            25.147138
          ],
          [
            121.522267,
            25.147298
          ],
          [
            121.522231,
            25.147438
          ],
          [
            121.522237,
            25.147578
          ],
          [
            121.522294,
            25.147726
          ],
          [
            121.522382,
            25.148014
          ],
          [
            121.522565,
            25.148606
          ],
          [
            121.522701,
            25.14926
          ],
          [
            121.522713,
            25.149347
          ],
          [
            121.52273,
            25.149415
          ],
          [
            121.522807,
            25.14988
          ],
          [
            121.522805,
            25.149974
          ],
          [
            121.52278,
            25.150054
          ],
          [
            121.522698,
            25.150201
          ],
          [
            121.522641,
            25.150276
          ],
          [
            121.522522,
            25.150234
          ],
          [
            121.522382,
            25.150191
          ],
          [
            121.52232,
            25.150155
          ],
          [
            121.522224,
            25.150087
          ],
          [
            121.522175,
            25.150031
          ],
          [
            121.522073,
            25.149873
          ],
          [
            121.522005,
            25.149844
          ],
          [
            121.521953,
            25.149838
          ],
          [
            121.521872,
            25.149844
          ],
          [
            121.521714,
            25.149895
          ],
          [
            121.521312,
            25.150025
          ],
          [
            121.521199,
            25.150044
          ],
          [
            121.521059,
            25.150029
          ],
          [
            121.520866,
            25.149991
          ],
          [
            121.520672,
            25.150033
          ],
          [
            121.520129,
            25.15002
          ],
          [
            121.520023,
            25.150037
          ],
          [
            121.519741,
            25.150102
          ],
          [
            121.519341,
            25.150164
          ],
          [
            121.519018,
            25.150229
          ],
          [
            121.518861,
            25.150268
          ],
          [
            121.51882,
            25.150258
          ],
          [
            121.518598,
            25.150127
          ],
          [
            121.518474,
            25.150122
          ],
          [
            121.518357,
            25.150128
          ],
          [
            121.518259,
            25.150105
          ],
          [
            121.518118,
            25.150026
          ],
          [
            121.518017,
            25.149938
          ],
          [
            121.517965,
            25.149862
          ],
          [
            121.517879,
            25.149781
          ],
          [
            121.51776,
            25.149692
          ],
          [
            121.517654,
            25.149638
          ],
          [
            121.517022,
            25.14946
          ],
          [
            121.51665,
            25.149421
          ],
          [
            121.516381,
            25.149404
          ],
          [
            121.516287,
            25.1494
          ],
          [
            121.515946,
            25.149368
          ],
          [
            121.515735,
            25.149343
          ],
          [
            121.515533,
            25.149319
          ],
          [
            121.515348,
            25.14927
          ],
          [
            121.514982,
            25.149232
          ],
          [
            121.51483,
            25.149203
          ],
          [
            121.514706,
            25.149215
          ],
          [
            121.514613,
            25.149268
          ],
          [
            121.514545,
            25.149433
          ],
          [
            121.514511,
            25.149562
          ],
          [
            121.514489,
            25.149602
          ],
          [
            121.514436,
            25.149632
          ],
          [
            121.514365,
            25.14965
          ],
          [
            121.514281,
            25.149671
          ],
          [
            121.51418,
            25.149692
          ],
          [
            121.514106,
            25.149675
          ],
          [
            121.51401,
            25.149594
          ],
          [
            121.513886,
            25.149468
          ],
          [
            121.513807,
            25.149414
          ],
          [
            121.513673,
            25.149343
          ],
          [
            121.513132,
            25.149094
          ],
          [
            121.512924,
            25.148999
          ],
          [
            121.512725,
            25.148904
          ],
          [
            121.512622,
            25.148838
          ],
          [
            121.51257,
            25.148776
          ],
          [
            121.512445,
            25.148574
          ],
          [
            121.512211,
            25.148351
          ],
          [
            121.512115,
            25.148247
          ],
          [
            121.51206,
            25.148157
          ],
          [
            121.511986,
            25.147996
          ],
          [
            121.511913,
            25.147852
          ],
          [
            121.511842,
            25.147763
          ],
          [
            121.511716,
            25.147703
          ],
          [
            121.51157,
            25.147694
          ],
          [
            121.511378,
            25.147714
          ],
          [
            121.511234,
            25.147703
          ],
          [
            121.511009,
            25.147649
          ],
          [
            121.51089,
            25.147663
          ],
          [
            121.51075,
            25.147776
          ],
          [
            121.510646,
            25.147857
          ],
          [
            121.510482,
            25.147885
          ],
          [
            121.51038,
            25.147945
          ],
          [
            121.510281,
            25.148141
          ],
          [
            121.510236,
            25.148187
          ],
          [
            121.510172,
            25.148209
          ],
          [
            121.510118,
            25.148221
          ],
          [
            121.510027,
            25.148207
          ],
          [
            121.509967,
            25.148142
          ],
          [
            121.509928,
            25.148045
          ],
          [
            121.509955,
            25.147959
          ],
          [
            121.510037,
            25.14786
          ],
          [
            121.510154,
            25.147753
          ],
          [
            121.510275,
            25.147687
          ],
          [
            121.510407,
            25.147607
          ],
          [
            121.510625,
            25.147472
          ],
          [
            121.510794,
            25.147399
          ],
          [
            121.510977,
            25.147389
          ],
          [
            121.511141,
            25.14739
          ],
          [
            121.511306,
            25.147417
          ],
          [
            121.511457,
            25.147427
          ],
          [
            121.511644,
            25.147403
          ],
          [
            121.511882,
            25.147345
          ],
          [
            121.512018,
            25.147349
          ],
          [
            121.512207,
            25.147382
          ],
          [
            121.512315,
            25.147444
          ],
          [
            121.512437,
            25.147542
          ],
          [
            121.512554,
            25.147688
          ],
          [
            121.512627,
            25.147814
          ],
          [
            121.512665,
            25.148004
          ],
          [
            121.512745,
            25.148115
          ],
          [
            121.512826,
            25.148147
          ],
          [
            121.51289,
            25.148152
          ],
          [
            121.512959,
            25.148103
          ],
          [
            121.513008,
            25.148071
          ],
          [
            121.513055,
            25.147985
          ],
          [
            121.51305,
            25.147913
          ],
          [
            121.51302,
            25.147792
          ],
          [
            121.512962,
            25.14765
          ],
          [
            121.51295,
            25.147551
          ],
          [
            121.512937,
            25.147335
          ],
          [
            121.512932,
            25.147085
          ],
          [
            121.512921,
            25.146967
          ],
          [
            121.512915,
            25.146866
          ],
          [
            121.512958,
            25.146782
          ],
          [
            121.513033,
            25.146733
          ],
          [
            121.51332,
            25.146732
          ],
          [
            121.51347,
            25.146755
          ],
          [
            121.513666,
            25.14682
          ],
          [
            121.513775,
            25.146828
          ],
          [
            121.513876,
            25.146826
          ],
          [
            121.514017,
            25.146862
          ],
          [
            121.514144,
            25.146871
          ],
          [
            121.514326,
            25.1469
          ],
          [
            121.514483,
            25.146914
          ],
          [
            121.514579,
            25.146898
          ],
          [
            121.514649,
            25.146864
          ],
          [
            121.514706,
            25.146803
          ],
          [
            121.514725,
            25.146727
          ],
          [
            121.514723,
            25.14665
          ],
          [
            121.514646,
            25.146494
          ],
          [
            121.514527,
            25.146339
          ],
          [
            121.514368,
            25.146146
          ],
          [
            121.514275,
            25.145986
          ],
          [
            121.514232,
            25.145873
          ],
          [
            121.514199,
            25.145647
          ],
          [
            121.514184,
            25.145542
          ],
          [
            121.514171,
            25.14546
          ],
          [
            121.514149,
            25.145372
          ],
          [
            121.514119,
            25.145323
          ],
          [
            121.514062,
            25.145285
          ],
          [
            121.513935,
            25.145282
          ],
          [
            121.513836,
            25.145334
          ],
          [
            121.513768,
            25.145406
          ],
          [
            121.513747,
            25.145466
          ],
          [
            121.513748,
            25.145513
          ],
          [
            121.513761,
            25.145661
          ],
          [
            121.513822,
            25.145892
          ],
          [
            121.51382,
            25.145977
          ],
          [
            121.513796,
            25.146036
          ],
          [
            121.513745,
            25.146077
          ],
          [
            121.513662,
            25.146125
          ],
          [
            121.513573,
            25.146149
          ],
          [
            121.513528,
            25.146156
          ],
          [
            121.513477,
            25.146153
          ],
          [
            121.512899,
            25.146114
          ],
          [
            121.51265,
            25.146096
          ],
          [
            121.512516,
            25.146119
          ],
          [
            121.512472,
            25.146206
          ],
          [
            121.512384,
            25.146161
          ],
          [
            121.512282,
            25.146089
          ],
          [
            121.512096,
            25.14596
          ],
          [
            121.511946,
            25.145888
          ],
          [
            121.511698,
            25.145834
          ],
          [
            121.511946,
            25.145888
          ],
          [
            121.512096,
            25.14596
          ],
          [
            121.512282,
            25.146089
          ],
          [
            121.512384,
            25.146161
          ],
          [
            121.512472,
            25.146206
          ],
          [
            121.512516,
            25.146119
          ],
          [
            121.51265,
            25.146096
          ],
          [
            121.512899,
            25.146114
          ],
          [
            121.513477,
            25.146153
          ],
          [
            121.513528,
            25.146156
          ],
          [
            121.513573,
            25.146149
          ],
          [
            121.513662,
            25.146125
          ],
          [
            121.513745,
            25.146077
          ],
          [
            121.513796,
            25.146036
          ],
          [
            121.51382,
            25.145977
          ],
          [
            121.513822,
            25.145892
          ],
          [
            121.513761,
            25.145661
          ],
          [
            121.513748,
            25.145513
          ],
          [
            121.513747,
            25.145466
          ],
          [
            121.513768,
            25.145406
          ],
          [
            121.513836,
            25.145334
          ],
          [
            121.513935,
            25.145282
          ],
          [
            121.514062,
            25.145285
          ],
          [
            121.514119,
            25.145323
          ],
          [
            121.514149,
            25.145372
          ],
          [
            121.514171,
            25.14546
          ],
          [
            121.514184,
            25.145542
          ],
          [
            121.514199,
            25.145647
          ],
          [
            121.514232,
            25.145873
          ],
          [
            121.514275,
            25.145986
          ],
          [
            121.514368,
            25.146146
          ],
          [
            121.514527,
            25.146339
          ],
          [
            121.514646,
            25.146494
          ],
          [
            121.514723,
            25.14665
          ],
          [
            121.514725,
            25.146727
          ],
          [
            121.514706,
            25.146803
          ],
          [
            121.514649,
            25.146864
          ],
          [
            121.514579,
            25.146898
          ],
          [
            121.514483,
            25.146914
          ],
          [
            121.514326,
            25.1469
          ],
          [
            121.514144,
            25.146871
          ],
          [
            121.514017,
            25.146862
          ],
          [
            121.513876,
            25.146826
          ],
          [
            121.513775,
            25.146828
          ],
          [
            121.513666,
            25.14682
          ],
          [
            121.51347,
            25.146755
          ],
          [
            121.51332,
            25.146732
          ],
          [
            121.513033,
            25.146733
          ],
          [
            121.512958,
            25.146782
          ],
          [
            121.512915,
            25.146866
          ],
          [
            121.512921,
            25.146967
          ],
          [
            121.512932,
            25.147085
          ],
          [
            121.512937,
            25.147335
          ],
          [
            121.51295,
            25.147551
          ],
          [
            121.512962,
            25.14765
          ],
          [
            121.51302,
            25.147792
          ],
          [
            121.51305,
            25.147913
          ],
          [
            121.513055,
            25.147985
          ],
          [
            121.513008,
            25.148071
          ],
          [
            121.512959,
            25.148103
          ],
          [
            121.51289,
            25.148152
          ],
          [
            121.512826,
            25.148147
          ],
          [
            121.512745,
            25.148115
          ],
          [
            121.512665,
            25.148004
          ],
          [
            121.512627,
            25.147814
          ],
          [
            121.512554,
            25.147688
          ],
          [
            121.512437,
            25.147542
          ],
          [
            121.512315,
            25.147444
          ],
          [
            121.512207,
            25.147382
          ],
          [
            121.512018,
            25.147349
          ],
          [
            121.511882,
            25.147345
          ],
          [
            121.511644,
            25.147403
          ],
          [
            121.511457,
            25.147427
          ],
          [
            121.511306,
            25.147417
          ],
          [
            121.511141,
            25.14739
          ],
          [
            121.510977,
            25.147389
          ],
          [
            121.510794,
            25.147399
          ],
          [
            121.510625,
            25.147472
          ],
          [
            121.510407,
            25.147607
          ],
          [
            121.510275,
            25.147687
          ],
          [
            121.510154,
            25.147753
          ],
          [
            121.510037,
            25.14786
          ],
          [
            121.509955,
            25.147959
          ],
          [
            121.509928,
            25.148045
          ],
          [
            121.509967,
            25.148142
          ],
          [
            121.510027,
            25.148207
          ],
          [
            121.510048,
            25.148332
          ],
          [
            121.509856,
            25.148451
          ],
          [
            121.509646,
            25.148647
          ],
          [
            121.509544,
            25.148751
          ],
          [
            121.509459,
            25.148837
          ],
          [
            121.509417,
            25.148871
          ],
          [
            121.509402,
            25.148924
          ],
          [
            121.509425,
            25.14901
          ],
          [
            121.509509,
            25.149131
          ],
          [
            121.50954,
            25.149172
          ],
          [
            121.509532,
            25.149205
          ],
          [
            121.509493,
            25.149223
          ],
          [
            121.509347,
            25.149207
          ],
          [
            121.50923,
            25.149217
          ],
          [
            121.509167,
            25.149203
          ],
          [
            121.509104,
            25.149163
          ],
          [
            121.509,
            25.14909
          ],
          [
            121.508956,
            25.149029
          ],
          [
            121.508908,
            25.148891
          ],
          [
            121.508911,
            25.148751
          ],
          [
            121.508927,
            25.148338
          ],
          [
            121.508923,
            25.148266
          ],
          [
            121.508879,
            25.148202
          ],
          [
            121.508774,
            25.148123
          ],
          [
            121.508879,
            25.148202
          ],
          [
            121.508923,
            25.148266
          ],
          [
            121.508927,
            25.148338
          ],
          [
            121.508911,
            25.148751
          ],
          [
            121.508908,
            25.148891
          ],
          [
            121.508956,
            25.149029
          ],
          [
            121.509,
            25.14909
          ],
          [
            121.509104,
            25.149163
          ],
          [
            121.509167,
            25.149203
          ],
          [
            121.50923,
            25.149217
          ],
          [
            121.509347,
            25.149207
          ],
          [
            121.509493,
            25.149223
          ],
          [
            121.509532,
            25.149205
          ],
          [
            121.50954,
            25.149172
          ],
          [
            121.509509,
            25.149131
          ],
          [
            121.509425,
            25.14901
          ],
          [
            121.509402,
            25.148924
          ],
          [
            121.509417,
            25.148871
          ],
          [
            121.509459,
            25.148837
          ],
          [
            121.509544,
            25.148751
          ],
          [
            121.509646,
            25.148647
          ],
          [
            121.509856,
            25.148451
          ],
          [
            121.510048,
            25.148332
          ],
          [
            121.510027,
            25.148207
          ],
          [
            121.510118,
            25.148221
          ],
          [
            121.510172,
            25.148209
          ],
          [
            121.510236,
            25.148187
          ],
          [
            121.510281,
            25.148141
          ],
          [
            121.51038,
            25.147945
          ],
          [
            121.510482,
            25.147885
          ],
          [
            121.510646,
            25.147857
          ],
          [
            121.51075,
            25.147776
          ],
          [
            121.51089,
            25.147663
          ],
          [
            121.511009,
            25.147649
          ],
          [
            121.511234,
            25.147703
          ],
          [
            121.511378,
            25.147714
          ],
          [
            121.51157,
            25.147694
          ],
          [
            121.511716,
            25.147703
          ],
          [
            121.511842,
            25.147763
          ],
          [
            121.511913,
            25.147852
          ],
          [
            121.511986,
            25.147996
          ],
          [
            121.51206,
            25.148157
          ],
          [
            121.512115,
            25.148247
          ],
          [
            121.512211,
            25.148351
          ],
          [
            121.512445,
            25.148574
          ],
          [
            121.51257,
            25.148776
          ],
          [
            121.512622,
            25.148838
          ],
          [
            121.512725,
            25.148904
          ],
          [
            121.512924,
            25.148999
          ],
          [
            121.513132,
            25.149094
          ],
          [
            121.513673,
            25.149343
          ],
          [
            121.513807,
            25.149414
          ],
          [
            121.513886,
            25.149468
          ],
          [
            121.51401,
            25.149594
          ],
          [
            121.514106,
            25.149675
          ],
          [
            121.51418,
            25.149692
          ],
          [
            121.514281,
            25.149671
          ],
          [
            121.514365,
            25.14965
          ],
          [
            121.514436,
            25.149632
          ],
          [
            121.514489,
            25.149602
          ],
          [
            121.514511,
            25.149562
          ],
          [
            121.514545,
            25.149433
          ],
          [
            121.514613,
            25.149268
          ],
          [
            121.514706,
            25.149215
          ],
          [
            121.51483,
            25.149203
          ],
          [
            121.514982,
            25.149232
          ],
          [
            121.514953,
            25.149143
          ],
          [
            121.514894,
            25.148999
          ],
          [
            121.51488,
            25.148966
          ],
          [
            121.514826,
            25.148852
          ],
          [
            121.514766,
            25.148763
          ],
          [
            121.514714,
            25.148585
          ],
          [
            121.514707,
            25.148502
          ],
          [
            121.5147,
            25.148441
          ],
          [
            121.514648,
            25.148346
          ],
          [
            121.514595,
            25.148321
          ],
          [
            121.514565,
            25.148307
          ],
          [
            121.514418,
            25.148269
          ],
          [
            121.514337,
            25.148215
          ],
          [
            121.514288,
            25.148172
          ],
          [
            121.514084,
            25.148037
          ],
          [
            121.514085,
            25.147987
          ],
          [
            121.514088,
            25.147946
          ],
          [
            121.514159,
            25.147929
          ],
          [
            121.514225,
            25.147915
          ],
          [
            121.514287,
            25.147876
          ],
          [
            121.514287,
            25.147876
          ],
          [
            121.514225,
            25.147915
          ],
          [
            121.514159,
            25.147929
          ],
          [
            121.514088,
            25.147946
          ],
          [
            121.514085,
            25.147987
          ],
          [
            121.514084,
            25.148037
          ],
          [
            121.514288,
            25.148172
          ],
          [
            121.514337,
            25.148215
          ],
          [
            121.514418,
            25.148269
          ],
          [
            121.514565,
            25.148307
          ],
          [
            121.514648,
            25.148346
          ],
          [
            121.5147,
            25.148441
          ],
          [
            121.514707,
            25.148502
          ],
          [
            121.514714,
            25.148585
          ],
          [
            121.514766,
            25.148763
          ],
          [
            121.514826,
            25.148852
          ],
          [
            121.51488,
            25.148966
          ],
          [
            121.514953,
            25.149143
          ],
          [
            121.514982,
            25.149232
          ],
          [
            121.515348,
            25.14927
          ],
          [
            121.515533,
            25.149319
          ],
          [
            121.515735,
            25.149343
          ],
          [
            121.515947,
            25.149368
          ],
          [
            121.516287,
            25.1494
          ],
          [
            121.516381,
            25.149404
          ],
          [
            121.51665,
            25.149421
          ],
          [
            121.517022,
            25.14946
          ],
          [
            121.517654,
            25.149638
          ],
          [
            121.51776,
            25.149692
          ],
          [
            121.517879,
            25.149781
          ],
          [
            121.517965,
            25.149862
          ],
          [
            121.518017,
            25.149938
          ],
          [
            121.518079,
            25.149992
          ],
          [
            121.518118,
            25.150026
          ],
          [
            121.518259,
            25.150105
          ],
          [
            121.518357,
            25.150128
          ],
          [
            121.518474,
            25.150122
          ],
          [
            121.518598,
            25.150127
          ],
          [
            121.51882,
            25.150258
          ],
          [
            121.518861,
            25.150268
          ],
          [
            121.519018,
            25.150229
          ],
          [
            121.519341,
            25.150164
          ],
          [
            121.519741,
            25.150102
          ],
          [
            121.520023,
            25.150038
          ],
          [
            121.519983,
            25.149957
          ],
          [
            121.519899,
            25.149931
          ],
          [
            121.519817,
            25.149879
          ],
          [
            121.519736,
            25.149798
          ],
          [
            121.519657,
            25.149678
          ],
          [
            121.519668,
            25.149632
          ],
          [
            121.519693,
            25.149469
          ],
          [
            121.519676,
            25.149218
          ],
          [
            121.519665,
            25.149068
          ],
          [
            121.51963,
            25.148917
          ],
          [
            121.519607,
            25.148744
          ],
          [
            121.519576,
            25.148649
          ],
          [
            121.519481,
            25.148488
          ],
          [
            121.519411,
            25.148409
          ],
          [
            121.519344,
            25.148361
          ],
          [
            121.519243,
            25.148224
          ],
          [
            121.519122,
            25.148008
          ],
          [
            121.518912,
            25.147586
          ],
          [
            121.518859,
            25.147529
          ],
          [
            121.518733,
            25.147488
          ],
          [
            121.518653,
            25.147467
          ],
          [
            121.518593,
            25.147442
          ],
          [
            121.518518,
            25.147379
          ],
          [
            121.518354,
            25.147222
          ],
          [
            121.518241,
            25.147183
          ],
          [
            121.518098,
            25.147167
          ],
          [
            121.518058,
            25.147169
          ],
          [
            121.518098,
            25.147167
          ],
          [
            121.518241,
            25.147183
          ],
          [
            121.518354,
            25.147222
          ],
          [
            121.518518,
            25.147379
          ],
          [
            121.518593,
            25.147442
          ],
          [
            121.518653,
            25.147467
          ],
          [
            121.518733,
            25.147488
          ],
          [
            121.518859,
            25.147529
          ],
          [
            121.518912,
            25.147586
          ],
          [
            121.519122,
            25.148008
          ],
          [
            121.519243,
            25.148224
          ],
          [
            121.519344,
            25.148361
          ],
          [
            121.519411,
            25.148409
          ],
          [
            121.519481,
            25.148488
          ],
          [
            121.519576,
            25.148649
          ],
          [
            121.519607,
            25.148744
          ],
          [
            121.51963,
            25.148917
          ],
          [
            121.519665,
            25.149068
          ],
          [
            121.519676,
            25.149218
          ],
          [
            121.519693,
            25.149469
          ],
          [
            121.519668,
            25.149632
          ],
          [
            121.519657,
            25.149678
          ],
          [
            121.519736,
            25.149798
          ],
          [
            121.519817,
            25.149879
          ],
          [
            121.519899,
            25.149931
          ],
          [
            121.519983,
            25.149957
          ],
          [
            121.520023,
            25.150037
          ],
          [
            121.520129,
            25.15002
          ],
          [
            121.520672,
            25.150033
          ],
          [
            121.520866,
            25.149991
          ],
          [
            121.521059,
            25.150029
          ],
          [
            121.521199,
            25.150044
          ],
          [
            121.521312,
            25.150025
          ],
          [
            121.521714,
            25.149895
          ],
          [
            121.521872,
            25.149844
          ],
          [
            121.521953,
            25.149838
          ],
          [
            121.522005,
            25.149844
          ],
          [
            121.522073,
            25.149873
          ],
          [
            121.522017,
            25.149999
          ],
          [
            121.521878,
            25.150369
          ],
          [
            121.521716,
            25.150649
          ],
          [
            121.521605,
            25.150775
          ],
          [
            121.521431,
            25.15082
          ],
          [
            121.521373,
            25.150817
          ],
          [
            121.521363,
            25.151029
          ],
          [
            121.521319,
            25.151528
          ],
          [
            121.521456,
            25.151712
          ],
          [
            121.52149,
            25.151926
          ],
          [
            121.521565,
            25.152001
          ],
          [
            121.521767,
            25.152113
          ],
          [
            121.521858,
            25.152131
          ],
          [
            121.521988,
            25.152174
          ],
          [
            121.522007,
            25.152265
          ],
          [
            121.521953,
            25.152606
          ],
          [
            121.521908,
            25.152767
          ],
          [
            121.521951,
            25.152945
          ],
          [
            121.521972,
            25.153049
          ],
          [
            121.52192,
            25.153078
          ],
          [
            121.521867,
            25.153114
          ],
          [
            121.52192,
            25.153078
          ],
          [
            121.521972,
            25.153049
          ],
          [
            121.521951,
            25.152945
          ],
          [
            121.521935,
            25.152877
          ],
          [
            121.521908,
            25.152767
          ],
          [
            121.521953,
            25.152606
          ],
          [
            121.522007,
            25.152265
          ],
          [
            121.521988,
            25.152174
          ],
          [
            121.521858,
            25.152131
          ],
          [
            121.521767,
            25.152113
          ],
          [
            121.521668,
            25.152058
          ],
          [
            121.521767,
            25.152113
          ],
          [
            121.521858,
            25.152131
          ],
          [
            121.521988,
            25.152174
          ],
          [
            121.522007,
            25.152265
          ],
          [
            121.521982,
            25.152421
          ],
          [
            121.522007,
            25.152265
          ],
          [
            121.521988,
            25.152174
          ],
          [
            121.521858,
            25.152131
          ],
          [
            121.521767,
            25.152113
          ],
          [
            121.521565,
            25.152001
          ],
          [
            121.52149,
            25.151926
          ],
          [
            121.521456,
            25.151712
          ],
          [
            121.521319,
            25.151528
          ],
          [
            121.521363,
            25.151029
          ],
          [
            121.521373,
            25.150817
          ],
          [
            121.521431,
            25.15082
          ],
          [
            121.521605,
            25.150775
          ],
          [
            121.521716,
            25.150649
          ],
          [
            121.521878,
            25.150369
          ],
          [
            121.522017,
            25.149999
          ],
          [
            121.522073,
            25.149873
          ],
          [
            121.522175,
            25.150031
          ],
          [
            121.522224,
            25.150087
          ],
          [
            121.52232,
            25.150155
          ],
          [
            121.522382,
            25.150191
          ],
          [
            121.522522,
            25.150234
          ],
          [
            121.522641,
            25.150276
          ],
          [
            121.522769,
            25.150369
          ],
          [
            121.522897,
            25.150437
          ],
          [
            121.52299,
            25.150464
          ],
          [
            121.523079,
            25.150449
          ],
          [
            121.523177,
            25.15041
          ],
          [
            121.523392,
            25.150324
          ],
          [
            121.523555,
            25.150254
          ],
          [
            121.523681,
            25.150173
          ],
          [
            121.523724,
            25.15013
          ],
          [
            121.523766,
            25.150001
          ],
          [
            121.523788,
            25.14955
          ],
          [
            121.523796,
            25.14943
          ],
          [
            121.523869,
            25.14933
          ],
          [
            121.524024,
            25.149164
          ],
          [
            121.524141,
            25.149099
          ],
          [
            121.524239,
            25.149078
          ],
          [
            121.524352,
            25.149094
          ],
          [
            121.524449,
            25.14914
          ],
          [
            121.524557,
            25.149251
          ],
          [
            121.524727,
            25.149342
          ],
          [
            121.524824,
            25.149424
          ],
          [
            121.524893,
            25.149513
          ],
          [
            121.525,
            25.149859
          ],
          [
            121.525118,
            25.150087
          ],
          [
            121.525376,
            25.150452
          ],
          [
            121.525455,
            25.150452
          ],
          [
            121.525625,
            25.150533
          ],
          [
            121.525686,
            25.150532
          ],
          [
            121.525799,
            25.150499
          ],
          [
            121.525869,
            25.150478
          ],
          [
            121.525997,
            25.150426
          ],
          [
            121.526056,
            25.150419
          ],
          [
            121.526165,
            25.150436
          ],
          [
            121.526279,
            25.150402
          ],
          [
            121.526532,
            25.150303
          ],
          [
            121.526603,
            25.150308
          ],
          [
            121.526659,
            25.150316
          ],
          [
            121.526674,
            25.150325
          ],
          [
            121.526736,
            25.150364
          ],
          [
            121.526859,
            25.150457
          ],
          [
            121.526915,
            25.150467
          ],
          [
            121.527006,
            25.150433
          ],
          [
            121.527336,
            25.150273
          ],
          [
            121.527433,
            25.150262
          ],
          [
            121.527613,
            25.150301
          ],
          [
            121.527926,
            25.150424
          ],
          [
            121.527975,
            25.150443
          ],
          [
            121.528193,
            25.150498
          ],
          [
            121.528291,
            25.150605
          ],
          [
            121.528366,
            25.150707
          ],
          [
            121.528447,
            25.150787
          ],
          [
            121.528477,
            25.150798
          ],
          [
            121.528581,
            25.150808
          ],
          [
            121.52868,
            25.150795
          ],
          [
            121.528745,
            25.150752
          ],
          [
            121.528895,
            25.150645
          ],
          [
            121.529024,
            25.150473
          ],
          [
            121.529128,
            25.150308
          ],
          [
            121.529195,
            25.150194
          ],
          [
            121.529217,
            25.150108
          ],
          [
            121.529195,
            25.150022
          ],
          [
            121.528925,
            25.149581
          ],
          [
            121.528762,
            25.149325
          ],
          [
            121.528653,
            25.149163
          ],
          [
            121.528601,
            25.149037
          ],
          [
            121.528623,
            25.148925
          ],
          [
            121.52868,
            25.148799
          ],
          [
            121.528911,
            25.14847
          ],
          [
            121.529057,
            25.148196
          ],
          [
            121.529092,
            25.14813
          ],
          [
            121.529067,
            25.148068
          ],
          [
            121.528887,
            25.147791
          ],
          [
            121.528709,
            25.147508
          ],
          [
            121.528887,
            25.147791
          ],
          [
            121.529067,
            25.148068
          ],
          [
            121.529092,
            25.14813
          ],
          [
            121.528911,
            25.14847
          ],
          [
            121.52868,
            25.148799
          ],
          [
            121.528623,
            25.148925
          ],
          [
            121.528601,
            25.149037
          ],
          [
            121.528653,
            25.149163
          ],
          [
            121.528762,
            25.149325
          ],
          [
            121.528925,
            25.149581
          ],
          [
            121.529195,
            25.150022
          ],
          [
            121.529217,
            25.150108
          ],
          [
            121.529195,
            25.150194
          ],
          [
            121.529128,
            25.150308
          ],
          [
            121.529024,
            25.150473
          ],
          [
            121.528895,
            25.150645
          ],
          [
            121.528817,
            25.1507
          ],
          [
            121.528745,
            25.150752
          ],
          [
            121.52868,
            25.150795
          ],
          [
            121.528581,
            25.150808
          ],
          [
            121.528477,
            25.150798
          ],
          [
            121.528447,
            25.150787
          ],
          [
            121.528366,
            25.150707
          ],
          [
            121.528291,
            25.150605
          ],
          [
            121.528193,
            25.150498
          ],
          [
            121.527975,
            25.150443
          ],
          [
            121.527613,
            25.150301
          ],
          [
            121.527433,
            25.150262
          ],
          [
            121.527336,
            25.150273
          ],
          [
            121.527006,
            25.150433
          ],
          [
            121.526915,
            25.150467
          ],
          [
            121.526859,
            25.150457
          ],
          [
            121.526736,
            25.150364
          ],
          [
            121.526659,
            25.150316
          ],
          [
            121.526603,
            25.150308
          ],
          [
            121.526532,
            25.150303
          ],
          [
            121.526279,
            25.150402
          ],
          [
            121.526165,
            25.150436
          ],
          [
            121.526056,
            25.150419
          ],
          [
            121.525997,
            25.150426
          ],
          [
            121.525869,
            25.150478
          ],
          [
            121.525686,
            25.150532
          ],
          [
            121.525625,
            25.150533
          ],
          [
            121.525455,
            25.150452
          ],
          [
            121.525376,
            25.150452
          ],
          [
            121.525526,
            25.150688
          ],
          [
            121.525569,
            25.150731
          ],
          [
            121.525633,
            25.150774
          ],
          [
            121.525762,
            25.150816
          ],
          [
            121.525998,
            25.150816
          ],
          [
            121.526299,
            25.150709
          ],
          [
            121.52647,
            25.150709
          ],
          [
            121.526535,
            25.150731
          ],
          [
            121.526792,
            25.151031
          ],
          [
            121.526921,
            25.151117
          ],
          [
            121.527264,
            25.151288
          ],
          [
            121.527457,
            25.151288
          ],
          [
            121.52765,
            25.151288
          ],
          [
            121.527736,
            25.15131
          ],
          [
            121.527801,
            25.151353
          ],
          [
            121.527822,
            25.151417
          ],
          [
            121.527843,
            25.151589
          ],
          [
            121.527843,
            25.151675
          ],
          [
            121.527801,
            25.151739
          ],
          [
            121.527414,
            25.152211
          ],
          [
            121.52731,
            25.152381
          ],
          [
            121.5273,
            25.15247
          ],
          [
            121.527309,
            25.15253
          ],
          [
            121.527361,
            25.152616
          ],
          [
            121.527393,
            25.152653
          ],
          [
            121.52745,
            25.152695
          ],
          [
            121.52749,
            25.15271
          ],
          [
            121.527564,
            25.152729
          ],
          [
            121.527929,
            25.152834
          ],
          [
            121.528008,
            25.152912
          ],
          [
            121.528058,
            25.152962
          ],
          [
            121.528144,
            25.153112
          ],
          [
            121.528294,
            25.153735
          ],
          [
            121.528315,
            25.15382
          ],
          [
            121.528423,
            25.153971
          ],
          [
            121.528801,
            25.15439
          ],
          [
            121.528728,
            25.15448
          ],
          [
            121.528661,
            25.154629
          ],
          [
            121.528531,
            25.155148
          ],
          [
            121.528512,
            25.155206
          ],
          [
            121.528422,
            25.155381
          ],
          [
            121.528527,
            25.155546
          ],
          [
            121.528506,
            25.155643
          ],
          [
            121.528513,
            25.155687
          ],
          [
            121.528621,
            25.155755
          ],
          [
            121.528774,
            25.155794
          ],
          [
            121.528927,
            25.155806
          ],
          [
            121.529123,
            25.155934
          ],
          [
            121.529174,
            25.15596
          ],
          [
            121.529276,
            25.155989
          ],
          [
            121.529399,
            25.156017
          ],
          [
            121.52958,
            25.156085
          ],
          [
            121.52983,
            25.156227
          ],
          [
            121.529817,
            25.156291
          ],
          [
            121.529835,
            25.15635
          ],
          [
            121.529854,
            25.156414
          ],
          [
            121.52988,
            25.156457
          ],
          [
            121.529913,
            25.156497
          ],
          [
            121.52988,
            25.156457
          ],
          [
            121.529854,
            25.156414
          ],
          [
            121.529835,
            25.15635
          ],
          [
            121.529817,
            25.156291
          ],
          [
            121.52983,
            25.156227
          ],
          [
            121.530015,
            25.156284
          ],
          [
            121.530188,
            25.156324
          ],
          [
            121.530291,
            25.156443
          ],
          [
            121.530318,
            25.156516
          ],
          [
            121.530327,
            25.156564
          ],
          [
            121.530282,
            25.156675
          ],
          [
            121.530161,
            25.156855
          ],
          [
            121.530023,
            25.157045
          ],
          [
            121.529927,
            25.157221
          ],
          [
            121.529814,
            25.157462
          ],
          [
            121.529717,
            25.157604
          ],
          [
            121.529653,
            25.157713
          ],
          [
            121.529653,
            25.157782
          ],
          [
            121.529703,
            25.157868
          ],
          [
            121.529824,
            25.157916
          ],
          [
            121.529989,
            25.157897
          ],
          [
            121.530239,
            25.157836
          ],
          [
            121.530431,
            25.157718
          ],
          [
            121.530487,
            25.157678
          ],
          [
            121.53059,
            25.157661
          ],
          [
            121.530697,
            25.157704
          ],
          [
            121.53074,
            25.157747
          ],
          [
            121.530762,
            25.157812
          ],
          [
            121.53078,
            25.158048
          ],
          [
            121.530784,
            25.158136
          ],
          [
            121.530918,
            25.158313
          ],
          [
            121.530982,
            25.158351
          ],
          [
            121.531074,
            25.158371
          ],
          [
            121.531179,
            25.158334
          ],
          [
            121.531287,
            25.158276
          ],
          [
            121.531365,
            25.158281
          ],
          [
            121.531448,
            25.158305
          ],
          [
            121.53149,
            25.158358
          ],
          [
            121.531518,
            25.158429
          ],
          [
            121.531538,
            25.15858
          ],
          [
            121.53152,
            25.158816
          ],
          [
            121.531427,
            25.159163
          ],
          [
            121.531433,
            25.159287
          ],
          [
            121.531528,
            25.159479
          ],
          [
            121.531576,
            25.159563
          ],
          [
            121.531637,
            25.159621
          ],
          [
            121.531765,
            25.159707
          ],
          [
            121.53194,
            25.159823
          ],
          [
            121.5321,
            25.159953
          ],
          [
            121.532243,
            25.160012
          ],
          [
            121.532289,
            25.160021
          ],
          [
            121.5324,
            25.160033
          ],
          [
            121.532549,
            25.160048
          ],
          [
            121.532635,
            25.160069
          ],
          [
            121.5327,
            25.160112
          ],
          [
            121.532721,
            25.160155
          ],
          [
            121.532752,
            25.160243
          ],
          [
            121.532738,
            25.160497
          ],
          [
            121.532732,
            25.160601
          ],
          [
            121.532748,
            25.16064
          ],
          [
            121.5328,
            25.160662
          ],
          [
            121.532856,
            25.160668
          ],
          [
            121.533114,
            25.160671
          ],
          [
            121.53322,
            25.16067
          ],
          [
            121.533362,
            25.16062
          ],
          [
            121.533466,
            25.160523
          ],
          [
            121.533503,
            25.160468
          ],
          [
            121.533546,
            25.160361
          ],
          [
            121.533637,
            25.159979
          ],
          [
            121.533723,
            25.159635
          ],
          [
            121.533787,
            25.159507
          ],
          [
            121.53383,
            25.159421
          ],
          [
            121.533894,
            25.159357
          ],
          [
            121.53398,
            25.159292
          ],
          [
            121.534063,
            25.159263
          ],
          [
            121.534161,
            25.159235
          ],
          [
            121.534259,
            25.159228
          ],
          [
            121.534388,
            25.159228
          ],
          [
            121.534474,
            25.159249
          ],
          [
            121.534646,
            25.159335
          ],
          [
            121.534753,
            25.159421
          ],
          [
            121.534817,
            25.159485
          ],
          [
            121.534884,
            25.159547
          ],
          [
            121.53499,
            25.159752
          ],
          [
            121.535123,
            25.160114
          ],
          [
            121.535224,
            25.160251
          ],
          [
            121.535353,
            25.160375
          ],
          [
            121.535525,
            25.160559
          ],
          [
            121.535627,
            25.160564
          ],
          [
            121.535789,
            25.160566
          ],
          [
            121.535848,
            25.160555
          ],
          [
            121.535909,
            25.160522
          ],
          [
            121.536042,
            25.160256
          ],
          [
            121.536169,
            25.160086
          ],
          [
            121.536283,
            25.159999
          ],
          [
            121.536427,
            25.159872
          ],
          [
            121.536899,
            25.15955
          ],
          [
            121.537328,
            25.159142
          ],
          [
            121.537612,
            25.15891
          ],
          [
            121.537937,
            25.158767
          ],
          [
            121.538327,
            25.15861
          ],
          [
            121.538401,
            25.158541
          ],
          [
            121.538422,
            25.158498
          ],
          [
            121.538551,
            25.158176
          ],
          [
            121.538669,
            25.157912
          ],
          [
            121.538701,
            25.15784
          ],
          [
            121.538723,
            25.15779
          ],
          [
            121.538851,
            25.15749
          ],
          [
            121.538937,
            25.157297
          ],
          [
            121.539023,
            25.157189
          ],
          [
            121.539506,
            25.15694
          ],
          [
            121.539673,
            25.156887
          ],
          [
            121.539741,
            25.156746
          ],
          [
            121.539796,
            25.156685
          ],
          [
            121.539881,
            25.156653
          ],
          [
            121.540053,
            25.156631
          ],
          [
            121.540134,
            25.156631
          ],
          [
            121.540289,
            25.156631
          ],
          [
            121.540353,
            25.15661
          ],
          [
            121.540418,
            25.156589
          ],
          [
            121.540459,
            25.156566
          ],
          [
            121.540488,
            25.156536
          ],
          [
            121.540525,
            25.156481
          ],
          [
            121.540531,
            25.156374
          ],
          [
            121.540525,
            25.156288
          ],
          [
            121.54048,
            25.156145
          ],
          [
            121.540461,
            25.156095
          ],
          [
            121.540353,
            25.155923
          ],
          [
            121.540224,
            25.155801
          ],
          [
            121.539602,
            25.155215
          ],
          [
            121.539476,
            25.155083
          ],
          [
            121.539395,
            25.154978
          ],
          [
            121.539311,
            25.154926
          ],
          [
            121.539234,
            25.15482
          ],
          [
            121.539219,
            25.154739
          ],
          [
            121.53911,
            25.15456
          ],
          [
            121.539087,
            25.154525
          ],
          [
            121.53906,
            25.154484
          ],
          [
            121.539051,
            25.154415
          ],
          [
            121.539038,
            25.153971
          ],
          [
            121.539057,
            25.15366
          ],
          [
            121.539059,
            25.153563
          ],
          [
            121.539086,
            25.153306
          ],
          [
            121.539149,
            25.153133
          ],
          [
            121.53921,
            25.153017
          ],
          [
            121.53933,
            25.152838
          ],
          [
            121.539379,
            25.153
          ],
          [
            121.539411,
            25.153053
          ],
          [
            121.539571,
            25.153373
          ],
          [
            121.539635,
            25.153552
          ],
          [
            121.539723,
            25.153796
          ],
          [
            121.539795,
            25.153974
          ],
          [
            121.540133,
            25.15409
          ],
          [
            121.540429,
            25.154213
          ],
          [
            121.540272,
            25.154148
          ],
          [
            121.540133,
            25.15409
          ],
          [
            121.539795,
            25.153974
          ],
          [
            121.539723,
            25.153796
          ],
          [
            121.539635,
            25.153552
          ],
          [
            121.539571,
            25.153373
          ],
          [
            121.539411,
            25.153053
          ],
          [
            121.539379,
            25.153
          ],
          [
            121.53933,
            25.152838
          ],
          [
            121.539368,
            25.152782
          ],
          [
            121.539436,
            25.152681
          ],
          [
            121.539581,
            25.152512
          ],
          [
            121.539752,
            25.152383
          ],
          [
            121.539881,
            25.152318
          ],
          [
            121.54031,
            25.152168
          ],
          [
            121.540954,
            25.151846
          ],
          [
            121.541147,
            25.151782
          ],
          [
            121.541383,
            25.151718
          ],
          [
            121.541802,
            25.151628
          ],
          [
            121.542091,
            25.151653
          ],
          [
            121.543204,
            25.151823
          ],
          [
            121.543546,
            25.151881
          ],
          [
            121.544128,
            25.151904
          ],
          [
            121.544291,
            25.151909
          ],
          [
            121.544332,
            25.151911
          ],
          [
            121.54497,
            25.15193
          ],
          [
            121.545101,
            25.151933
          ],
          [
            121.545338,
            25.151939
          ],
          [
            121.545529,
            25.151978
          ],
          [
            121.545932,
            25.152125
          ],
          [
            121.546154,
            25.152227
          ],
          [
            121.545938,
            25.152231
          ],
          [
            121.54583,
            25.152199
          ],
          [
            121.545691,
            25.152148
          ],
          [
            121.545573,
            25.152126
          ],
          [
            121.545432,
            25.152129
          ],
          [
            121.545273,
            25.152171
          ],
          [
            121.545105,
            25.152225
          ],
          [
            121.544947,
            25.152264
          ],
          [
            121.544723,
            25.15229
          ],
          [
            121.544414,
            25.152323
          ],
          [
            121.543983,
            25.152367
          ],
          [
            121.543798,
            25.152433
          ],
          [
            121.543698,
            25.152516
          ],
          [
            121.54365,
            25.152608
          ],
          [
            121.543648,
            25.152724
          ],
          [
            121.543734,
            25.152838
          ],
          [
            121.543914,
            25.152892
          ],
          [
            121.544266,
            25.152851
          ],
          [
            121.544444,
            25.152834
          ],
          [
            121.544795,
            25.152865
          ],
          [
            121.545675,
            25.153122
          ],
          [
            121.546678,
            25.153611
          ],
          [
            121.546915,
            25.153745
          ],
          [
            121.547122,
            25.153936
          ],
          [
            121.547277,
            25.154004
          ],
          [
            121.547725,
            25.154064
          ],
          [
            121.547845,
            25.154131
          ],
          [
            121.5479,
            25.154221
          ],
          [
            121.547865,
            25.154392
          ],
          [
            121.54756,
            25.154811
          ],
          [
            121.547466,
            25.154913
          ],
          [
            121.547365,
            25.154964
          ],
          [
            121.547249,
            25.154978
          ],
          [
            121.547119,
            25.15496
          ],
          [
            121.546681,
            25.154852
          ],
          [
            121.546558,
            25.154844
          ],
          [
            121.546466,
            25.154894
          ],
          [
            121.546393,
            25.154981
          ],
          [
            121.546178,
            25.155192
          ],
          [
            121.546108,
            25.155257
          ],
          [
            121.545928,
            25.155456
          ],
          [
            121.545914,
            25.155572
          ],
          [
            121.545926,
            25.15565
          ],
          [
            121.545965,
            25.155763
          ],
          [
            121.546037,
            25.15591
          ],
          [
            121.546416,
            25.156621
          ],
          [
            121.546461,
            25.156704
          ],
          [
            121.546609,
            25.156991
          ],
          [
            121.546729,
            25.157248
          ],
          [
            121.546788,
            25.157414
          ],
          [
            121.546819,
            25.157591
          ],
          [
            121.546843,
            25.157975
          ],
          [
            121.54681,
            25.158191
          ],
          [
            121.546801,
            25.158228
          ],
          [
            121.546662,
            25.158826
          ],
          [
            121.546634,
            25.158913
          ],
          [
            121.546576,
            25.159066
          ],
          [
            121.546459,
            25.159184
          ],
          [
            121.546341,
            25.159288
          ],
          [
            121.546256,
            25.159403
          ],
          [
            121.546109,
            25.159681
          ],
          [
            121.545987,
            25.159861
          ],
          [
            121.545869,
            25.160033
          ],
          [
            121.545737,
            25.160256
          ],
          [
            121.545631,
            25.160428
          ],
          [
            121.545597,
            25.16047
          ],
          [
            121.545472,
            25.160544
          ],
          [
            121.545335,
            25.160593
          ],
          [
            121.5452,
            25.160622
          ],
          [
            121.544886,
            25.160672
          ],
          [
            121.544774,
            25.160694
          ],
          [
            121.544662,
            25.16071
          ],
          [
            121.544467,
            25.160735
          ],
          [
            121.544356,
            25.160786
          ],
          [
            121.544276,
            25.160865
          ],
          [
            121.54428,
            25.160996
          ],
          [
            121.544283,
            25.161538
          ],
          [
            121.544272,
            25.1617
          ],
          [
            121.544149,
            25.161849
          ],
          [
            121.544018,
            25.162032
          ],
          [
            121.544001,
            25.162116
          ],
          [
            121.544033,
            25.162217
          ],
          [
            121.544089,
            25.162315
          ],
          [
            121.54418,
            25.162415
          ],
          [
            121.54439,
            25.16257
          ],
          [
            121.544487,
            25.162653
          ],
          [
            121.544597,
            25.162765
          ],
          [
            121.544688,
            25.162878
          ],
          [
            121.54477,
            25.163031
          ],
          [
            121.544792,
            25.163198
          ],
          [
            121.544766,
            25.163304
          ],
          [
            121.544738,
            25.163408
          ],
          [
            121.544648,
            25.16352
          ],
          [
            121.544582,
            25.163571
          ],
          [
            121.544453,
            25.163651
          ],
          [
            121.544358,
            25.163712
          ],
          [
            121.544302,
            25.163793
          ],
          [
            121.544275,
            25.164005
          ],
          [
            121.544235,
            25.164139
          ],
          [
            121.544211,
            25.164246
          ],
          [
            121.544145,
            25.164338
          ],
          [
            121.543955,
            25.164586
          ],
          [
            121.54382,
            25.164785
          ],
          [
            121.543668,
            25.165115
          ],
          [
            121.543409,
            25.165535
          ],
          [
            121.543305,
            25.165695
          ],
          [
            121.543212,
            25.165787
          ],
          [
            121.543094,
            25.16586
          ],
          [
            121.542984,
            25.165901
          ],
          [
            121.54275,
            25.165961
          ],
          [
            121.542476,
            25.166021
          ],
          [
            121.542042,
            25.166139
          ],
          [
            121.54169,
            25.166258
          ],
          [
            121.541657,
            25.166275
          ],
          [
            121.541432,
            25.166387
          ],
          [
            121.540943,
            25.166658
          ],
          [
            121.540634,
            25.166889
          ],
          [
            121.540484,
            25.167063
          ],
          [
            121.540287,
            25.167255
          ],
          [
            121.540253,
            25.167294
          ],
          [
            121.540162,
            25.167399
          ],
          [
            121.540094,
            25.167482
          ],
          [
            121.539958,
            25.167601
          ],
          [
            121.539868,
            25.16766
          ],
          [
            121.539621,
            25.167776
          ],
          [
            121.539526,
            25.167867
          ],
          [
            121.539445,
            25.16799
          ],
          [
            121.539363,
            25.168057
          ],
          [
            121.539251,
            25.16812
          ],
          [
            121.539006,
            25.16816
          ],
          [
            121.538871,
            25.16822
          ],
          [
            121.538821,
            25.168257
          ],
          [
            121.538738,
            25.16832
          ],
          [
            121.538656,
            25.168414
          ],
          [
            121.538644,
            25.168471
          ],
          [
            121.538658,
            25.168547
          ],
          [
            121.538715,
            25.1689
          ],
          [
            121.538712,
            25.169004
          ],
          [
            121.538663,
            25.169328
          ],
          [
            121.538643,
            25.169674
          ],
          [
            121.538562,
            25.169959
          ],
          [
            121.538545,
            25.170086
          ],
          [
            121.53853,
            25.170303
          ],
          [
            121.538523,
            25.170412
          ],
          [
            121.538599,
            25.170518
          ],
          [
            121.538641,
            25.170562
          ],
          [
            121.538688,
            25.170624
          ],
          [
            121.538707,
            25.170695
          ],
          [
            121.538671,
            25.17081
          ],
          [
            121.538613,
            25.170934
          ],
          [
            121.538591,
            25.171036
          ],
          [
            121.53855,
            25.171256
          ],
          [
            121.538517,
            25.17136
          ],
          [
            121.538459,
            25.171452
          ],
          [
            121.538421,
            25.171507
          ],
          [
            121.538402,
            25.171594
          ],
          [
            121.538408,
            25.171703
          ],
          [
            121.538425,
            25.171816
          ],
          [
            121.538492,
            25.171898
          ],
          [
            121.538597,
            25.172033
          ],
          [
            121.538668,
            25.172112
          ],
          [
            121.538715,
            25.172203
          ],
          [
            121.538721,
            25.172225
          ],
          [
            121.538727,
            25.172303
          ],
          [
            121.538705,
            25.17234
          ],
          [
            121.53865,
            25.172392
          ],
          [
            121.538528,
            25.172483
          ],
          [
            121.538492,
            25.172549
          ],
          [
            121.538497,
            25.172634
          ],
          [
            121.538555,
            25.172703
          ],
          [
            121.538612,
            25.173087
          ],
          [
            121.538499,
            25.173367
          ],
          [
            121.538387,
            25.173887
          ],
          [
            121.538362,
            25.174173
          ],
          [
            121.538347,
            25.17437
          ],
          [
            121.538354,
            25.174493
          ],
          [
            121.538477,
            25.174708
          ],
          [
            121.538598,
            25.174918
          ],
          [
            121.538634,
            25.175049
          ],
          [
            121.538698,
            25.175254
          ],
          [
            121.538732,
            25.175359
          ],
          [
            121.538767,
            25.17544
          ],
          [
            121.538776,
            25.175569
          ],
          [
            121.538779,
            25.175703
          ],
          [
            121.538759,
            25.17588
          ],
          [
            121.538781,
            25.176064
          ],
          [
            121.53883,
            25.176133
          ],
          [
            121.538963,
            25.176214
          ],
          [
            121.539064,
            25.176256
          ],
          [
            121.539266,
            25.176318
          ],
          [
            121.539325,
            25.176337
          ],
          [
            121.539368,
            25.17635
          ],
          [
            121.539554,
            25.176407
          ],
          [
            121.539757,
            25.176455
          ],
          [
            121.539979,
            25.176509
          ],
          [
            121.540321,
            25.176588
          ],
          [
            121.540481,
            25.176618
          ],
          [
            121.540592,
            25.176642
          ],
          [
            121.540718,
            25.176706
          ],
          [
            121.540825,
            25.176792
          ],
          [
            121.540932,
            25.176848
          ],
          [
            121.541062,
            25.176884
          ],
          [
            121.541153,
            25.176859
          ],
          [
            121.541248,
            25.176829
          ],
          [
            121.541386,
            25.176811
          ],
          [
            121.541512,
            25.176824
          ],
          [
            121.541757,
            25.176837
          ],
          [
            121.541811,
            25.176744
          ],
          [
            121.541929,
            25.176658
          ],
          [
            121.54205,
            25.176596
          ],
          [
            121.542105,
            25.176577
          ],
          [
            121.542188,
            25.176518
          ],
          [
            121.542291,
            25.176462
          ],
          [
            121.542331,
            25.176451
          ],
          [
            121.542425,
            25.176419
          ],
          [
            121.542477,
            25.176399
          ],
          [
            121.542485,
            25.176375
          ],
          [
            121.542449,
            25.176369
          ],
          [
            121.542331,
            25.176385
          ],
          [
            121.542208,
            25.176391
          ],
          [
            121.542067,
            25.176382
          ],
          [
            121.541943,
            25.176337
          ],
          [
            121.541878,
            25.176286
          ],
          [
            121.541843,
            25.176229
          ],
          [
            121.541843,
            25.176159
          ],
          [
            121.541883,
            25.176014
          ],
          [
            121.54187,
            25.175958
          ],
          [
            121.541813,
            25.175887
          ],
          [
            121.541719,
            25.175804
          ],
          [
            121.541626,
            25.175706
          ],
          [
            121.541624,
            25.175682
          ],
          [
            121.541619,
            25.175617
          ],
          [
            121.541513,
            25.175512
          ],
          [
            121.541124,
            25.175092
          ],
          [
            121.540732,
            25.174635
          ],
          [
            121.540667,
            25.174565
          ],
          [
            121.540637,
            25.174508
          ],
          [
            121.540625,
            25.174461
          ],
          [
            121.540612,
            25.174418
          ],
          [
            121.540607,
            25.174375
          ],
          [
            121.540601,
            25.174233
          ],
          [
            121.54062,
            25.173887
          ],
          [
            121.540648,
            25.173639
          ],
          [
            121.54065,
            25.173452
          ],
          [
            121.540645,
            25.173374
          ],
          [
            121.54062,
            25.173271
          ],
          [
            121.540584,
            25.173173
          ],
          [
            121.540563,
            25.173111
          ],
          [
            121.54041,
            25.172749
          ],
          [
            121.540386,
            25.172632
          ],
          [
            121.540384,
            25.172528
          ],
          [
            121.540395,
            25.172423
          ],
          [
            121.540431,
            25.172197
          ],
          [
            121.540505,
            25.171771
          ],
          [
            121.540552,
            25.171464
          ],
          [
            121.540588,
            25.171028
          ],
          [
            121.540624,
            25.170382
          ],
          [
            121.540634,
            25.170257
          ],
          [
            121.540655,
            25.169914
          ],
          [
            121.540739,
            25.169584
          ],
          [
            121.540769,
            25.169449
          ],
          [
            121.540792,
            25.169236
          ],
          [
            121.540752,
            25.169131
          ],
          [
            121.540656,
            25.169023
          ],
          [
            121.540427,
            25.168815
          ],
          [
            121.540428,
            25.16886
          ],
          [
            121.540427,
            25.168815
          ],
          [
            121.540289,
            25.168553
          ],
          [
            121.540239,
            25.168447
          ],
          [
            121.540218,
            25.168402
          ],
          [
            121.5402,
            25.168341
          ],
          [
            121.540148,
            25.168039
          ],
          [
            121.540109,
            25.167635
          ],
          [
            121.540094,
            25.167482
          ],
          [
            121.539958,
            25.167601
          ],
          [
            121.539868,
            25.16766
          ],
          [
            121.539621,
            25.167776
          ],
          [
            121.539526,
            25.167867
          ],
          [
            121.539445,
            25.16799
          ],
          [
            121.539363,
            25.168057
          ],
          [
            121.539251,
            25.16812
          ],
          [
            121.539006,
            25.16816
          ],
          [
            121.538871,
            25.16822
          ],
          [
            121.538821,
            25.168257
          ],
          [
            121.538738,
            25.16832
          ],
          [
            121.538656,
            25.168414
          ],
          [
            121.538644,
            25.168471
          ],
          [
            121.538658,
            25.168547
          ],
          [
            121.538715,
            25.1689
          ],
          [
            121.538712,
            25.169004
          ],
          [
            121.538663,
            25.169328
          ],
          [
            121.538643,
            25.169674
          ],
          [
            121.538562,
            25.169959
          ],
          [
            121.538545,
            25.170086
          ],
          [
            121.53853,
            25.170303
          ],
          [
            121.538523,
            25.170412
          ],
          [
            121.538579,
            25.17049
          ],
          [
            121.538599,
            25.170518
          ],
          [
            121.538641,
            25.170562
          ],
          [
            121.538688,
            25.170624
          ],
          [
            121.538707,
            25.170695
          ],
          [
            121.538686,
            25.170761
          ],
          [
            121.538707,
            25.170695
          ],
          [
            121.538688,
            25.170624
          ],
          [
            121.538641,
            25.170562
          ],
          [
            121.538599,
            25.170518
          ],
          [
            121.538523,
            25.170412
          ],
          [
            121.53853,
            25.170303
          ],
          [
            121.538545,
            25.170086
          ],
          [
            121.538562,
            25.169959
          ],
          [
            121.538643,
            25.169674
          ],
          [
            121.538663,
            25.169328
          ],
          [
            121.538712,
            25.169004
          ],
          [
            121.538715,
            25.1689
          ],
          [
            121.538658,
            25.168547
          ],
          [
            121.538644,
            25.168471
          ],
          [
            121.538656,
            25.168414
          ],
          [
            121.538738,
            25.16832
          ],
          [
            121.538821,
            25.168257
          ],
          [
            121.538871,
            25.16822
          ],
          [
            121.539006,
            25.16816
          ],
          [
            121.539251,
            25.16812
          ],
          [
            121.539363,
            25.168057
          ],
          [
            121.539445,
            25.16799
          ],
          [
            121.539526,
            25.167867
          ],
          [
            121.539621,
            25.167776
          ],
          [
            121.539868,
            25.16766
          ],
          [
            121.539958,
            25.167601
          ],
          [
            121.540094,
            25.167482
          ],
          [
            121.540109,
            25.167635
          ],
          [
            121.540148,
            25.168039
          ],
          [
            121.5402,
            25.168341
          ],
          [
            121.540218,
            25.168402
          ],
          [
            121.540289,
            25.168553
          ],
          [
            121.540427,
            25.168815
          ],
          [
            121.540656,
            25.169023
          ],
          [
            121.540752,
            25.169131
          ],
          [
            121.540792,
            25.169236
          ],
          [
            121.540769,
            25.169449
          ],
          [
            121.540739,
            25.169584
          ],
          [
            121.540655,
            25.169914
          ],
          [
            121.540634,
            25.170257
          ],
          [
            121.540624,
            25.170382
          ],
          [
            121.540588,
            25.171028
          ],
          [
            121.540552,
            25.171464
          ],
          [
            121.540505,
            25.171771
          ],
          [
            121.540431,
            25.172197
          ],
          [
            121.540395,
            25.172423
          ],
          [
            121.540384,
            25.172528
          ],
          [
            121.540386,
            25.172632
          ],
          [
            121.54041,
            25.172749
          ],
          [
            121.540563,
            25.173111
          ],
          [
            121.540584,
            25.173173
          ],
          [
            121.54062,
            25.173271
          ],
          [
            121.540645,
            25.173374
          ],
          [
            121.54065,
            25.173452
          ],
          [
            121.540648,
            25.173639
          ],
          [
            121.54062,
            25.173887
          ],
          [
            121.540601,
            25.174233
          ],
          [
            121.540607,
            25.174375
          ],
          [
            121.540612,
            25.174418
          ],
          [
            121.540625,
            25.174461
          ],
          [
            121.540637,
            25.174508
          ],
          [
            121.540667,
            25.174565
          ],
          [
            121.540732,
            25.174635
          ],
          [
            121.541124,
            25.175092
          ],
          [
            121.541513,
            25.175512
          ],
          [
            121.541619,
            25.175617
          ],
          [
            121.541787,
            25.175761
          ],
          [
            121.541938,
            25.175839
          ],
          [
            121.542048,
            25.175871
          ],
          [
            121.542225,
            25.175889
          ],
          [
            121.542297,
            25.175883
          ],
          [
            121.542376,
            25.175861
          ],
          [
            121.542557,
            25.175771
          ],
          [
            121.542744,
            25.175686
          ],
          [
            121.542943,
            25.175628
          ],
          [
            121.543181,
            25.175615
          ],
          [
            121.543475,
            25.17561
          ],
          [
            121.543825,
            25.175636
          ],
          [
            121.543919,
            25.175672
          ],
          [
            121.544032,
            25.175731
          ],
          [
            121.544153,
            25.175818
          ],
          [
            121.544244,
            25.175901
          ],
          [
            121.544296,
            25.17597
          ],
          [
            121.544341,
            25.176049
          ],
          [
            121.544375,
            25.176146
          ],
          [
            121.544397,
            25.176251
          ],
          [
            121.544401,
            25.176368
          ],
          [
            121.544374,
            25.176547
          ],
          [
            121.544351,
            25.176607
          ],
          [
            121.544308,
            25.176713
          ],
          [
            121.544271,
            25.176784
          ],
          [
            121.544247,
            25.176865
          ],
          [
            121.544214,
            25.177084
          ],
          [
            121.544231,
            25.177207
          ],
          [
            121.544264,
            25.177317
          ],
          [
            121.544342,
            25.177435
          ],
          [
            121.544871,
            25.178112
          ],
          [
            121.54494,
            25.17821
          ],
          [
            121.545027,
            25.17832
          ],
          [
            121.545076,
            25.178441
          ],
          [
            121.545076,
            25.178569
          ],
          [
            121.545046,
            25.178675
          ],
          [
            121.544998,
            25.178756
          ],
          [
            121.544917,
            25.178824
          ],
          [
            121.544833,
            25.178847
          ],
          [
            121.544589,
            25.178831
          ],
          [
            121.544471,
            25.178841
          ],
          [
            121.544383,
            25.178877
          ],
          [
            121.544262,
            25.179001
          ],
          [
            121.54414,
            25.179191
          ],
          [
            121.544111,
            25.179252
          ],
          [
            121.544075,
            25.179293
          ],
          [
            121.544016,
            25.179334
          ],
          [
            121.543758,
            25.179423
          ],
          [
            121.543423,
            25.179516
          ],
          [
            121.543061,
            25.17962
          ],
          [
            121.542817,
            25.17969
          ],
          [
            121.542702,
            25.179727
          ],
          [
            121.542595,
            25.179782
          ],
          [
            121.542567,
            25.179836
          ],
          [
            121.542556,
            25.179892
          ],
          [
            121.54256,
            25.179929
          ],
          [
            121.542579,
            25.179961
          ],
          [
            121.542638,
            25.180005
          ],
          [
            121.542761,
            25.180008
          ],
          [
            121.543161,
            25.179887
          ],
          [
            121.543431,
            25.179804
          ],
          [
            121.543657,
            25.179729
          ],
          [
            121.543846,
            25.179707
          ],
          [
            121.544103,
            25.179684
          ],
          [
            121.544487,
            25.179654
          ],
          [
            121.544577,
            25.179664
          ],
          [
            121.54465,
            25.179695
          ],
          [
            121.544761,
            25.179795
          ],
          [
            121.544882,
            25.179958
          ],
          [
            121.545017,
            25.180132
          ],
          [
            121.545115,
            25.180252
          ],
          [
            121.545195,
            25.180295
          ],
          [
            121.545276,
            25.180315
          ],
          [
            121.545388,
            25.180308
          ],
          [
            121.54549,
            25.180268
          ],
          [
            121.545613,
            25.180186
          ],
          [
            121.545782,
            25.180047
          ],
          [
            121.545955,
            25.179967
          ],
          [
            121.546056,
            25.17993
          ],
          [
            121.54619,
            25.179929
          ],
          [
            121.546323,
            25.179965
          ],
          [
            121.546509,
            25.180045
          ],
          [
            121.546703,
            25.180134
          ],
          [
            121.547094,
            25.180309
          ],
          [
            121.547419,
            25.180433
          ],
          [
            121.5478,
            25.180501
          ],
          [
            121.548011,
            25.180543
          ],
          [
            121.548517,
            25.180677
          ],
          [
            121.548616,
            25.180694
          ],
          [
            121.548704,
            25.180701
          ],
          [
            121.54881,
            25.180705
          ],
          [
            121.548939,
            25.180685
          ],
          [
            121.549122,
            25.180589
          ],
          [
            121.549365,
            25.180485
          ],
          [
            121.549455,
            25.180459
          ],
          [
            121.549534,
            25.180463
          ],
          [
            121.549619,
            25.180466
          ],
          [
            121.549722,
            25.180544
          ],
          [
            121.549771,
            25.180627
          ],
          [
            121.549822,
            25.1807
          ],
          [
            121.549902,
            25.180768
          ],
          [
            121.550009,
            25.180817
          ],
          [
            121.550124,
            25.180813
          ],
          [
            121.550228,
            25.180775
          ],
          [
            121.550304,
            25.180705
          ],
          [
            121.550367,
            25.180635
          ],
          [
            121.550494,
            25.180445
          ],
          [
            121.550575,
            25.180285
          ],
          [
            121.550664,
            25.180167
          ],
          [
            121.550764,
            25.180081
          ],
          [
            121.550901,
            25.179994
          ],
          [
            121.551018,
            25.17995
          ],
          [
            121.551162,
            25.17993
          ],
          [
            121.551408,
            25.17992
          ],
          [
            121.551678,
            25.179924
          ],
          [
            121.551753,
            25.179926
          ],
          [
            121.551797,
            25.179939
          ],
          [
            121.551868,
            25.179989
          ],
          [
            121.5525,
            25.180247
          ],
          [
            121.552951,
            25.180389
          ],
          [
            121.553252,
            25.180399
          ],
          [
            121.553877,
            25.180245
          ],
          [
            121.554369,
            25.1801
          ],
          [
            121.554897,
            25.179919
          ],
          [
            121.555048,
            25.179854
          ],
          [
            121.555256,
            25.179698
          ],
          [
            121.55553,
            25.179386
          ],
          [
            121.555727,
            25.179243
          ],
          [
            121.556185,
            25.179092
          ],
          [
            121.556448,
            25.178986
          ],
          [
            121.556552,
            25.178928
          ],
          [
            121.556669,
            25.178805
          ],
          [
            121.556805,
            25.178568
          ],
          [
            121.556863,
            25.178436
          ],
          [
            121.556895,
            25.17831
          ],
          [
            121.556879,
            25.178094
          ],
          [
            121.556853,
            25.177938
          ],
          [
            121.55683,
            25.177814
          ],
          [
            121.556871,
            25.177749
          ],
          [
            121.556915,
            25.177644
          ],
          [
            121.556952,
            25.177616
          ],
          [
            121.557,
            25.177592
          ],
          [
            121.557042,
            25.17757
          ],
          [
            121.557047,
            25.177569
          ],
          [
            121.557042,
            25.17757
          ],
          [
            121.557,
            25.177592
          ],
          [
            121.556952,
            25.177616
          ],
          [
            121.556915,
            25.177644
          ],
          [
            121.556871,
            25.177749
          ],
          [
            121.55683,
            25.177814
          ],
          [
            121.556853,
            25.177938
          ],
          [
            121.556879,
            25.178094
          ],
          [
            121.556895,
            25.17831
          ],
          [
            121.556863,
            25.178436
          ],
          [
            121.556805,
            25.178568
          ],
          [
            121.556669,
            25.178805
          ],
          [
            121.556552,
            25.178928
          ],
          [
            121.556448,
            25.178986
          ],
          [
            121.556185,
            25.179092
          ],
          [
            121.555727,
            25.179243
          ],
          [
            121.55553,
            25.179386
          ],
          [
            121.555256,
            25.179698
          ],
          [
            121.555048,
            25.179854
          ],
          [
            121.554897,
            25.179919
          ],
          [
            121.554369,
            25.1801
          ],
          [
            121.553877,
            25.180245
          ],
          [
            121.553252,
            25.180399
          ],
          [
            121.552951,
            25.180389
          ],
          [
            121.5525,
            25.180247
          ],
          [
            121.551868,
            25.179989
          ],
          [
            121.551797,
            25.179939
          ],
          [
            121.551753,
            25.179926
          ],
          [
            121.551678,
            25.179924
          ],
          [
            121.551408,
            25.17992
          ],
          [
            121.551162,
            25.17993
          ],
          [
            121.551018,
            25.17995
          ],
          [
            121.550901,
            25.179994
          ],
          [
            121.550764,
            25.180081
          ],
          [
            121.550664,
            25.180167
          ],
          [
            121.550575,
            25.180285
          ],
          [
            121.550494,
            25.180445
          ],
          [
            121.550367,
            25.180635
          ],
          [
            121.550304,
            25.180705
          ],
          [
            121.550228,
            25.180775
          ],
          [
            121.550124,
            25.180813
          ],
          [
            121.550009,
            25.180817
          ],
          [
            121.549902,
            25.180768
          ],
          [
            121.549822,
            25.1807
          ],
          [
            121.549771,
            25.180627
          ],
          [
            121.549722,
            25.180544
          ],
          [
            121.549619,
            25.180466
          ],
          [
            121.549534,
            25.180463
          ],
          [
            121.549455,
            25.180459
          ],
          [
            121.549365,
            25.180485
          ],
          [
            121.549122,
            25.180589
          ],
          [
            121.548939,
            25.180685
          ],
          [
            121.54881,
            25.180705
          ],
          [
            121.548704,
            25.180701
          ],
          [
            121.548616,
            25.180694
          ],
          [
            121.548517,
            25.180677
          ],
          [
            121.548011,
            25.180543
          ],
          [
            121.5478,
            25.180501
          ],
          [
            121.547419,
            25.180433
          ],
          [
            121.547094,
            25.180309
          ],
          [
            121.546703,
            25.180134
          ],
          [
            121.546509,
            25.180045
          ],
          [
            121.546323,
            25.179965
          ],
          [
            121.54619,
            25.179929
          ],
          [
            121.546056,
            25.17993
          ],
          [
            121.545955,
            25.179967
          ],
          [
            121.545782,
            25.180047
          ],
          [
            121.545613,
            25.180186
          ],
          [
            121.54549,
            25.180268
          ],
          [
            121.545388,
            25.180308
          ],
          [
            121.545276,
            25.180315
          ],
          [
            121.545195,
            25.180295
          ],
          [
            121.545115,
            25.180252
          ],
          [
            121.545017,
            25.180132
          ],
          [
            121.544882,
            25.179958
          ],
          [
            121.544761,
            25.179795
          ],
          [
            121.54465,
            25.179695
          ],
          [
            121.544577,
            25.179664
          ],
          [
            121.544487,
            25.179654
          ],
          [
            121.544103,
            25.179684
          ],
          [
            121.543846,
            25.179707
          ],
          [
            121.543657,
            25.179729
          ],
          [
            121.543431,
            25.179804
          ],
          [
            121.543161,
            25.179887
          ],
          [
            121.542761,
            25.180008
          ],
          [
            121.542638,
            25.180005
          ],
          [
            121.542579,
            25.179961
          ],
          [
            121.54256,
            25.179929
          ],
          [
            121.542556,
            25.179892
          ],
          [
            121.542567,
            25.179836
          ],
          [
            121.542595,
            25.179782
          ],
          [
            121.542702,
            25.179727
          ],
          [
            121.542817,
            25.17969
          ],
          [
            121.543061,
            25.17962
          ],
          [
            121.543423,
            25.179516
          ],
          [
            121.543758,
            25.179423
          ],
          [
            121.544016,
            25.179334
          ],
          [
            121.544075,
            25.179293
          ],
          [
            121.544111,
            25.179252
          ],
          [
            121.54414,
            25.179191
          ],
          [
            121.544262,
            25.179001
          ],
          [
            121.544383,
            25.178877
          ],
          [
            121.544471,
            25.178841
          ],
          [
            121.544589,
            25.178831
          ],
          [
            121.544833,
            25.178847
          ],
          [
            121.544917,
            25.178824
          ],
          [
            121.544998,
            25.178756
          ],
          [
            121.545046,
            25.178675
          ],
          [
            121.545076,
            25.178569
          ],
          [
            121.545076,
            25.178441
          ],
          [
            121.545027,
            25.17832
          ],
          [
            121.54494,
            25.17821
          ],
          [
            121.544871,
            25.178112
          ],
          [
            121.544342,
            25.177435
          ],
          [
            121.544264,
            25.177317
          ],
          [
            121.544231,
            25.177207
          ],
          [
            121.544214,
            25.177084
          ],
          [
            121.544247,
            25.176865
          ],
          [
            121.544271,
            25.176784
          ],
          [
            121.544308,
            25.176713
          ],
          [
            121.544351,
            25.176607
          ],
          [
            121.544374,
            25.176547
          ],
          [
            121.544401,
            25.176368
          ],
          [
            121.544397,
            25.176251
          ],
          [
            121.544375,
            25.176146
          ],
          [
            121.544341,
            25.176049
          ],
          [
            121.544296,
            25.17597
          ],
          [
            121.544244,
            25.175901
          ],
          [
            121.544153,
            25.175818
          ],
          [
            121.544032,
            25.175731
          ],
          [
            121.543919,
            25.175672
          ],
          [
            121.543825,
            25.175636
          ],
          [
            121.543475,
            25.17561
          ],
          [
            121.543181,
            25.175615
          ],
          [
            121.542943,
            25.175628
          ],
          [
            121.542744,
            25.175686
          ],
          [
            121.542557,
            25.175771
          ],
          [
            121.542376,
            25.175861
          ],
          [
            121.542297,
            25.175883
          ],
          [
            121.542225,
            25.175889
          ],
          [
            121.542048,
            25.175871
          ],
          [
            121.541938,
            25.175839
          ],
          [
            121.541787,
            25.175761
          ],
          [
            121.541619,
            25.175617
          ],
          [
            121.541513,
            25.175512
          ],
          [
            121.541124,
            25.175092
          ],
          [
            121.540732,
            25.174635
          ],
          [
            121.540667,
            25.174565
          ],
          [
            121.540637,
            25.174508
          ],
          [
            121.540625,
            25.174461
          ],
          [
            121.540612,
            25.174418
          ],
          [
            121.540607,
            25.174375
          ],
          [
            121.540601,
            25.174233
          ],
          [
            121.54062,
            25.173887
          ],
          [
            121.540648,
            25.173639
          ],
          [
            121.54065,
            25.173452
          ],
          [
            121.540645,
            25.173374
          ],
          [
            121.54062,
            25.173271
          ],
          [
            121.540584,
            25.173173
          ],
          [
            121.540563,
            25.173111
          ],
          [
            121.54041,
            25.172749
          ],
          [
            121.540386,
            25.172632
          ],
          [
            121.540384,
            25.172528
          ],
          [
            121.540395,
            25.172423
          ],
          [
            121.540431,
            25.172197
          ],
          [
            121.540505,
            25.171771
          ],
          [
            121.540552,
            25.171464
          ],
          [
            121.540588,
            25.171028
          ],
          [
            121.540624,
            25.170382
          ],
          [
            121.540634,
            25.170257
          ],
          [
            121.540655,
            25.169914
          ],
          [
            121.540739,
            25.169584
          ],
          [
            121.540769,
            25.169449
          ],
          [
            121.540792,
            25.169236
          ],
          [
            121.540752,
            25.169131
          ],
          [
            121.540656,
            25.169023
          ],
          [
            121.540427,
            25.168815
          ],
          [
            121.540289,
            25.168553
          ],
          [
            121.540218,
            25.168402
          ],
          [
            121.5402,
            25.168341
          ],
          [
            121.540148,
            25.168039
          ],
          [
            121.540109,
            25.167635
          ],
          [
            121.540094,
            25.167482
          ],
          [
            121.539958,
            25.167601
          ],
          [
            121.539868,
            25.16766
          ],
          [
            121.539621,
            25.167776
          ],
          [
            121.539526,
            25.167867
          ],
          [
            121.539445,
            25.16799
          ],
          [
            121.539363,
            25.168057
          ],
          [
            121.539251,
            25.16812
          ],
          [
            121.539006,
            25.16816
          ],
          [
            121.538871,
            25.16822
          ],
          [
            121.538821,
            25.168257
          ],
          [
            121.538738,
            25.16832
          ],
          [
            121.538656,
            25.168414
          ],
          [
            121.538644,
            25.168471
          ],
          [
            121.538658,
            25.168547
          ],
          [
            121.538715,
            25.1689
          ],
          [
            121.538712,
            25.169004
          ],
          [
            121.538663,
            25.169328
          ],
          [
            121.538643,
            25.169674
          ],
          [
            121.538562,
            25.169959
          ],
          [
            121.538545,
            25.170086
          ],
          [
            121.53853,
            25.170303
          ],
          [
            121.538523,
            25.170412
          ],
          [
            121.538599,
            25.170518
          ],
          [
            121.538641,
            25.170562
          ],
          [
            121.538688,
            25.170624
          ],
          [
            121.538707,
            25.170695
          ],
          [
            121.538671,
            25.17081
          ],
          [
            121.538613,
            25.170934
          ],
          [
            121.538591,
            25.171036
          ],
          [
            121.53855,
            25.171256
          ],
          [
            121.538517,
            25.17136
          ],
          [
            121.538459,
            25.171452
          ],
          [
            121.538421,
            25.171507
          ],
          [
            121.538402,
            25.171594
          ],
          [
            121.538408,
            25.171703
          ],
          [
            121.538425,
            25.171816
          ],
          [
            121.538492,
            25.171898
          ],
          [
            121.538597,
            25.172033
          ],
          [
            121.538668,
            25.172112
          ],
          [
            121.538715,
            25.172203
          ],
          [
            121.538721,
            25.172225
          ],
          [
            121.538727,
            25.172303
          ],
          [
            121.538705,
            25.17234
          ],
          [
            121.53865,
            25.172392
          ],
          [
            121.538528,
            25.172483
          ],
          [
            121.538492,
            25.172549
          ],
          [
            121.538497,
            25.172634
          ],
          [
            121.538555,
            25.172703
          ],
          [
            121.538612,
            25.173087
          ],
          [
            121.538499,
            25.173367
          ],
          [
            121.538387,
            25.173887
          ],
          [
            121.538378,
            25.173993
          ],
          [
            121.538387,
            25.173887
          ],
          [
            121.538031,
            25.174073
          ],
          [
            121.538005,
            25.174092
          ],
          [
            121.537837,
            25.174215
          ],
          [
            121.537759,
            25.174268
          ],
          [
            121.537606,
            25.174258
          ],
          [
            121.537452,
            25.174236
          ],
          [
            121.53737,
            25.174225
          ],
          [
            121.5373,
            25.174251
          ],
          [
            121.537248,
            25.174292
          ],
          [
            121.537143,
            25.174372
          ],
          [
            121.537005,
            25.174523
          ],
          [
            121.536995,
            25.174649
          ],
          [
            121.537038,
            25.174776
          ],
          [
            121.537093,
            25.174924
          ],
          [
            121.537148,
            25.175112
          ],
          [
            121.537115,
            25.175257
          ],
          [
            121.537137,
            25.175406
          ],
          [
            121.537282,
            25.175664
          ],
          [
            121.53739,
            25.175947
          ],
          [
            121.537375,
            25.176079
          ],
          [
            121.537266,
            25.176224
          ],
          [
            121.53724,
            25.176316
          ],
          [
            121.537207,
            25.17635
          ],
          [
            121.536995,
            25.176565
          ],
          [
            121.536919,
            25.176719
          ],
          [
            121.536923,
            25.176867
          ],
          [
            121.536904,
            25.177093
          ],
          [
            121.536881,
            25.177232
          ],
          [
            121.536838,
            25.17735
          ],
          [
            121.536749,
            25.177493
          ],
          [
            121.536646,
            25.177628
          ],
          [
            121.536601,
            25.177724
          ],
          [
            121.53655,
            25.177831
          ],
          [
            121.536266,
            25.177995
          ],
          [
            121.536,
            25.178056
          ],
          [
            121.535813,
            25.178061
          ],
          [
            121.53542,
            25.178094
          ],
          [
            121.535419,
            25.178094
          ],
          [
            121.535416,
            25.178094
          ],
          [
            121.535287,
            25.178106
          ],
          [
            121.535155,
            25.178029
          ],
          [
            121.535016,
            25.17792
          ],
          [
            121.534837,
            25.177836
          ],
          [
            121.534653,
            25.177797
          ],
          [
            121.534397,
            25.177712
          ],
          [
            121.53406,
            25.177548
          ],
          [
            121.533658,
            25.17747
          ],
          [
            121.533256,
            25.177506
          ],
          [
            121.533098,
            25.17735
          ],
          [
            121.532977,
            25.177233
          ],
          [
            121.532835,
            25.177136
          ],
          [
            121.532673,
            25.177054
          ],
          [
            121.532644,
            25.177003
          ],
          [
            121.532649,
            25.176953
          ],
          [
            121.532664,
            25.176922
          ],
          [
            121.53271,
            25.176888
          ],
          [
            121.532847,
            25.176876
          ],
          [
            121.532962,
            25.176868
          ],
          [
            121.533075,
            25.17688
          ],
          [
            121.533239,
            25.176894
          ],
          [
            121.533324,
            25.176846
          ],
          [
            121.533348,
            25.176777
          ],
          [
            121.533348,
            25.176713
          ],
          [
            121.533322,
            25.176638
          ],
          [
            121.533316,
            25.176626
          ],
          [
            121.533208,
            25.176406
          ],
          [
            121.533122,
            25.176236
          ],
          [
            121.533008,
            25.176079
          ],
          [
            121.533033,
            25.175943
          ],
          [
            121.533082,
            25.175808
          ],
          [
            121.533079,
            25.175648
          ],
          [
            121.533072,
            25.175619
          ],
          [
            121.533032,
            25.175531
          ],
          [
            121.53301,
            25.175452
          ],
          [
            121.533019,
            25.175288
          ],
          [
            121.533072,
            25.175079
          ],
          [
            121.533095,
            25.174911
          ],
          [
            121.533096,
            25.174738
          ],
          [
            121.533081,
            25.174648
          ],
          [
            121.53303,
            25.174402
          ],
          [
            121.533033,
            25.1741
          ],
          [
            121.533044,
            25.17393
          ],
          [
            121.533059,
            25.173697
          ],
          [
            121.533075,
            25.173598
          ],
          [
            121.53314,
            25.173193
          ],
          [
            121.533167,
            25.172983
          ],
          [
            121.5332,
            25.172787
          ],
          [
            121.533254,
            25.172692
          ],
          [
            121.5333,
            25.172634
          ],
          [
            121.533309,
            25.172621
          ],
          [
            121.533364,
            25.172542
          ],
          [
            121.533403,
            25.172486
          ],
          [
            121.533511,
            25.172397
          ],
          [
            121.533856,
            25.172056
          ],
          [
            121.53391,
            25.172098
          ],
          [
            121.533972,
            25.172155
          ],
          [
            121.534004,
            25.172209
          ],
          [
            121.534026,
            25.172415
          ],
          [
            121.534077,
            25.17254
          ],
          [
            121.53414,
            25.172612
          ],
          [
            121.534221,
            25.172621
          ],
          [
            121.534316,
            25.172577
          ],
          [
            121.534379,
            25.172555
          ],
          [
            121.534468,
            25.172495
          ],
          [
            121.53451,
            25.172447
          ],
          [
            121.534546,
            25.172388
          ],
          [
            121.53453,
            25.172234
          ],
          [
            121.53453,
            25.172099
          ],
          [
            121.534529,
            25.171956
          ],
          [
            121.534565,
            25.171834
          ],
          [
            121.534682,
            25.17161
          ],
          [
            121.534693,
            25.171486
          ],
          [
            121.534702,
            25.171338
          ],
          [
            121.5347,
            25.171189
          ],
          [
            121.534749,
            25.171023
          ],
          [
            121.53481,
            25.170846
          ],
          [
            121.534909,
            25.170505
          ],
          [
            121.534924,
            25.170321
          ],
          [
            121.534882,
            25.170149
          ],
          [
            121.534892,
            25.170062
          ],
          [
            121.534995,
            25.169843
          ],
          [
            121.53513,
            25.169521
          ],
          [
            121.535352,
            25.169286
          ],
          [
            121.535528,
            25.169119
          ],
          [
            121.535776,
            25.168952
          ],
          [
            121.535886,
            25.168909
          ],
          [
            121.536019,
            25.168908
          ],
          [
            121.536161,
            25.168974
          ],
          [
            121.536302,
            25.169001
          ],
          [
            121.536559,
            25.169052
          ],
          [
            121.536589,
            25.169063
          ],
          [
            121.536654,
            25.169088
          ],
          [
            121.536771,
            25.169164
          ],
          [
            121.536909,
            25.169293
          ],
          [
            121.537062,
            25.169389
          ],
          [
            121.537202,
            25.169474
          ],
          [
            121.537375,
            25.169648
          ],
          [
            121.537556,
            25.169786
          ],
          [
            121.53774,
            25.169917
          ],
          [
            121.537888,
            25.170134
          ],
          [
            121.537987,
            25.170256
          ],
          [
            121.538134,
            25.170345
          ],
          [
            121.538271,
            25.170404
          ],
          [
            121.538523,
            25.170412
          ],
          [
            121.53853,
            25.170303
          ],
          [
            121.538545,
            25.170086
          ],
          [
            121.538562,
            25.169959
          ],
          [
            121.538643,
            25.169674
          ],
          [
            121.538663,
            25.169328
          ],
          [
            121.538712,
            25.169004
          ],
          [
            121.538715,
            25.1689
          ],
          [
            121.538658,
            25.168547
          ],
          [
            121.538644,
            25.168471
          ],
          [
            121.538656,
            25.168414
          ],
          [
            121.538738,
            25.16832
          ],
          [
            121.538821,
            25.168257
          ],
          [
            121.538871,
            25.16822
          ],
          [
            121.538859,
            25.168196
          ],
          [
            121.538819,
            25.16816
          ],
          [
            121.538756,
            25.168168
          ],
          [
            121.538739,
            25.168082
          ],
          [
            121.538706,
            25.16796
          ],
          [
            121.53867,
            25.167756
          ],
          [
            121.538708,
            25.167688
          ],
          [
            121.538785,
            25.16731
          ],
          [
            121.538789,
            25.16724
          ],
          [
            121.538768,
            25.167124
          ],
          [
            121.538681,
            25.166972
          ],
          [
            121.538566,
            25.166886
          ],
          [
            121.538492,
            25.166816
          ],
          [
            121.538386,
            25.166799
          ],
          [
            121.538335,
            25.166817
          ],
          [
            121.538386,
            25.166799
          ],
          [
            121.538492,
            25.166816
          ],
          [
            121.538566,
            25.166886
          ],
          [
            121.538681,
            25.166972
          ],
          [
            121.538768,
            25.167124
          ],
          [
            121.538789,
            25.16724
          ],
          [
            121.538785,
            25.16731
          ],
          [
            121.538708,
            25.167688
          ],
          [
            121.53867,
            25.167756
          ],
          [
            121.538706,
            25.16796
          ],
          [
            121.538739,
            25.168082
          ],
          [
            121.538756,
            25.168168
          ],
          [
            121.538819,
            25.16816
          ],
          [
            121.538859,
            25.168196
          ],
          [
            121.538871,
            25.16822
          ],
          [
            121.539006,
            25.16816
          ],
          [
            121.539251,
            25.16812
          ],
          [
            121.539363,
            25.168057
          ],
          [
            121.539445,
            25.16799
          ],
          [
            121.539526,
            25.167867
          ],
          [
            121.539621,
            25.167776
          ],
          [
            121.539868,
            25.16766
          ],
          [
            121.539958,
            25.167601
          ],
          [
            121.540094,
            25.167482
          ],
          [
            121.540162,
            25.167399
          ],
          [
            121.540253,
            25.167294
          ],
          [
            121.540287,
            25.167255
          ],
          [
            121.540484,
            25.167063
          ],
          [
            121.540634,
            25.166889
          ],
          [
            121.540943,
            25.166658
          ],
          [
            121.541432,
            25.166387
          ],
          [
            121.541657,
            25.166275
          ],
          [
            121.54169,
            25.166258
          ],
          [
            121.542042,
            25.166139
          ],
          [
            121.542476,
            25.166021
          ],
          [
            121.54275,
            25.165961
          ],
          [
            121.542984,
            25.165901
          ],
          [
            121.543094,
            25.16586
          ],
          [
            121.543212,
            25.165787
          ],
          [
            121.543305,
            25.165695
          ],
          [
            121.543409,
            25.165535
          ],
          [
            121.543668,
            25.165115
          ],
          [
            121.54382,
            25.164785
          ],
          [
            121.543955,
            25.164586
          ],
          [
            121.544145,
            25.164338
          ],
          [
            121.544211,
            25.164246
          ],
          [
            121.544235,
            25.164139
          ],
          [
            121.544275,
            25.164005
          ],
          [
            121.544302,
            25.163793
          ],
          [
            121.544358,
            25.163712
          ],
          [
            121.544453,
            25.163651
          ],
          [
            121.544582,
            25.163571
          ],
          [
            121.544648,
            25.16352
          ],
          [
            121.544738,
            25.163408
          ],
          [
            121.544766,
            25.163304
          ],
          [
            121.544792,
            25.163198
          ],
          [
            121.54477,
            25.163031
          ],
          [
            121.544688,
            25.162878
          ],
          [
            121.544597,
            25.162765
          ],
          [
            121.544487,
            25.162653
          ],
          [
            121.54439,
            25.16257
          ],
          [
            121.54418,
            25.162415
          ],
          [
            121.544089,
            25.162315
          ],
          [
            121.544033,
            25.162217
          ],
          [
            121.544001,
            25.162116
          ],
          [
            121.544018,
            25.162032
          ],
          [
            121.544149,
            25.161849
          ],
          [
            121.544272,
            25.1617
          ],
          [
            121.544283,
            25.161538
          ],
          [
            121.54428,
            25.160996
          ],
          [
            121.544276,
            25.160865
          ],
          [
            121.544356,
            25.160786
          ],
          [
            121.544467,
            25.160735
          ],
          [
            121.544662,
            25.16071
          ],
          [
            121.544774,
            25.160694
          ],
          [
            121.544886,
            25.160672
          ],
          [
            121.5452,
            25.160622
          ],
          [
            121.545335,
            25.160593
          ],
          [
            121.545472,
            25.160544
          ],
          [
            121.545597,
            25.16047
          ],
          [
            121.545631,
            25.160428
          ],
          [
            121.545737,
            25.160256
          ],
          [
            121.545869,
            25.160033
          ],
          [
            121.545987,
            25.159861
          ],
          [
            121.546109,
            25.159681
          ],
          [
            121.546256,
            25.159403
          ],
          [
            121.546341,
            25.159288
          ],
          [
            121.546459,
            25.159184
          ],
          [
            121.546576,
            25.159066
          ],
          [
            121.546634,
            25.158913
          ],
          [
            121.546662,
            25.158826
          ],
          [
            121.546801,
            25.158228
          ],
          [
            121.54681,
            25.158191
          ],
          [
            121.546843,
            25.157975
          ],
          [
            121.546819,
            25.157591
          ],
          [
            121.546788,
            25.157414
          ],
          [
            121.546729,
            25.157248
          ],
          [
            121.546609,
            25.156991
          ],
          [
            121.546461,
            25.156704
          ],
          [
            121.546416,
            25.156621
          ],
          [
            121.546037,
            25.15591
          ],
          [
            121.545965,
            25.155763
          ],
          [
            121.545926,
            25.15565
          ],
          [
            121.545914,
            25.155572
          ],
          [
            121.545928,
            25.155456
          ],
          [
            121.546108,
            25.155257
          ],
          [
            121.546178,
            25.155192
          ],
          [
            121.546393,
            25.154981
          ],
          [
            121.546466,
            25.154894
          ],
          [
            121.546558,
            25.154844
          ],
          [
            121.546681,
            25.154852
          ],
          [
            121.547119,
            25.15496
          ],
          [
            121.547249,
            25.154978
          ],
          [
            121.547365,
            25.154964
          ],
          [
            121.547466,
            25.154913
          ],
          [
            121.54756,
            25.154811
          ],
          [
            121.547865,
            25.154392
          ],
          [
            121.5479,
            25.154221
          ],
          [
            121.547845,
            25.154131
          ],
          [
            121.547725,
            25.154064
          ],
          [
            121.547277,
            25.154004
          ],
          [
            121.547122,
            25.153936
          ],
          [
            121.546915,
            25.153745
          ],
          [
            121.546678,
            25.153611
          ],
          [
            121.545675,
            25.153122
          ],
          [
            121.544795,
            25.152865
          ],
          [
            121.544444,
            25.152834
          ],
          [
            121.544266,
            25.152851
          ],
          [
            121.543914,
            25.152892
          ],
          [
            121.543734,
            25.152838
          ],
          [
            121.543648,
            25.152724
          ],
          [
            121.54365,
            25.152608
          ],
          [
            121.543698,
            25.152516
          ],
          [
            121.543798,
            25.152433
          ],
          [
            121.543983,
            25.152367
          ],
          [
            121.544414,
            25.152323
          ],
          [
            121.544723,
            25.15229
          ],
          [
            121.544947,
            25.152264
          ],
          [
            121.545105,
            25.152225
          ],
          [
            121.545273,
            25.152171
          ],
          [
            121.545432,
            25.152129
          ],
          [
            121.545573,
            25.152126
          ],
          [
            121.545691,
            25.152148
          ],
          [
            121.54583,
            25.152199
          ],
          [
            121.545938,
            25.152231
          ],
          [
            121.546154,
            25.152227
          ],
          [
            121.545932,
            25.152125
          ],
          [
            121.545529,
            25.151978
          ],
          [
            121.545338,
            25.151939
          ],
          [
            121.545101,
            25.151933
          ],
          [
            121.54497,
            25.15193
          ],
          [
            121.544332,
            25.151911
          ],
          [
            121.544291,
            25.151909
          ],
          [
            121.544128,
            25.151904
          ],
          [
            121.543546,
            25.151881
          ],
          [
            121.543204,
            25.151823
          ],
          [
            121.542091,
            25.151653
          ],
          [
            121.541802,
            25.151628
          ],
          [
            121.541748,
            25.1516
          ],
          [
            121.541677,
            25.151586
          ],
          [
            121.541504,
            25.151588
          ],
          [
            121.541355,
            25.151604
          ],
          [
            121.541222,
            25.151617
          ],
          [
            121.540956,
            25.15166
          ],
          [
            121.540875,
            25.151679
          ],
          [
            121.540722,
            25.151715
          ],
          [
            121.540298,
            25.151819
          ],
          [
            121.540164,
            25.151836
          ],
          [
            121.539974,
            25.151837
          ],
          [
            121.539764,
            25.151823
          ],
          [
            121.539599,
            25.151803
          ],
          [
            121.539409,
            25.151814
          ],
          [
            121.539089,
            25.151912
          ],
          [
            121.538949,
            25.151956
          ],
          [
            121.538851,
            25.152012
          ],
          [
            121.538786,
            25.15206
          ],
          [
            121.538733,
            25.152098
          ],
          [
            121.538621,
            25.152204
          ],
          [
            121.538531,
            25.152449
          ],
          [
            121.538524,
            25.152705
          ],
          [
            121.538501,
            25.152756
          ],
          [
            121.538471,
            25.152798
          ],
          [
            121.538379,
            25.152941
          ],
          [
            121.538354,
            25.15301
          ],
          [
            121.538281,
            25.153228
          ],
          [
            121.538223,
            25.153372
          ],
          [
            121.538153,
            25.153468
          ],
          [
            121.537965,
            25.153597
          ],
          [
            121.537858,
            25.153654
          ],
          [
            121.537835,
            25.153621
          ],
          [
            121.537839,
            25.153562
          ],
          [
            121.537909,
            25.153495
          ],
          [
            121.538014,
            25.153357
          ],
          [
            121.538018,
            25.153217
          ],
          [
            121.537993,
            25.153091
          ],
          [
            121.537943,
            25.152973
          ],
          [
            121.537875,
            25.152862
          ],
          [
            121.537671,
            25.152211
          ],
          [
            121.53765,
            25.15204
          ],
          [
            121.537671,
            25.151954
          ],
          [
            121.537757,
            25.151761
          ],
          [
            121.537766,
            25.151744
          ],
          [
            121.537683,
            25.151778
          ],
          [
            121.537612,
            25.151804
          ],
          [
            121.537552,
            25.151847
          ],
          [
            121.537521,
            25.151967
          ],
          [
            121.537482,
            25.152024
          ],
          [
            121.537426,
            25.152007
          ],
          [
            121.537363,
            25.151931
          ],
          [
            121.537291,
            25.151776
          ],
          [
            121.537228,
            25.151658
          ],
          [
            121.537174,
            25.151483
          ],
          [
            121.537034,
            25.151174
          ],
          [
            121.536971,
            25.151051
          ],
          [
            121.536835,
            25.150941
          ],
          [
            121.536833,
            25.150879
          ],
          [
            121.536846,
            25.150851
          ],
          [
            121.536916,
            25.150811
          ],
          [
            121.536979,
            25.150796
          ],
          [
            121.536916,
            25.150811
          ],
          [
            121.536846,
            25.150851
          ],
          [
            121.536833,
            25.150879
          ],
          [
            121.536835,
            25.150941
          ],
          [
            121.536971,
            25.151051
          ],
          [
            121.537034,
            25.151174
          ],
          [
            121.537174,
            25.151483
          ],
          [
            121.537228,
            25.151658
          ],
          [
            121.537291,
            25.151776
          ],
          [
            121.537363,
            25.151931
          ],
          [
            121.537426,
            25.152007
          ],
          [
            121.537482,
            25.152024
          ],
          [
            121.537521,
            25.151967
          ],
          [
            121.537552,
            25.151847
          ],
          [
            121.537612,
            25.151804
          ],
          [
            121.537683,
            25.151778
          ],
          [
            121.537766,
            25.151744
          ],
          [
            121.537864,
            25.151568
          ],
          [
            121.538122,
            25.151181
          ],
          [
            121.53824,
            25.150844
          ],
          [
            121.538358,
            25.150481
          ],
          [
            121.538379,
            25.150323
          ],
          [
            121.538379,
            25.150237
          ],
          [
            121.538208,
            25.14998
          ],
          [
            121.538036,
            25.14955
          ],
          [
            121.537864,
            25.148992
          ],
          [
            121.537714,
            25.148156
          ],
          [
            121.537666,
            25.148011
          ],
          [
            121.53765,
            25.147963
          ],
          [
            121.537499,
            25.147662
          ],
          [
            121.537487,
            25.147577
          ],
          [
            121.537478,
            25.147512
          ],
          [
            121.537455,
            25.14724
          ],
          [
            121.537456,
            25.147061
          ],
          [
            121.537456,
            25.146975
          ],
          [
            121.537542,
            25.146675
          ],
          [
            121.537553,
            25.146612
          ],
          [
            121.53754,
            25.146579
          ],
          [
            121.53747,
            25.146511
          ],
          [
            121.537414,
            25.146482
          ],
          [
            121.537349,
            25.14646
          ],
          [
            121.537263,
            25.14646
          ],
          [
            121.537199,
            25.14646
          ],
          [
            121.537049,
            25.146525
          ],
          [
            121.536748,
            25.146718
          ],
          [
            121.536672,
            25.146781
          ],
          [
            121.53662,
            25.146868
          ],
          [
            121.536577,
            25.147147
          ],
          [
            121.536529,
            25.147456
          ],
          [
            121.536459,
            25.147618
          ],
          [
            121.536383,
            25.147752
          ],
          [
            121.536464,
            25.147833
          ],
          [
            121.536574,
            25.147996
          ],
          [
            121.536647,
            25.148012
          ],
          [
            121.536698,
            25.148029
          ],
          [
            121.536698,
            25.148029
          ],
          [
            121.536647,
            25.148012
          ],
          [
            121.536574,
            25.147996
          ],
          [
            121.536464,
            25.147833
          ],
          [
            121.536383,
            25.147752
          ],
          [
            121.536233,
            25.147984
          ],
          [
            121.53619,
            25.148027
          ],
          [
            121.535461,
            25.14837
          ],
          [
            121.535311,
            25.148413
          ],
          [
            121.534612,
            25.148431
          ],
          [
            121.534409,
            25.148499
          ],
          [
            121.534136,
            25.14867
          ],
          [
            121.534066,
            25.148714
          ],
          [
            121.533822,
            25.148796
          ],
          [
            121.533813,
            25.1487
          ],
          [
            121.533788,
            25.148562
          ],
          [
            121.533469,
            25.148099
          ],
          [
            121.533231,
            25.147729
          ],
          [
            121.533122,
            25.147641
          ],
          [
            121.532903,
            25.147536
          ],
          [
            121.532843,
            25.14749
          ],
          [
            121.532671,
            25.147233
          ],
          [
            121.532429,
            25.147019
          ],
          [
            121.532285,
            25.146525
          ],
          [
            121.532264,
            25.146482
          ],
          [
            121.532071,
            25.146375
          ],
          [
            121.531963,
            25.146289
          ],
          [
            121.531942,
            25.146224
          ],
          [
            121.531835,
            25.145903
          ],
          [
            121.531792,
            25.145795
          ],
          [
            121.531749,
            25.145752
          ],
          [
            121.531513,
            25.145624
          ],
          [
            121.531448,
            25.145602
          ],
          [
            121.531384,
            25.145495
          ],
          [
            121.531298,
            25.145194
          ],
          [
            121.531298,
            25.145066
          ],
          [
            121.531298,
            25.144723
          ],
          [
            121.53132,
            25.144637
          ],
          [
            121.531491,
            25.144272
          ],
          [
            121.531513,
            25.144186
          ],
          [
            121.531514,
            25.143767
          ],
          [
            121.531536,
            25.143634
          ],
          [
            121.53162,
            25.143521
          ],
          [
            121.531882,
            25.143356
          ],
          [
            121.532042,
            25.143255
          ],
          [
            121.532288,
            25.143147
          ],
          [
            121.532359,
            25.143099
          ],
          [
            121.532675,
            25.142816
          ],
          [
            121.532736,
            25.14277
          ],
          [
            121.532843,
            25.142727
          ],
          [
            121.533508,
            25.142577
          ],
          [
            121.533637,
            25.142555
          ],
          [
            121.534164,
            25.142641
          ],
          [
            121.534464,
            25.142611
          ],
          [
            121.534628,
            25.142578
          ],
          [
            121.534796,
            25.142663
          ],
          [
            121.535089,
            25.142918
          ],
          [
            121.535289,
            25.143027
          ],
          [
            121.535682,
            25.143206
          ],
          [
            121.535751,
            25.143233
          ],
          [
            121.535807,
            25.143205
          ],
          [
            121.535902,
            25.1432
          ],
          [
            121.536036,
            25.143209
          ],
          [
            121.536209,
            25.143227
          ],
          [
            121.536309,
            25.143226
          ],
          [
            121.536376,
            25.143192
          ],
          [
            121.536401,
            25.143129
          ],
          [
            121.53651,
            25.142895
          ],
          [
            121.536583,
            25.142761
          ],
          [
            121.53651,
            25.142895
          ],
          [
            121.536401,
            25.143129
          ],
          [
            121.536376,
            25.143192
          ],
          [
            121.536309,
            25.143226
          ],
          [
            121.536209,
            25.143227
          ],
          [
            121.536036,
            25.143209
          ],
          [
            121.535902,
            25.1432
          ],
          [
            121.535807,
            25.143205
          ],
          [
            121.535751,
            25.143233
          ],
          [
            121.535682,
            25.143206
          ],
          [
            121.535289,
            25.143027
          ],
          [
            121.535089,
            25.142918
          ],
          [
            121.534796,
            25.142663
          ],
          [
            121.534628,
            25.142578
          ],
          [
            121.534464,
            25.142611
          ],
          [
            121.534164,
            25.142641
          ],
          [
            121.533637,
            25.142555
          ],
          [
            121.533508,
            25.142577
          ],
          [
            121.532843,
            25.142727
          ],
          [
            121.532736,
            25.14277
          ],
          [
            121.532675,
            25.142816
          ],
          [
            121.532359,
            25.143099
          ],
          [
            121.532288,
            25.143147
          ],
          [
            121.532042,
            25.143255
          ],
          [
            121.531882,
            25.143356
          ],
          [
            121.53162,
            25.143521
          ],
          [
            121.531536,
            25.143634
          ],
          [
            121.531514,
            25.143767
          ],
          [
            121.531451,
            25.143709
          ],
          [
            121.53141,
            25.143654
          ],
          [
            121.5314,
            25.143555
          ],
          [
            121.531534,
            25.143387
          ],
          [
            121.531703,
            25.143186
          ],
          [
            121.531776,
            25.143126
          ],
          [
            121.53199,
            25.142996
          ],
          [
            121.532114,
            25.142869
          ],
          [
            121.532185,
            25.142645
          ],
          [
            121.532273,
            25.142532
          ],
          [
            121.532449,
            25.142364
          ],
          [
            121.532508,
            25.142312
          ],
          [
            121.532608,
            25.142192
          ],
          [
            121.532644,
            25.142104
          ],
          [
            121.532742,
            25.142005
          ],
          [
            121.532861,
            25.141891
          ],
          [
            121.53291,
            25.141783
          ],
          [
            121.532935,
            25.141611
          ],
          [
            121.532922,
            25.141561
          ],
          [
            121.532914,
            25.141497
          ],
          [
            121.532845,
            25.141299
          ],
          [
            121.532745,
            25.141084
          ],
          [
            121.53267,
            25.140764
          ],
          [
            121.532632,
            25.140631
          ],
          [
            121.53262,
            25.140599
          ],
          [
            121.532609,
            25.140501
          ],
          [
            121.532624,
            25.140346
          ],
          [
            121.532616,
            25.140266
          ],
          [
            121.532624,
            25.140346
          ],
          [
            121.532609,
            25.140501
          ],
          [
            121.53262,
            25.140599
          ],
          [
            121.532632,
            25.140631
          ],
          [
            121.53267,
            25.140764
          ],
          [
            121.532745,
            25.141084
          ],
          [
            121.532845,
            25.141299
          ],
          [
            121.532914,
            25.141497
          ],
          [
            121.532922,
            25.141561
          ],
          [
            121.532935,
            25.141611
          ],
          [
            121.53291,
            25.141783
          ],
          [
            121.532861,
            25.141891
          ],
          [
            121.532742,
            25.142005
          ],
          [
            121.532644,
            25.142104
          ],
          [
            121.532608,
            25.142192
          ],
          [
            121.532508,
            25.142312
          ],
          [
            121.532449,
            25.142364
          ],
          [
            121.532273,
            25.142532
          ],
          [
            121.532185,
            25.142645
          ],
          [
            121.532114,
            25.142869
          ],
          [
            121.53199,
            25.142996
          ],
          [
            121.531776,
            25.143126
          ],
          [
            121.531703,
            25.143186
          ],
          [
            121.531534,
            25.143387
          ],
          [
            121.5314,
            25.143555
          ],
          [
            121.53141,
            25.143654
          ],
          [
            121.531451,
            25.143709
          ],
          [
            121.531514,
            25.143767
          ],
          [
            121.531513,
            25.144186
          ],
          [
            121.531491,
            25.144272
          ],
          [
            121.53132,
            25.144637
          ],
          [
            121.531298,
            25.144723
          ],
          [
            121.531298,
            25.145066
          ],
          [
            121.531298,
            25.145194
          ],
          [
            121.531384,
            25.145495
          ],
          [
            121.531448,
            25.145602
          ],
          [
            121.531513,
            25.145624
          ],
          [
            121.531749,
            25.145752
          ],
          [
            121.531792,
            25.145795
          ],
          [
            121.531835,
            25.145903
          ],
          [
            121.531942,
            25.146224
          ],
          [
            121.531963,
            25.146289
          ],
          [
            121.532071,
            25.146375
          ],
          [
            121.532264,
            25.146482
          ],
          [
            121.532285,
            25.146525
          ],
          [
            121.532429,
            25.147019
          ],
          [
            121.532671,
            25.147233
          ],
          [
            121.532843,
            25.14749
          ],
          [
            121.532903,
            25.147536
          ],
          [
            121.533122,
            25.147641
          ],
          [
            121.533231,
            25.147729
          ],
          [
            121.533469,
            25.148099
          ],
          [
            121.533788,
            25.148562
          ],
          [
            121.533813,
            25.1487
          ],
          [
            121.533822,
            25.148796
          ],
          [
            121.533715,
            25.148852
          ],
          [
            121.533637,
            25.148869
          ],
          [
            121.533487,
            25.148826
          ],
          [
            121.533287,
            25.148765
          ],
          [
            121.53335,
            25.148841
          ],
          [
            121.53353,
            25.148915
          ],
          [
            121.533655,
            25.148986
          ],
          [
            121.533766,
            25.148987
          ],
          [
            121.533964,
            25.148975
          ],
          [
            121.534117,
            25.148944
          ],
          [
            121.534262,
            25.148895
          ],
          [
            121.534628,
            25.148775
          ],
          [
            121.534757,
            25.148851
          ],
          [
            121.534844,
            25.148968
          ],
          [
            121.534834,
            25.149005
          ],
          [
            121.534898,
            25.149142
          ],
          [
            121.535054,
            25.149386
          ],
          [
            121.5352,
            25.149582
          ],
          [
            121.535248,
            25.149621
          ],
          [
            121.535399,
            25.149626
          ],
          [
            121.535399,
            25.149626
          ],
          [
            121.535248,
            25.149621
          ],
          [
            121.5352,
            25.149582
          ],
          [
            121.535054,
            25.149386
          ],
          [
            121.534898,
            25.149142
          ],
          [
            121.534834,
            25.149005
          ],
          [
            121.534844,
            25.148968
          ],
          [
            121.534757,
            25.148851
          ],
          [
            121.534628,
            25.148775
          ],
          [
            121.534262,
            25.148895
          ],
          [
            121.534117,
            25.148944
          ],
          [
            121.533964,
            25.148975
          ],
          [
            121.533766,
            25.148987
          ],
          [
            121.533655,
            25.148986
          ],
          [
            121.53353,
            25.148915
          ],
          [
            121.53335,
            25.148841
          ],
          [
            121.533287,
            25.148765
          ],
          [
            121.533137,
            25.148729
          ],
          [
            121.532917,
            25.14875
          ],
          [
            121.532849,
            25.148778
          ],
          [
            121.532843,
            25.148799
          ],
          [
            121.532843,
            25.148864
          ],
          [
            121.532879,
            25.149408
          ],
          [
            121.532929,
            25.149572
          ],
          [
            121.53307,
            25.149947
          ],
          [
            121.533079,
            25.150323
          ],
          [
            121.533165,
            25.150666
          ],
          [
            121.53321,
            25.150792
          ],
          [
            121.533134,
            25.151263
          ],
          [
            121.533143,
            25.151615
          ],
          [
            121.533122,
            25.151845
          ],
          [
            121.533111,
            25.151937
          ],
          [
            121.533097,
            25.151996
          ],
          [
            121.533027,
            25.152028
          ],
          [
            121.532958,
            25.152028
          ],
          [
            121.532929,
            25.152006
          ],
          [
            121.532889,
            25.151967
          ],
          [
            121.532851,
            25.151895
          ],
          [
            121.532738,
            25.151656
          ],
          [
            121.532729,
            25.151622
          ],
          [
            121.532681,
            25.15154
          ],
          [
            121.532439,
            25.151303
          ],
          [
            121.532415,
            25.151227
          ],
          [
            121.532398,
            25.15115
          ],
          [
            121.532399,
            25.151064
          ],
          [
            121.532392,
            25.150904
          ],
          [
            121.532409,
            25.150746
          ],
          [
            121.532414,
            25.150709
          ],
          [
            121.532422,
            25.150632
          ],
          [
            121.532413,
            25.150559
          ],
          [
            121.532362,
            25.15041
          ],
          [
            121.532229,
            25.150197
          ],
          [
            121.532183,
            25.150008
          ],
          [
            121.532135,
            25.149872
          ],
          [
            121.532006,
            25.149722
          ],
          [
            121.53192,
            25.14955
          ],
          [
            121.531878,
            25.149229
          ],
          [
            121.531856,
            25.149164
          ],
          [
            121.531813,
            25.149078
          ],
          [
            121.531749,
            25.149014
          ],
          [
            121.531448,
            25.148799
          ],
          [
            121.531169,
            25.148606
          ],
          [
            121.530856,
            25.148271
          ],
          [
            121.530754,
            25.148168
          ],
          [
            121.530676,
            25.14799
          ],
          [
            121.530606,
            25.147794
          ],
          [
            121.530576,
            25.147681
          ],
          [
            121.530483,
            25.147362
          ],
          [
            121.530402,
            25.147023
          ],
          [
            121.530259,
            25.14647
          ],
          [
            121.530225,
            25.146418
          ],
          [
            121.530157,
            25.146378
          ],
          [
            121.529903,
            25.146267
          ],
          [
            121.529839,
            25.146224
          ],
          [
            121.52971,
            25.146096
          ],
          [
            121.529616,
            25.145944
          ],
          [
            121.529539,
            25.145602
          ],
          [
            121.529496,
            25.145495
          ],
          [
            121.529388,
            25.145409
          ],
          [
            121.529024,
            25.145302
          ],
          [
            121.528688,
            25.145076
          ],
          [
            121.528487,
            25.14498
          ],
          [
            121.52819,
            25.144897
          ],
          [
            121.527847,
            25.144799
          ],
          [
            121.527477,
            25.144747
          ],
          [
            121.527371,
            25.144679
          ],
          [
            121.527289,
            25.144595
          ],
          [
            121.527143,
            25.144446
          ],
          [
            121.526788,
            25.14402
          ],
          [
            121.526736,
            25.143957
          ],
          [
            121.52685,
            25.143849
          ],
          [
            121.526908,
            25.143794
          ],
          [
            121.527102,
            25.143614
          ],
          [
            121.527172,
            25.143532
          ],
          [
            121.527225,
            25.143446
          ],
          [
            121.527242,
            25.143403
          ],
          [
            121.527277,
            25.143252
          ],
          [
            121.527293,
            25.143194
          ],
          [
            121.527323,
            25.143024
          ],
          [
            121.527345,
            25.142861
          ],
          [
            121.527391,
            25.142757
          ],
          [
            121.527448,
            25.142673
          ],
          [
            121.527519,
            25.142626
          ],
          [
            121.527596,
            25.142593
          ],
          [
            121.527855,
            25.142513
          ],
          [
            121.528071,
            25.14242
          ],
          [
            121.528282,
            25.142277
          ],
          [
            121.528424,
            25.142124
          ],
          [
            121.528447,
            25.142078
          ],
          [
            121.52846,
            25.141989
          ],
          [
            121.528452,
            25.141903
          ],
          [
            121.528423,
            25.141832
          ],
          [
            121.527991,
            25.141063
          ],
          [
            121.52779,
            25.140671
          ],
          [
            121.527763,
            25.140587
          ],
          [
            121.527767,
            25.140458
          ],
          [
            121.527787,
            25.140367
          ],
          [
            121.527821,
            25.140288
          ],
          [
            121.527869,
            25.140228
          ],
          [
            121.528032,
            25.140101
          ],
          [
            121.528126,
            25.140025
          ],
          [
            121.528199,
            25.139965
          ],
          [
            121.528249,
            25.139901
          ],
          [
            121.528283,
            25.139778
          ],
          [
            121.528298,
            25.139633
          ],
          [
            121.528281,
            25.139513
          ],
          [
            121.52823,
            25.1394
          ],
          [
            121.528041,
            25.139073
          ],
          [
            121.527988,
            25.138941
          ],
          [
            121.527964,
            25.138771
          ],
          [
            121.527985,
            25.13866
          ],
          [
            121.528071,
            25.138527
          ],
          [
            121.528155,
            25.138448
          ],
          [
            121.528225,
            25.138355
          ],
          [
            121.528266,
            25.138266
          ],
          [
            121.528277,
            25.138174
          ],
          [
            121.528265,
            25.138113
          ],
          [
            121.528243,
            25.138015
          ],
          [
            121.528223,
            25.137924
          ],
          [
            121.528211,
            25.137793
          ],
          [
            121.528213,
            25.137727
          ],
          [
            121.528235,
            25.137629
          ],
          [
            121.528271,
            25.137482
          ],
          [
            121.528401,
            25.137094
          ],
          [
            121.528571,
            25.136677
          ],
          [
            121.528646,
            25.136502
          ],
          [
            121.528669,
            25.136434
          ],
          [
            121.528695,
            25.136356
          ],
          [
            121.528702,
            25.136146
          ],
          [
            121.528761,
            25.135786
          ],
          [
            121.528838,
            25.135443
          ],
          [
            121.528825,
            25.135342
          ],
          [
            121.528851,
            25.135242
          ],
          [
            121.528726,
            25.134817
          ],
          [
            121.528778,
            25.13456
          ],
          [
            121.528838,
            25.134229
          ],
          [
            121.528783,
            25.134087
          ],
          [
            121.528615,
            25.133754
          ],
          [
            121.528587,
            25.133666
          ],
          [
            121.528575,
            25.133581
          ],
          [
            121.528573,
            25.133533
          ],
          [
            121.528568,
            25.133264
          ],
          [
            121.528552,
            25.133068
          ],
          [
            121.528533,
            25.132854
          ],
          [
            121.528516,
            25.132797
          ],
          [
            121.528496,
            25.132735
          ],
          [
            121.528492,
            25.132721
          ],
          [
            121.52845,
            25.132596
          ],
          [
            121.528404,
            25.132421
          ],
          [
            121.528393,
            25.132332
          ],
          [
            121.528356,
            25.131932
          ],
          [
            121.528332,
            25.13184
          ],
          [
            121.528243,
            25.131652
          ],
          [
            121.528155,
            25.131445
          ],
          [
            121.528013,
            25.131163
          ],
          [
            121.527988,
            25.131083
          ],
          [
            121.527954,
            25.130938
          ],
          [
            121.527978,
            25.130769
          ],
          [
            121.528028,
            25.130631
          ],
          [
            121.528045,
            25.130585
          ],
          [
            121.528055,
            25.130531
          ],
          [
            121.528084,
            25.130367
          ],
          [
            121.528109,
            25.130148
          ],
          [
            121.528099,
            25.129977
          ],
          [
            121.528069,
            25.129875
          ],
          [
            121.528065,
            25.129865
          ],
          [
            121.52804,
            25.129812
          ],
          [
            121.528002,
            25.129769
          ],
          [
            121.527937,
            25.129692
          ],
          [
            121.527846,
            25.129564
          ],
          [
            121.527806,
            25.129463
          ],
          [
            121.527801,
            25.129413
          ],
          [
            121.527794,
            25.129355
          ],
          [
            121.527811,
            25.129315
          ],
          [
            121.527825,
            25.129282
          ],
          [
            121.527958,
            25.129093
          ],
          [
            121.528033,
            25.129021
          ],
          [
            121.528137,
            25.128938
          ],
          [
            121.528166,
            25.128909
          ],
          [
            121.528224,
            25.128882
          ],
          [
            121.528309,
            25.128856
          ],
          [
            121.52891,
            25.128666
          ],
          [
            121.529209,
            25.128573
          ],
          [
            121.529287,
            25.128526
          ],
          [
            121.529323,
            25.128465
          ],
          [
            121.52934,
            25.128389
          ],
          [
            121.529315,
            25.12829
          ],
          [
            121.529281,
            25.128199
          ],
          [
            121.529247,
            25.128113
          ],
          [
            121.529232,
            25.128076
          ],
          [
            121.529163,
            25.127905
          ],
          [
            121.529066,
            25.127698
          ],
          [
            121.529012,
            25.127629
          ],
          [
            121.52896,
            25.12759
          ],
          [
            121.528893,
            25.127571
          ],
          [
            121.528806,
            25.127572
          ],
          [
            121.528642,
            25.127593
          ],
          [
            121.528368,
            25.12767
          ],
          [
            121.528269,
            25.127716
          ],
          [
            121.5282,
            25.127784
          ],
          [
            121.528049,
            25.12796
          ],
          [
            121.528,
            25.128011
          ],
          [
            121.527949,
            25.128039
          ],
          [
            121.527871,
            25.128037
          ],
          [
            121.527804,
            25.128013
          ],
          [
            121.527765,
            25.127964
          ],
          [
            121.527757,
            25.127902
          ],
          [
            121.52778,
            25.12785
          ],
          [
            121.527834,
            25.127813
          ],
          [
            121.527901,
            25.127789
          ],
          [
            121.528044,
            25.127743
          ],
          [
            121.528107,
            25.127702
          ],
          [
            121.528308,
            25.127375
          ],
          [
            121.528377,
            25.127236
          ],
          [
            121.52842,
            25.127125
          ],
          [
            121.528442,
            25.127005
          ],
          [
            121.528453,
            25.126919
          ],
          [
            121.528461,
            25.126794
          ],
          [
            121.528455,
            25.126637
          ],
          [
            121.528418,
            25.126537
          ],
          [
            121.528358,
            25.126442
          ],
          [
            121.527888,
            25.126067
          ],
          [
            121.527849,
            25.126036
          ],
          [
            121.527814,
            25.126004
          ],
          [
            121.527739,
            25.125934
          ],
          [
            121.527574,
            25.12577
          ],
          [
            121.527398,
            25.125608
          ],
          [
            121.527167,
            25.12543
          ],
          [
            121.527105,
            25.125382
          ],
          [
            121.527041,
            25.125333
          ],
          [
            121.526969,
            25.125288
          ],
          [
            121.52691,
            25.12525
          ],
          [
            121.526651,
            25.125086
          ],
          [
            121.526537,
            25.124984
          ],
          [
            121.526417,
            25.124899
          ],
          [
            121.526272,
            25.124733
          ],
          [
            121.526241,
            25.124698
          ],
          [
            121.526206,
            25.124647
          ],
          [
            121.526143,
            25.124558
          ],
          [
            121.526034,
            25.124322
          ],
          [
            121.526003,
            25.124208
          ]
        ]
      },
      "properties": {
        "routeId": "taipei-2-29c27d-1-ebe684",
        "city": "taipei",
        "source_file": "taipei/taipei-2-29c27d-1-ebe684.geojson",
        "distance_km": 50.092,
        "duration_min": 68.40585000000002,
        "valhalla_config": "valhalla.json"
      }
    }
  ]
}